{"job": {"strategy": "v6", "mode": "spot", "method": "vol3", "window": "all", "fold_idx": 16, "n_samples": 350, "seed": 455136}, "status": "ok", "n_feasible": 349, "cand": {"strategy": "v6", "tv": 0, "zL": [-1.79, -1.897, -1.7621], "zS": [1.3262, 1.4252, 1.4926], "zXS": [1.7806, 1.7668, 1.7082], "zXLmax": [-99.0, -99.0, -99.0], "ptScale": [1.3907, 1.5636, 1.461], "eS3": [0.0, 0.0, 0.0], "eXS": [0.0, 0.0, 0.0], "lev": [1.0, 1.0, 1.0], "sl": 0.08}, "train": {"n": 160, "months": 20.495682565789473, "eq": 2237.927423010751, "growth": 0.03930340828521771, "liq": false, "maxdd": 0.2087669618685642, "tpm": 7.806522153454174, "sl_hits": 3, "worst_mae": -0.11090275917492642, "win": 0.98125, "score": 0.024633888213515906}, "oos": {"n": 2, "months": 0.9210526315789473, "eq": 1017.5613590178435, "growth": 0.018901135095411765, "liq": false, "maxdd": 0.0, "tpm": 2.1714285714285713, "sl_hits": 0, "worst_mae": -0.0013796275005748537, "win": 1.0, "score": 0.018901135095411765}, "elapsed": 2.3831307888031006}