{"job": {"strategy": "v6", "mode": "spot", "method": "vol3", "window": "all", "fold_idx": 1, "n_samples": 350, "seed": 455136}, "status": "ok", "n_feasible": 350, "cand": {"strategy": "v6", "tv": 1, "zL": [-1.2022, -1.281, -1.2667], "zS": [1.875, 1.7085, 1.9022], "zXS": [1.9161, 2.0637, 1.818], "zXLmax": [-99.0, -99.0, -99.0], "ptScale": [1.6668, 2.188, 2.1371], "eS3": [0.0, 0.0, 0.0], "eXS": [0.0, 0.0, 0.0], "lev": [1.0, 1.0, 1.0], "sl": 0.1}, "train": {"n": 99, "months": 6.951206140350878, "eq": 2329.2159066956665, "growth": 0.12163812626734267, "liq": false, "maxdd": 0.0, "tpm": 14.24213266030444, "sl_hits": 0, "worst_mae": -0.08164533243920236, "win": 1.0, "score": 0.07864945545712626}, "oos": {"n": 13, "months": 0.9159813596491229, "eq": 1115.7414617470986, "growth": 0.11956484798053207, "liq": false, "maxdd": 0.0, "tpm": 14.192428550052371, "sl_hits": 0, "worst_mae": -0.05810220280032108, "win": 1.0, "score": 0.11956484798053207}, "elapsed": 1.3412635326385498}