{"job": {"strategy": "v6", "mode": "spot", "method": "vol3", "window": "all", "fold_idx": 14, "n_samples": 350, "seed": 455136}, "status": "ok", "n_feasible": 350, "cand": {"strategy": "v6", "tv": 0, "zL": [-1.7502, -1.6341, -1.3023], "zS": [2.2097, 1.9183, 1.7168], "zXS": [1.3896, 1.8742, 1.626], "zXLmax": [-40.0162, -40.131, -40.0748], "ptScale": [1.2765, 1.4349, 1.4322], "eS3": [0.0, 0.0, 0.0], "eXS": [0.0, 0.0, 0.0], "lev": [1.0, 1.0, 1.0], "sl": 0.08}, "train": {"n": 189, "months": 18.653645833333336, "eq": 2569.164050883368, "growth": 0.05058424408802423, "liq": false, "maxdd": 0.12266771360124722, "tpm": 10.132067569454138, "sl_hits": 3, "worst_mae": -0.11090275917492642, "win": 0.9841269841269841, "score": 0.03343277206362795}, "oos": {"n": 9, "months": 0.920984100877193, "eq": 1060.224827072564, "growth": 0.06349836722467717, "liq": false, "maxdd": 0.0, "tpm": 9.772155666344222, "sl_hits": 0, "worst_mae": -0.057170542635658905, "win": 1.0, "score": 0.06349836722467717}, "elapsed": 2.184267997741699}