{"job": {"strategy": "v6", "mode": "spot", "method": "vol3", "window": "all", "fold_idx": 9, "n_samples": 350, "seed": 455136}, "status": "ok", "n_feasible": 350, "cand": {"strategy": "v6", "tv": 1, "zL": [-1.5296, -1.5571, -1.2477], "zS": [1.5234, 1.6384, 1.3844], "zXS": [1.5907, 1.6687, 1.4813], "zXLmax": [-99.0, -99.0, -99.0], "ptScale": [1.4506, 1.6046, 1.4206], "eS3": [0.0, 0.0, 0.0], "eXS": [0.0, 0.0, 0.0], "lev": [1.0, 1.0, 1.0], "sl": 0.08}, "train": {"n": 166, "months": 14.267269736842106, "eq": 2698.4727242385707, "growth": 0.06957785011331238, "liq": false, "maxdd": 0.08024101995565419, "tpm": 11.635022191480775, "sl_hits": 2, "worst_mae": -0.08026212061489957, "win": 0.9879518072289156, "score": 0.050039338372426204}, "oos": {"n": 12, "months": 0.91796875, "eq": 985.5736249730091, "growth": -0.015830001770058236, "liq": false, "maxdd": 0.0, "tpm": 13.072340425531914, "sl_hits": 1, "worst_mae": -0.08268961584322665, "win": 0.9166666666666666, "score": -0.015830001770058236}, "elapsed": 1.708202838897705}