{"job": {"strategy": "v6", "mode": "spot", "method": "vol3", "window": "all", "fold_idx": 10, "n_samples": 350, "seed": 455136}, "status": "ok", "n_feasible": 350, "cand": {"strategy": "v6", "tv": 0, "zL": [-2.0404, -1.7296, -1.7633], "zS": [1.8035, 1.7477, 1.6002], "zXS": [1.9051, 1.8701, 2.1423], "zXLmax": [-40.1383, -40.1984, -40.2366], "ptScale": [1.7294, 2.0444, 1.6958], "eS3": [0.0, 0.0, 0.0], "eXS": [0.0, 0.0, 0.0], "lev": [1.0, 1.0, 1.0], "sl": 0.08}, "train": {"n": 110, "months": 15.185238486842106, "eq": 2565.5262229207815, "growth": 0.06204470305372426, "liq": false, "maxdd": 0.0, "tpm": 7.243877012225667, "sl_hits": 0, "worst_mae": -0.07450178170779986, "win": 1.0, "score": 0.04764625190502836}, "oos": {"n": 5, "months": 0.8395696271929824, "eq": 1034.4733461014566, "growth": 0.040368841091847706, "liq": false, "maxdd": 0.0, "tpm": 5.955432209615542, "sl_hits": 0, "worst_mae": -0.042864007688611205, "win": 1.0, "score": 0.040368841091847706}, "elapsed": 1.7534501552581787}