{"job": {"strategy": "v6", "mode": "spot", "method": "vol3", "window": "all", "fold_idx": 12, "n_samples": 350, "seed": 455136}, "status": "ok", "n_feasible": 350, "cand": {"strategy": "v6", "tv": 1, "zL": [-1.7257, -1.8074, -1.4435], "zS": [1.7006, 1.5836, 1.6112], "zXS": [2.2038, 2.1889, 2.399], "zXLmax": [-40.0919, -40.1346, -40.1316], "ptScale": [1.5889, 1.8326, 1.5377], "eS3": [0.0, 0.0, 0.0], "eXS": [0.0, 0.0, 0.0], "lev": [1.0, 1.0, 1.0], "sl": 0.08}, "train": {"n": 161, "months": 16.945655153508774, "eq": 2364.4255455213834, "growth": 0.05078204922407602, "liq": false, "maxdd": 0.08391560002613745, "tpm": 9.500960484650443, "sl_hits": 4, "worst_mae": -0.08279628080877655, "win": 0.9751552795031055, "score": 0.03286918970449022}, "oos": {"n": 10, "months": 0.7870065789473684, "eq": 885.6714561192703, "growth": -0.15426708926654079, "liq": false, "maxdd": 0.13694816277195088, "tpm": 12.706374085684432, "sl_hits": 2, "worst_mae": -0.11090275917492642, "win": 0.8, "score": -0.15426708926654079}, "elapsed": 1.8843121528625488}