{"job": {"strategy": "v6", "mode": "spot", "method": "vol3", "window": "all", "fold_idx": 20, "n_samples": 350, "seed": 455136}, "status": "ok", "n_feasible": 350, "cand": {"strategy": "v6", "tv": 0, "zL": [-1.6782, -1.7507, -1.5439], "zS": [1.3621, 1.2751, 1.5169], "zXS": [2.1592, 2.2882, 2.2751], "zXLmax": [-20.1591, -20.1638, -20.1842], "ptScale": [1.6682, 1.7101, 1.7635], "eS3": [0.0, 0.0, 0.0], "eXS": [0.0, 0.0, 0.0], "lev": [1.0, 1.0, 1.0], "sl": 0.08}, "train": {"n": 203, "months": 24.179481907894736, "eq": 2095.1397609446835, "growth": 0.030588755608348794, "liq": false, "maxdd": 0.2828824893319655, "tpm": 8.395547959764984, "sl_hits": 9, "worst_mae": -0.11090275917492642, "win": 0.9556650246305419, "score": 0.011087871450295935}, "oos": {"n": 3, "months": 0.9185855263157895, "eq": 935.9332710133634, "growth": -0.07207940338866521, "liq": false, "maxdd": 0.0, "tpm": 3.2658907788719787, "sl_hits": 1, "worst_mae": -0.08479922358364689, "win": 0.6666666666666666, "score": -0.07207940338866521}, "elapsed": 2.5592167377471924}