{"job": {"strategy": "v6", "mode": "spot", "method": "vol3", "window": "all", "fold_idx": 19, "n_samples": 350, "seed": 455136}, "status": "ok", "n_feasible": 349, "cand": {"strategy": "v6", "tv": 0, "zL": [-1.5987, -2.1534, -1.9589], "zS": [1.3699, 1.1508, 1.4359], "zXS": [1.8964, 2.0163, 2.0791], "zXLmax": [-40.1068, -40.1596, -40.1029], "ptScale": [1.4814, 1.5042, 1.2641], "eS3": [0.0, 0.0, 0.0], "eXS": [0.0, 0.0, 0.0], "lev": [1.0, 1.0, 1.0], "sl": 0.1}, "train": {"n": 160, "months": 23.25870339912281, "eq": 2060.941961606615, "growth": 0.03109215199123128, "liq": false, "maxdd": 0.14625005074929046, "tpm": 6.879145292597623, "sl_hits": 3, "worst_mae": -0.11090275917492642, "win": 0.98125, "score": 0.01875606776883865}, "oos": {"n": 10, "months": 0.9207785087719298, "eq": 956.352770220907, "growth": -0.04846814631804369, "liq": false, "maxdd": 0.09214777131782939, "tpm": 10.86037511164037, "sl_hits": 1, "worst_mae": -0.10320705983641842, "win": 0.9, "score": -0.04846814631804369}, "elapsed": 2.329583168029785}