{"job": {"strategy": "v6", "mode": "spot", "method": "vol3", "window": "all", "fold_idx": 8, "n_samples": 350, "seed": 455136}, "status": "ok", "n_feasible": 350, "cand": {"strategy": "v6", "tv": 1, "zL": [-1.828, -1.5032, -1.4499], "zS": [1.4523, 1.2337, 1.3296], "zXS": [2.3743, 2.477, 2.1903], "zXLmax": [-40.0118, -40.1006, -40.0318], "ptScale": [1.5502, 1.8382, 1.9514], "eS3": [0.0, 0.0, 0.0], "eXS": [0.0, 0.0, 0.0], "lev": [1.0, 1.0, 1.0], "sl": 0.08}, "train": {"n": 131, "months": 13.347861842105264, "eq": 2760.9069266302386, "growth": 0.07608403760628078, "liq": false, "maxdd": 0.07777082481602614, "tpm": 9.814305957735197, "sl_hits": 1, "worst_mae": -0.08022073476061531, "win": 0.9923664122137404, "score": 0.05499249570978515}, "oos": {"n": 9, "months": 0.9194078947368421, "eq": 988.8463522730113, "growth": -0.01219949942008052, "liq": false, "maxdd": 0.08139467211098543, "tpm": 9.788908765652952, "sl_hits": 1, "worst_mae": -0.08279628080877655, "win": 0.8888888888888888, "score": -0.01219949942008052}, "elapsed": 1.6712651252746582}