{"job": {"strategy": "v6", "mode": "spot", "method": "vol3", "window": "all", "fold_idx": 5, "n_samples": 350, "seed": 455136}, "status": "ok", "n_feasible": 350, "cand": {"strategy": "v6", "tv": 1, "zL": [-1.757, -1.6046, -1.4296], "zS": [1.49, 1.6272, 1.6721], "zXS": [1.5552, 1.8712, 1.4774], "zXLmax": [-99.0, -99.0, -99.0], "ptScale": [1.4296, 1.9221, 1.5225], "eS3": [0.0, 0.0, 0.0], "eXS": [0.0, 0.0, 0.0], "lev": [1.0, 1.0, 1.0], "sl": 0.08}, "train": {"n": 107, "months": 10.610128837719298, "eq": 2258.17938832949, "growth": 0.07677182065395728, "liq": false, "maxdd": 0.0, "tpm": 10.084703177176518, "sl_hits": 0, "worst_mae": -0.07082743725329566, "win": 1.0, "score": 0.054607565923652485}, "oos": {"n": 11, "months": 0.9084429824561403, "eq": 1094.0535462581745, "growth": 0.09894913597147749, "liq": false, "maxdd": 0.0, "tpm": 12.108630054315027, "sl_hits": 0, "worst_mae": -0.07450178170779986, "win": 1.0, "score": 0.09894913597147749}, "elapsed": 1.4643638134002686}