{"job": {"strategy": "v6", "mode": "spot", "method": "vol3", "window": "all", "fold_idx": 18, "n_samples": 350, "seed": 455136}, "status": "ok", "n_feasible": 350, "cand": {"strategy": "v6", "tv": 0, "zL": [-1.5237, -1.6679, -1.2013], "zS": [1.9483, 1.7289, 1.7047], "zXS": [2.5053, 2.5473, 2.1539], "zXLmax": [-99.0, -99.0, -99.0], "ptScale": [1.5017, 1.7216, 1.6703], "eS3": [0.0, 0.0, 0.0], "eXS": [0.0, 0.0, 0.0], "lev": [1.0, 1.0, 1.0], "sl": 0.1}, "train": {"n": 231, "months": 22.337719298245617, "eq": 2471.2280547702876, "growth": 0.04050168252046957, "liq": false, "maxdd": 0.2764908067096743, "tpm": 10.341252699784016, "sl_hits": 7, "worst_mae": -0.11275662959794697, "win": 0.9696969696969697, "score": 0.017752006802961268}, "oos": {"n": 5, "months": 0.920984100877193, "eq": 1031.6922962195763, "growth": 0.03387730579976898, "liq": false, "maxdd": 0.0, "tpm": 5.428975370191234, "sl_hits": 0, "worst_mae": -0.043986572519967515, "win": 1.0, "score": 0.03387730579976898}, "elapsed": 2.3833000659942627}