{"job": {"strategy": "v6", "mode": "spot", "method": "vol3", "window": "all", "fold_idx": 0, "n_samples": 350, "seed": 455136}, "status": "ok", "n_feasible": 350, "cand": {"strategy": "v6", "tv": 0, "zL": [-1.006, -1.0166, -0.9146], "zS": [1.1737, 1.4335, 1.3399], "zXS": [2.1163, 1.9636, 2.1188], "zXLmax": [-99.0, -99.0, -99.0], "ptScale": [1.5027, 1.2868, 1.6792], "eS3": [0.0, 0.0, 0.0], "eXS": [0.0, 0.0, 0.0], "lev": [1.0, 1.0, 1.0], "sl": 0.08}, "train": {"n": 115, "months": 6.024328399122807, "eq": 1636.433413967202, "growth": 0.08175502619166909, "liq": false, "maxdd": 0.10641707402409105, "tpm": 19.08926479119979, "sl_hits": 3, "worst_mae": -0.08351198849685681, "win": 0.9739130434782609, "score": 0.05338929545235764}, "oos": {"n": 21, "months": 0.9209155701754386, "eq": 1041.724408074257, "growth": 0.044387809327050366, "liq": false, "maxdd": 0.08124757118223495, "tpm": 22.803393362107457, "sl_hits": 1, "worst_mae": -0.08251324753974265, "win": 0.9523809523809523, "score": 0.044387809327050366}, "elapsed": 1.1911160945892334}