{"job": {"strategy": "v6", "mode": "spot", "method": "vol3", "window": "all", "fold_idx": 6, "n_samples": 350, "seed": 455136}, "status": "ok", "n_feasible": 350, "cand": {"strategy": "v6", "tv": 0, "zL": [-1.7957, -1.6947, -1.4852], "zS": [1.993, 1.8511, 1.9408], "zXS": [2.008, 1.7979, 2.0475], "zXLmax": [-99.0, -99.0, -99.0], "ptScale": [1.8759, 2.1248, 1.9028], "eS3": [0.0, 0.0, 0.0], "eXS": [0.0, 0.0, 0.0], "lev": [1.0, 1.0, 1.0], "sl": 0.08}, "train": {"n": 109, "months": 11.518571820175438, "eq": 2015.1280605566292, "growth": 0.06083069654330175, "liq": false, "maxdd": 0.08836324494109797, "tpm": 9.46297871834078, "sl_hits": 3, "worst_mae": -0.08497785379116785, "win": 0.9724770642201835, "score": 0.03583584319410575}, "oos": {"n": 12, "months": 0.9139939692982456, "eq": 1111.079009942209, "growth": 0.1152432376215046, "liq": false, "maxdd": 0.0, "tpm": 13.129189472894954, "sl_hits": 0, "worst_mae": -0.05756034074775196, "win": 1.0, "score": 0.1152432376215046}, "elapsed": 1.5272297859191895}