{"job": {"strategy": "v6", "mode": "spot", "method": "vol3", "window": "all", "fold_idx": 15, "n_samples": 350, "seed": 455136}, "status": "ok", "n_feasible": 349, "cand": {"strategy": "v6", "tv": 0, "zL": [-1.4651, -1.7162, -1.8372], "zS": [1.5138, 1.4621, 1.4539], "zXS": [2.0858, 2.076, 2.1201], "zXLmax": [-99.0, -99.0, -99.0], "ptScale": [1.4671, 1.3787, 1.4428], "eS3": [0.0, 0.0, 0.0], "eXS": [0.0, 0.0, 0.0], "lev": [1.0, 1.0, 1.0], "sl": 0.08}, "train": {"n": 185, "months": 19.574629934210527, "eq": 2631.589264206858, "growth": 0.049430714649760815, "liq": false, "maxdd": 0.08319753594617164, "tpm": 9.451008812007016, "sl_hits": 3, "worst_mae": -0.08174721984602218, "win": 0.9837837837837838, "score": 0.03342309571406903}, "oos": {"n": 4, "months": 0.9210526315789473, "eq": 1024.0619101337816, "growth": 0.025815011096594905, "liq": false, "maxdd": 0.0, "tpm": 4.3428571428571425, "sl_hits": 0, "worst_mae": -0.047367135997395726, "win": 1.0, "score": 0.025815011096594905}, "elapsed": 2.2836101055145264}