{"job": {"strategy": "v6", "mode": "spot", "method": "vol3", "window": "all", "fold_idx": 11, "n_samples": 350, "seed": 455136}, "status": "ok", "n_feasible": 350, "cand": {"strategy": "v6", "tv": 0, "zL": [-1.4711, -1.6951, -1.1099], "zS": [1.6156, 1.5784, 1.7321], "zXS": [1.6557, 1.6057, 1.6219], "zXLmax": [-40.3453, -40.2474, -40.3317], "ptScale": [1.7233, 2.0088, 2.0189], "eS3": [0.0, 0.0, 0.0], "eXS": [0.0, 0.0, 0.0], "lev": [1.0, 1.0, 1.0], "sl": 0.08}, "train": {"n": 192, "months": 16.02480811403509, "eq": 3076.6440651836688, "growth": 0.07013122439458239, "liq": false, "maxdd": 0.1471842131524372, "tpm": 11.981422718680772, "sl_hits": 6, "worst_mae": -0.08311202911379956, "win": 0.96875, "score": 0.046213488267679695}, "oos": {"n": 13, "months": 0.9208470394736842, "eq": 1031.8413689763488, "growth": 0.034039250460239666, "liq": false, "maxdd": 0.0792137529342078, "tpm": 14.11743692788569, "sl_hits": 1, "worst_mae": -0.08108108108108103, "win": 0.9230769230769231, "score": 0.034039250460239666}, "elapsed": 1.8050892353057861}