{"job": {"strategy": "v6", "mode": "spot", "method": "vol3", "window": "all", "fold_idx": 13, "n_samples": 350, "seed": 455136}, "status": "ok", "n_feasible": 350, "cand": {"strategy": "v6", "tv": 0, "zL": [-1.741, -1.9442, -1.6788], "zS": [1.8175, 2.0032, 2.0385], "zXS": [1.9266, 1.7761, 1.9887], "zXLmax": [-20.6836, -20.8395, -20.8214], "ptScale": [1.5385, 1.378, 1.5726], "eS3": [0.0, 0.0, 0.0], "eXS": [0.0, 0.0, 0.0], "lev": [1.0, 1.0, 1.0], "sl": 0.08}, "train": {"n": 151, "months": 17.73266173245614, "eq": 2141.942421169337, "growth": 0.04295537253703819, "liq": false, "maxdd": 0.10209857758967084, "tpm": 8.515360089660103, "sl_hits": 3, "worst_mae": -0.11090275917492642, "win": 0.9801324503311258, "score": 0.025833064822572943}, "oos": {"n": 4, "months": 0.920984100877193, "eq": 1024.7019852813476, "growth": 0.026495380566634953, "liq": false, "maxdd": 0.0, "tpm": 4.343180296152988, "sl_hits": 0, "worst_mae": -0.012261793189628167, "win": 1.0, "score": 0.026495380566634953}, "elapsed": 2.157181978225708}