{"job": {"strategy": "v6", "mode": "spot", "method": "vol3", "window": "all", "fold_idx": 4, "n_samples": 350, "seed": 455136}, "status": "ok", "n_feasible": 350, "cand": {"strategy": "v6", "tv": 1, "zL": [-1.6097, -1.2824, -1.5027], "zS": [1.8682, 1.7557, 1.851], "zXS": [2.2447, 2.1527, 2.1955], "zXLmax": [-20.8976, -20.679, -20.7727], "ptScale": [1.6151, 1.7928, 1.8202], "eS3": [0.0, 0.0, 0.0], "eXS": [0.0, 0.0, 0.0], "lev": [1.0, 1.0, 1.0], "sl": 0.08}, "train": {"n": 109, "months": 9.694490131578949, "eq": 1799.8009544296772, "growth": 0.06061959627983929, "liq": false, "maxdd": 0.08237282042684123, "tpm": 11.243500021207106, "sl_hits": 3, "worst_mae": -0.08161574722392062, "win": 0.9724770642201835, "score": 0.041449157959242956}, "oos": {"n": 8, "months": 0.9156387061403509, "eq": 1013.8196032464513, "growth": 0.014989518443464878, "liq": false, "maxdd": 0.07299205421023688, "tpm": 8.73707057854951, "sl_hits": 1, "worst_mae": -0.0800082553659881, "win": 0.875, "score": 0.014989518443464878}, "elapsed": 1.4169542789459229}