{"job": {"strategy": "v6", "mode": "spot", "method": "vol3", "window": "all", "fold_idx": 2, "n_samples": 350, "seed": 455136}, "status": "ok", "n_feasible": 350, "cand": {"strategy": "v6", "tv": 1, "zL": [-1.2592, -1.1765, -1.488], "zS": [1.5127, 1.3586, 1.5369], "zXS": [1.7704, 1.6828, 1.5708], "zXLmax": [-40.0156, -40.1668, -40.0882], "ptScale": [1.9242, 1.9803, 2.0447], "eS3": [0.0, 0.0, 0.0], "eXS": [0.0, 0.0, 0.0], "lev": [1.0, 1.0, 1.0], "sl": 0.1}, "train": {"n": 108, "months": 7.8671875, "eq": 2059.9635093198785, "growth": 0.09186107090014153, "liq": false, "maxdd": 0.16754540867155343, "tpm": 13.7279046673287, "sl_hits": 2, "worst_mae": -0.1028263824935316, "win": 0.9814814814814815, "score": 0.05053153594264113}, "oos": {"n": 6, "months": 0.9100877192982456, "eq": 1056.4022808092986, "growth": 0.060289859223999154, "liq": false, "maxdd": 0.0, "tpm": 6.5927710843373495, "sl_hits": 0, "worst_mae": -0.026726172155535077, "win": 1.0, "score": 0.060289859223999154}, "elapsed": 1.40059494972229}