{"job": {"strategy": "v6", "mode": "spot", "method": "vol3", "window": "all", "fold_idx": 7, "n_samples": 350, "seed": 455136}, "status": "ok", "n_feasible": 350, "cand": {"strategy": "v6", "tv": 0, "zL": [-1.1934, -1.4126, -1.1754], "zS": [1.7815, 1.8276, 2.0506], "zXS": [2.008, 2.4926, 2.5544], "zXLmax": [-99.0, -99.0, -99.0], "ptScale": [2.0451, 2.0445, 2.0069], "eS3": [0.0, 0.0, 0.0], "eXS": [0.0, 0.0, 0.0], "lev": [1.0, 1.0, 1.0], "sl": 0.08}, "train": {"n": 180, "months": 12.432565789473685, "eq": 2311.412102074876, "growth": 0.06739225446730535, "liq": false, "maxdd": 0.13286619604971753, "tpm": 14.478105569519776, "sl_hits": 9, "worst_mae": -0.08497785379116785, "win": 0.95, "score": 0.043139271053372806}, "oos": {"n": 6, "months": 0.915296052631579, "eq": 960.5578745869109, "growth": -0.04396505789319429, "liq": false, "maxdd": 0.07736537984880387, "tpm": 6.555256064690027, "sl_hits": 1, "worst_mae": -0.08079806679472079, "win": 0.8333333333333334, "score": -0.04396505789319429}, "elapsed": 1.5955288410186768}