{"pool": [[0.009062768213052536, {"strategy": "v7", "mode": "lev", "regs": [{"apt1Long": 0.004443339502669665, "apt1Short": 0.0015933039087014467, "apt2Long": 0.002666003701601799, "apt2Short": 0.0009559823452208679, "bbValLong": -0.03587317946934906, "bbValShort": 0.6538928756826002, "cdPctLong": 0.010912551029236675, "cdPctShort": 0.0009555654940395418, "cdPeriodLong": 70.90757166241605, "cdPeriodShort": 218.28317430621902, "dur1Long": 59.76280682288163, "dur1Short": 9.736502240581448, "dur2Long": 106.57726996567764, "dur2Short": 277.5536913610532, "leverage": 9.272954888292933, "ptLong": 0.026275840361768395, "ptShort": 0.01586916735814167, "rsiValLong": 80.6819462750948, "rsiValShort": 57.279250424221516, "slLong": 0.08645585096106873, "slShort": 0.02088998594842262, "xApt1Long": 0.008908089723243086, "xApt1Short": 0.009404332631345562, "xApt2Long": 0.009736037202394245, "xApt2Short": 0.0055816424987553135, "xCdPctShort": 0.0025973949422414366, "xCdPeriodShort": 109.56577190020971, "xDur1Long": 196.50805928128625, "xDur1Short": 96.21558090976268, "xDur2Long": 655.3466233132566, "xDur2Short": 471.191927983654, "xMinBetween": 27.561194787192854, "xTpLong": 0.015440689926647867, "xTpShort": 0.006677012486681989, "zL": -2.3295919088220045, "zS": 2.4207279879583266, "zXLmax": -2.411678602016697, "zXS": 2.7006728858815663, "trendBlockZ": 1.0, "vBB": 3.0, "vEmaDn": 1.0, "vEmaUp": 2.0, "vHistN": 2.0, "vMacd": 4.0, "vRsi": 2.0, "vX": 3.0, "eL3": 1.0, "eS3": 1.0, "eXL": 1.0, "eXS": 1.0, "requireHistPos": 1.0}, {"apt1Long": 0.009039370326556691, "apt1Short": 0.012129325527207824, "apt2Long": 0.0006239120518252733, "apt2Short": 0.011090010132433256, "bbValLong": -0.2018433325215525, "bbValShort": 1.2099388412687369, "cdPctLong": 0.004964993884227737, "cdPctShort": 0.0022193606822532943, "cdPeriodLong": 238.48408812263773, "cdPeriodShort": 227.97198091554293, "dur1Long": 89.08586075932027, "dur1Short": 47.39393417905978, "dur2Long": 261.34301832586675, "dur2Short": 66.70765680487635, "leverage": 7.2407117386626965, "ptLong": 0.012913386180795274, "ptShort": 0.016578090851784757, "rsiValLong": 65.9558385548461, "rsiValShort": 65.64873590690883, "slLong": 0.06694351664938755, "slShort": 0.09530980473059565, "xApt1Long": 0.00446217513920372, "xApt1Short": 0.0009455226337032503, "xApt2Long": 0.00525264797894724, "xApt2Short": 0.006344284608708818, "xCdPctShort": 0.008844924251517972, "xCdPeriodShort": 85.5844160148319, "xDur1Long": 64.57276538972087, "xDur1Short": 131.85211896229583, "xDur2Long": 428.7092527028622, "xDur2Short": 616.3410218550797, "xMinBetween": 9.37306205943564, "xTpLong": 0.011059649871658006, "xTpShort": 0.01346608058901174, "zL": -1.800554360061826, "zS": 2.9460888595914527, "zXLmax": -1.358699428101715, "zXS": 2.972638491637151, "trendBlockZ": 1.5, "vBB": 0.0, "vEmaDn": 1.0, "vEmaUp": 0.0, "vHistN": 2.0, "vMacd": 4.0, "vRsi": 4.0, "vX": 3.0, "eL3": 1.0, "eS3": 1.0, "eXL": 0.0, "eXS": 0.0, "requireHistPos": 0.0}, {"apt1Long": 0.0033099019313175674, "apt1Short": 0.005647794952881064, "apt2Long": 0.0019859411587905404, "apt2Short": 0.0022376038360768934, "bbValLong": 0.009620973482601757, "bbValShort": 0.9687206092255106, "cdPctLong": 0.011849316608782731, "cdPctShort": 0.004407685418566466, "cdPeriodLong": 229.45092121558815, "cdPeriodShort": 169.35885953900288, "dur1Long": 5.724153367650066, "dur1Short": 25.521260728551834, "dur2Long": 75.98310962812086, "dur2Short": 75.5368370938719, "leverage": 1.284537517702689, "ptLong": 0.004728431330453668, "ptShort": 0.013398892949245643, "rsiValLong": 54.9862659374657, "rsiValShort": 52.14973520828348, "slLong": 0.05298967991914841, "slShort": 0.025546551589508918, "xApt1Long": 0.01389559894998094, "xApt1Short": 0.010600041187646505, "xApt2Long": 0.0034078296199568235, "xApt2Short": 0.005041544400085117, "xCdPctShort": 0.0015029141146192795, "xCdPeriodShort": 6.413628684310383, "xDur1Long": 81.72050813485936, "xDur1Short": 117.07371768233088, "xDur2Long": 405.21078553688886, "xDur2Short": 611.3732616077261, "xMinBetween": 17.199918558680483, "xTpLong": 0.01902914049010673, "xTpShort": 0.001085325775044612, "zL": -2.3485695248223912, "zS": 1.8150878117799312, "zXLmax": -1.030022373119617, "zXS": 2.804550637554211, "trendBlockZ": 99.0, "vBB": 4.0, "vEmaDn": 3.0, "vEmaUp": 4.0, "vHistN": 2.0, "vMacd": 2.0, "vRsi": 4.0, "vX": 1.0, "eL3": 1.0, "eS3": 0.0, "eXL": 0.0, "eXS": 1.0, "requireHistPos": 1.0}]}, {"n": 37, "months": 14.81640625, "eq": 1205.1805487408146, "growth": 0.012596130637191979, "liq": false, "maxdd": 0.034996610752948604, "tpm": 2.4972317426838915, "sl_hits": 0, "worst_mae": -0.02951704712164782, "win": 1.0, "max_hold_days": 0.2916666666666667, "in_market": 0.0025578050055272638, "score": 0.009062768213052536}]], "evaluated": 100800, "seed_base": 1080, "reservoir": [[0.009062768213052536, {"strategy": "v7", "mode": "lev", "regs": [{"apt1Long": 0.004443339502669665, "apt1Short": 0.0015933039087014467, "apt2Long": 0.002666003701601799, "apt2Short": 0.0009559823452208679, "bbValLong": -0.03587317946934906, "bbValShort": 0.6538928756826002, "cdPctLong": 0.010912551029236675, "cdPctShort": 0.0009555654940395418, "cdPeriodLong": 70.90757166241605, "cdPeriodShort": 218.28317430621902, "dur1Long": 59.76280682288163, "dur1Short": 9.736502240581448, "dur2Long": 106.57726996567764, "dur2Short": 277.5536913610532, "leverage": 9.272954888292933, "ptLong": 0.026275840361768395, "ptShort": 0.01586916735814167, "rsiValLong": 80.6819462750948, "rsiValShort": 57.279250424221516, "slLong": 0.08645585096106873, "slShort": 0.02088998594842262, "xApt1Long": 0.008908089723243086, "xApt1Short": 0.009404332631345562, "xApt2Long": 0.009736037202394245, "xApt2Short": 0.0055816424987553135, "xCdPctShort": 0.0025973949422414366, "xCdPeriodShort": 109.56577190020971, "xDur1Long": 196.50805928128625, "xDur1Short": 96.21558090976268, "xDur2Long": 655.3466233132566, "xDur2Short": 471.191927983654, "xMinBetween": 27.561194787192854, "xTpLong": 0.015440689926647867, "xTpShort": 0.006677012486681989, "zL": -2.3295919088220045, "zS": 2.4207279879583266, "zXLmax": -2.411678602016697, "zXS": 2.7006728858815663, "trendBlockZ": 1.0, "vBB": 3.0, "vEmaDn": 1.0, "vEmaUp": 2.0, "vHistN": 2.0, "vMacd": 4.0, "vRsi": 2.0, "vX": 3.0, "eL3": 1.0, "eS3": 1.0, "eXL": 1.0, "eXS": 1.0, "requireHistPos": 1.0}, {"apt1Long": 0.009039370326556691, "apt1Short": 0.012129325527207824, "apt2Long": 0.0006239120518252733, "apt2Short": 0.011090010132433256, "bbValLong": -0.2018433325215525, "bbValShort": 1.2099388412687369, "cdPctLong": 0.004964993884227737, "cdPctShort": 0.0022193606822532943, "cdPeriodLong": 238.48408812263773, "cdPeriodShort": 227.97198091554293, "dur1Long": 89.08586075932027, "dur1Short": 47.39393417905978, "dur2Long": 261.34301832586675, "dur2Short": 66.70765680487635, "leverage": 7.2407117386626965, "ptLong": 0.012913386180795274, "ptShort": 0.016578090851784757, "rsiValLong": 65.9558385548461, "rsiValShort": 65.64873590690883, "slLong": 0.06694351664938755, "slShort": 0.09530980473059565, "xApt1Long": 0.00446217513920372, "xApt1Short": 0.0009455226337032503, "xApt2Long": 0.00525264797894724, "xApt2Short": 0.006344284608708818, "xCdPctShort": 0.008844924251517972, "xCdPeriodShort": 85.5844160148319, "xDur1Long": 64.57276538972087, "xDur1Short": 131.85211896229583, "xDur2Long": 428.7092527028622, "xDur2Short": 616.3410218550797, "xMinBetween": 9.37306205943564, "xTpLong": 0.011059649871658006, "xTpShort": 0.01346608058901174, "zL": -1.800554360061826, "zS": 2.9460888595914527, "zXLmax": -1.358699428101715, "zXS": 2.972638491637151, "trendBlockZ": 1.5, "vBB": 0.0, "vEmaDn": 1.0, "vEmaUp": 0.0, "vHistN": 2.0, "vMacd": 4.0, "vRsi": 4.0, "vX": 3.0, "eL3": 1.0, "eS3": 1.0, "eXL": 0.0, "eXS": 0.0, "requireHistPos": 0.0}, {"apt1Long": 0.0033099019313175674, "apt1Short": 0.005647794952881064, "apt2Long": 0.0019859411587905404, "apt2Short": 0.0022376038360768934, "bbValLong": 0.009620973482601757, "bbValShort": 0.9687206092255106,