{
 "cand": {
  "strategy": "v7",
  "mode": "lev",
  "regs": [
   {
    "apt1Long": 0.015419948207329452,
    "apt1Short": 0.0035070558018647094,
    "apt2Long": 0.008828179563936597,
    "apt2Short": 0.0021042334811188254,
    "bbValLong": -0.2824495033328588,
    "bbValShort": 0.6820718865473614,
    "cdPctLong": 0.007640313493615136,
    "cdPctShort": 0.001331293748662008,
    "cdPeriodLong": 12.934847563057142,
    "cdPeriodShort": 69.11837878294703,
    "dur1Long": 32.8218495464729,
    "dur1Short": 14.39021091172768,
    "dur2Long": 252.83655589437438,
    "dur2Short": 328.8748559131912,
    "leverage": 1.5905157501217375,
    "ptLong": 0.025431527887918713,
    "ptShort": 0.005010079716949585,
    "rsiValLong": 75.55840299563785,
    "rsiValShort": 59.838689598519686,
    "slLong": 0.07145693473226089,
    "slShort": 0.020071391775141483,
    "xApt1Long": 0.0018048896358284334,
    "xApt1Short": 0.00095752020457205,
    "xApt2Long": 0.003172769500957948,
    "xApt2Short": 0.0012943030262239053,
    "xCdPctShort": 0.005542882661294419,
    "xCdPeriodShort": 96.8204519870588,
    "xDur1Long": 17.508375674033886,
    "xDur1Short": 72.28314197649722,
    "xDur2Long": 642.4283858999127,
    "xDur2Short": 386.53666572393416,
    "xMinBetween": 10.324975946991357,
    "xTpLong": 0.0037017006829984053,
    "xTpShort": 0.006283854183767571,
    "zL": -1.6404090675607288,
    "zS": 1.502336183045673,
    "zXLmax": 0.236436895525712,
    "zXS": 1.954936062629944,
    "trendBlockZ": 2.0,
    "vBB": 3.0,
    "vEmaDn": 0.0,
    "vEmaUp": 0.0,
    "vHistN": 1.0,
    "vMacd": 4.0,
    "vRsi": 0.0,
    "vX": 2.0,
    "eL3": 1.0,
    "eS3": 0.0,
    "eXL": 0.0,
    "eXS": 1.0,
    "requireHistPos": 1.0
   },
   {
    "apt1Long": 0.011244926807802228,
    "apt1Short": 0.0016878461914240819,
    "apt2Long": 0.006746956084681337,
    "apt2Short": 0.0010127077148544491,
    "bbValLong": 0.292548719786565,
    "bbValShort": 1.0290287861632375,
    "cdPctLong": 0.011360588474281189,
    "cdPctShort": 0.009277847028431178,
    "cdPeriodLong": 92.37470968019805,
    "cdPeriodShort": 197.64817168170038,
    "dur1Long": 54.589621541156276,
    "dur1Short": 9.220775507276436,
    "dur2Long": 56.85482315802751,
    "dur2Short": 198.78819919909463,
    "leverage": 1.4340947842375553,
    "ptLong": 0.022846126255450072,
    "ptShort": 0.024173292452707214,
    "rsiValLong": 38.41494668562765,
    "rsiValShort": 69.10492048489802,
    "slLong": 0.07914011704389293,
    "slShort": 0.02140415804721198,
    "xApt1Long": 0.010876891239213989,
    "xApt1Short": 0.005010146567631915,
    "xApt2Long": 0.008184119401628324,
    "xApt2Short": 0.004697613129053026,
    "xCdPctShort": 0.00020361956160863865,
    "xCdPeriodShort": 65.93083988120769,
    "xDur1Long": 209.59497739842217,
    "xDur1Short": 90.17823200386728,
    "xDur2Long": 247.51114149465482,
    "xDur2Short": 109.40670843207413,
    "xMinBetween": 13.337711011980254,
    "xTpLong": 0.019215978726403696,
    "xTpShort": 0.013515755620920304,
    "zL": -2.5153395783126005,
    "zS": 1.797521249214616,
    "zXLmax": -1.4984010189808692,
    "zXS": 1.0358886839821462,
    "trendBlockZ": 1.0,
    "vBB": 3.0,
    "vEmaDn": 1.0,
    "vEmaUp": 4.0,
    "vHistN": 0.0,
    "vMacd": 0.0,
    "vRsi": 2.0,
    "vX": 1.0,
    "eL3": 1.0,
    "eS3": 1.0,
    "eXL": 1.0,
    "eXS": 1.0,
    "requireHistPos": 1.0
   },
   {
    "apt1Long": 0.010421574315058118,
    "apt1Short": 0.007341028561115601,
    "apt2Long": 0.00035182337462898226,
    "apt2Short": 0.00440461713666936,
    "bbValLong": -0.239661542855492,
    "bbValShort": 1.0216783398712133,
    "cdPctLong": 0.0013167240850788494,
    "cdPctShort": 0.005332468438341882,
    "cdPeriodLong": 122.86371458537725,
    "cdPeriodShort": 19.21911300851258,
    "dur1Long": 12.648271356541722,
    "dur1Short": 76.21282870556152,
    "dur2Long": 335.05687569201154,
    "dur2Short": 80.08503555516049,
    "leverage": 1.4791211557767576,
    "ptLong": 0.013158625336980907,
    "ptShort": 0.012505551538323006,
    "rsiValLong": 34.73028426342856,
    "rsiValShort": 66.87006497228248,
    "slLong": 0.04222947674317265,
    "slShort": 0.04822212006529523,
    "xApt1Long": 0.007102293881203258,
    "xApt1Short": 0.008120917685945214,
    "xApt2Long": 0.00896615342830883,
    "xApt2Short": 0.002452095200476603,
    "xCdPctShort": 0.0033574468939481564,
    "xCdPeriodShort": 6.171753411398211,
    "xDur1Long": 222.29819326444795,
    "xDur1Short": 51.71823708174412,
    "xDur2Long": 635.122552034177,
    "xDur2Short": 299.53536358598814,
    "xMinBetween": 20.58293263497573,
    "xTpLong": 0.011205372778845264,
    "xTpShort": 0.014488185984033453,
    "zL": -1.4111558034337681,
    "zS": 2.700526020730684,
    "zXLmax": -1.1531858682944622,
    "zXS": 1.8863668730929704,
    "trendBlockZ": 2.0,
    "vBB": 4.0,
    "vEmaDn": 0.0,
    "vEmaUp": 3.0,
    "vHistN": 1.0,
    "vMacd": 4.0,
    "vRsi": 1.0,
    "vX": 1.0,
    "eL3": 1.0,
    "eS3": 1.0,
    "eXL": 1.0,
    "eXS": 0.0,
    "requireHistPos": 1.0
   }
  ]
 },
 "metrics": {
  "n": 109,
  "months": 24.473067434210524,
  "eq": 4495.135414733522,
  "growth": 0.06141427907009053,
  "liq": false,
  "maxdd": 0.3322459109832003,
  "tpm": 4.453875685711166,
  "sl_hits": 0,
  "worst_mae": -0.23605986324345252,
  "win": 0.9908256880733946,
  "score": 0.10924805920339747
 },
 "strategy": "v7",
 "mode": "lev",
 "method": "vol3",
 "algo": "genetic",
 "per_regime": true,
 "train_end": null,
 "holdout_days": null,
 "max_dd": null,
 "evaluated": 11200,
 "generated": "2026-07-06 20:43"
}