{
 "cand": {
  "strategy": "v7",
  "mode": "lev",
  "regs": [
   {
    "xApt2Short": 0.001171689814129105,
    "xCdPctShort": 0.0017498754572176113,
    "vEmaDn": 1.0,
    "xApt2Long": 0.004659064389782055,
    "bbValLong": -0.12272786432865979,
    "eXL": 0.0,
    "dur2Short": 258.07784013777865,
    "xApt1Long": 0.004772511747078054,
    "xTpShort": 0.0029158376204271677,
    "vX": 1.0,
    "trendBlockZ": 1.5,
    "zXLmax": -1.9906450227228198,
    "vMacd": 1.0,
    "cdPeriodLong": 121.61391800221926,
    "apt1Short": 0.012142186316195082,
    "zS": 1.613794617321088,
    "apt1Long": 0.013009078282042206,
    "xDur2Short": 154.1629641064632,
    "eS3": 0.0,
    "xTpLong": 0.005606248403732206,
    "xDur1Long": 89.15129500027972,
    "dur1Short": 17.339372174481213,
    "xApt1Short": 0.0006648294811018384,
    "vHistN": 3.0,
    "apt2Long": 0.0052460347623869905,
    "bbValShort": 0.7158807585461419,
    "cdPctLong": 0.0029639267918243903,
    "vBB": 1.0,
    "zXS": 2.1215833923248626,
    "dur2Long": 11.595373157369956,
    "xDur2Long": 211.19107980748754,
    "xDur1Short": 86.17148620473593,
    "leverage": 8.368099055284087,
    "xMinBetween": 11.610899779143123,
    "slLong": 0.10317793482034081,
    "eXS": 0.0,
    "eL3": 1.0,
    "rsiValLong": 62.63885126308368,
    "xCdPeriodShort": 40.53062301912654,
    "ptLong": 0.012445282294039253,
    "apt2Short": 0.003833857688223037,
    "dur1Long": 0.6,
    "slShort": 0.09097978646138492,
    "vEmaUp": 0.0,
    "requireHistPos": 0.0,
    "vRsi": 5.0,
    "cdPctShort": 0.00934107531190423,
    "ptShort": 0.017349121732020606,
    "rsiValShort": 61.32321170045066,
    "cdPeriodShort": 46.76914781296405,
    "zL": -1.8622907886253144
   },
   {
    "xApt2Short": 0.007803941907870466,
    "xCdPctShort": 0.004312992150021228,
    "vEmaDn": 3.0,
    "xApt2Long": 0.007260080887531239,
    "bbValLong": 0.20985495197394705,
    "eXL": 1.0,
    "dur2Short": 303.4548656206162,
    "xApt1Long": 0.010461791675590637,
    "xTpShort": 0.002812341844232485,
    "vX": 1,
    "trendBlockZ": 99.0,
    "zXLmax": -2.040658459054668,
    "vMacd": 3.0,
    "cdPeriodLong": 49.66456520912633,
    "apt1Short": 0.02,
    "zS": 1.1220789294811555,
    "apt1Long": 0.01941109976066598,
    "xDur2Short": 67.31951600616674,
    "eS3": 1.0,
    "xTpLong": 0.02,
    "xDur1Long": 98.1818628314838,
    "dur1Short": 0.6,
    "xApt1Short": 0.004557325834121771,
    "vHistN": 2.0,
    "apt2Long": 0.007124157756351718,
    "bbValShort": 0.7670676499244354,
    "cdPctLong": 0.008558649254429868,
    "vBB": 1.0,
    "zXS": 2.088164464173093,
    "dur2Long": 145.0963560344394,
    "xDur2Long": 413.5746540017131,
    "xDur1Short": 42.23372458152934,
    "leverage": 10.0,
    "xMinBetween": 4.382709759011047,
    "slLong": 0.09121889731333623,
    "eXS": 1.0,
    "eL3": 1.0,
    "rsiValLong": 84.68252764637532,
    "xCdPeriodShort": 99.21847553624171,
    "ptLong": 0.004708614812304522,
    "apt2Short": 0.004253872835796463,
    "dur1Long": 23.343216825435874,
    "slShort": 0.09035620974961571,
    "vEmaUp": 2,
    "requireHistPos": 1.0,
    "vRsi": 4.0,
    "cdPctShort": 0.00766387042083059,
    "ptShort": 0.010332459204374698,
    "rsiValShort": 50.0,
    "cdPeriodShort": 93.01761915918927,
    "zL": -1.675612146782835
   },
   {
    "xApt2Short": 0.0026480361365103173,
    "xCdPctShort": 0.0002,
    "vEmaDn": 4.0,
    "xApt2Long": 0.005903335529375666,
    "bbValLong": 0.1897181091928543,
    "eXL": 0.0,
    "dur2Short": 84.62871660932078,
    "xApt1Long": 0.0034365069662191526,
    "xTpShort": 0.001,
    "vX": 1.0,
    "trendBlockZ": 99.0,
    "zXLmax": -2.125765259404671,
    "vMacd": 0.0,
    "cdPeriodLong": 53.14412292834105,
    "apt1Short": 0.01122730243698341,
    "zS": 2.3010103390342973,
    "apt1Long": 0.005003654924548243,
    "xDur2Short": 208.71784279630802,
    "eS3": 1.0,
    "xTpLong": 0.004511119773106726,
    "xDur1Long": 10.0,
    "dur1Short": 0.6,
    "xApt1Short": 0.0032230139192741206,
    "vHistN": 3,
    "apt2Long": 0.008435382525815747,
    "bbValShort": 0.672474095589502,
    "cdPctLong": 0.0032873572594000677,
    "vBB": 0.0,
    "zXS": 1.9483041514967703,
    "dur2Long": 10.0,
    "xDur2Long": 209.49225539756316,
    "xDur1Short": 130.66188605614462,
    "leverage": 10.0,
    "xMinBetween": 4.382405371909983,
    "slLong": 0.08641270418792428,
    "eXS": 1.0,
    "eL3": 1.0,
    "rsiValLong": 61.21807154566904,
    "xCdPeriodShort": 3.0,
    "ptLong": 0.022092046958510247,
    "apt2Short": 0.015,
    "dur1Long": 0.6,
    "slShort": 0.028370795772578644,
    "vEmaUp": 2.0,
    "requireHistPos": 0.0,
    "vRsi": 5.0,
    "cdPctShort": 0.0019363099788970448,
    "ptShort": 0.024459523609001495,
    "rsiValShort": 57.91040195681369,
    "cdPeriodShort": 10.0,
    "zL": -1.531246473455564
   }
  ]
 },
 "metrics": {
  "n": 260,
  "months": 14.81640625,
  "eq": 249112706430.59564,
  "growth": 1.304865408120646,
  "liq": false,
  "maxdd": 0.481496422583382,
  "tpm": 17.548114948589507,
  "sl_hits": 0,
  "worst_mae": -0.050426381072700144,
  "win": 0.9884615384615385,
  "max_hold_days": 2.5104166666666665,
  "in_market": 0.08476834057196775,
  "score": 1.2106747078932847
 },
 "strategy": "v7",
 "mode": "lev",
 "method": "vol3",
 "algo": "genetic",
 "per_regime": true,
 "train_end": "2025-09-01",
 "holdout_days": null,
 "max_dd": 0.5,
 "max_hold_days": 10.0,
 "gap_mode": "skip_contaminated",
 "scoring": "underwater",
 "anchor": "defaults",
 "anchor_strength": 0.2,
 "evaluated": 1414000,
 "generated": "2026-07-10 15:39",
 "holdout": {
  "n": 40,
  "months": 9.656661184210527,
  "eq": 0.0,
  "growth": -2.8613431276959003,
  "liq": true,
  "maxdd": 1.0,
  "tpm": 4.142218437300404,
  "sl_hits": 0,
  "worst_mae": -0.092,
  "win": 0.975,
  "max_hold_days": 212.06458333333333,
  "in_market": 0.7846994535519126,
  "score": -14.322565830913229
 },
 "holdout_scan": {
  "scanned": 542,
  "pool": 598,
  "reservoir": 298,
  "survivors": 7
 },
 "holdout_survivors": [
  {
   "rank": 334,
   "train_score": 0.06619479008828748,
   "holdout": {
    "n": 58,
    "months": 9.656661184210527,
    "eq": 3484.4610538352686,
    "growth": 0.12926966795743125,
    "liq": false,
    "maxdd": 0.6181493720109277,
    "tpm": 6.006216734085585,
    "sl_hits": 0,
    "worst_mae": -0.07907133243607012,
    "win": 1.0,
    "max_hold_days": 8.297916666666667,
    "in_market": 0.10288836846213896,
    "score": 0.05797649902804986
   }
  },
  {
   "rank": 477,
   "train_score": 0.06299250889271274,
   "holdout": {
    "n": 67,
    "months": 9.656661184210527,
    "eq": 3357.093444929094,
    "growth": 0.12541348716209852,
    "liq": false,
    "maxdd": 0.46949020135890446,
    "tpm": 6.938215882478176,
    "sl_hits": 0,
    "worst_mae": -0.06186587478346928,
    "win": 0.9850746268656716,
    "max_hold_days": 5.091666666666667,
    "in_market": 0.03336881697537435,
    "score": 0.07889715376008116
   }
  },
  {
   "rank": 394,
   "train_score": 0.04877066925366394,
   "holdout": {
    "n": 51,
    "months": 9.656661184210527,
    "eq": 3036.7471842338896,
    "growth": 0.11502805329692121,
    "liq": false,
    "maxdd": 0.4215529542806373,
    "tpm": 5.281328507558015,
    "sl_hits": 0,
    "worst_mae": -0.049842271293375484,
    "win": 1.0,
    "max_hold_days": 1.91875,
    "in_market": 0.014271520828897878,
    "score": 0.06861482472834853
   }
  },
  {
   "rank": 411,
   "train_score": 0.023220587813646124,
   "holdout": {
    "n": 35,
    "months": 9.656661184210527,
    "eq": 3032.919313709349,
    "growth": 0.1148974375705891,
    "liq": false,
    "maxdd": 0.7781797286144356,
    "tpm": 3.6244411326378536,
    "sl_hits": 0,
    "worst_mae": -0.09907195371821143,
    "win": 1.0,
    "max_hold_days": 2.9895833333333335,
    "in_market": 0.02033922361791214,
    "score": 0.07118131462330568
   }
  },
  {
   "rank": 423,
   "train_score": 0.0948853518121216,
   "holdout": {
    "n": 51,
    "months": 9.656661184210527,
    "eq": 2604.6077445608407,