{
 "cand": {
  "strategy": "macdx",
  "tpL": [
   0.06386586342244592,
   0.05592118379148762,
   0.06774846536005487
  ],
  "tpS": [
   0.03,
   0.03,
   0.022992600101511745
  ],
  "slL": [
   0.010853224091459217,
   0.01416821605877703,
   0.012700064797142207
  ],
  "slS": [
   0.005457488449026653,
   0.006363771908168839,
   0.004278692998904451
  ],
  "minT": [
   50.74557784171165,
   77.76080856539254,
   65.9657622999878
  ],
  "mMinS": [
   0.12779842471148642,
   0.18625186858648637,
   0.14003972871395293
  ],
  "mMaxL": [
   -0.45920471035300126,
   -0.29913231725733935,
   -0.4597484713608986
  ],
  "hrb": [
   2.0,
   2.0,
   3.0
  ],
  "reqH": [
   1.0,
   1.0,
   1.0
  ],
  "a1L": [
   0.013397888578932394,
   0.01610310447384541,
   0.02
  ],
  "a2L": [
   0.010668979033485598,
   0.014957832165565585,
   0.013344432287254843
  ],
  "d1L": [
   13.804226175747282,
   11.7844945050336,
   12.31233760233805
  ],
  "d2L": [
   40.78619575916068,
   41.997064363959325,
   32.495241387452275
  ],
  "cdPL": [
   4.543584639452983e-05,
   5.288682354652655e-05,
   3.658935213507266e-05
  ],
  "cdTL": [
   16.80270810443327,
   10.755912042957688,
   17.69204065763663
  ],
  "a1S": [
   0.020999999999999998,
   0.020999999999999998,
   0.01609482007105822
  ],
  "a2S": [
   0.020120806634242667,
   0.012599999999999998,
   0.014248861419887055
  ],
  "d1S": [
   3.9236609058397836,
   3.976364570681187,
   4.105813039221985
  ],
  "d2S": [
   16.326676623046957,
   24.0,
   17.073027132197417
  ],
  "cdPS": [
   0.015835726646160092,
   0.011790547707458496,
   0.010398211121476967
  ],
  "cdTS": [
   102.00534825717955,
   190.59185407709992,
   102.2585326142445
  ],
  "eL": [
   1.0,
   1.0,
   1.0
  ],
  "eS": [
   0.0,
   0.0,
   0.0
  ],
  "lev": [
   1.0,
   1.0,
   1.0
  ]
 },
 "metrics": {
  "n": 35,
  "months": 14.81640625,
  "eq": 1307.623393282332,
  "growth": 0.018102317216858003,
  "liq": false,
  "maxdd": 0.04497182694768204,
  "tpm": 2.3622462430793565,
  "sl_hits": 21,
  "worst_mae": -0.019167091186958696,
  "win": 0.4,
  "max_hold_days": 0.6291666666666667,
  "in_market": 0.01893145730130758,
  "score": 0.012783898454199456
 },
 "strategy": "macdx",
 "mode": "spot",
 "method": "vol3",
 "algo": "genetic",
 "per_regime": true,
 "train_end": "2025-09-01",
 "holdout_days": null,
 "max_dd": 0.05,
 "max_hold_days": 2.0,
 "gap_mode": "skip_contaminated",
 "scoring": "classic",
 "anchor": null,
 "anchor_strength": 0.0,
 "evaluated": 100800,
 "generated": "2026-07-12 17:26",
 "holdout": {
  "n": 15,
  "months": 9.656661184210527,
  "eq": 1021.0108812819706,
  "growth": 0.00215324905824927,
  "liq": false,
  "maxdd": 0.04531033396533068,
  "tpm": 1.5533319139876516,
  "sl_hits": 8,
  "worst_mae": -0.016444981862152375,
  "win": 0.4666666666666667,
  "max_hold_days": 1.2770833333333333,
  "in_market": 0.018934071393087788,
  "score": -0.0038198137221970635
 },
 "holdout_scan": {
  "scanned": 7,
  "pool": 7,
  "reservoir": 0,
  "survivors": 7
 },
 "holdout_survivors": [
  {
   "rank": 6,
   "train_score": -0.0049263042135992,
   "holdout": {
    "n": 27,
    "months": 9.656661184210527,
    "eq": 1041.4180312824633,
    "growth": 0.004202619858589697,
    "liq": false,
    "maxdd": 0.02728693370932501,
    "tpm": 2.7959974451777727,
    "sl_hits": 25,
    "worst_mae": -0.007810499359795164,
    "win": 0.14814814814814814,
    "max_hold_days": 0.4375,
    "in_market": 0.0031722375984671067,
    "score": 0.0010301696661685691
   }
  },
  {
   "rank": 1,
   "train_score": 0.012783898454199456,
   "holdout": {
    "n": 15,
    "months": 9.656661184210527,
    "eq": 1021.0108812819706,
    "growth": 0.00215324905824927,
    "liq": false,
    "maxdd": 0.04531033396533068,
    "tpm": 1.5533319139876516,
    "sl_hits": 8,
    "worst_mae": -0.016444981862152375,
    "win": 0.4666666666666667,
    "max_hold_days": 1.2770833333333333,
    "in_market": 0.018934071393087788,
    "score": -0.0038198137221970635
   }
  },
  {
   "rank": 7,
   "train_score": -0.0053006366795557945,
   "holdout": {
    "n": 17,
    "months": 9.656661184210527,
    "eq": 988.0797653737333,
    "growth": -0.0012418215861984643,
    "liq": false,
    "maxdd": 0.04418404867859685,
    "tpm": 1.7604428358526718,
    "sl_hits": 16,
    "worst_mae": -0.005242560732481749,
    "win": 0.11764705882352941,
    "max_hold_days": 0.23333333333333334,
    "in_market": 0.0025974025974025974,
    "score": -0.0047651339287825036
   }
  },
  {
   "rank": 5,
   "train_score": -0.0008518644794021642,
   "holdout": {
    "n": 35,
    "months": 9.656661184210527,
    "eq": 949.7058381406779,
    "growth": -0.005343771042106289,
    "liq": false,
    "maxdd": 0.10505617192734065,
    "tpm": 3.6244411326378536,
    "sl_hits": 23,
    "worst_mae": -0.02144960775626159,
    "win": 0.34285714285714286,
    "max_hold_days": 0.5208333333333334,
    "in_market": 0.009722517919239232,
    "score": -0.011016702639144435
   }
  },
  {
   "rank": 4,
   "train_score": 0.003113322575821878,
   "holdout": {
    "n": 88,
    "months": 9.656661184210527,
    "eq": 887.8094857132362,
    "growth": -0.012322903315478305,
    "liq": false,
    "maxdd": 0.10929813644298601,
    "tpm": 9.112880562060889,
    "sl_hits": 74,
    "worst_mae": -0.01887224064966264,
    "win": 0.1590909090909091,
    "max_hold_days": 0.5020833333333333,
    "in_market": 0.01704634163650557,
    "score": -0.01373406911440109
   }
  },
  {
   "rank": 3,
   "train_score": 0.005283907009889951,
   "holdout": {
    "n": 85,
    "months": 9.656661184210527,
    "eq": 885.6956182177743,
    "growth": -0.012569762065441662,
    "liq": false,
    "maxdd": 0.12678874328736606,
    "tpm": 8.802214179263359,
    "sl_hits": 72,
    "worst_mae": -0.009507209633972447,
    "win": 0.15294117647058825,
    "max_hold_days": 0.6958333333333333,
    "in_market": 0.02625789511035413,
    "score": -0.0205128360197249
   }
  },
  {
   "rank": 2,
   "train_score": 0.00944993902689207,
   "holdout": {
    "n": 50,
    "months": 9.656661184210527,
    "eq": 878.9904962339525,
    "growth": -0.013356706931670912,
    "liq": false,
    "maxdd": 0.15743143348928645,
    "tpm": 5.177773046625505,
    "sl_hits": 41,
    "worst_mae": -0.015910898965791564,
    "win": 0.18,
    "max_hold_days": 0.12291666666666666,
    "in_market": 0.006266411184443972,
    "score": -0.0196344031193253
   }
  }
 ],
 "holdout_top10": [
  {
   "rank": 6,
   "train_score": -0.0049263042135992,
   "holdout": {
    "n": 27,
    "months": 9.656661184210527,
    "eq": 1041.4180312824633,
    "growth": 0.004202619858589697,
    "liq": false,
    "maxdd": 0.02728693370932501,
    "tpm": 2.7959974451777727,
    "sl_hits": 25,
    "worst_mae": -0.007810499359795164,
    "win": 0.14814814814814814,
    "max_hold_days": 0.4375,
    "in_market": 0.0031722375984671067,
    "score": 0.0010301696661685691
   }
  },
  {
   "rank": 1,
   "train_score": 0.012783898454199456,
   "holdout": {
    "n": 15,
    "months": 9.656661184210527,
    "eq": 1021.0108812819706,
    "growth": 0.00215324905824927,
    "liq": false,
    "maxdd": 0.04531033396533068,
    "tpm": 1.5533319139876516,
    "sl_hits": 8,
    "worst_mae": -0.016444981862152375,
    "win": 0.4666666666666667,
    "max_hold_days": 1.2770833333333333,
    "in_market": 0.018934071393087788,
    "score": -0.0038198137221970635
   }
  },
  {
   "rank": 7,
   "train_score": -0.0053006366795557945,
   "holdout": {
    "n": 17,
    "months": 9.656661184210527,
    "eq": 988.0797653737333,
    "growth": -0.0012418215861984643,
    "liq": false,
    "maxdd": 0.04418404867859685,
    "tpm": 1.7604428358526718,
    "sl_hits": 16,
    "worst_mae": -0.005242560732481749,
    "win": 0.11764705882352941,
    "max_hold_days": 0.23333333333333334,
    "in_market": 0.0025974025974025974,
    "score": -0.0047651339287825036
   }
  },
  {
   "rank": 5,
   "train_score": -0.0008518644794021642,
   "holdout": {
    "n": 35,
    "months": 9.656661184210527,