{"job": {"strategy": "v6", "mode": "spot", "method": "none", "window": "all", "fold_idx": 9, "n_samples": 350, "seed": 209623}, "status": "ok", "n_feasible": 350, "cand": {"strategy": "v6", "tv": 1, "zL": [-1.633], "zS": [1.7703], "zXS": [1.7843], "zXLmax": [-99.0], "ptScale": [1.7212], "eS3": [0.0], "eXS": [0.0], "lev": [1.0], "sl": 0.08}, "train": {"n": 136, "months": 14.267269736842106, "eq": 2557.9435810660693, "growth": 0.06582924864810732, "liq": false, "maxdd": 0.08024101995565412, "tpm": 9.532307337598708, "sl_hits": 2, "worst_mae": -0.08026212061489957, "win": 0.9852941176470589, "score": 0.04626386956338764}, "oos": {"n": 10, "months": 0.91796875, "eq": 974.6677409551138, "growth": -0.02795154472312485, "liq": false, "maxdd": 0.0, "tpm": 10.893617021276595, "sl_hits": 1, "worst_mae": -0.08268961584322665, "win": 0.9, "score": -0.02795154472312485}, "elapsed": 1.706186294555664}