{"job": {"strategy": "v6", "mode": "spot", "method": "none", "window": "all", "fold_idx": 20, "n_samples": 350, "seed": 209623}, "status": "ok", "n_feasible": 350, "cand": {"strategy": "v6", "tv": 1, "zL": [-1.6503], "zS": [1.3786], "zXS": [2.4608], "zXLmax": [-99.0], "ptScale": [1.4469], "eS3": [0.0], "eXS": [0.0], "lev": [1.0], "sl": 0.08}, "train": {"n": 216, "months": 24.179481907894736, "eq": 2211.1798394002417, "growth": 0.0328181654213982, "liq": false, "maxdd": 0.1283921363000203, "tpm": 8.93319388822284, "sl_hits": 7, "worst_mae": -0.11090275917492642, "win": 0.9675925925925926, "score": 0.018002213089828717}, "oos": {"n": 3, "months": 0.9185855263157895, "eq": 1015.8186226114633, "growth": 0.017085847444983225, "liq": false, "maxdd": 0.0, "tpm": 3.2658907788719787, "sl_hits": 0, "worst_mae": -0.010433094747058225, "win": 1.0, "score": 0.017085847444983225}, "elapsed": 2.5295636653900146}