{"job": {"strategy": "v6", "mode": "spot", "method": "none", "window": "all", "fold_idx": 6, "n_samples": 350, "seed": 209623}, "status": "ok", "n_feasible": 350, "cand": {"strategy": "v6", "tv": 0, "zL": [-1.4171], "zS": [1.4789], "zXS": [2.2457], "zXLmax": [-20.7204], "ptScale": [1.7131], "eS3": [0.0], "eXS": [0.0], "lev": [1.0], "sl": 0.1}, "train": {"n": 140, "months": 11.518571820175438, "eq": 2443.227432094399, "growth": 0.07755474353087537, "liq": false, "maxdd": 0.11535551578282086, "tpm": 12.154284592364306, "sl_hits": 2, "worst_mae": -0.1032223098147419, "win": 0.9857142857142858, "score": 0.04793055327524939}, "oos": {"n": 13, "months": 0.9139939692982456, "eq": 1096.2470186422934, "growth": 0.10053955298476652, "liq": false, "maxdd": 0.0, "tpm": 14.2232885956362, "sl_hits": 0, "worst_mae": -0.08600114744693066, "win": 1.0, "score": 0.10053955298476652}, "elapsed": 1.51161527633667}