{"job": {"strategy": "v6", "mode": "spot", "method": "none", "window": "all", "fold_idx": 19, "n_samples": 350, "seed": 209623}, "status": "ok", "n_feasible": 350, "cand": {"strategy": "v6", "tv": 0, "zL": [-1.8121], "zS": [1.6262], "zXS": [2.2079], "zXLmax": [-99.0], "ptScale": [1.5541], "eS3": [0.0], "eXS": [0.0], "lev": [1.0], "sl": 0.08}, "train": {"n": 167, "months": 23.25870339912281, "eq": 2465.4736696208056, "growth": 0.038797689261124924, "liq": false, "maxdd": 0.1390139226769155, "tpm": 7.180107899148769, "sl_hits": 3, "worst_mae": -0.11090275917492642, "win": 0.9820359281437125, "score": 0.0260706764829289}, "oos": {"n": 10, "months": 0.9207785087719298, "eq": 974.994402235759, "growth": -0.027502324452819103, "liq": false, "maxdd": 0.0792343346253229, "tpm": 10.86037511164037, "sl_hits": 1, "worst_mae": -0.0804993542832545, "win": 0.9, "score": -0.027502324452819103}, "elapsed": 2.431997537612915}