{"job": {"strategy": "v6", "mode": "spot", "method": "none", "window": "all", "fold_idx": 16, "n_samples": 350, "seed": 209623}, "status": "ok", "n_feasible": 350, "cand": {"strategy": "v6", "tv": 0, "zL": [-1.8849], "zS": [1.9068], "zXS": [2.4978], "zXLmax": [-40.2991], "ptScale": [1.4975], "eS3": [0.0], "eXS": [0.0], "lev": [1.0], "sl": 0.08}, "train": {"n": 145, "months": 20.495682565789473, "eq": 2213.262827525063, "growth": 0.038762691446299305, "liq": false, "maxdd": 0.1459322372338925, "tpm": 7.074660701567845, "sl_hits": 2, "worst_mae": -0.11090275917492642, "win": 0.9862068965517241, "score": 0.027409564861207457}, "oos": {"n": 2, "months": 0.9210526315789473, "eq": 1017.5613590178435, "growth": 0.018901135095411765, "liq": false, "maxdd": 0.0, "tpm": 2.1714285714285713, "sl_hits": 0, "worst_mae": -0.0013796275005748537, "win": 1.0, "score": 0.018901135095411765}, "elapsed": 2.3591864109039307}