{"job": {"strategy": "v6", "mode": "spot", "method": "none", "window": "all", "fold_idx": 11, "n_samples": 350, "seed": 209623}, "status": "ok", "n_feasible": 350, "cand": {"strategy": "v6", "tv": 0, "zL": [-1.5253], "zS": [1.7703], "zXS": [2.6207], "zXLmax": [-40.4132], "ptScale": [2.1362], "eS3": [0.0], "eXS": [0.0], "lev": [1.0], "sl": 0.08}, "train": {"n": 163, "months": 16.02480811403509, "eq": 3037.648475845226, "growth": 0.06933522576383343, "liq": false, "maxdd": 0.08498448101987362, "tpm": 10.171728662213365, "sl_hits": 5, "worst_mae": -0.08497785379116785, "win": 0.9693251533742331, "score": 0.04635810339352499}, "oos": {"n": 14, "months": 0.9208470394736842, "eq": 1038.1025151028039, "growth": 0.04060885294243904, "liq": false, "maxdd": 0.08794535439430984, "tpm": 15.203393614646126, "sl_hits": 1, "worst_mae": -0.08751542344363428, "win": 0.9285714285714286, "score": 0.04060885294243904}, "elapsed": 1.7445917129516602}