{"job": {"strategy": "v6", "mode": "spot", "method": "none", "window": "all", "fold_idx": 2, "n_samples": 350, "seed": 209623}, "status": "ok", "n_feasible": 350, "cand": {"strategy": "v6", "tv": 1, "zL": [-1.442], "zS": [1.5634], "zXS": [1.7925], "zXLmax": [-40.4614], "ptScale": [1.7267], "eS3": [0.0], "eXS": [0.0], "lev": [1.0], "sl": 0.08}, "train": {"n": 98, "months": 7.8671875, "eq": 2144.7438753794872, "growth": 0.0969876642488942, "liq": false, "maxdd": 0.0, "tpm": 12.456802383316782, "sl_hits": 0, "worst_mae": -0.07023244188952771, "win": 1.0, "score": 0.06510569071970347}, "oos": {"n": 6, "months": 0.9100877192982456, "eq": 1047.349983004612, "growth": 0.05083372433403787, "liq": false, "maxdd": 0.0, "tpm": 6.5927710843373495, "sl_hits": 0, "worst_mae": -0.02198731501057083, "win": 1.0, "score": 0.05083372433403787}, "elapsed": 1.4001030921936035}