{"job": {"strategy": "v6", "mode": "spot", "method": "none", "window": "all", "fold_idx": 4, "n_samples": 350, "seed": 209623}, "status": "ok", "n_feasible": 350, "cand": {"strategy": "v6", "tv": 0, "zL": [-1.3296], "zS": [1.2359], "zXS": [2.1026], "zXLmax": [-99.0], "ptScale": [1.7719], "eS3": [0.0], "eXS": [0.0], "lev": [1.0], "sl": 0.08}, "train": {"n": 120, "months": 9.694490131578949, "eq": 1826.1059037475507, "growth": 0.06211629183061175, "liq": false, "maxdd": 0.08498448101987352, "tpm": 12.378165160961952, "sl_hits": 4, "worst_mae": -0.08497785379116785, "win": 0.9666666666666667, "score": 0.04185728902097155}, "oos": {"n": 9, "months": 0.9156387061403509, "eq": 1025.2024227169293, "growth": 0.027183296755847824, "liq": false, "maxdd": 0.07299205421023691, "tpm": 9.829204400868198, "sl_hits": 1, "worst_mae": -0.0800082553659881, "win": 0.8888888888888888, "score": 0.027183296755847824}, "elapsed": 1.399871826171875}