{"job": {"strategy": "v6", "mode": "spot", "method": "none", "window": "all", "fold_idx": 17, "n_samples": 350, "seed": 209623}, "status": "ok", "n_feasible": 349, "cand": {"strategy": "v6", "tv": 0, "zL": [-1.7766], "zS": [2.0674], "zXS": [1.6078], "zXLmax": [-99.0], "ptScale": [1.4343], "eS3": [0.0], "eXS": [0.0], "lev": [1.0], "sl": 0.08}, "train": {"n": 169, "months": 21.41673519736842, "eq": 2791.8808937407025, "growth": 0.0479398710724749, "liq": false, "maxdd": 0.10209857758967071, "tpm": 7.891025333346133, "sl_hits": 1, "worst_mae": -0.11090275917492642, "win": 0.9940828402366864, "score": 0.03363074777088551}, "oos": {"n": 4, "months": 0.920984100877193, "eq": 1024.0621016900695, "growth": 0.025817135103062695, "liq": false, "maxdd": 0.0, "tpm": 4.343180296152988, "sl_hits": 0, "worst_mae": -0.03887812108083455, "win": 1.0, "score": 0.025817135103062695}, "elapsed": 2.396906614303589}