{"job": {"strategy": "v6", "mode": "spot", "method": "none", "window": "all", "fold_idx": 1, "n_samples": 350, "seed": 209623}, "status": "ok", "n_feasible": 350, "cand": {"strategy": "v6", "tv": 0, "zL": [-0.9683], "zS": [1.4127], "zXS": [1.7791], "zXLmax": [-99.0], "ptScale": [1.4788], "eS3": [0.0], "eXS": [0.0], "lev": [1.0], "sl": 0.08}, "train": {"n": 141, "months": 6.951206140350878, "eq": 1801.2372615436775, "growth": 0.08465779670689233, "liq": false, "maxdd": 0.09976131295752942, "tpm": 20.284249546494202, "sl_hits": 4, "worst_mae": -0.08351198849685681, "win": 0.9716312056737588, "score": 0.048042885657870106}, "oos": {"n": 18, "months": 0.9159813596491229, "eq": 941.9605860011129, "growth": -0.06527626945069812, "liq": false, "maxdd": 0.0819470255989797, "tpm": 19.651054915457127, "sl_hits": 2, "worst_mae": -0.0814430172178191, "win": 0.8888888888888888, "score": -0.06527626945069812}, "elapsed": 1.357741355895996}