{"job": {"strategy": "v6", "mode": "spot", "method": "none", "window": "all", "fold_idx": 18, "n_samples": 350, "seed": 209623}, "status": "ok", "n_feasible": 348, "cand": {"strategy": "v6", "tv": 1, "zL": [-1.797], "zS": [2.1289], "zXS": [1.7592], "zXLmax": [-99.0], "ptScale": [1.5164], "eS3": [0.0], "eXS": [0.0], "lev": [1.0], "sl": 0.08}, "train": {"n": 166, "months": 22.337719298245617, "eq": 2627.9684130834244, "growth": 0.04325468810288828, "liq": false, "maxdd": 0.14141971737107883, "tpm": 7.43137639897899, "sl_hits": 2, "worst_mae": -0.11090275917492642, "win": 0.9879518072289156, "score": 0.03132874800091365}, "oos": {"n": 4, "months": 0.920984100877193, "eq": 930.8740692475092, "growth": -0.07777688534687574, "liq": false, "maxdd": 0.08423617614269784, "tpm": 4.343180296152988, "sl_hits": 1, "worst_mae": -0.08526526972804283, "win": 0.75, "score": -0.07777688534687574}, "elapsed": 2.384287118911743}