{"job": {"strategy": "v6", "mode": "spot", "method": "none", "window": "all", "fold_idx": 10, "n_samples": 350, "seed": 209623}, "status": "ok", "n_feasible": 350, "cand": {"strategy": "v6", "tv": 1, "zL": [-1.3597], "zS": [1.415], "zXS": [1.9437], "zXLmax": [-20.6648], "ptScale": [1.9564], "eS3": [0.0], "eXS": [0.0], "lev": [1.0], "sl": 0.08}, "train": {"n": 183, "months": 15.185238486842106, "eq": 2254.6951927860127, "growth": 0.053539810719908563, "liq": false, "maxdd": 0.14688663602881896, "tpm": 12.051177211248154, "sl_hits": 9, "worst_mae": -0.08497785379116785, "win": 0.9508196721311475, "score": 0.030791815424577738}, "oos": {"n": 7, "months": 0.8395696271929824, "eq": 1060.331774149804, "growth": 0.06977605160423853, "liq": false, "maxdd": 0.0, "tpm": 8.33760509346176, "sl_hits": 0, "worst_mae": -0.06798752076496095, "win": 1.0, "score": 0.06977605160423853}, "elapsed": 1.7359733581542969}