{"job": {"strategy": "v6", "mode": "spot", "method": "none", "window": "all", "fold_idx": 12, "n_samples": 350, "seed": 209623}, "status": "ok", "n_feasible": 350, "cand": {"strategy": "v6", "tv": 0, "zL": [-1.5167], "zS": [1.9191], "zXS": [1.8619], "zXLmax": [-40.0495], "ptScale": [2.0704], "eS3": [0.0], "eXS": [0.0], "lev": [1.0], "sl": 0.08}, "train": {"n": 177, "months": 16.945655153508774, "eq": 3019.328318870498, "growth": 0.06521048526417983, "liq": false, "maxdd": 0.08794535439430998, "tpm": 10.445155315423158, "sl_hits": 6, "worst_mae": -0.08751542344363428, "win": 0.9661016949152542, "score": 0.04284478557252386}, "oos": {"n": 7, "months": 0.7870065789473684, "eq": 738.2131478554645, "growth": -0.38566726882416924, "liq": false, "maxdd": 0.2673375067629098, "tpm": 8.894461859979103, "sl_hits": 4, "worst_mae": -0.08817769532055242, "win": 0.42857142857142855, "score": -0.38566726882416924}, "elapsed": 1.8657219409942627}