{"job": {"strategy": "v6", "mode": "spot", "method": "none", "window": "all", "fold_idx": 3, "n_samples": 350, "seed": 209623}, "status": "ok", "n_feasible": 350, "cand": {"strategy": "v6", "tv": 0, "zL": [-1.4022], "zS": [1.7375], "zXS": [2.004], "zXLmax": [-99.0], "ptScale": [1.9628], "eS3": [0.0], "eXS": [0.0], "lev": [1.0], "sl": 0.08}, "train": {"n": 103, "months": 8.777275219298247, "eq": 1903.9916808598966, "growth": 0.07336588530886243, "liq": false, "maxdd": 0.08498448101987356, "tpm": 11.734849076344101, "sl_hits": 3, "worst_mae": -0.08497785379116785, "win": 0.970873786407767, "score": 0.04493732012812738}, "oos": {"n": 13, "months": 0.9172149122807017, "eq": 1022.7346256272368, "growth": 0.024509027303648474, "liq": false, "maxdd": 0.08024101995565419, "tpm": 14.173341303048417, "sl_hits": 1, "worst_mae": -0.08026212061489957, "win": 0.9230769230769231, "score": 0.024509027303648474}, "elapsed": 1.462496280670166}