{"job": {"strategy": "v6", "mode": "spot", "method": "none", "window": "all", "fold_idx": 5, "n_samples": 350, "seed": 209623}, "status": "ok", "n_feasible": 350, "cand": {"strategy": "v6", "tv": 0, "zL": [-1.6277], "zS": [1.7495], "zXS": [1.7629], "zXLmax": [-99.0], "ptScale": [1.7169], "eS3": [0.0], "eXS": [0.0], "lev": [1.0], "sl": 0.08}, "train": {"n": 105, "months": 10.610128837719298, "eq": 1982.8637869536867, "growth": 0.0645177987239246, "liq": false, "maxdd": 0.08024101995565416, "tpm": 9.89620405236948, "sl_hits": 2, "worst_mae": -0.08026212061489957, "win": 0.9809523809523809, "score": 0.04030483861095513}, "oos": {"n": 10, "months": 0.9084429824561403, "eq": 1088.3037629974256, "growth": 0.09314872262984399, "liq": false, "maxdd": 0.0, "tpm": 11.007845503922752, "sl_hits": 0, "worst_mae": -0.07450178170779986, "win": 1.0, "score": 0.09314872262984399}, "elapsed": 1.4495813846588135}