{"job": {"strategy": "v6", "mode": "spot", "method": "none", "window": "all", "fold_idx": 8, "n_samples": 350, "seed": 209623}, "status": "ok", "n_feasible": 350, "cand": {"strategy": "v6", "tv": 0, "zL": [-1.8257], "zS": [1.4303], "zXS": [2.1228], "zXLmax": [-99.0], "ptScale": [1.8176], "eS3": [0.0], "eXS": [0.0], "lev": [1.0], "sl": 0.08}, "train": {"n": 102, "months": 13.347861842105264, "eq": 1812.4257900735988, "growth": 0.044551417338241375, "liq": false, "maxdd": 0.121281856460323, "tpm": 7.64167334113733, "sl_hits": 3, "worst_mae": -0.08497785379116785, "win": 0.9705882352941176, "score": 0.02708811167283713}, "oos": {"n": 7, "months": 0.9194078947368421, "eq": 1064.4902662880947, "growth": 0.06797424923022138, "liq": false, "maxdd": 0.0, "tpm": 7.613595706618962, "sl_hits": 0, "worst_mae": -0.011605670952852143, "win": 1.0, "score": 0.06797424923022138}, "elapsed": 1.6405205726623535}