{"job": {"strategy": "v6", "mode": "spot", "method": "none", "window": "all", "fold_idx": 0, "n_samples": 350, "seed": 209623}, "status": "ok", "n_feasible": 350, "cand": {"strategy": "v6", "tv": 1, "zL": [-1.0255], "zS": [1.867], "zXS": [2.4452], "zXLmax": [-39.5516], "ptScale": [1.6932], "eS3": [0.0], "eXS": [0.0], "lev": [1.0], "sl": 0.08}, "train": {"n": 107, "months": 6.024328399122807, "eq": 1748.524938406825, "growth": 0.092752669367151, "liq": false, "maxdd": 0.09995379448418783, "tpm": 17.761315936159804, "sl_hits": 3, "worst_mae": -0.08351198849685681, "win": 0.9719626168224299, "score": 0.06395306088012605}, "oos": {"n": 21, "months": 0.9209155701754386, "eq": 1056.856010846919, "growth": 0.06004727798648189, "liq": false, "maxdd": 0.08124757118223491, "tpm": 22.803393362107457, "sl_hits": 1, "worst_mae": -0.08251324753974265, "win": 0.9523809523809523, "score": 0.06004727798648189}, "elapsed": 1.1986446380615234}