{"job": {"strategy": "v6", "mode": "spot", "method": "none", "window": "all", "fold_idx": 13, "n_samples": 350, "seed": 209623}, "status": "ok", "n_feasible": 350, "cand": {"strategy": "v6", "tv": 0, "zL": [-1.8578], "zS": [1.0708], "zXS": [2.2929], "zXLmax": [-39.9482], "ptScale": [1.5468], "eS3": [0.0], "eXS": [0.0], "lev": [1.0], "sl": 0.1}, "train": {"n": 136, "months": 17.73266173245614, "eq": 2334.638893037078, "growth": 0.04781330870066795, "liq": false, "maxdd": 0.10209857758967063, "tpm": 7.669463392011749, "sl_hits": 1, "worst_mae": -0.11090275917492642, "win": 0.9926470588235294, "score": 0.03273267455343728}, "oos": {"n": 4, "months": 0.920984100877193, "eq": 1026.3880682733961, "growth": 0.028280520147795692, "liq": false, "maxdd": 0.0, "tpm": 4.343180296152988, "sl_hits": 0, "worst_mae": -0.012261793189628167, "win": 1.0, "score": 0.028280520147795692}, "elapsed": 2.1925981044769287}