{"job": {"strategy": "v6", "mode": "spot", "method": "none", "window": "all", "fold_idx": 15, "n_samples": 350, "seed": 209623}, "status": "ok", "n_feasible": 350, "cand": {"strategy": "v6", "tv": 1, "zL": [-1.7784], "zS": [1.3825], "zXS": [2.1601], "zXLmax": [-1.4781], "ptScale": [1.4116], "eS3": [0.0], "eXS": [0.0], "lev": [1.0], "sl": 0.08}, "train": {"n": 166, "months": 19.574629934210527, "eq": 2682.650395850279, "growth": 0.05041246055850533, "liq": false, "maxdd": 0.10209857758967071, "tpm": 8.480364663746835, "sl_hits": 1, "worst_mae": -0.11090275917492642, "win": 0.9939759036144579, "score": 0.03562962758721772}, "oos": {"n": 4, "months": 0.9210526315789473, "eq": 1024.0619101337816, "growth": 0.025815011096594905, "liq": false, "maxdd": 0.0, "tpm": 4.3428571428571425, "sl_hits": 0, "worst_mae": -0.047367135997395726, "win": 1.0, "score": 0.025815011096594905}, "elapsed": 2.2236063480377197}