{"job": {"strategy": "v6", "mode": "spot", "method": "none", "window": "all", "fold_idx": 7, "n_samples": 350, "seed": 209623}, "status": "ok", "n_feasible": 350, "cand": {"strategy": "v6", "tv": 0, "zL": [-1.2894], "zS": [1.6655], "zXS": [2.4038], "zXLmax": [-39.9781], "ptScale": [2.0937], "eS3": [0.0], "eXS": [0.0], "lev": [1.0], "sl": 0.08}, "train": {"n": 164, "months": 12.432565789473685, "eq": 2464.819723172012, "growth": 0.07256094079696483, "liq": false, "maxdd": 0.1328661960497174, "tpm": 13.19116285222913, "sl_hits": 7, "worst_mae": -0.08497785379116785, "win": 0.9573170731707317, "score": 0.046698548189162664}, "oos": {"n": 6, "months": 0.915296052631579, "eq": 966.5053279228196, "growth": -0.03722125497673859, "liq": false, "maxdd": 0.07736537984880405, "tpm": 6.555256064690027, "sl_hits": 1, "worst_mae": -0.08079806679472079, "win": 0.8333333333333334, "score": -0.03722125497673859}, "elapsed": 1.566589593887329}