{"job": {"strategy": "v6", "mode": "spot", "method": "none", "window": "all", "fold_idx": 14, "n_samples": 350, "seed": 209623}, "status": "ok", "n_feasible": 350, "cand": {"strategy": "v6", "tv": 1, "zL": [-1.7757], "zS": [1.3725], "zXS": [1.9854], "zXLmax": [-40.1527], "ptScale": [1.5705], "eS3": [0.0], "eXS": [0.0], "lev": [1.0], "sl": 0.1}, "train": {"n": 155, "months": 18.653645833333336, "eq": 2746.017468655288, "growth": 0.054153042136771384, "liq": false, "maxdd": 0.1020985775896708, "tpm": 8.309367583414769, "sl_hits": 1, "worst_mae": -0.11090275917492642, "win": 0.9935483870967742, "score": 0.03818734383400279}, "oos": {"n": 7, "months": 0.920984100877193, "eq": 1047.8385906143355, "growth": 0.05073872328870322, "liq": false, "maxdd": 0.0, "tpm": 7.600565518267729, "sl_hits": 0, "worst_mae": -0.057170542635658905, "win": 1.0, "score": 0.05073872328870322}, "elapsed": 2.185248374938965}