{
 "cand": {
  "strategy": "v7",
  "mode": "lev",
  "regs": [
   {
    "apt1Long": 0.019904366752977187,
    "apt1Short": 0.00658344322375445,
    "apt2Long": 0.0017142368635849365,
    "apt2Short": 0.002037385959844929,
    "bbValLong": -0.021556869007278972,
    "bbValShort": 0.6235323306522124,
    "cdPctLong": 0.008797464678483004,
    "cdPctShort": 0.007557092109020911,
    "cdPeriodLong": 183.32598640936683,
    "cdPeriodShort": 84.55772238199486,
    "dur1Long": 23.804331868768568,
    "dur1Short": 42.86648766884044,
    "dur2Long": 162.14524676755548,
    "dur2Short": 164.6633083286174,
    "leverage": 9.648540036899501,
    "ptLong": 0.027297591149120552,
    "ptShort": 0.007510036206712599,
    "rsiValLong": 52.117514266381455,
    "rsiValShort": 76.55224420920081,
    "slLong": 0.060019876705027626,
    "slShort": 0.0898774802868235,
    "xApt1Long": 0.0005,
    "xApt1Short": 0.012758751493248855,
    "xApt2Long": 0.005743780320017735,
    "xApt2Short": 0.0,
    "xCdPctShort": 0.006753664298990177,
    "xCdPeriodShort": 10.894529297584949,
    "xDur1Long": 186.2207299195577,
    "xDur1Short": 40.742852280650034,
    "xDur2Long": 93.76415964678615,
    "xDur2Short": 714.0233188694142,
    "xMinBetween": 12.891076321284864,
    "xTpLong": 0.00830037091974827,
    "xTpShort": 0.01238524581936165,
    "zL": -2.0144696524696695,
    "zS": 0.9488370492071136,
    "zXLmax": -0.4308980112932815,
    "zXS": 2.0232818035448976,
    "trendBlockZ": 99.0,
    "vBB": 0.0,
    "vEmaDn": 1.0,
    "vEmaUp": 2.0,
    "vHistN": 3.0,
    "vMacd": 1.0,
    "vRsi": 3.0,
    "vX": 0.0,
    "eL3": 1.0,
    "eS3": 1.0,
    "eXL": 1.0,
    "eXS": 0.0,
    "requireHistPos": 0.0
   },
   {
    "apt1Long": 0.013212010189821412,
    "apt1Short": 0.014404205851531625,
    "apt2Long": 0.011316845897476802,
    "apt2Short": 0.0035759940832174775,
    "bbValLong": 0.20355462922727224,
    "bbValShort": 0.8168242148271205,
    "cdPctLong": 0.006210821540016296,
    "cdPctShort": 0.00698372670243447,
    "cdPeriodLong": 48.5226226335427,
    "cdPeriodShort": 131.80770798610567,
    "dur1Long": 10.897787537185078,
    "dur1Short": 58.89441547106062,
    "dur2Long": 180.4777341007769,
    "dur2Short": 295.1372696186884,
    "leverage": 8.86068185484484,
    "ptLong": 0.02104740425826555,
    "ptShort": 0.020046933679911966,
    "rsiValLong": 44.66036429522639,
    "rsiValShort": 54.77307514997972,
    "slLong": 0.02,
    "slShort": 0.02836995884930351,
    "xApt1Long": 0.011847985628912157,
    "xApt1Short": 0.01427479676356771,
    "xApt2Long": 0.0034539297566898676,
    "xApt2Short": 0.009365968570418893,
    "xCdPctShort": 0.004134349706622375,
    "xCdPeriodShort": 27.7683787848883,
    "xDur1Long": 36.45757438391057,
    "xDur1Short": 66.01351774736354,
    "xDur2Long": 288.80498116242256,
    "xDur2Short": 59.942303604826456,
    "xMinBetween": 22.910044135782776,
    "xTpLong": 0.008139756723422731,
    "xTpShort": 0.009325641511021396,
    "zL": -2.2733209922075006,
    "zS": 1.68107935846623,
    "zXLmax": -1.3452974956190995,
    "zXS": 2.0055110634644286,
    "trendBlockZ": 1.0,
    "vBB": 2.0,
    "vEmaDn": 4.0,
    "vEmaUp": 2.0,
    "vHistN": 3.0,
    "vMacd": 0.0,
    "vRsi": 5.0,
    "vX": 4.0,
    "eL3": 1.0,
    "eS3": 1.0,
    "eXL": 1.0,
    "eXS": 0.0,
    "requireHistPos": 1.0
   },
   {
    "apt1Long": 0.004969031090057393,
    "apt1Short": 0.0029034829161112804,
    "apt2Long": 0.0032347501912014243,
    "apt2Short": 0.0006257638339983773,
    "bbValLong": -0.1487805639722767,
    "bbValShort": 0.8719227143096274,
    "cdPctLong": 0.0018771052390753017,
    "cdPctShort": 0.002069088828663084,
    "cdPeriodLong": 35.64983759813352,
    "cdPeriodShort": 65.08218941774898,
    "dur1Long": 90.0,
    "dur1Short": 49.263735098670885,
    "dur2Long": 275.14059818503586,
    "dur2Short": 139.30214816681854,
    "leverage": 9.51639722940951,
    "ptLong": 0.03,
    "ptShort": 0.0026726980097103044,
    "rsiValLong": 30.0,
    "rsiValShort": 68.40322412947677,
    "slLong": 0.10053742525332077,
    "slShort": 0.08484784980602451,
    "xApt1Long": 0.014269320173880606,
    "xApt1Short": 0.009470313753419527,
    "xApt2Long": 0.008271082649207768,
    "xApt2Short": 0.0024039248859115776,
    "xCdPctShort": 0.005211757442169364,
    "xCdPeriodShort": 87.94814514277951,
    "xDur1Long": 43.21642882363304,
    "xDur1Short": 184.0299005898819,
    "xDur2Long": 273.5901840399216,
    "xDur2Short": 533.6959985263176,
    "xMinBetween": 4.384223348589326,
    "xTpLong": 0.0128202846295698,
    "xTpShort": 0.015923758341792958,
    "zL": -0.9311673580393337,
    "zS": 2.2711265101679983,
    "zXLmax": -0.9558720647031261,
    "zXS": 1.9410550454626,
    "trendBlockZ": 1.5,
    "vBB": 1.0,
    "vEmaDn": 1.0,
    "vEmaUp": 4.0,
    "vHistN": 3.0,
    "vMacd": 0.0,
    "vRsi": 0.0,
    "vX": 4.0,
    "eL3": 1.0,
    "eS3": 1.0,
    "eXL": 1.0,
    "eXS": 0.0,
    "requireHistPos": 0.0
   }
  ]
 },
 "metrics": {
  "n": 194,
  "months": 14.81640625,
  "eq": 155017297519.46664,
  "growth": 1.2728489586033613,
  "liq": false,
  "maxdd": 0.499268657846547,
  "tpm": 13.093593461639863,
  "sl_hits": 0,
  "worst_mae": -0.05679594601374738,
  "win": 1.0,
  "max_hold_days": 2.9604166666666667,
  "in_market": 0.1039495654506686,
  "score": 1.1507001427161725
 },
 "strategy": "v7",
 "mode": "lev",
 "method": "vol3",
 "algo": "refine",
 "per_regime": true,
 "train_end": "2025-09-01",
 "holdout_days": null,
 "max_dd": 0.5,
 "max_hold_days": 7.0,
 "gap_mode": "skip_contaminated",
 "scoring": "underwater",
 "anchor": null,
 "anchor_strength": 0.0,
 "evaluated": 184800,
 "generated": "2026-07-11 10:35",
 "holdout": {
  "n": 14,
  "months": 2.1842105263157894,
  "eq": 0.0,
  "growth": -12.650347016931143,
  "liq": true,
  "maxdd": 1.0,
  "tpm": 6.409638554216868,
  "sl_hits": 0,
  "worst_mae": -0.09708178419765795,
  "win": 0.9285714285714286,
  "max_hold_days": 28.627083333333335,
  "in_market": 0.6724083835341366,
  "score": -12.986551208698211
 },
 "holdout_scan": {
  "scanned": 599,
  "pool": 599,
  "reservoir": 299,
  "survivors": 0
 },
 "holdout_survivors": [],
 "holdout_top10": [
  {
   "rank": 397,
   "train_score": 0.057447173440759766,
   "holdout": {
    "n": 32,
    "months": 9.656661184210527,
    "eq": 2184.35681864237,
    "growth": 0.08091010009905147,
    "liq": false,
    "maxdd": 0.4254551870463881,
    "tpm": 3.313774749840323,
    "sl_hits": 0,
    "worst_mae": -0.15955081165221252,
    "win": 1.0,
    "max_hold_days": 36.3125,
    "in_market": 0.37348662266695054,
    "score": -0.09948311991278144
   }
  },
  {
   "rank": 518,
   "train_score": 0.04002657658107252,
   "holdout": {
    "n": 28,
    "months": 9.656661184210527,
    "eq": 1836.6930612260323,
    "growth": 0.06295827239864196,
    "liq": false,
    "maxdd": 0.4026435594693924,
    "tpm": 2.8995529061102827,
    "sl_hits": 0,
    "worst_mae": -0.15955081165221252,
    "win": 1.0,
    "max_hold_days": 36.3125,
    "in_market": 0.3661769924065006,
    "score": -0.11734566843149746
   }
  },
  {
   "rank": 491,
   "train_score": 0.04594474601091039,
   "holdout": {
    "n": 22,
    "months": 9.656661184210527,
    "eq": 1832.6682382379274,
    "growth": 0.06273109794900801,
    "liq": false,
    "maxdd": 0.45112271764898876,
    "tpm": 2.2782201405152223,
    "sl_hits": 0,
    "worst_mae": -0.20108412384030028,
    "win": 1.0,
    "max_hold_days": 54.77916666666667,
    "in_market": 0.4749485487190405,
    "score": -0.1404708532670505
   }
  },
  {
   "rank": 354,
   "train_score": 0.021613862568954284,
   "holdout": {
    "n": 21,
    "months": 9.656661184210527,
    "eq": 1626.5186122092869,
    "growth": 0.050373716203853114,
    "liq": false,
    "maxdd": 0.4026435594693924,
    "tpm": 2.1746646795827123,
    "sl_hits": 0,
    "worst_mae": -0.15955081165221252,
    "win": 1.0,
    "max_hold_days": 36.3125,
    "in_market": 0.3002341920374707,
    "score": -0.08058973820772347
   }
  },
  {
   "rank": 480,