{
 "cand": {
  "strategy": "v6",
  "tv": 1,
  "zL": [
   -3.9965308196632896,
   -2.413296342384117,
   -2.2813824679744448
  ],
  "zS": [
   2.028757270884241,
   2.1337165556944817,
   2.143049683260276
  ],
  "zXS": [
   3.910248258776334,
   5.0,
   4.173101326983867
  ],
  "zXLmax": [
   -99.0,
   -99.0,
   -99.0
  ],
  "ptScale": [
   15.996229451043982,
   5.19608158823985,
   2.0903953752572453
  ],
  "eS3": [
   1.0,
   1.0,
   1.0
  ],
  "eXS": [
   0.0,
   0.0,
   1.0
  ],
  "lev": [
   2.0,
   4.0,
   4.0
  ],
  "sl": 0.0,
  "lev_stops": true
 },
 "metrics": {
  "n": 36,
  "months": 12.555235745614036,
  "eq": 8272.728638102251,
  "growth": 0.16829348660393909,
  "liq": false,
  "maxdd": 0.2852980767457723,
  "tpm": 2.8673296726089754,
  "sl_hits": 0,
  "worst_mae": -0.06751282488121602,
  "win": 1.0,
  "max_hold_days": 4.2625,
  "in_market": 0.07091470803357969,
  "score": 0.17676676333108643
 },
 "strategy": "v6",
 "mode": "lev",
 "method": "vol3",
 "algo": "genetic",
 "per_regime": true,
 "train_end": null,
 "holdout_days": 21.0,
 "max_dd": 0.4,
 "max_hold_days": 5.0,
 "gap_mode": "skip_contaminated",
 "scoring": "classic",
 "anchor": null,
 "anchor_strength": 0.0,
 "evaluated": 100800,
 "generated": "2026-07-21 00:42",
 "holdout": {
  "n": 39,
  "months": 11.91467927631579,
  "eq": 2198.305911621166,
  "growth": 0.06611063590478918,
  "liq": false,
  "maxdd": 0.5126543457729318,
  "tpm": 3.273273169637465,
  "sl_hits": 3,
  "worst_mae": -0.1188777651219951,
  "win": 0.9230769230769231,
  "max_hold_days": 6.0125,
  "in_market": 0.1288055263173031,
  "score": 0.028229715412045026
 },
 "holdout_scan": {
  "scanned": 10,
  "pool": 595,
  "reservoir": 295,
  "survivors": 0
 },
 "holdout_survivors": [],
 "holdout_top10": [
  {
   "rank": 9,
   "train_score": 0.17676676333108643,
   "holdout": {
    "n": 40,
    "months": 11.91467927631579,
    "eq": 2378.620031918597,
    "growth": 0.07272713607360852,
    "liq": false,
    "maxdd": 0.5126543457729318,
    "tpm": 3.3572032509102203,
    "sl_hits": 3,
    "worst_mae": -0.1188777651219951,
    "win": 0.925,
    "max_hold_days": 6.0125,
    "in_market": 0.13015719634876538,
    "score": 0.029786942737984823
   }
  },
  {
   "rank": 1,
   "train_score": 0.17676676333108643,
   "holdout": {
    "n": 39,
    "months": 11.91467927631579,
    "eq": 2198.305911621166,
    "growth": 0.06611063590478918,
    "liq": false,
    "maxdd": 0.5126543457729318,
    "tpm": 3.273273169637465,
    "sl_hits": 3,
    "worst_mae": -0.1188777651219951,
    "win": 0.9230769230769231,
    "max_hold_days": 6.0125,
    "in_market": 0.1288055263173031,
    "score": 0.028229715412045026
   }
  },
  {
   "rank": 2,
   "train_score": 0.17676676333108643,
   "holdout": {
    "n": 39,
    "months": 11.91467927631579,
    "eq": 2198.305911621166,
    "growth": 0.06611063590478918,
    "liq": false,
    "maxdd": 0.5126543457729318,
    "tpm": 3.273273169637465,
    "sl_hits": 3,
    "worst_mae": -0.1188777651219951,
    "win": 0.9230769230769231,
    "max_hold_days": 6.0125,
    "in_market": 0.1288055263173031,
    "score": 0.028229715412045026
   }
  },
  {
   "rank": 3,
   "train_score": 0.17676676333108643,
   "holdout": {
    "n": 39,
    "months": 11.91467927631579,
    "eq": 2198.305911621166,
    "growth": 0.06611063590478918,
    "liq": false,
    "maxdd": 0.5126543457729318,
    "tpm": 3.273273169637465,
    "sl_hits": 3,
    "worst_mae": -0.1188777651219951,
    "win": 0.9230769230769231,
    "max_hold_days": 6.0125,
    "in_market": 0.1288055263173031,
    "score": 0.028229715412045026
   }
  },
  {
   "rank": 4,
   "train_score": 0.17676676333108643,
   "holdout": {
    "n": 39,
    "months": 11.91467927631579,
    "eq": 2198.305911621166,
    "growth": 0.06611063590478918,
    "liq": false,
    "maxdd": 0.5126543457729318,
    "tpm": 3.273273169637465,
    "sl_hits": 3,
    "worst_mae": -0.1188777651219951,
    "win": 0.9230769230769231,
    "max_hold_days": 6.0125,
    "in_market": 0.1288055263173031,
    "score": 0.028229715412045026
   }
  },
  {
   "rank": 5,
   "train_score": 0.17676676333108643,
   "holdout": {
    "n": 39,
    "months": 11.91467927631579,
    "eq": 2198.305911621166,
    "growth": 0.06611063590478918,
    "liq": false,
    "maxdd": 0.5126543457729318,
    "tpm": 3.273273169637465,
    "sl_hits": 3,
    "worst_mae": -0.1188777651219951,
    "win": 0.9230769230769231,
    "max_hold_days": 6.0125,
    "in_market": 0.1288055263173031,
    "score": 0.028229715412045026
   }
  },
  {
   "rank": 6,
   "train_score": 0.17676676333108643,
   "holdout": {
    "n": 39,
    "months": 11.91467927631579,
    "eq": 2198.305911621166,
    "growth": 0.06611063590478918,
    "liq": false,
    "maxdd": 0.5126543457729318,
    "tpm": 3.273273169637465,
    "sl_hits": 3,
    "worst_mae": -0.1188777651219951,
    "win": 0.9230769230769231,
    "max_hold_days": 6.0125,
    "in_market": 0.1288055263173031,
    "score": 0.028229715412045026
   }
  },
  {
   "rank": 7,
   "train_score": 0.17676676333108643,
   "holdout": {
    "n": 39,
    "months": 11.91467927631579,
    "eq": 2198.305911621166,
    "growth": 0.06611063590478918,
    "liq": false,
    "maxdd": 0.5126543457729318,
    "tpm": 3.273273169637465,
    "sl_hits": 3,
    "worst_mae": -0.1188777651219951,
    "win": 0.9230769230769231,
    "max_hold_days": 6.0125,
    "in_market": 0.1288055263173031,
    "score": 0.028229715412045026
   }
  },
  {
   "rank": 10,
   "train_score": 0.17676676333108643,
   "holdout": {
    "n": 39,
    "months": 11.91467927631579,
    "eq": 2198.305911621166,
    "growth": 0.06611063590478918,
    "liq": false,
    "maxdd": 0.5126543457729318,
    "tpm": 3.273273169637465,
    "sl_hits": 3,
    "worst_mae": -0.1188777651219951,
    "win": 0.9230769230769231,
    "max_hold_days": 6.0125,
    "in_market": 0.1288055263173031,
    "score": 0.028229715412045026
   }
  },
  {
   "rank": 8,
   "train_score": 0.17676676333108643,
   "holdout": {
    "n": 38,
    "months": 11.91467927631579,
    "eq": 2110.09579177205,
    "growth": 0.06267339036863069,
    "liq": false,
    "maxdd": 0.5126543457729318,
    "tpm": 3.1893430883647094,
    "sl_hits": 3,
    "worst_mae": -0.1188777651219951,
    "win": 0.9210526315789473,
    "max_hold_days": 6.0125,
    "in_market": 0.127442352711105,
    "score": 0.026463316088240804
   }
  }
 ]
}