{"job": {"strategy": "v6", "mode": "lev", "method": "trend3", "window": "all", "fold_idx": 0, "n_samples": 350, "seed": 26411}, "status": "ok", "n_feasible": 24, "cand": {"strategy": "v6", "tv": 0, "zL": [-1.2788931480685246, -1.6764229441811316, -1.4461304129690502], "zS": [1.3833476234991058, 2.3685777111353032, 1.436462315483682], "zXS": [1.822966640868288, 1.6194526473452047, 1.7649160410495657], "zXLmax": [-0.44998369433209584, -0.4592532217348481, -0.4779597523361357], "ptScale": [2.2648748857401393, 1.9625913439590505, 1.5203362798779487], "eS3": [1.0, 1.0, 1.0], "eXS": [0.0, 0.0, 0.0], "lev": [10.0, 10.0, 10.0], "sl": 0.0}, "train": {"n": 71, "months": 6.024328399122807, "eq": 269588.74267633393, "growth": 0.9290492236993149, "liq": false, "maxdd": 0.0, "tpm": 11.78554608847987, "sl_hits": 0, "worst_mae": -0.07023244188952771, "win": 1.0, "score": 0.6829156229570084}, "oos": {"n": 6, "months": 0.9209155701754386, "eq": 1723.1478981700875, "growth": 0.5908823882191011, "liq": false, "maxdd": 0.0, "tpm": 6.515255246316416, "sl_hits": 0, "worst_mae": -0.030755864465681904, "win": 1.0, "score": 0.5908823882191011}, "elapsed": 1.0258889198303223}