{"job": {"strategy": "v6", "mode": "lev", "method": "trend3", "window": "all", "fold_idx": 18, "n_samples": 350, "seed": 26411}, "status": "ok", "n_feasible": 4, "cand": {"strategy": "v6", "tv": 0, "zL": [-2.0809, -1.8237, -1.6279], "zS": [2.0381, 2.0627, 2.2739], "zXS": [2.0057, 2.2041, 1.9997], "zXLmax": [-1.4269, -1.4207, -1.5822], "ptScale": [1.8572, 1.9263, 2.0112], "eS3": [1.0, 1.0, 1.0], "eXS": [1.0, 1.0, 1.0], "lev": [1.5735, 1.5058, 1.5828], "sl": 0.0}, "train": {"n": 119, "months": 22.337719298245617, "eq": 3687.0357647243345, "growth": 0.05841343075391849, "liq": false, "maxdd": 0.00124404145765105, "tpm": 5.327311996858432, "sl_hits": 0, "worst_mae": -0.5260642491131258, "win": 0.9495798319327731, "score": 0.07339294770149334}, "oos": {"n": 5, "months": 0.920984100877193, "eq": 1039.7247844563578, "growth": 0.04229828480748787, "liq": false, "maxdd": 0.0, "tpm": 5.428975370191234, "sl_hits": 0, "worst_mae": -0.056553398058252435, "win": 1.0, "score": 0.04229828480748787}, "elapsed": 0.9696395397186279}