{"job": {"strategy": "v6", "mode": "lev", "method": "trend3", "window": "all", "fold_idx": 20, "n_samples": 350, "seed": 26411}, "status": "ok", "n_feasible": 5, "cand": {"strategy": "v6", "tv": 1, "zL": [-1.2933377695241501, -1.9215139654841273, -2.0656994077598005], "zS": [2.49579101843985, 2.6, 2.6], "zXS": [3.0, 2.340722899684154, 3.0], "zXLmax": [0.22950895930634907, 0.17029957274837207, 0.2021639059408737], "ptScale": [1.6746140460330838, 1.2369712094418153, 1.1140967684693854], "eS3": [1.0, 1.0, 1.0], "eXS": [1.0, 0.0, 1.0], "lev": [2.143608908135396, 2.3158056782440832, 2.606628753058056], "sl": 0.0}, "train": {"n": 186, "months": 24.179481907894736, "eq": 11527.19252847328, "growth": 0.1011067491513638, "liq": false, "maxdd": 0.002002855153605044, "tpm": 7.692472514858557, "sl_hits": 0, "worst_mae": -0.3410907096436795, "win": 0.9838709677419355, "score": 0.08048509523538985}, "oos": {"n": 5, "months": 0.9185855263157895, "eq": 1055.2587937576322, "growth": 0.05855310958581833, "liq": false, "maxdd": 0.0, "tpm": 5.443151298119964, "sl_hits": 0, "worst_mae": -0.01707165109034281, "win": 1.0, "score": 0.05855310958581833}, "elapsed": 0.8921141624450684}