{"job": {"strategy": "v6", "mode": "lev", "method": "trend3", "window": "all", "fold_idx": 13, "n_samples": 350, "seed": 26411}, "status": "ok", "n_feasible": 8, "cand": {"strategy": "v6", "tv": 0, "zL": [-1.4951393879708303, -1.8646092919453936, -1.8050487616746949], "zS": [2.6, 2.6, 2.6], "zXS": [2.820339018306561, 2.5827736418468543, 1.9504794960691842], "zXLmax": [-99.0, -99.0, -99.0], "ptScale": [1.3237057905140108, 1.3163089695661432, 0.7949514311687776], "eS3": [1.0, 0.0, 1.0], "eXS": [1.0, 0.0, 1.0], "lev": [2.8570301114031253, 3.9011369772636995, 1.9813102974853487], "sl": 0.0}, "train": {"n": 202, "months": 17.73266173245614, "eq": 14934.422776658175, "growth": 0.15246830073667808, "liq": false, "maxdd": 0.0074593421455331045, "tpm": 11.391408861664509, "sl_hits": 0, "worst_mae": -0.10297113155861481, "win": 0.9554455445544554, "score": 0.11869761265583353}, "oos": {"n": 4, "months": 0.920984100877193, "eq": 1048.3543809945875, "growth": 0.051273065949900845, "liq": false, "maxdd": 0.0004754811976949941, "tpm": 4.343180296152988, "sl_hits": 0, "worst_mae": -0.012665313833881475, "win": 0.75, "score": 0.051273065949900845}, "elapsed": 0.9594442844390869}