{"job": {"strategy": "v6", "mode": "lev", "method": "trend3", "window": "all", "fold_idx": 2, "n_samples": 350, "seed": 26411}, "status": "ok", "n_feasible": 24, "cand": {"strategy": "v6", "tv": 0, "zL": [-1.514, -1.4657, -1.4682], "zS": [1.7905, 1.7843, 1.5317], "zXS": [2.3904, 2.5958, 2.5564], "zXLmax": [-99.0, -99.0, -99.0], "ptScale": [1.3238, 1.672, 1.2207], "eS3": [1.0, 1.0, 1.0], "eXS": [1.0, 1.0, 0.0], "lev": [6.572, 6.2844, 7.0972], "sl": 0.0}, "train": {"n": 110, "months": 7.8671875, "eq": 93799.43635709841, "growth": 0.5772277382492749, "liq": false, "maxdd": 0.003942549137024531, "tpm": 13.982125124131082, "sl_hits": 0, "worst_mae": -0.07023244188952771, "win": 0.990909090909091, "score": 0.4055277459046758}, "oos": {"n": 6, "months": 0.9100877192982456, "eq": 1253.2835586531296, "growth": 0.24807164113649985, "liq": false, "maxdd": 0.0, "tpm": 6.5927710843373495, "sl_hits": 0, "worst_mae": -0.02198731501057083, "win": 1.0, "score": 0.24807164113649985}, "elapsed": 1.0359227657318115}