{"job": {"strategy": "v6", "mode": "lev", "method": "trend3", "window": "all", "fold_idx": 4, "n_samples": 350, "seed": 26411}, "status": "ok", "n_feasible": 14, "cand": {"strategy": "v6", "tv": 0, "zL": [-1.8270646964169552, -1.3656277175796636, -1.8644286102910812], "zS": [2.282885104046437, 1.923709385166972, 1.7968736389123656], "zXS": [2.8821059046413615, 3.0, 3.0], "zXLmax": [-0.5346691428146197, -0.6330747790620829, -0.7192913215771302], "ptScale": [0.6195854830136075, 1.0029601836870823, 0.7798812602652235], "eS3": [1.0, 1.0, 1.0], "eXS": [0.0, 0.0, 1.0], "lev": [4.973104942486779, 6.716085024270242, 7.947007336699757], "sl": 0.0}, "train": {"n": 129, "months": 9.694490131578949, "eq": 50978.540044104295, "growth": 0.4055298120233252, "liq": false, "maxdd": 0.028440930184079165, "tpm": 13.306527548034099, "sl_hits": 0, "worst_mae": -0.09656968743856886, "win": 0.9844961240310077, "score": 0.31093217466568734}, "oos": {"n": 12, "months": 0.9156387061403509, "eq": 1668.4738377384078, "growth": 0.5590735030581543, "liq": false, "maxdd": 0.0, "tpm": 13.105605867824265, "sl_hits": 0, "worst_mae": -0.01585749214111054, "win": 1.0, "score": 0.5590735030581543}, "elapsed": 0.9369757175445557}