{"job": {"strategy": "v6", "mode": "lev", "method": "trend3", "window": "all", "fold_idx": 17, "n_samples": 350, "seed": 26411}, "status": "ok", "n_feasible": 3, "cand": {"strategy": "v6", "tv": 0, "zL": [-2.0959, -2.3389, -1.9818], "zS": [2.1325, 1.9799, 1.4026], "zXS": [2.6251, 3.0, 2.4939], "zXLmax": [-33.0702, -33.0928, -33.074], "ptScale": [0.9209, 0.7159, 1.0148], "eS3": [1.0, 1.0, 1.0], "eXS": [1.0, 1.0, 0.0], "lev": [2.5542, 1.902, 2.6268], "sl": 0.0}, "train": {"n": 133, "months": 21.41673519736842, "eq": 3656.194707558303, "growth": 0.060533171709751595, "liq": false, "maxdd": 0.0014729122709576017, "tpm": 6.210096859970625, "sl_hits": 0, "worst_mae": -0.1827640910787609, "win": 0.9849624060150376, "score": 0.04720308343537019}, "oos": {"n": 2, "months": 0.920984100877193, "eq": 1013.985108599077, "growth": 0.015079760061220714, "liq": false, "maxdd": 0.0, "tpm": 2.171590148076494, "sl_hits": 0, "worst_mae": -0.010970258410531342, "win": 1.0, "score": 0.015079760061220714}, "elapsed": 0.9173316955566406}