{"job": {"strategy": "v6", "mode": "lev", "method": "trend3", "window": "all", "fold_idx": 16, "n_samples": 350, "seed": 26411}, "status": "ok", "n_feasible": 7, "cand": {"strategy": "v6", "tv": 0, "zL": [-2.6, -1.5016262015361672, -2.6], "zS": [2.0173443792567447, 1.768775733114234, 2.6], "zXS": [2.23826666321511, 3.0, 1.9963067552616842], "zXLmax": [-2.0, -2.0, -2.0], "ptScale": [0.9946748625326587, 0.8567429325205069, 1.4036498084675044], "eS3": [1.0, 1.0, 1.0], "eXS": [0.0, 1.0, 0.0], "lev": [5.051717599834034, 3.104668520660643, 4.698415516531738], "sl": 0.0}, "train": {"n": 191, "months": 20.495682565789473, "eq": 27109.44646840104, "growth": 0.16100377407406785, "liq": false, "maxdd": 0.0024042609681056044, "tpm": 9.31903582068592, "sl_hits": 0, "worst_mae": -0.20531518392480952, "win": 0.9895287958115183, "score": 0.13369511238244658}, "oos": {"n": 6, "months": 0.9210526315789473, "eq": 1108.0537902721885, "growth": 0.11139986012296273, "liq": false, "maxdd": 0.0, "tpm": 6.514285714285714, "sl_hits": 0, "worst_mae": -0.008442330558858457, "win": 1.0, "score": 0.11139986012296273}, "elapsed": 0.9759576320648193}