{"job": {"strategy": "v6", "mode": "lev", "method": "trend3", "window": "all", "fold_idx": 1, "n_samples": 350, "seed": 26411}, "status": "ok", "n_feasible": 18, "cand": {"strategy": "v6", "tv": 1, "zL": [-1.9048, -1.5849, -1.5584], "zS": [1.91, 1.8927, 1.3618], "zXS": [2.1922, 2.4957, 2.426], "zXLmax": [-20.2163, -20.2655, -20.2095], "ptScale": [1.6405, 1.6462, 1.4335], "eS3": [1.0, 1.0, 1.0], "eXS": [1.0, 1.0, 0.0], "lev": [5.1358, 5.3499, 4.4455], "sl": 0.0}, "train": {"n": 87, "months": 6.951206140350878, "eq": 20787.29343327866, "growth": 0.4365202018382874, "liq": false, "maxdd": 0.0033562859824593466, "tpm": 12.515813549964507, "sl_hits": 0, "worst_mae": -0.0692926624234419, "win": 0.9885057471264368, "score": 0.2923321070364418}, "oos": {"n": 11, "months": 0.9159813596491229, "eq": 1526.9632218275663, "growth": 0.4621065005748702, "liq": false, "maxdd": 0.0, "tpm": 12.008978003890467, "sl_hits": 0, "worst_mae": -0.05810220280032108, "win": 1.0, "score": 0.4621065005748702}, "elapsed": 1.0331087112426758}