{"job": {"strategy": "v6", "mode": "lev", "method": "trend3", "window": "all", "fold_idx": 12, "n_samples": 350, "seed": 26411}, "status": "ok", "n_feasible": 12, "cand": {"strategy": "v6", "tv": 0, "zL": [-1.7972050054330453, -1.7808203339489597, -2.4152016660952214], "zS": [1.7874445603904072, 1.3936185207452072, 2.3199226831193065], "zXS": [2.0351875442668104, 3.0, 3.0], "zXLmax": [-99.0, -99.0, -99.0], "ptScale": [0.583536554659512, 0.5, 0.5], "eS3": [1.0, 0.0, 1.0], "eXS": [1.0, 1.0, 1.0], "lev": [4.596011165424791, 7.473358532751483, 8.282214561290417], "sl": 0.0}, "train": {"n": 151, "months": 16.945655153508774, "eq": 30352.314121233667, "growth": 0.20140105127235017, "liq": false, "maxdd": 0.029640577405714016, "tpm": 8.910838715417496, "sl_hits": 0, "worst_mae": -0.09656968743856886, "win": 0.9668874172185431, "score": 0.14957452781762182}, "oos": {"n": 8, "months": 0.6717379385964912, "eq": 0.0, "growth": -41.13363192446739, "liq": true, "maxdd": 1.0, "tpm": 11.909406243623751, "sl_hits": 0, "worst_mae": -0.12580864782782308, "win": 0.875, "score": -41.13363192446739}, "elapsed": 0.9624853134155273}