{"job": {"strategy": "v6", "mode": "lev", "method": "trend3", "window": "all", "fold_idx": 10, "n_samples": 350, "seed": 26411}, "status": "ok", "n_feasible": 11, "cand": {"strategy": "v6", "tv": 0, "zL": [-2.3526094526160013, -1.8243987466955245, -1.9583395389238971], "zS": [2.221070779839864, 1.6133264191055023, 2.541026717948911], "zXS": [3.0, 3.0, 1.9830161734924427], "zXLmax": [-1.2901604783509146, -0.7481677466920659, -0.6666582900993021], "ptScale": [0.8217995550499229, 0.5507287383736886, 0.975320270605357], "eS3": [1.0, 1.0, 1.0], "eXS": [0.0, 0.0, 0.0], "lev": [10.0, 10.0, 10.0], "sl": 0.0}, "train": {"n": 154, "months": 15.185238486842106, "eq": 278675.0923690977, "growth": 0.3707578622892335, "liq": false, "maxdd": 0.0, "tpm": 10.141427817115934, "sl_hits": 0, "worst_mae": -0.06867485624673297, "win": 1.0, "score": 0.2860395856294709}, "oos": {"n": 7, "months": 0.8395696271929824, "eq": 0.0, "growth": -32.910934627673605, "liq": true, "maxdd": 1.0, "tpm": 8.33760509346176, "sl_hits": 0, "worst_mae": -0.092, "win": 0.8571428571428571, "score": -32.910934627673605}, "elapsed": 0.9367108345031738}