{"job": {"strategy": "v6", "mode": "lev", "method": "trend3", "window": "all", "fold_idx": 9, "n_samples": 350, "seed": 26411}, "status": "ok", "n_feasible": 9, "cand": {"strategy": "v6", "tv": 1, "zL": [-1.4908755021495916, -1.5813765232814119, -2.1706923988785087], "zS": [2.5379898824097915, 2.6, 2.6], "zXS": [2.5450722167688524, 2.4726362045963493, 1.562099540222837], "zXLmax": [-99.0, -99.0, -99.0], "ptScale": [1.6761382076188296, 1.1097028813341396, 1.5602992444595682], "eS3": [1.0, 1.0, 1.0], "eXS": [0.0, 0.0, 0.0], "lev": [10.0, 10.0, 6.823066652782625], "sl": 0.0}, "train": {"n": 125, "months": 14.267269736842106, "eq": 1995504.518469802, "growth": 0.5325932942302204, "liq": false, "maxdd": 0.0, "tpm": 8.761311891175284, "sl_hits": 0, "worst_mae": -0.0757922247631494, "win": 1.0, "score": 0.41514864481597075}, "oos": {"n": 10, "months": 0.91796875, "eq": 1731.1694488291882, "growth": 0.5978386106487489, "liq": false, "maxdd": 0.0, "tpm": 10.893617021276595, "sl_hits": 0, "worst_mae": -0.04506641366223907, "win": 1.0, "score": 0.5978386106487489}, "elapsed": 0.9257793426513672}