{"job": {"strategy": "v6", "mode": "lev", "method": "trend3", "window": "all", "fold_idx": 6, "n_samples": 350, "seed": 26411}, "status": "ok", "n_feasible": 14, "cand": {"strategy": "v6", "tv": 1, "zL": [-1.7333345291461566, -2.178668612812973, -2.6], "zS": [2.221363225082328, 1.9574690461655313, 1.1037302092833872], "zXS": [2.6428481433890307, 2.024987405150284, 2.2903153237469462], "zXLmax": [-99.0, -99.0, -99.0], "ptScale": [2.363292017709505, 2.4, 1.9450232650135264], "eS3": [1.0, 1.0, 1.0], "eXS": [1.0, 1.0, 1.0], "lev": [4.525893146152622, 3.142438400241531, 2.6140712721776493], "sl": 0.0}, "train": {"n": 101, "months": 11.518571820175438, "eq": 12924.324000091485, "growth": 0.22217260587901577, "liq": false, "maxdd": 0.003945054310163015, "tpm": 8.768448170205676, "sl_hits": 0, "worst_mae": -0.3410907096436795, "win": 0.9405940594059405, "score": 0.1721462388613106}, "oos": {"n": 13, "months": 0.9139939692982456, "eq": 1362.7906906625983, "growth": 0.33866150777982634, "liq": false, "maxdd": 0.0, "tpm": 14.2232885956362, "sl_hits": 0, "worst_mae": -0.05756034074775196, "win": 1.0, "score": 0.33866150777982634}, "elapsed": 0.9433245658874512}