{"job": {"strategy": "v6", "mode": "lev", "method": "trend3", "window": "all", "fold_idx": 15, "n_samples": 350, "seed": 26411}, "status": "ok", "n_feasible": 13, "cand": {"strategy": "v6", "tv": 0, "zL": [-1.4995, -1.5326, -1.3565], "zS": [1.6704, 2.1838, 1.512], "zXS": [2.1203, 2.34, 2.3671], "zXLmax": [-99.0, -99.0, -99.0], "ptScale": [2.0022, 2.0982, 1.8461], "eS3": [1.0, 1.0, 1.0], "eXS": [1.0, 1.0, 1.0], "lev": [1.8969, 2.0725, 1.6638], "sl": 0.0}, "train": {"n": 136, "months": 19.574629934210527, "eq": 8672.29194287098, "growth": 0.11035371378103748, "liq": false, "maxdd": 0.0013001930313926097, "tpm": 6.94776864017813, "sl_hits": 0, "worst_mae": -0.5267637508609662, "win": 0.9852941176470589, "score": 0.12359228138823002}, "oos": {"n": 7, "months": 0.9210526315789473, "eq": 1080.065864096631, "growth": 0.08362391236993982, "liq": false, "maxdd": 0.0, "tpm": 7.6000000000000005, "sl_hits": 0, "worst_mae": -0.047367135997395726, "win": 1.0, "score": 0.08362391236993982}, "elapsed": 1.0104951858520508}