{"job": {"strategy": "v6", "mode": "lev", "method": "trend3", "window": "all", "fold_idx": 5, "n_samples": 350, "seed": 26411}, "status": "ok", "n_feasible": 11, "cand": {"strategy": "v6", "tv": 0, "zL": [-1.0902565539115339, -1.2779427693415726, -1.009450243158311], "zS": [2.481054110890925, 2.5195515823620664, 1.8304278652437627], "zXS": [1.5504764543695373, 1.1, 1.479614237941153], "zXLmax": [-1.296375489783068, -1.4145290584144732, -1.6017928966076922], "ptScale": [1.896835394927823, 2.4, 1.5324847162738016], "eS3": [0.0, 0.0, 0.0], "eXS": [1.0, 0.0, 0.0], "lev": [1.8030463224882822, 2.732189814901211, 1.8580631433915034], "sl": 0.0}, "train": {"n": 126, "months": 10.610128837719298, "eq": 16535.499435971655, "growth": 0.2644180474774225, "liq": false, "maxdd": 0.0, "tpm": 11.875444862843377, "sl_hits": 0, "worst_mae": -0.13990087374176075, "win": 1.0, "score": 0.2243850564482269}, "oos": {"n": 15, "months": 0.9084429824561403, "eq": 1399.8163928488818, "growth": 0.3702390645873262, "liq": false, "maxdd": 0.0, "tpm": 16.511768255884128, "sl_hits": 0, "worst_mae": -0.07450178170779986, "win": 1.0, "score": 0.3702390645873262}, "elapsed": 0.9287090301513672}