{"job": {"strategy": "v6", "mode": "lev", "method": "trend3", "window": "all", "fold_idx": 7, "n_samples": 350, "seed": 26411}, "status": "ok", "n_feasible": 8, "cand": {"strategy": "v6", "tv": 0, "zL": [-1.1946940816770684, -1.0215452392505342, -1.6063101717811674], "zS": [0.908350929976374, 1.2366334694784142, 0.9648249427177424], "zXS": [3.0, 2.3033894929477916, 2.3697267931995367], "zXLmax": [-99.0, -99.0, -99.0], "ptScale": [1.7629982487261626, 1.855505711582876, 1.2544526697620129], "eS3": [1.0, 0.0, 0.0], "eXS": [1.0, 1.0, 1.0], "lev": [1.4270489937170359, 1.8736340154629558, 1.551857419608428], "sl": 0.0}, "train": {"n": 161, "months": 12.432565789473685, "eq": 7287.5211700408645, "growth": 0.159754912242966, "liq": false, "maxdd": 0.0011754334814403444, "tpm": 12.949861092737134, "sl_hits": 0, "worst_mae": -0.3410907096436795, "win": 0.9751552795031055, "score": 0.18220948996780997}, "oos": {"n": 11, "months": 0.915296052631579, "eq": 1136.4971854033772, "growth": 0.13979180549471254, "liq": false, "maxdd": 0.0, "tpm": 12.017969451931716, "sl_hits": 0, "worst_mae": -0.16038061090808786, "win": 1.0, "score": 0.13979180549471254}, "elapsed": 0.9449069499969482}