{"job": {"strategy": "v6", "mode": "lev", "method": "trend3", "window": "all", "fold_idx": 3, "n_samples": 350, "seed": 26411}, "status": "ok", "n_feasible": 19, "cand": {"strategy": "v6", "tv": 0, "zL": [-1.0680058585899403, -1.304186751921175, -1.0313670758686515], "zS": [2.377619315296776, 2.4466880162494027, 1.4145880807664883], "zXS": [2.4940669616071114, 2.663348510583358, 1.7187274509103232], "zXLmax": [-1.1203320038491418, -0.8759792325022544, -0.806770692289946], "ptScale": [1.431334775977167, 2.032208837549449, 1.5351231038619197], "eS3": [1.0, 1.0, 1.0], "eXS": [1.0, 1.0, 0.0], "lev": [9.774114046807565, 6.182848307832891, 9.157111754304921], "sl": 0.0}, "train": {"n": 117, "months": 8.777275219298247, "eq": 660441.8558110886, "growth": 0.7397408566209314, "liq": false, "maxdd": 0.003878840185284187, "tpm": 13.329877106138445, "sl_hits": 0, "worst_mae": -0.13990087374176075, "win": 0.9914529914529915, "score": 0.4950566105450165}, "oos": {"n": 9, "months": 0.9172149122807017, "eq": 0.0, "growth": -30.124914832907155, "liq": true, "maxdd": 0.9999999999999997, "tpm": 9.812313209802749, "sl_hits": 0, "worst_mae": -0.10120473909580521, "win": 0.8888888888888888, "score": -30.124914832907155}, "elapsed": 1.0366907119750977}