{"job": {"strategy": "v6", "mode": "lev", "method": "trend3", "window": "all", "fold_idx": 14, "n_samples": 350, "seed": 26411}, "status": "ok", "n_feasible": 8, "cand": {"strategy": "v6", "tv": 0, "zL": [-2.6, -2.213718814347313, -2.6], "zS": [2.1018038083134356, 1.874792229128982, 2.6], "zXS": [2.379253234094321, 3.0, 3.0], "zXLmax": [-99.0, -99.0, -99.0], "ptScale": [2.4, 2.3712186929927603, 1.6002963333277942], "eS3": [1.0, 1.0, 1.0], "eXS": [0.0, 1.0, 0.0], "lev": [3.376723714071227, 3.535261301584465, 4.934915244239786], "sl": 0.0}, "train": {"n": 93, "months": 18.653645833333336, "eq": 27073.24343105401, "growth": 0.17683116439335833, "liq": false, "maxdd": 0.0027377128034412604, "tpm": 4.9856205500488615, "sl_hits": 0, "worst_mae": -0.18844792423638634, "win": 0.978494623655914, "score": 0.14987455531270566}, "oos": {"n": 5, "months": 0.920984100877193, "eq": 1139.8926684608261, "growth": 0.14216760894819158, "liq": false, "maxdd": 0.0, "tpm": 5.428975370191234, "sl_hits": 0, "worst_mae": -0.057170542635658905, "win": 1.0, "score": 0.14216760894819158}, "elapsed": 0.9301495552062988}