{"job": {"strategy": "v6", "mode": "lev", "method": "trend3", "window": "all", "fold_idx": 11, "n_samples": 350, "seed": 26411}, "status": "ok", "n_feasible": 12, "cand": {"strategy": "v6", "tv": 0, "zL": [-1.6407950224534158, -1.9471659549040246, -2.013384672176459], "zS": [1.9221219362417088, 2.6, 2.4513333805924935], "zXS": [3.0, 3.0, 2.6028212555392476], "zXLmax": [-1.4047537396223182, -1.4303082546480583, -1.4384818832378086], "ptScale": [0.8608824891353636, 0.969372669218905, 0.830081959606035], "eS3": [1.0, 1.0, 1.0], "eXS": [1.0, 1.0, 1.0], "lev": [10.0, 6.475011984765528, 8.535092407167408], "sl": 0.0}, "train": {"n": 145, "months": 16.02480811403509, "eq": 75002.90545373036, "growth": 0.2694276787244391, "liq": false, "maxdd": 0.03209586160035068, "tpm": 9.04847028233704, "sl_hits": 0, "worst_mae": -0.09656968743856886, "win": 0.9586206896551724, "score": 0.2063830453194809}, "oos": {"n": 10, "months": 0.9208470394736842, "eq": 1404.0258658158193, "growth": 0.36851259094410865, "liq": false, "maxdd": 0.0, "tpm": 10.859566867604377, "sl_hits": 0, "worst_mae": -0.027992878440120994, "win": 1.0, "score": 0.36851259094410865}, "elapsed": 0.9646995067596436}