{"pool": [[-18.902223179047386, {"strategy": "v7", "mode": "lev", "regs": [{"xApt1Long": 0.008815228332078531, "vHistN": 3.0, "xCdPctShort": 0.0002, "xTpLong": 0.00990084682898082, "vRsi": 0.0, "rsiValLong": 47.77208078350924, "dur1Long": 0.6, "eXL": 0.0, "requireHistPos": 0.0, "bbValLong": -0.26734192353597175, "eL3": 0.0, "dur2Long": 218.3931690141637, "xDur1Short": 72.60816390244051, "cdPctShort": 0.0005, "ptLong": 0.01550565249311278, "xDur2Long": 30.0, "zL": -2.7647035361094217, "apt1Short": 0.003960365396066734, "zXLmax": -1.7762462649776574, "xApt2Long": 0.0006226080224849808, "cdPeriodShort": 201.58188353085768, "xDur2Short": 165.16316988371946, "vEmaUp": 3.0, "zS": 0.8, "eXS": 0.0, "xApt1Short": 0.003946940942288394, "cdPeriodLong": 133.4074289992531, "trendBlockZ": 3.0, "xTpShort": 0.008639311511280506, "xDur1Long": 59.1914690869565, "dur2Short": 178.03999437033406, "vX": 0.0, "cdPctLong": 0.004794732684332045, "dur1Short": 13.331159695392486, "slShort": 0.0996438627639331, "bbValShort": 1.0472280627614716, "apt2Short": 0.015, "ptShort": 0.03, "xMinBetween": 15.414095788598846, "rsiValShort": 86.56649014496818, "apt2Long": 0.005755503140606488, "zXS": 2.962732003508922, "slLong": 0.02, "vEmaDn": 1.0, "xApt2Short": 0.00323158859663379, "vMacd": 2.0, "apt1Long": 0.0054261670967263205, "leverage": 4.0, "vBB": 3.0, "eS3": 0.0, "xCdPeriodShort": 66.12941804687559}, {"xApt1Long": 0.01011858899700819, "vHistN": 3.0, "xCdPctShort": 0.004019268287201746, "xTpLong": 0.00800821485618417, "vRsi": 5.0, "rsiValLong": 75.58746095825612, "dur1Long": 14.572121718945663, "eXL": 0.0, "requireHistPos": 1.0, "bbValLong": -0.06724000021663283, "eL3": 1.0, "dur2Long": 83.45421728473019, "xDur1Short": 139.8909076819043, "cdPctShort": 0.0046421200344454235, "ptLong": 0.02572449502953306, "xDur2Long": 356.72619527228994, "zL": -1.6198908388531992, "apt1Short": 0.010372342569436773, "zXLmax": 0.15001806418152985, "xApt2Long": 0.004934892041675084, "cdPeriodShort": 182.13708573508737, "xDur2Short": 329.8952588208815, "vEmaUp": 1.0, "zS": 1.657425218578014, "eXS": 0.0, "xApt1Short": 0.004238107054031405, "cdPeriodLong": 173.34667925847265, "trendBlockZ": 3.0, "xTpShort": 0.019804579112798454, "xDur1Long": 231.73015660401205, "dur2Short": 72.18571207991774, "vX": 4.0, "cdPctLong": 0.005469795927104611, "dur1Short": 4.219343314055324, "slShort": 0.05113816188145928, "bbValShort": 0.9619140658280888, "apt2Short": 0.0027642130545339127, "ptShort": 0.005889189788908354, "xMinBetween": 7.102745732149975, "rsiValShort": 85.65588284634644, "apt2Long": 0.0044971193652177475, "zXS": 2.863129713151291, "slLong": 0.07340134779275333, "vEmaDn": 2.0, "xApt2Short": 0.007425389287818302, "vMacd": 3.0, "apt1Long": 0.004805039425913406, "leverage": 7.0, "vBB": 1.0, "eS3": 0.0, "xCdPeriodShort": 58.869696532639836}, {"xApt1Long": 0.0027669543430896225, "vHistN": 3.0, "xCdPctShort": 0.003575209305296675, "xTpLong": 0.001, "vRsi": 3.0, "rsiValLong": 70.06667432587943, "dur1Long": 85.49597729563953, "eXL": 0.0, "requireHistPos": 1.0, "bbValLong": 0.11449508416052159, "eL3": 0.0, "dur2Long": 241.4020282478001, "xDur1Short": 97.78518664000522, "cdPctShort": 0.009850140681124784, "ptLong": 0.009170963173779337, "xDur2Long": 353.3687684644426, "zL": -2.739357763845196, "apt1Short": 0.01422134431580864, "zXLmax": -0.5935227717704823, "xApt2Long": 0.008119073382293307, "cdPeriodShort": 38.12565378293818, "xDur2Short": 306.88380123999957, "vEmaUp": 1.0, "zS": 1.092784559498903, "eXS": 1.0, "xApt1Short": 0.004542404116592771, "cdPeriodLong": 166.2555114449484, "trendBlockZ": 1.5, "xTpShort": 0.00930774308330694, "xDur1Long": 51.03986270615515, "dur2Short": 282.3928207700852, "vX": 3.0, "cdPctLong": 0.006182180486222443, "dur1Short": 90.0, "slShort": 0.10379845522254083, "bbValShort": 0.9031262572845791, "apt2Short": 0.011629682467575245, "ptShort": 0.03, "xMinBetween": 1.0494782830375318, "rsiValShort": 64.43492668518655, "apt2Long": 0.0008733875982717555, "zXS": 2.719511576691888, "slLong": 0.09874996299368508, "vEmaDn": 4.0, "xApt2Short": 0.006120172997239146, "vMacd": 4.0, "apt1Long": 0.005252030794917843, "leverage": 10.0, "vBB": 0.0, "eS3": 1.0, "xCdPeriodShort": 56.69013036519387}]}, {"n": 6, "months": 5.613144188596491, "eq": 0.0, "growth": -4.922556803736303, "liq": true, "maxdd": 1.0, "tpm": 1.0689196283589926, "sl_hits": 0, "worst_mae": -0.092, "win": 0.8333333333333334, "max_hold_days": 83.91875, "in_market": 0.519235230200105, "score": -18.902223179047386}]], "evaluated": 93800, "seed_base": 1005}