{"pool": [[0.07498459025692278, {"strategy": "v7", "mode": "lev", "regs": [{"apt1Long": 0.004824766571209936, "apt1Short": 0.012498571340897907, "apt2Long": 0.00020376570783268045, "apt2Short": 0.004843054482816709, "bbValLong": 0.05590632311445377, "bbValShort": 0.609122758986469, "cdPctLong": 0.005507413428022032, "cdPctShort": 0.011455623412221621, "cdPeriodLong": 88.96232778988399, "cdPeriodShort": 218.9185890159278, "dur1Long": 70.20971345579437, "dur1Short": 17.4747018119621, "dur2Long": 181.22541589915667, "dur2Short": 356.8262574629548, "leverage": 5.0, "ptLong": 0.009703449418613291, "ptShort": 0.01785510191556844, "rsiValLong": 70.93403893505827, "rsiValShort": 75.73894766602973, "slLong": 0.035903397421284025, "slShort": 0.06544991343423234, "xApt1Long": 0.008378109597318545, "xApt1Short": 0.006903560603792724, "xApt2Long": 0.006736116750044721, "xApt2Short": 0.004323651160386464, "xCdPctShort": 0.004724232666518358, "xCdPeriodShort": 29.011801167778085, "xDur1Long": 106.46396514107627, "xDur1Short": 89.28560070636749, "xDur2Long": 146.14127189878815, "xDur2Short": 689.7143495865, "xMinBetween": 20.8366740597904, "xTpLong": 0.0050904894816930675, "xTpShort": 0.013467448074791152, "zL": -2.7371427382603066, "zS": 1.7189036342122601, "zXLmax": -1.3167059174240825, "zXS": 1.7473088303243598, "trendBlockZ": 2.0, "vBB": 0.0, "vEmaDn": 1.0, "vEmaUp": 4.0, "vHistN": 2.0, "vMacd": 3.0, "vRsi": 5.0, "vX": 2.0, "eL3": 1.0, "eS3": 1.0, "eXL": 0.0, "eXS": 0.0, "requireHistPos": 1.0}, {"apt1Long": 0.008853557996533779, "apt1Short": 0.008597215159474576, "apt2Long": 0.007859222025455038, "apt2Short": 0.005158329095684745, "bbValLong": 0.29148827284596524, "bbValShort": 0.8074032529419248, "cdPctLong": 0.0038566897393787106, "cdPctShort": 0.0024532076974556026, "cdPeriodLong": 64.8433479946904, "cdPeriodShort": 97.87175113702693, "dur1Long": 28.2216202379563, "dur1Short": 24.863813008245273, "dur2Long": 307.9898891860324, "dur2Short": 181.0096893459817, "leverage": 1.0, "ptLong": 0.02241414673139316, "ptShort": 0.012281735942106539, "rsiValLong": 63.20456820151788, "rsiValShort": 68.66982669583514, "slLong": 0.10963921274194391, "slShort": 0.06587467553917767, "xApt1Long": 0.0054818546266818995, "xApt1Short": 0.004230170303904486, "xApt2Long": 0.004618941738253601, "xApt2Short": 0.005479502556628957, "xCdPctShort": 0.004850848082722063, "xCdPeriodShort": 66.01185768453132, "xDur1Long": 135.85390161552922, "xDur1Short": 223.4365489430148, "xDur2Long": 272.67868159695723, "xDur2Short": 336.3997857679052, "xMinBetween": 6.476113286923758, "xTpLong": 0.016908516416695666, "xTpShort": 0.0063443883494726854, "zL": -2.1000605473457528, "zS": 2.1133324456839193, "zXLmax": -1.9235180489831423, "zXS": 2.2378499649868413, "trendBlockZ": 2.0, "vBB": 3.0, "vEmaDn": 2.0, "vEmaUp": 1.0, "vHistN": 3.0, "vMacd": 1.0, "vRsi": 0.0, "vX": 4.0, "eL3": 0.0, "eS3": 1.0, "eXL": 1.0, "eXS": 0.0, "requireHistPos": 1.0}, {"apt1Long": 0.0025175414539851215, "apt1Short": 0.0024587584114452036, "apt2Long": 0.0019146417108266405, "apt2Short": 0.0017230709942927646, "bbValLong": 0.2958054564233485, "bbValShort": 0.748355506185689, "cdPctLong": 0.010746724133844717, "cdPctShort": 0.0067179757179309215, "cdPeriodLong": 140.56099337139665, "cdPeriodShort": 237.09077585606425, "dur1Long": 85.52627600927936, "dur1Short": 1.1605905286272515, "dur2Long": 317.1427531967705, "dur2Short": 263.4466631267086, "leverage": 9.0, "ptLong": 0.025454771516128183, "ptShort": 0.003512512016350291, "rsiValLong": 78.6096772319036, "rsiValShort": 75.62742049192583, "slLong": 0.06726762587731452, "slShort": 0.06530177895556989, "xApt1Long": 0.0006390575256930052, "xApt1Short": 0.013878721090628977, "xApt2Long": 0.0055490698666621685, "xApt2Short": 0.001637486478772091, "xCdPctShort": 0.002144849295294281, "xCdPeriodShort": 45.83072608274449, "xDur1Long": 117.4662454123853, "xDur1Short": 72.6359643777731, "xDur2Long": 142.85870582756618, "xDur2Short": 506.59477598285906, "xMinBetween": 5.676028202713869, "xTpLong": 0.009130283644965136, "xTpShort": 0.018534617455335915, "zL": -0.9402739390296736, "zS": 1.6443289387013855, "zXLmax": -2.4217292550273797, "zXS": 2.947276127320271, "trendBlockZ": 1.5, "vBB": 2.0, "vEmaDn": 1.0, "vEmaUp": 2.0, "vHistN": 2.0, "vMacd": 4.0, "vRsi": 3.0, "vX": 3.0, "eL3": 1.0, "eS3": 1.0, "eXL": 0.0, "eXS": 1.0, "requireHistPos": 1.0}]}, {"n": 46, "months": 21.44956140350877, "eq": 11524.846002211505, "growth": 0.11396527792542571, "liq": false, "maxdd": 0.44959922499635896, "tpm": 2.1445659952970044, "sl_hits": 0, "worst_mae": -0.05497463909481082, "win": 0.9782608695652174, "max_hold_days": 2.3020833333333335, "in_market": 0.019240108373376957, "score": 0.07498459025692278}], [0.039756380415890344, {"strategy": "v7", "mode": "lev", "regs": [{"apt1Long": 0.0012792788259118728, "apt1Short": 0.01652114743908424, "apt2Long": 0.0007675672955471236, "apt2Short": 0.009777401838310794, "bbValLong": -0.05643883828252667, "bbValShort": 0.6939111129719252, "cdPctLong": 0.0035318635204024235, "cdPctShort": 0.006586323361326517, "cdPeriodLong": 85.22778936568439, "cdPeriodShort": 99.01623989215985, "dur1Long": 62.34794957811726, "dur1Short": 59.81664359559813, "dur2Long": 123.77541600492333, "dur2Short": 353.58513845566625, "leverage": 7.0, "ptLong": 0.0170356743999024, "ptShort": 0.019928106126917988, "rsiValLong": 61.169515800957804, "rsiValShort": 50.003069633111494, "slLong": 0.058758377842669685, "slShort": 0.025178128338842767, "xApt1Long": 0.00282937466514395, "xApt1Short": 0.004199895677133053, "xApt2Long": 0.008083489995895815, "xApt2Short": 0.0072671090880194016, "xCdPctShort": 0.0003580889032999198, "xCdPeriodShort": 38.5429169861412, "xDur1Long": 79.39774727320147, "xDur1Short": 23.293077408017137, "xDur2Long": 85.60250775695353, "xDur2Short": 601.5129501017627, "xMinBetween": 3.1879594750741083, "xTpLong": 0.011327550332659883, "xTpShort": 0.008579067168451289, "zL": -1.1989387837129495, "zS": 1.0952865599026713, "zXLmax": -2.1016451742969275, "zXS": 1.2694287834312843, "trendBlockZ": 1.5, "vBB": 2.0, "vEmaDn": 2.0, "vEmaUp": 2.0, "vHistN": 0.0, "vMacd": 1.0, "vRsi": 1.0, "vX": 3.0, "eL3": 1.0, "eS3": 0.0, "eXL": 0.0, "eXS": 1.0, "requireHistPos": 1.0}, {"apt1Long": 0.01853855215567508, "apt1Short": 0.00496949499949024, "apt2Long": 0.0008290675690329674, "apt2Short": 0.002981696999694144, "bbValLong": -0.29269684030606763, "bbValShort": 1.0173136094211424, "cdPctLong": 0.0038107917402048167, "cdPctShort": 0.003177998449537953, "cdPeriodLong": 141.88495275281602, "cdPeriodShort": 18.86716794106472, "dur1Long": 54.444419232797685, "dur1Short": 10.387593716399746, "dur2Long": 219.95197775427332, "dur2Short": 203.78835817065985, "leverage": 7.0, "ptLong": 0.02607228516350127, "ptShort": 0.02715881193158861, "rsiValLong": 80.93184862226325, "rsiValShort": 67.58331110617503, "slLong": 0.11497928947019483, "slShort": 0.029114884020510937, "xApt1Long": 0.0024995924005520665, "xApt1Short": 0.003628538529243816, "xApt2Long": 0.00364041512433431, "xApt2Short": 0.009509259731972313, "xCdPctShort": 0.009566420386758952, "xCdPeriodShort": 44.92334277760953, "xDur1Long": 68.61953121164308, "xDur1Short": 103.34329177195022, "xDur2Long": 217.27554533138274, "xDur2Short": 450.08115730963476, "xMinBetween": 19.692108732555823, "xTpLong": 0.007380264699016464, "xTpShort": 0.01919833856139882, "zL": -2.284219182302779, "zS": 2.4924715753097506, "zXLmax": -1.5870838299550516, "zXS": 1.9789900381278642, "trendBlockZ": 99.0, "vBB": 0.0, "vEmaDn": 1.0, "vEmaUp": 1.0, "vHistN": 1.0, "vMacd": 4.0, "vRsi": 0.0, "vX": 2.0, "eL3": 1.0, "eS3": 1.0, "eXL": 0.0, "eXS": 0.0, "requireHistPos": 0.0}, {"apt1Long": 0.013704059015767276, "apt1Short": 0.0024397484446858813, "apt2Long": 0.013585978334220247, "apt2Short": 0.0009565622120358741, "bbValLong": -0.2793867903017693, "bbValShort": 1.2495782764303827, "cdPctLong": 0.004828143648251615, "cdPctShort": 0.006149703826488347, "cdPeriodLong": 173.02214081545137,