{"job": {"strategy": "v6", "mode": "lev", "method": "volXtrend9", "window": "all", "fold_idx": 3, "n_samples": 350, "seed": 231744}, "status": "ok", "n_feasible": 17, "cand": {"strategy": "v6", "tv": 0, "zL": [-0.9, -1.1026705687846068, -0.9, -1.0476778957718753, -1.008154885512737, -1.152041406498988, -0.9, -0.9, -1.1128418455036593], "zS": [1.8774233418361888, 1.1130796710794428, 1.1597644267024194, 1.7702547160896562, 1.5223029290019308, 1.9838000895315524, 1.8360622868793428, 1.8134726356093798, 1.2080801939040395], "zXS": [1.9344879948758233, 1.6096791072683025, 3.0, 1.9154981549856467, 2.5501813557775628, 2.159448667446779, 3.0, 2.0984459809641516, 2.54267506885551], "zXLmax": [-1.9210792947622286, -1.3234580650768686, -1.367488773381674, -1.15661966845146, -1.1084214132682142, -1.2018131210983785, -1.6354359040294955, -1.401531243817225, -1.196476621888545], "ptScale": [2.3182090337816748, 1.7389934123170308, 1.8685492916991688, 1.5708102860015565, 2.0283932771544047, 2.4, 2.0228418936718238, 2.337840101729576, 1.5591702243361212], "eS3": [1.0, 1.0, 1.0, 1.0, 1.0, 1.0, 1.0, 1.0, 1.0], "eXS": [1.0, 1.0, 1.0, 1.0, 1.0, 1.0, 1.0, 1.0, 1.0], "lev": [2.8479616204807154, 3.1409343767157503, 2.523155510705643, 3.2965108147344635, 3.035219762264892, 2.44677910145842, 2.6314315045348393, 2.678095276638368, 2.3265589451310555], "sl": 0.0}, "train": {"n": 142, "months": 8.777275219298247, "eq": 29982.8889842268, "growth": 0.3874353676721505, "liq": false, "maxdd": 0.0020561212934951134, "tpm": 16.178141445056916, "sl_hits": 0, "worst_mae": -0.3410907096436795, "win": 0.9788732394366197, "score": 0.25918210536604025}, "oos": {"n": 13, "months": 0.9172149122807017, "eq": 0.0, "growth": -30.124914832907155, "liq": true, "maxdd": 1.0000000000000004, "tpm": 14.173341303048417, "sl_hits": 0, "worst_mae": -0.3103765975542693, "win": 0.8461538461538461, "score": -30.124914832907155}, "elapsed": 1.056708574295044}