{"job": {"strategy": "v6", "mode": "lev", "method": "volXtrend9", "window": "all", "fold_idx": 7, "n_samples": 350, "seed": 231744}, "status": "ok", "n_feasible": 6, "cand": {"strategy": "v6", "tv": 1, "zL": [-1.3405038254123705, -1.4547137161997674, -1.7448182609586798, -1.3178720898425067, -1.5050307094833606, -1.0859333350079785, -1.3659536996660506, -1.5320762677137343, -1.5585324926528095], "zS": [2.6, 2.6, 2.6, 2.6, 1.7812865536149476, 2.484698899831683, 1.7137594129151306, 2.6, 2.6], "zXS": [3.0, 2.385472188758508, 2.614972386468113, 2.2698383960303388, 3.0, 2.845179379782199, 2.1937950772114334, 3.0, 2.7285943509591237], "zXLmax": [-0.6651304748149575, -0.57052387598421, -0.892596573296974, -0.8460735183056856, -0.5202893226565322, -0.5025139528743712, -0.7380171004680985, -0.4920550691620064, -0.5745193615751627], "ptScale": [0.5134698792147245, 0.5592822932857033, 0.6799208380681102, 0.6709442957784169, 0.5558463703109813, 0.7577019338392436, 0.5534447828763246, 0.7730060368931592, 0.6290645620371682], "eS3": [1.0, 1.0, 1.0, 1.0, 0.0, 1.0, 0.0, 1.0, 1.0], "eXS": [1.0, 1.0, 1.0, 1.0, 1.0, 1.0, 1.0, 1.0, 1.0], "lev": [3.7582124708760842, 5.408928505418598, 6.216804087121539, 5.437530164930829, 5.982780912086311, 7.614012157560182, 6.813058798533519, 7.257792345741286, 4.9061079448488805], "sl": 0.0}, "train": {"n": 170, "months": 12.432565789473685, "eq": 34864.24891052191, "growth": 0.2856580031657541, "liq": false, "maxdd": 0.027249199480898958, "tpm": 13.673766371213123, "sl_hits": 0, "worst_mae": -0.09656968743856886, "win": 0.9647058823529412, "score": 0.21689437371023337}, "oos": {"n": 3, "months": 0.915296052631579, "eq": 0.0, "growth": -30.188069790628134, "liq": true, "maxdd": 1.0, "tpm": 3.2776280323450133, "sl_hits": 0, "worst_mae": -0.12333680105922473, "win": 0.6666666666666666, "score": -30.188069790628134}, "elapsed": 0.9356167316436768}