{"job": {"strategy": "v6", "mode": "lev", "method": "volXtrend9", "window": "all", "fold_idx": 0, "n_samples": 350, "seed": 231744}, "status": "ok", "n_feasible": 23, "cand": {"strategy": "v6", "tv": 0, "zL": [-2.6, -2.3465775744533284, -2.2786641972917123, -1.692466398691566, -1.9450626964405076, -2.6, -2.6, -1.8112152190535438, -2.367558629741856], "zS": [2.6, 2.6, 2.6, 2.059036583647557, 2.6, 2.211757673005363, 2.033981447773802, 2.6, 2.0223677262332673], "zXS": [1.756936383197411, 1.4138094502365657, 2.1763958381142747, 1.667963180253792, 1.9503093325218388, 1.8912348546850952, 1.279953007691326, 1.546766106887604, 1.7427839244558714], "zXLmax": [-99.0, -99.0, -99.0, -99.0, -99.0, -99.0, -99.0, -99.0, -99.0], "ptScale": [1.6106294487449893, 1.2880768903092406, 1.319814186949918, 2.110086878163416, 1.2591048234561881, 1.6154744484860664, 2.167625022471937, 2.030951362993929, 2.4], "eS3": [1.0, 1.0, 1.0, 1.0, 1.0, 1.0, 1.0, 1.0, 1.0], "eXS": [0.0, 1.0, 0.0, 0.0, 1.0, 0.0, 0.0, 1.0, 1.0], "lev": [8.325351373599771, 10.0, 9.820912993517737, 10.0, 10.0, 7.614909541868683, 5.785507083722673, 6.202881838970442, 10.0], "sl": 0.0}, "train": {"n": 75, "months": 6.024328399122807, "eq": 22382.053110828176, "growth": 0.5159511951193662, "liq": false, "maxdd": 0.007060351317439441, "tpm": 12.449520515999863, "sl_hits": 0, "worst_mae": -0.07112888422708796, "win": 0.9333333333333333, "score": 0.39097017372465154}, "oos": {"n": 12, "months": 0.9209155701754386, "eq": 1574.4798459687759, "growth": 0.49290616415212013, "liq": false, "maxdd": 0.0, "tpm": 13.030510492632832, "sl_hits": 0, "worst_mae": -0.01702474377117369, "win": 1.0, "score": 0.49290616415212013}, "elapsed": 1.030982494354248}