{"job": {"strategy": "v6", "mode": "lev", "method": "volXtrend9", "window": "all", "fold_idx": 10, "n_samples": 350, "seed": 231744}, "status": "ok", "n_feasible": 7, "cand": {"strategy": "v6", "tv": 1, "zL": [-2.4278, -2.1496, -2.3577, -2.1003, -1.9713, -2.0784, -1.6814, -1.9925, -2.1505], "zS": [2.0067, 1.7844, 1.8292, 2.2133, 2.2224, 2.1752, 1.4671, 2.3272, 1.9556], "zXS": [2.5547, 2.4935, 2.3002, 2.5058, 2.6071, 2.4895, 2.7065, 2.3339, 2.4512], "zXLmax": [-99.0, -99.0, -99.0, -99.0, -99.0, -99.0, -99.0, -99.0, -99.0], "ptScale": [1.3509, 1.1769, 1.4223, 1.2941, 1.5523, 1.1515, 1.2683, 1.242, 1.2045], "eS3": [1.0, 1.0, 1.0, 1.0, 1.0, 1.0, 1.0, 1.0, 1.0], "eXS": [1.0, 1.0, 1.0, 1.0, 0.0, 1.0, 1.0, 1.0, 1.0], "lev": [2.3605, 2.7728, 2.7934, 2.7467, 3.1359, 2.6397, 2.5087, 2.7523, 3.068], "sl": 0.0}, "train": {"n": 142, "months": 15.185238486842106, "eq": 9068.350254090783, "growth": 0.1451930016835419, "liq": false, "maxdd": 0.0023573589465133915, "tpm": 9.351186688509497, "sl_hits": 0, "worst_mae": -0.3410907096436795, "win": 0.9577464788732394, "score": 0.11288217936436688}, "oos": {"n": 2, "months": 0.8395696271929824, "eq": 1028.354175056111, "growth": 0.03330234331477506, "liq": false, "maxdd": 0.0, "tpm": 2.382172883846217, "sl_hits": 0, "worst_mae": -0.04125150421179302, "win": 1.0, "score": 0.03330234331477506}, "elapsed": 0.932579755783081}