{"job": {"strategy": "v6", "mode": "lev", "method": "volXtrend9", "window": "all", "fold_idx": 11, "n_samples": 350, "seed": 231744}, "status": "ok", "n_feasible": 2, "cand": {"strategy": "v6", "tv": 1, "zL": [-2.086835392911933, -2.6, -2.4452040015748255, -2.6, -2.6, -2.097664324456195, -2.6, -2.407064051789075, -2.4554469920032598], "zS": [1.4644563547390435, 1.3340373335065148, 1.2748842667577542, 1.887773479745246, 1.8822112513327232, 2.1396634672913977, 1.5280362810356913, 1.856688889166949, 1.9500719532520827], "zXS": [2.265996038207734, 2.5677881154863953, 2.1400826854468935, 2.548454035400578, 2.5789184826556335, 3.0, 2.5874838893037615, 2.0349354397444053, 1.8346134334619018], "zXLmax": [-1.2437716048985543, -1.9687672122175879, -1.3188816582028224, -1.6107983953680658, -1.8475770363082442, -1.9428692523384334, -1.4168594536801742, -2.0, -1.6432684152309525], "ptScale": [1.6511532580419526, 1.2136693103442737, 1.1482174563570315, 1.825826561315892, 1.3610254435788438, 1.7260476194655918, 1.0077204910302664, 1.4687361234120926, 1.325982924926257], "eS3": [0.0, 0.0, 0.0, 0.0, 0.0, 1.0, 1.0, 1.0, 1.0], "eXS": [0.0, 1.0, 1.0, 0.0, 0.0, 0.0, 1.0, 1.0, 1.0], "lev": [7.4312033402802085, 8.217026630176004, 4.871485697923683, 4.874746362005101, 5.11945362171279, 7.622154004425776, 5.412006783873872, 7.696937676480158, 6.099549354916279], "sl": 0.0}, "train": {"n": 137, "months": 16.02480811403509, "eq": 59549.09019400815, "growth": 0.2550296383322619, "liq": false, "maxdd": 0.018769131193746968, "tpm": 8.549244335725342, "sl_hits": 0, "worst_mae": -0.09656968743856886, "win": 0.9562043795620438, "score": 0.1933741438460576}, "oos": {"n": 7, "months": 0.9208470394736842, "eq": 1324.9386717223292, "growth": 0.3055514768611451, "liq": false, "maxdd": 0.0, "tpm": 7.601696807323063, "sl_hits": 0, "worst_mae": -0.027992878440120994, "win": 1.0, "score": 0.3055514768611451}, "elapsed": 0.939239501953125}