{"job": {"strategy": "v6", "mode": "lev", "method": "volXtrend9", "window": "all", "fold_idx": 9, "n_samples": 350, "seed": 231744}, "status": "ok", "n_feasible": 9, "cand": {"strategy": "v6", "tv": 0, "zL": [-1.9592688276438415, -1.6142783629503812, -1.7927879733805068, -1.2636394103435347, -0.9974075189871507, -1.7544279025510963, -1.0546201187158253, -1.7080071363778209, -1.7436365032522754], "zS": [2.1763765595901083, 1.5646176969166492, 2.5468939538672775, 2.2323055605600235, 2.310219334239008, 2.2251238016503327, 2.365016841763356, 2.224278603357758, 2.3057122296755765], "zXS": [3.0, 2.9129284140214944, 3.0, 2.9741607308378315, 3.0, 2.0787959385049364, 2.5299649379469806, 2.2009085924581098, 2.717071987376364], "zXLmax": [-99.0, -99.0, -99.0, -99.0, -99.0, -99.0, -99.0, -99.0, -99.0], "ptScale": [1.0774613194010254, 0.9878161341109162, 0.9156539404607309, 0.663452919832859, 0.8878928900753812, 0.8081253626155385, 1.1098326392825397, 0.8847381243992722, 0.5973509933121602], "eS3": [1.0, 1.0, 1.0, 1.0, 1.0, 1.0, 1.0, 1.0, 1.0], "eXS": [1.0, 1.0, 1.0, 1.0, 1.0, 1.0, 1.0, 1.0, 1.0], "lev": [5.627767713123573, 4.41570434695709, 4.472463181242451, 3.6146032289504855, 4.7770976002531285, 6.298332179219113, 3.7439202410243304, 4.923658090304796, 3.9551060685208888], "sl": 0.0}, "train": {"n": 225, "months": 14.267269736842106, "eq": 83749.52022248074, "growth": 0.31034882802895813, "liq": false, "maxdd": 0.02254061411999407, "tpm": 15.77036140411551, "sl_hits": 0, "worst_mae": -0.12355164508333849, "win": 0.9822222222222222, "score": 0.24069884870906416}, "oos": {"n": 12, "months": 0.91796875, "eq": 1258.89754893569, "growth": 0.25081069132178424, "liq": false, "maxdd": 0.0, "tpm": 13.072340425531914, "sl_hits": 0, "worst_mae": -0.04506641366223907, "win": 1.0, "score": 0.25081069132178424}, "elapsed": 0.9558048248291016}