{"job": {"strategy": "v6", "mode": "lev", "method": "volXtrend9", "window": "all", "fold_idx": 14, "n_samples": 350, "seed": 231744}, "status": "ok", "n_feasible": 6, "cand": {"strategy": "v6", "tv": 1, "zL": [-1.4226425651402186, -0.9937289706083974, -1.561913730945206, -1.628728288414539, -1.1607649553779193, -1.3829304903942667, -1.1809467118094348, -0.9118002312963165, -1.299492980845424], "zS": [1.6438180470915114, 2.0948683288904535, 1.1805815356847542, 1.107549904218027, 1.4691363116998108, 1.5391783255395117, 2.107571758416722, 1.9391452473751505, 1.2954233329637712], "zXS": [1.4964671297607117, 1.5454639822055907, 2.4212200900757197, 1.6040546564922038, 2.1606738954356404, 2.5535842569036404, 2.5361107895579202, 2.5547774495226827, 1.8198810670904506], "zXLmax": [-99.0, -99.0, -99.0, -99.0, -99.0, -99.0, -99.0, -99.0, -99.0], "ptScale": [2.057667401824261, 2.4, 2.248780029232209, 1.5839465305539189, 2.340162842174099, 1.534837975127684, 2.211848818642446, 2.4, 2.3095409057930665], "eS3": [1.0, 1.0, 1.0, 1.0, 1.0, 1.0, 1.0, 1.0, 1.0], "eXS": [1.0, 1.0, 1.0, 1.0, 1.0, 1.0, 1.0, 1.0, 1.0], "lev": [1.2, 1.5032534305683334, 1.5215414472211664, 1.2, 1.5146181015534328, 1.4999301979313402, 1.2, 1.2, 1.3564677807789391], "sl": 0.0}, "train": {"n": 172, "months": 18.653645833333336, "eq": 8169.223714791811, "growth": 0.11259857223486666, "liq": false, "maxdd": 0.0012513266774081921, "tpm": 9.220717576434454, "sl_hits": 0, "worst_mae": -0.5155376479476204, "win": 0.9651162790697675, "score": 0.11773435694172185}, "oos": {"n": 11, "months": 0.920984100877193, "eq": 1132.169020495728, "growth": 0.13478547556782766, "liq": false, "maxdd": 0.0, "tpm": 11.943745814420716, "sl_hits": 0, "worst_mae": -0.057170542635658905, "win": 1.0, "score": 0.13478547556782766}, "elapsed": 0.9578497409820557}