{"job": {"strategy": "v6", "mode": "lev", "method": "volXtrend9", "window": "all", "fold_idx": 19, "n_samples": 350, "seed": 231744}, "status": "ok", "n_feasible": 7, "cand": {"strategy": "v6", "tv": 0, "zL": [-2.6, -1.5761336982204346, -2.385215118948646, -2.6, -2.6, -2.6, -1.7054024149775573, -1.7140947773972675, -2.102446314359105], "zS": [1.6270426458404765, 1.5298116633011745, 1.5421467474417558, 1.1895524767401164, 1.3219659988009478, 0.9769730005919602, 0.9209537472777425, 0.9, 0.9502062985555408], "zXS": [1.5054557158695077, 2.0557730850538345, 2.2205402817782343, 1.1790532323538072, 1.4294421437246452, 1.8604491480825518, 2.1775213167210423, 1.296236943097398, 2.1493003017871], "zXLmax": [-0.8390172154745114, -1.2345945407548393, -1.1344026052038862, -1.2600453045772095, -0.7389945710246161, -1.2160035922775487, -1.1670595834546504, -1.0110294439746397, -1.4757659627764639], "ptScale": [2.4, 1.7912399729386574, 2.4, 2.0899228926221802, 2.4, 1.9926261507519618, 2.049703718747674, 2.4, 2.4], "eS3": [1.0, 1.0, 1.0, 1.0, 1.0, 1.0, 1.0, 0.0, 0.0], "eXS": [1.0, 1.0, 1.0, 1.0, 1.0, 1.0, 1.0, 1.0, 1.0], "lev": [1.856846871621102, 1.4179248156010367, 1.4108160869730526, 2.0438159602053303, 2.007862837827047, 2.1104681963556358, 1.2821257127629273, 1.8111569557988614, 2.01297654623602], "sl": 0.0}, "train": {"n": 185, "months": 23.25870339912281, "eq": 11275.973871517512, "growth": 0.10416205127599792, "liq": false, "maxdd": 0.0016588289358040716, "tpm": 7.954011744566001, "sl_hits": 0, "worst_mae": -0.5155376479476204, "win": 0.9405405405405406, "score": 0.10179708849117292}, "oos": {"n": 2, "months": 0.9207785087719298, "eq": 1025.885369555225, "growth": 0.027754790846706904, "liq": false, "maxdd": 0.0, "tpm": 2.172075022328074, "sl_hits": 0, "worst_mae": -0.1737884936739078, "win": 1.0, "score": 0.027754790846706904}, "elapsed": 0.9829957485198975}