{"job": {"strategy": "v6", "mode": "lev", "method": "volXtrend9", "window": "all", "fold_idx": 20, "n_samples": 350, "seed": 231744}, "status": "ok", "n_feasible": 6, "cand": {"strategy": "v6", "tv": 1, "zL": [-1.6673, -1.8534, -1.9591, -1.8753, -2.19, -1.9584, -1.6834, -1.6128, -1.8105], "zS": [1.8184, 2.0464, 2.0359, 1.917, 2.0278, 1.9743, 1.9974, 2.1441, 1.9751], "zXS": [2.186, 2.632, 2.221, 2.508, 2.3509, 2.3653, 2.2951, 2.5612, 2.2257], "zXLmax": [-39.7205, -39.6363, -39.6933, -39.7031, -39.7131, -39.6923, -39.7568, -39.6502, -39.7178], "ptScale": [1.531, 1.4824, 1.5835, 1.4648, 1.3742, 1.5196, 1.3688, 1.6615, 1.6594], "eS3": [1.0, 1.0, 1.0, 1.0, 1.0, 1.0, 1.0, 1.0, 1.0], "eXS": [1.0, 1.0, 1.0, 1.0, 0.0, 1.0, 1.0, 1.0, 1.0], "lev": [2.4637, 2.523, 2.967, 2.8694, 3.0067, 2.7657, 2.9271, 2.6025, 2.6901], "sl": 0.0}, "train": {"n": 222, "months": 24.179481907894736, "eq": 34924.40967934766, "growth": 0.14695046056036437, "liq": false, "maxdd": 0.006209365644134229, "tpm": 9.181338162895697, "sl_hits": 0, "worst_mae": -0.3410907096436795, "win": 0.9594594594594594, "score": 0.11910466761420307}, "oos": {"n": 6, "months": 0.9185855263157895, "eq": 1104.9067218871612, "growth": 0.10860275278336418, "liq": false, "maxdd": 0.0, "tpm": 6.531781557743957, "sl_hits": 0, "worst_mae": -0.019612742036227537, "win": 1.0, "score": 0.10860275278336418}, "elapsed": 0.9969401359558105}