{"job": {"strategy": "v6", "mode": "lev", "method": "volXtrend9", "window": "all", "fold_idx": 15, "n_samples": 350, "seed": 231744}, "status": "ok", "n_feasible": 7, "cand": {"strategy": "v6", "tv": 1, "zL": [-1.1096717888827752, -0.9278577012808235, -0.9, -0.9, -1.330075065372047, -0.9636945005283787, -0.9, -0.9, -1.1663101823603297], "zS": [1.7658413149586634, 2.6, 1.9114240380365635, 2.6, 1.6703121945279702, 2.6, 2.5742861273976145, 2.312856801028463, 2.6], "zXS": [1.7674008934933219, 1.620864914707204, 2.246665595754867, 1.4765452925831322, 1.341505086427777, 2.3781283464829515, 2.4875202217940173, 2.1041477881955113, 2.116787639529932], "zXLmax": [-0.3425176521817068, -0.3126130143922399, -0.3148044887437173, -0.28010207217862354, -0.19486669861754943, -0.18362545820751885, -0.17193111377374098, -0.2954914553325708, -0.33241777561406755], "ptScale": [1.7357178855640452, 2.328627255183108, 1.2875095804080112, 1.841658386310384, 1.3026577267027721, 1.4323331431214608, 1.7964190998545584, 2.384375499272454, 1.6467263191339472], "eS3": [1.0, 1.0, 1.0, 1.0, 1.0, 1.0, 1.0, 1.0, 1.0], "eXS": [0.0, 1.0, 1.0, 0.0, 1.0, 1.0, 1.0, 1.0, 1.0], "lev": [1.634187141223579, 1.2, 1.2, 1.2, 1.2, 1.7076626296571649, 1.2599141477758484, 1.4555406175421057, 1.7354558966518987], "sl": 0.0}, "train": {"n": 256, "months": 19.574629934210527, "eq": 10115.900918006993, "growth": 0.11821978458623335, "liq": false, "maxdd": 0.0012252928326285382, "tpm": 13.078152734452951, "sl_hits": 0, "worst_mae": -0.5267637508609662, "win": 0.96484375, "score": 0.11079121971691164}, "oos": {"n": 6, "months": 0.9210526315789473, "eq": 1039.7574703620874, "growth": 0.042329268758305554, "liq": false, "maxdd": 0.0005394240874380335, "tpm": 6.514285714285714, "sl_hits": 0, "worst_mae": -0.03268892794376099, "win": 0.8333333333333334, "score": 0.042329268758305554}, "elapsed": 0.960446834564209}