{"job": {"strategy": "v6", "mode": "lev", "method": "volXtrend9", "window": "all", "fold_idx": 16, "n_samples": 350, "seed": 231744}, "status": "ok", "n_feasible": 2, "cand": {"strategy": "v6", "tv": 0, "zL": [-2.6, -2.2030381550136013, -2.5229544886394937, -2.6, -2.455784466393202, -2.420598075898162, -2.20605512685668, -1.7335394353738804, -2.062076418662948], "zS": [2.0577432316043778, 2.1813184762277675, 2.041836856878327, 2.4239757779228492, 1.3026661643537705, 1.4514369777073564, 1.9822447755523973, 2.0342397303105813, 1.9125439423165884], "zXS": [1.7309189477167126, 2.904241380244756, 3.0, 3.0, 3.0, 1.8147655768353408, 3.0, 1.8411921358934358, 3.0], "zXLmax": [-1.532308948235984, -2.0, -1.4424997168677498, -1.581272104872272, -2.0, -2.0, -1.5191960685768613, -2.0, -2.0], "ptScale": [0.5, 0.6120148898762239, 0.5883188939758535, 0.5, 0.6839702430508625, 0.6394328788863296, 0.7025691178425284, 0.7365134410597112, 0.5], "eS3": [0.0, 1.0, 1.0, 1.0, 0.0, 1.0, 1.0, 0.0, 1.0], "eXS": [1.0, 1.0, 0.0, 1.0, 1.0, 1.0, 1.0, 1.0, 0.0], "lev": [4.908032139025547, 3.0808439960231673, 2.9524351822019224, 4.955952873180188, 4.043866320780318, 2.901919750243138, 3.7404880432442598, 3.256197130051138, 5.478072606709733], "sl": 0.0}, "train": {"n": 173, "months": 20.495682565789473, "eq": 6469.48129938716, "growth": 0.09109703612922439, "liq": false, "maxdd": 0.010385456250344925, "tpm": 8.440802078422326, "sl_hits": 0, "worst_mae": -0.10297113155861481, "win": 0.9479768786127167, "score": 0.07113165837511913}, "oos": {"n": 5, "months": 0.9210526315789473, "eq": 1094.7991026149314, "growth": 0.09833409666213147, "liq": false, "maxdd": 0.0, "tpm": 5.428571428571429, "sl_hits": 0, "worst_mae": -0.08028169014084519, "win": 1.0, "score": 0.09833409666213147}, "elapsed": 0.9503731727600098}