{"job": {"strategy": "v6", "mode": "lev", "method": "volXtrend9", "window": "all", "fold_idx": 1, "n_samples": 350, "seed": 231744}, "status": "ok", "n_feasible": 20, "cand": {"strategy": "v6", "tv": 0, "zL": [-1.1617504222520387, -1.1661304979099074, -0.9, -1.0279795166697725, -1.11712776972165, -0.9, -0.9, -1.0983947933869715, -1.1234150564875158], "zS": [1.1130463603590415, 1.0693496688752249, 0.9, 1.1079746115610705, 0.9, 1.009989501942664, 0.9, 1.0460321711779093, 0.9], "zXS": [2.069554748270925, 1.794326351080739, 3.0, 2.769987772657329, 2.712730785356961, 2.0361687044992256, 2.2295392447804336, 2.3839226589322178, 2.561499424860931], "zXLmax": [-99.0, -99.0, -99.0, -99.0, -99.0, -99.0, -99.0, -99.0, -99.0], "ptScale": [1.4278336845812858, 1.45959208061825, 1.2603718190139643, 1.3143088136509, 1.4205790539101169, 1.397373831022342, 1.1158928747056718, 1.4854592830838023, 1.5118869811855], "eS3": [1.0, 1.0, 0.0, 1.0, 0.0, 1.0, 1.0, 0.0, 1.0], "eXS": [1.0, 1.0, 1.0, 1.0, 0.0, 0.0, 1.0, 1.0, 1.0], "lev": [7.374280260956795, 7.114555027804304, 4.86808470357832, 7.903954521969022, 8.449675320614398, 8.909402674938738, 5.190460414505058, 7.051861943291974, 8.361052935813607], "sl": 0.0}, "train": {"n": 151, "months": 6.951206140350878, "eq": 876727.2295302065, "growth": 0.9748230422770676, "liq": false, "maxdd": 0.00642438166248788, "tpm": 21.72284880511081, "sl_hits": 0, "worst_mae": -0.1319007886615613, "win": 0.9801324503311258, "score": 0.6404961421100369}, "oos": {"n": 20, "months": 0.9159813596491229, "eq": 2283.4156762446764, "growth": 0.9014074542531929, "liq": false, "maxdd": 0.0, "tpm": 21.83450546161903, "sl_hits": 0, "worst_mae": -0.09656968743856886, "win": 1.0, "score": 0.9014074542531929}, "elapsed": 1.0346834659576416}