{"job": {"strategy": "v6", "mode": "lev", "method": "volXtrend9", "window": "all", "fold_idx": 12, "n_samples": 350, "seed": 231744}, "status": "ok", "n_feasible": 5, "cand": {"strategy": "v6", "tv": 1, "zL": [-1.9010317361829001, -2.575672340984658, -2.309255435567855, -1.974518472622782, -2.6, -1.7611979721438176, -2.188819240335972, -2.050951301408309, -1.9412854791426566], "zS": [2.6, 2.0955598629827032, 2.6, 2.6, 2.2476015667120217, 2.6, 2.5394977910168475, 2.48345335230138, 2.6], "zXS": [1.813403278693731, 1.3111519103285305, 1.843710915189999, 1.6150834388108077, 1.78235004318223, 1.3414067917326993, 1.7040272473545843, 2.0955680733769215, 2.2061675739417557], "zXLmax": [-99.0, -99.0, -99.0, -99.0, -99.0, -99.0, -99.0, -99.0, -99.0], "ptScale": [0.7814930214711338, 0.8075833530694332, 0.8604428855367434, 0.8069333294886053, 0.8881593410955093, 0.5195240058494723, 0.7591902842459041, 0.9464881961571582, 0.8735951612037568], "eS3": [1.0, 1.0, 1.0, 1.0, 1.0, 1.0, 1.0, 1.0, 1.0], "eXS": [0.0, 0.0, 1.0, 0.0, 0.0, 1.0, 0.0, 0.0, 1.0], "lev": [4.391722664117306, 5.408976428008515, 6.320013925338298, 3.8132695138119526, 4.457439523952001, 4.729013422925757, 7.073055820338935, 4.224864451489479, 7.027057264865607], "sl": 0.0}, "train": {"n": 167, "months": 16.945655153508774, "eq": 12361.482761647736, "growth": 0.14839115906641773, "liq": false, "maxdd": 0.017795327936376608, "tpm": 9.855033546190212, "sl_hits": 0, "worst_mae": -0.10297113155861481, "win": 0.9520958083832335, "score": 0.11563761873630057}, "oos": {"n": 7, "months": 0.6717379385964912, "eq": 0.0, "growth": -41.13363192446739, "liq": true, "maxdd": 1.0, "tpm": 10.42073046317078, "sl_hits": 0, "worst_mae": -0.17687786244026607, "win": 0.8571428571428571, "score": -41.13363192446739}, "elapsed": 0.9440078735351562}