{"job": {"strategy": "v6", "mode": "lev", "method": "volXtrend9", "window": "all", "fold_idx": 17, "n_samples": 350, "seed": 231744}, "status": "ok", "n_feasible": 7, "cand": {"strategy": "v6", "tv": 1, "zL": [-1.3616143096407614, -0.9, -1.2593652104186428, -1.5389946600820748, -0.9, -1.4897635605254498, -1.3027704138887521, -1.4443895208955555, -0.9887167280814909], "zS": [1.8317949446787078, 2.5774269978498925, 2.250456830889959, 1.9204788040221077, 2.6, 1.9913946832992047, 2.3782358330788185, 2.6, 2.176179739332543], "zXS": [2.6754489417628586, 1.9113561273411335, 2.084168579868427, 2.702751232615248, 1.9765533400334314, 2.9333747104171697, 1.7515179178408056, 2.4934646548095216, 1.9999432432609223], "zXLmax": [-99.0, -99.0, -99.0, -99.0, -99.0, -99.0, -99.0, -99.0, -99.0], "ptScale": [1.0426994730400134, 0.9769371578637581, 1.120669307315818, 1.0229917960112627, 1.3607245781476598, 1.3423754382214204, 1.3244847632411065, 1.7080009218789296, 1.5554568114430316], "eS3": [1.0, 1.0, 1.0, 1.0, 1.0, 1.0, 1.0, 1.0, 1.0], "eXS": [1.0, 1.0, 1.0, 0.0, 1.0, 1.0, 1.0, 0.0, 1.0], "lev": [1.2, 1.7342337548337978, 1.2, 1.2, 1.6615630119333298, 1.2, 1.2, 1.2, 1.4023433518758512], "sl": 0.0}, "train": {"n": 203, "months": 21.41673519736842, "eq": 5293.111313238545, "growth": 0.07780860189806842, "liq": false, "maxdd": 0.001135265664143119, "tpm": 9.478568891534112, "sl_hits": 0, "worst_mae": -0.5267637508609662, "win": 0.9852216748768473, "score": 0.09315580136194174}, "oos": {"n": 18, "months": 0.920984100877193, "eq": 1160.3612178161873, "growth": 0.1614917686119483, "liq": false, "maxdd": 0.0008106995810799232, "tpm": 19.544311332688444, "sl_hits": 0, "worst_mae": -0.05675287356321834, "win": 0.9444444444444444, "score": 0.1614917686119483}, "elapsed": 0.9904685020446777}