{"job": {"strategy": "v6", "mode": "lev", "method": "volXtrend9", "window": "all", "fold_idx": 8, "n_samples": 350, "seed": 231744}, "status": "ok", "n_feasible": 8, "cand": {"strategy": "v6", "tv": 0, "zL": [-1.4757698741773837, -2.6, -1.7976484095399108, -1.5332594551943555, -2.6, -1.9100472956568368, -1.6688732565149889, -1.5377920367599367, -2.0364288009985283], "zS": [2.331038975600295, 2.6, 2.6, 2.6, 2.6, 2.044970645537774, 1.9203214835864348, 2.067512261063166, 2.0300817296565343], "zXS": [3.0, 2.6652322990025996, 3.0, 2.1472582332556467, 3.0, 3.0, 2.122675555689072, 2.0653167557899494, 3.0], "zXLmax": [-99.0, -99.0, -99.0, -99.0, -99.0, -99.0, -99.0, -99.0, -99.0], "ptScale": [2.1267194358293207, 1.4918273843237957, 2.2580412513848933, 1.8069414812626443, 2.359456879269084, 2.0742929482253394, 1.6636498516831886, 1.3270468980764758, 1.9674255974752863], "eS3": [1.0, 0.0, 1.0, 1.0, 1.0, 0.0, 1.0, 1.0, 1.0], "eXS": [1.0, 0.0, 0.0, 1.0, 0.0, 0.0, 1.0, 1.0, 1.0], "lev": [6.190845103360142, 8.595271879171763, 7.331861302844102, 10.0, 8.236022879244622, 7.0261747022824, 5.4294451811977, 8.533401321575782, 10.0], "sl": 0.0}, "train": {"n": 103, "months": 13.347861842105264, "eq": 359937.6045586103, "growth": 0.44096431064269387, "liq": false, "maxdd": 0.007683699304150865, "tpm": 7.716591707226911, "sl_hits": 0, "worst_mae": -0.0692926624234419, "win": 0.9805825242718447, "score": 0.3282791626594223}, "oos": {"n": 7, "months": 0.9194078947368421, "eq": 1549.9960326943637, "growth": 0.4766680533032569, "liq": false, "maxdd": 0.0, "tpm": 7.613595706618962, "sl_hits": 0, "worst_mae": -0.0098368668662554, "win": 1.0, "score": 0.4766680533032569}, "elapsed": 0.9327907562255859}