{"job": {"strategy": "v6", "mode": "lev", "method": "volXtrend9", "window": "all", "fold_idx": 18, "n_samples": 350, "seed": 231744}, "status": "ok", "n_feasible": 2, "cand": {"strategy": "v6", "tv": 0, "zL": [-1.9998, -1.5985, -1.8125, -2.1755, -1.8941, -1.8109, -2.1083, -1.8391, -1.6309], "zS": [1.5954, 2.174, 2.2337, 2.3334, 1.9187, 1.9202, 2.3516, 2.5003, 1.8164], "zXS": [2.3859, 3.0, 2.618, 2.6229, 3.0, 2.5483, 2.9469, 2.4021, 2.5674], "zXLmax": [-49.7722, -49.6955, -49.798, -49.7996, -49.7339, -49.7419, -49.8505, -49.8752, -49.7179], "ptScale": [1.1207, 1.0597, 1.1992, 0.8336, 0.757, 1.1796, 0.8054, 0.7308, 0.9764], "eS3": [1.0, 1.0, 1.0, 1.0, 1.0, 1.0, 1.0, 1.0, 1.0], "eXS": [1.0, 1.0, 1.0, 1.0, 1.0, 1.0, 1.0, 1.0, 1.0], "lev": [2.5409, 2.0276, 1.7204, 2.8284, 2.2384, 2.1281, 2.1956, 2.3597, 1.913], "sl": 0.0}, "train": {"n": 222, "months": 22.337719298245617, "eq": 7769.495022595536, "growth": 0.09178220677934867, "liq": false, "maxdd": 0.0014803693588308436, "tpm": 9.938346750441783, "sl_hits": 0, "worst_mae": -0.3410907096436795, "win": 0.9774774774774775, "score": 0.07484001328949523}, "oos": {"n": 6, "months": 0.920984100877193, "eq": 1048.787320832691, "growth": 0.051721375141250456, "liq": false, "maxdd": 0.0, "tpm": 6.514770444229481, "sl_hits": 0, "worst_mae": -0.051168667087807984, "win": 1.0, "score": 0.051721375141250456}, "elapsed": 0.956465482711792}