{"job": {"strategy": "v6", "mode": "lev", "method": "volXtrend9", "window": "all", "fold_idx": 5, "n_samples": 350, "seed": 231744}, "status": "ok", "n_feasible": 11, "cand": {"strategy": "v6", "tv": 0, "zL": [-2.6, -2.6, -1.6335873402780778, -2.6, -2.3637997199873655, -2.276989930091444, -2.6, -2.6, -2.4402559958872523], "zS": [0.9, 1.4472927609510986, 1.023073764666269, 0.9, 0.9, 1.5647832340139827, 1.3114818036393814, 0.9, 1.611181439362981], "zXS": [3.0, 2.5064950112942546, 2.380538103395692, 2.95256050813441, 2.041205087368414, 3.0, 3.0, 2.716991963654076, 3.0], "zXLmax": [-0.40089438545373013, -0.3627595517616816, -0.43255012952230765, -0.2765233288793521, -0.3939100388825246, -0.3504499963711641, -0.31452371496931464, -0.372905699826377, -0.3768306563443109], "ptScale": [0.7031621643579783, 0.8296260218857361, 0.5261802765174977, 0.9367711017477771, 0.79588584322781, 0.6889806389916455, 0.8602099685790376, 0.5661692622182046, 0.9006796504990586], "eS3": [0.0, 0.0, 1.0, 1.0, 0.0, 1.0, 1.0, 1.0, 1.0], "eXS": [0.0, 0.0, 0.0, 0.0, 0.0, 0.0, 1.0, 1.0, 1.0], "lev": [8.344164860028654, 9.350951723603211, 9.652717828031946, 7.638154665086793, 6.225883377303063, 7.4081490212273575, 8.118483171805417, 9.149069761344737, 10.0], "sl": 0.0}, "train": {"n": 97, "months": 10.610128837719298, "eq": 17680.14473083199, "growth": 0.2707264244612574, "liq": false, "maxdd": 0.00573971375026541, "tpm": 9.14220755314133, "sl_hits": 0, "worst_mae": -0.08775313404050156, "win": 0.9896907216494846, "score": 0.1883653360577182}, "oos": {"n": 6, "months": 0.9084429824561403, "eq": 0.0, "growth": -30.41580115597687, "liq": true, "maxdd": 0.9999999999999998, "tpm": 6.604707302353652, "sl_hits": 0, "worst_mae": -0.12292167465145679, "win": 0.8333333333333334, "score": -30.41580115597687}, "elapsed": 0.909008264541626}