{"job": {"strategy": "v6", "mode": "lev", "method": "volXtrend9", "window": "all", "fold_idx": 2, "n_samples": 350, "seed": 231744}, "status": "ok", "n_feasible": 19, "cand": {"strategy": "v6", "tv": 1, "zL": [-1.6562575339265386, -1.8117171330661577, -1.5866838629040336, -1.779178283302193, -1.920895215982737, -1.4880142323999943, -2.115264065034713, -1.8914271881409586, -1.1793836112582263], "zS": [2.6, 2.6, 2.270304965411586, 1.606037344887169, 2.6, 2.445413987020622, 2.333347531086634, 1.840750081102501, 2.20219873451244], "zXS": [1.4742561959793596, 2.3090785873589166, 1.7944115808214653, 2.153259444095576, 2.3734687077480245, 1.9498779278304639, 2.458184867671872, 1.9212159588147593, 2.7548606757832634], "zXLmax": [-1.6265607219118454, -0.894011864720002, -1.5670325288913465, -1.2546523719440692, -1.3793836992484545, -1.3070218454284892, -0.9140122819035216, -1.7406902579182748, -0.8992634414741475], "ptScale": [2.0598572215824524, 1.3860540817624285, 1.8879989864072508, 1.1695658615154094, 1.8873702160325951, 2.0319893302189973, 1.028616281464955, 1.69365255937554, 1.29198960970615], "eS3": [1.0, 1.0, 1.0, 1.0, 1.0, 1.0, 1.0, 1.0, 1.0], "eXS": [1.0, 0.0, 1.0, 1.0, 1.0, 0.0, 1.0, 1.0, 1.0], "lev": [9.544860741684788, 8.80567043763049, 9.454552498018641, 8.116373887136167, 9.819019104385974, 8.362036996726253, 10.0, 10.0, 8.743737400729348], "sl": 0.0}, "train": {"n": 95, "months": 7.8671875, "eq": 186032.25796495413, "growth": 0.6642678960676964, "liq": false, "maxdd": 0.008208621997355349, "tpm": 12.075471698113208, "sl_hits": 0, "worst_mae": -0.09656968743856886, "win": 0.9578947368421052, "score": 0.4492916815284894}, "oos": {"n": 9, "months": 0.9100877192982456, "eq": 1318.6090332205245, "growth": 0.3039019343119442, "liq": false, "maxdd": 0.0, "tpm": 9.889156626506024, "sl_hits": 0, "worst_mae": -0.04321965161639185, "win": 1.0, "score": 0.3039019343119442}, "elapsed": 1.052231788635254}