{"job": {"strategy": "v6", "mode": "lev", "method": "volXtrend9", "window": "all", "fold_idx": 13, "n_samples": 350, "seed": 231744}, "status": "ok", "n_feasible": 5, "cand": {"strategy": "v6", "tv": 0, "zL": [-1.614614719675916, -1.3275805114917527, -1.439720949960847, -2.2580989162595935, -2.040605401905489, -2.385735093318105, -2.2468205339510425, -2.032085508031764, -2.1648307976397017], "zS": [2.6, 2.6, 2.0462299058485893, 2.6, 2.1027370012013926, 2.6, 2.465609104638536, 2.6, 2.6], "zXS": [3.0, 3.0, 2.779402192869818, 1.9967528005005517, 2.2178362393557745, 3.0, 2.2250616411785265, 3.0, 2.346497810128391], "zXLmax": [-0.5266818177694819, -0.7440046967713355, -0.6834216318538584, -0.8117653342683058, -0.7212818006697297, -0.866626578713607, -0.564807007047547, -0.5358506809902397, -0.6244366545088058], "ptScale": [2.231395191229525, 1.4145571917334236, 2.0012169299819633, 1.561670597866987, 1.8885150224131826, 1.425528514137436, 1.6654765394233964, 2.1751676235832935, 1.8555576847678323], "eS3": [1.0, 1.0, 1.0, 1.0, 1.0, 1.0, 1.0, 1.0, 1.0], "eXS": [1.0, 1.0, 0.0, 1.0, 1.0, 1.0, 0.0, 0.0, 1.0], "lev": [1.2929190498740215, 1.4643016742272117, 1.2604650204667143, 1.4485956548896197, 1.7885868502087454, 2.1664702396704847, 2.062209028801248, 2.2265271299814082, 2.1184442971242254], "sl": 0.0}, "train": {"n": 104, "months": 17.73266173245614, "eq": 4137.242560118179, "growth": 0.08007988530276929, "liq": false, "maxdd": 0.0014956960984122982, "tpm": 5.864883770361925, "sl_hits": 0, "worst_mae": -0.5260642491131258, "win": 0.9711538461538461, "score": 0.07860699215778595}, "oos": {"n": 5, "months": 0.920984100877193, "eq": 1065.2663617776884, "growth": 0.06864925549280969, "liq": false, "maxdd": 0.0, "tpm": 5.428975370191234, "sl_hits": 0, "worst_mae": -0.14067246255368182, "win": 1.0, "score": 0.06864925549280969}, "elapsed": 0.9565048217773438}