{"job": {"strategy": "v6", "mode": "lev", "method": "volXtrend9", "window": "all", "fold_idx": 4, "n_samples": 350, "seed": 231744}, "status": "ok", "n_feasible": 16, "cand": {"strategy": "v6", "tv": 1, "zL": [-1.496598561431668, -2.5675689161855977, -1.6365165367960464, -1.6044780246856258, -1.563769456644688, -2.6, -2.6, -1.7343674748046585, -2.3514392061012175], "zS": [2.300849195875515, 1.607306871296994, 2.4977466001192714, 1.6733170651945042, 1.6952467607548454, 2.037548597320748, 1.6784027419942993, 2.6, 2.6], "zXS": [1.7479465106567562, 1.4679411868245775, 1.372565745211527, 1.6283827176108447, 1.4163798995637193, 1.1, 1.2035609443186006, 1.505009441399729, 1.1], "zXLmax": [-99.0, -99.0, -99.0, -99.0, -99.0, -99.0, -99.0, -99.0, -99.0], "ptScale": [0.9695551956725229, 1.5261348390372045, 1.656939167356716, 1.0583848539027334, 1.2769572751898077, 1.813563760220463, 1.5605601143522032, 1.697399363711601, 1.684019261059801], "eS3": [1.0, 1.0, 1.0, 1.0, 1.0, 1.0, 1.0, 1.0, 1.0], "eXS": [1.0, 1.0, 0.0, 1.0, 0.0, 0.0, 1.0, 1.0, 1.0], "lev": [4.073931443942924, 3.755452980287858, 3.768024195244388, 4.714503058484906, 4.965660626397439, 3.5924814118119577, 2.7822545957733955, 5.294337096282132, 5.116109974656064], "sl": 0.0}, "train": {"n": 145, "months": 9.694490131578949, "eq": 27857.270210606697, "growth": 0.34319432337375555, "liq": false, "maxdd": 0.003931065065222362, "tpm": 14.956949569495693, "sl_hits": 0, "worst_mae": -0.0692926624234419, "win": 0.9586206896551724, "score": 0.23872142416242512}, "oos": {"n": 7, "months": 0.9156387061403509, "eq": 1261.3241334932275, "growth": 0.2535520475443735, "liq": false, "maxdd": 0.0, "tpm": 7.644936756230821, "sl_hits": 0, "worst_mae": -0.15845319500117871, "win": 1.0, "score": 0.2535520475443735}, "elapsed": 0.9412033557891846}