{"job": {"strategy": "v6", "mode": "lev", "method": "volXtrend9", "window": "all", "fold_idx": 6, "n_samples": 350, "seed": 231744}, "status": "ok", "n_feasible": 11, "cand": {"strategy": "v6", "tv": 1, "zL": [-2.5361227990303212, -1.4957752439900458, -2.422824711508157, -1.6547317802684403, -2.3212414891109634, -1.8242016111007289, -2.6, -2.4631412458438957, -2.0728913807554257], "zS": [1.296720052637595, 1.896522164168779, 1.9641149879702646, 2.3394044579737843, 2.1280466211585005, 2.3277597947162607, 2.394794928674902, 1.3107746884446092, 1.9545238061332217], "zXS": [3.0, 3.0, 2.894649907366709, 2.4118337737646023, 2.52809846068979, 2.4144398237796056, 1.9150311072675075, 2.0928925864821313, 2.1096761425854], "zXLmax": [-0.7298659265789493, -0.5247821089505713, -0.5689327828294358, -0.5330513739341182, -0.4216796700548031, -0.5180343969016468, -0.7458712523166533, -0.52637483059464, -0.5482209087798606], "ptScale": [1.2525903010827202, 0.8344786873110475, 1.325623885244986, 0.726534176403068, 0.7755837733260975, 1.2188917219540831, 1.3521356686298553, 0.8857111132554313, 1.2166954702236628], "eS3": [0.0, 1.0, 1.0, 1.0, 1.0, 1.0, 1.0, 0.0, 1.0], "eXS": [1.0, 1.0, 1.0, 1.0, 0.0, 0.0, 1.0, 1.0, 1.0], "lev": [8.484976155837018, 5.989984450174673, 8.646445099408346, 7.194872830738349, 6.726939232365925, 8.733718561792584, 7.327634994968211, 6.9678311074627555, 10.0], "sl": 0.0}, "train": {"n": 121, "months": 11.518571820175438, "eq": 41926.33452594463, "growth": 0.3243383117972842, "liq": false, "maxdd": 0.0070603513174394275, "tpm": 10.504774540543435, "sl_hits": 0, "worst_mae": -0.09656968743856886, "win": 0.9834710743801653, "score": 0.22157295012490302}, "oos": {"n": 15, "months": 0.9139939692982456, "eq": 1598.2049413094005, "growth": 0.5130023867773373, "liq": false, "maxdd": 0.0, "tpm": 16.41148684111869, "sl_hits": 0, "worst_mae": -0.05756034074775196, "win": 1.0, "score": 0.5130023867773373}, "elapsed": 0.927288293838501}