{
 "cand": {
  "strategy": "macdx",
  "tpL": [
   0.012846423831995982,
   0.02,
   0.018644649939974632
  ],
  "tpS": [
   0.018845782936512758,
   0.019789589686292405,
   0.017637724005346304
  ],
  "slL": [
   0.03934416214690901,
   0.018543781909093317,
   0.02698874976789245
  ],
  "slS": [
   0.031228832372648667,
   0.022194883196071803,
   0.037065958773006544
  ],
  "minT": [
   92.69579311116145,
   99.31350818478128,
   68.57042168856474
  ],
  "mMinS": [
   0.12919769020389696,
   0.12115922297447317,
   0.19844063698735476
  ],
  "mMaxL": [
   -0.0212125661058504,
   -0.15632046377841693,
   -0.1998745529696137
  ],
  "hrb": [
   1.0,
   1.0,
   6.0
  ],
  "reqH": [
   1.0,
   0.0,
   0.0
  ],
  "a1L": [
   0.0006850597911437044,
   0.02,
   0.013681588386780434
  ],
  "a2L": [
   0.0,
   0.0009479487440223119,
   0.002378012516976573
  ],
  "d1L": [
   17.277585440206806,
   19.897458065825006,
   8.131416260268578
  ],
  "d2L": [
   22.35816821335688,
   38.959808552705475,
   24.0
  ],
  "cdPL": [
   0.0046467152514302204,
   0.035761324164464994,
   0.04967136566780854
  ],
  "cdTL": [
   7.659461212153396,
   24.0,
   19.733810987321792
  ],
  "a1S": [
   0.008697058089986776,
   0.01622172931204679,
   0.001167550520004178
  ],
  "a2S": [
   0.0,
   0.009733037587228073,
   0.0
  ],
  "d1S": [
   15.603862342488947,
   9.738384529570462,
   8.531066524027061
  ],
  "d2S": [
   24.0,
   24.0,
   23.284043395194644
  ],
  "cdPS": [
   0.014241945278129416,
   0.010156204206981927,
   0.03771148681306789
  ],
  "cdTS": [
   15.556597564992316,
   10.0,
   81.04009863616555
  ],
  "eL": [
   1.0,
   1.0,
   1.0
  ],
  "eS": [
   1.0,
   1.0,
   1.0
  ],
  "lev": [
   3.0,
   2.0,
   4.0
  ]
 },
 "metrics": {
  "n": 107,
  "months": 12.555235745614036,
  "eq": 193115.51499099017,
  "growth": 0.4192106496263356,
  "liq": false,
  "maxdd": 0.15937483933987978,
  "tpm": 8.522340971365566,
  "sl_hits": 10,
  "worst_mae": -0.03660775161273411,
  "win": 0.9065420560747663,
  "max_hold_days": 1.75,
  "in_market": 0.12314007183170857,
  "score": 0.18562279016926617
 },
 "strategy": "macdx",
 "mode": "lev",
 "method": "trend3",
 "algo": "genetic",
 "per_regime": true,
 "train_end": null,
 "holdout_days": 21.0,
 "max_dd": 0.4,
 "max_hold_days": 5.0,
 "gap_mode": "skip_contaminated",
 "scoring": "classic",
 "anchor": null,
 "anchor_strength": 0.0,
 "evaluated": 100800,
 "generated": "2026-07-20 23:59",
 "holdout": {
  "n": 103,
  "months": 11.91467927631579,
  "eq": 324.2881887467538,
  "growth": -0.09451556865093659,
  "liq": false,
  "maxdd": 0.7779036974610981,
  "tpm": 8.644798371093817,
  "sl_hits": 47,
  "worst_mae": -0.04566100884532642,
  "win": 0.5339805825242718,
  "max_hold_days": 1.7604166666666667,
  "in_market": 0.1387043523775013,
  "score": -0.0881072022953775
 },
 "holdout_scan": {
  "scanned": 10,
  "pool": 600,
  "reservoir": 300,
  "survivors": 10
 },
 "holdout_survivors": [
  {
   "rank": 3,
   "train_score": 0.18536075137793495,
   "holdout": {
    "n": 103,
    "months": 11.91467927631579,
    "eq": 688.8738308540378,
    "growth": -0.031280501582834346,
    "liq": false,
    "maxdd": 0.6209138102645907,
    "tpm": 8.644798371093817,
    "sl_hits": 42,
    "worst_mae": -0.04566100884532642,
    "win": 0.5825242718446602,
    "max_hold_days": 1.7604166666666667,
    "in_market": 0.13738719307024658,
    "score": -0.05466019890051794
   }
  },
  {
   "rank": 8,
   "train_score": 0.18474028581294705,
   "holdout": {
    "n": 103,
    "months": 11.91467927631579,
    "eq": 424.51742781807417,
    "growth": -0.07191147988733117,
    "liq": false,
    "maxdd": 0.7481193330343436,
    "tpm": 8.644798371093817,
    "sl_hits": 45,
    "worst_mae": -0.04566100884532642,
    "win": 0.5631067961165048,
    "max_hold_days": 1.7604166666666667,
    "in_market": 0.1447667362632938,
    "score": -0.07846526928549624
   }
  },
  {
   "rank": 4,
   "train_score": 0.1852907237510897,
   "holdout": {
    "n": 103,
    "months": 11.91467927631579,
    "eq": 423.7369693274399,
    "growth": -0.07206592403345828,
    "liq": false,
    "maxdd": 0.7488754932213401,
    "tpm": 8.644798371093817,
    "sl_hits": 46,
    "worst_mae": -0.04566100884532642,
    "win": 0.5533980582524272,
    "max_hold_days": 1.7604166666666667,
    "in_market": 0.14078649940469,
    "score": -0.07848963449708773
   }
  },
  {
   "rank": 7,
   "train_score": 0.1847972823040872,
   "holdout": {
    "n": 103,
    "months": 11.91467927631579,
    "eq": 419.5442169657744,
    "growth": -0.07290052333890505,
    "liq": false,
    "maxdd": 0.7249304964628552,
    "tpm": 8.644798371093817,
    "sl_hits": 46,
    "worst_mae": -0.04566100884532642,
    "win": 0.5533980582524272,
    "max_hold_days": 1.7604166666666667,
    "in_market": 0.1355926354114541,
    "score": -0.07730639128242739
   }
  },
  {
   "rank": 5,
   "train_score": 0.18521244928439629,
   "holdout": {
    "n": 103,
    "months": 11.91467927631579,
    "eq": 370.95722774268904,
    "growth": -0.08323081881822214,
    "liq": false,
    "maxdd": 0.7480304927814921,
    "tpm": 8.644798371093817,
    "sl_hits": 46,
    "worst_mae": -0.04566100884532642,
    "win": 0.5533980582524272,
    "max_hold_days": 1.7604166666666667,
    "in_market": 0.1419541122403787,
    "score": -0.08425285139065543
   }
  },
  {
   "rank": 1,
   "train_score": 0.18562279016926617,
   "holdout": {
    "n": 103,
    "months": 11.91467927631579,
    "eq": 324.2881887467538,
    "growth": -0.09451556865093659,
    "liq": false,
    "maxdd": 0.7779036974610981,
    "tpm": 8.644798371093817,
    "sl_hits": 47,
    "worst_mae": -0.04566100884532642,
    "win": 0.5339805825242718,
    "max_hold_days": 1.7604166666666667,
    "in_market": 0.1387043523775013,
    "score": -0.0881072022953775
   }
  },
  {
   "rank": 10,
   "train_score": 0.184593150643441,
   "holdout": {
    "n": 103,
    "months": 11.91467927631579,
    "eq": 323.97549936629554,
    "growth": -0.09459653584879615,
    "liq": false,
    "maxdd": 0.7816275231942446,
    "tpm": 8.644798371093817,
    "sl_hits": 46,
    "worst_mae": -0.04566100884532642,
    "win": 0.5533980582524272,
    "max_hold_days": 1.7604166666666667,
    "in_market": 0.14028609390368058,
    "score": -0.08775003686286616
   }
  },
  {
   "rank": 6,
   "train_score": 0.18485927486372336,
   "holdout": {
    "n": 103,
    "months": 11.91467927631579,
    "eq": 283.2546228081024,
    "growth": -0.10587016480763985,
    "liq": false,
    "maxdd": 0.8445531339536999,
    "tpm": 8.644798371093817,
    "sl_hits": 48,
    "worst_mae": -0.04566100884532642,
    "win": 0.5339805825242718,
    "max_hold_days": 1.7604166666666667,
    "in_market": 0.13876762203854848,
    "score": -0.09093667311741765
   }
  },
  {
   "rank": 2,
   "train_score": 0.18537568984179706,
   "holdout": {
    "n": 103,
    "months": 11.91467927631579,
    "eq": 271.0824559940977,
    "growth": -0.10955664088379874,
    "liq": false,
    "maxdd": 0.8520504529836982,
    "tpm": 8.644798371093817,
    "sl_hits": 48,
    "worst_mae": -0.04566100884532642,
    "win": 0.5339805825242718,
    "max_hold_days": 1.7604166666666667,
    "in_market": 0.14204038905089755,
    "score": -0.0902583114445372
   }
  },
  {
   "rank": 9,
   "train_score": 0.18462582575807543,
   "holdout": {
    "n": 103,
    "months": 11.91467927631579,
    "eq": 251.39427337976025,
    "growth": -0.11588501293098935,
    "liq": false,
    "maxdd": 0.8472875330369227,
    "tpm": 8.644798371093817,
    "sl_hits": 48,
    "worst_mae": -0.04566100884532642,
    "win": 0.5242718446601942,
    "max_hold_days": 1.7604166666666667,
    "in_market": 0.14381193956021834,
    "score": -0.09684513622313805
   }
  }
 ],
 "holdout_top10": [
  {
   "rank": 3,
   "train_score": 0.18536075137793495,
   "holdout": {
    "n": 103,
    "months": 11.91467927631579,
    "eq": 688.8738308540378,
    "growth": -0.031280501582834346,
    "liq": false,
    "maxdd": 0.6209138102645907,