{
 "cand": {
  "strategy": "rocx",
  "pt": [
   0.04032598678253536,
   0.021460106103813256,
   0.03715915363057719
  ],
  "tsl": [
   0.01514791486329589,
   0.016520327106125304,
   0.0052573413390866255
  ],
  "rocN": [
   2.0,
   5.0,
   8.0
  ],
  "smaN": [
   4.0,
   2.0,
   4.0
  ],
  "vRoc": [
   2.0,
   1.0,
   3.0
  ],
  "vSma": [
   3.0,
   1.0,
   1.0
  ],
  "eL": [
   1.0,
   1.0,
   1.0
  ],
  "tslm": [
   0.0,
   1.0,
   0.0
  ],
  "lev": [
   10.0,
   8.0,
   10.0
  ]
 },
 "metrics": {
  "n": 174,
  "months": 12.555235745614036,
  "eq": 21635.095595674058,
  "growth": 0.24486332670471642,
  "liq": false,
  "maxdd": 0.7893361027812907,
  "tpm": 13.858760084276716,
  "sl_hits": 134,
  "worst_mae": -0.04751467710371815,
  "win": 0.47701149425287354,
  "max_hold_days": 1.7104166666666667,
  "in_market": 0.10434156086591051,
  "score": 0.4238535980826917
 },
 "strategy": "rocx",
 "mode": "lev",
 "method": "trend3",
 "algo": "genetic",
 "per_regime": true,
 "train_end": null,
 "holdout_days": 21.0,
 "max_dd": null,
 "max_hold_days": 5.0,
 "gap_mode": "skip_contaminated",
 "scoring": "recent",
 "anchor": null,
 "anchor_strength": 0.0,
 "evaluated": 100800,
 "generated": "2026-07-20 21:29",
 "holdout": {
  "n": 152,
  "months": 11.91467927631579,
  "eq": 19.86492401997125,
  "growth": -0.328905178533149,
  "liq": false,
  "maxdd": 0.9903850390554706,
  "tpm": 12.757372353458837,
  "sl_hits": 132,
  "worst_mae": -0.10017295053614683,
  "win": 0.4868421052631579,
  "max_hold_days": 3.8354166666666667,
  "in_market": 0.12552125573021816,
  "score": -0.26319974464074397
 },
 "holdout_scan": {
  "scanned": 10,
  "pool": 595,
  "reservoir": 295,
  "survivors": 10
 },
 "holdout_survivors": [
  {
   "rank": 1,
   "train_score": 0.4238535980826917,
   "holdout": {
    "n": 152,
    "months": 11.91467927631579,
    "eq": 19.86492401997125,
    "growth": -0.328905178533149,
    "liq": false,
    "maxdd": 0.9903850390554706,
    "tpm": 12.757372353458837,
    "sl_hits": 132,
    "worst_mae": -0.10017295053614683,
    "win": 0.4868421052631579,
    "max_hold_days": 3.8354166666666667,
    "in_market": 0.12552125573021816,
    "score": -0.26319974464074397
   }
  },
  {
   "rank": 2,
   "train_score": 0.4238535980826917,
   "holdout": {
    "n": 152,
    "months": 11.91467927631579,
    "eq": 19.86492401997125,
    "growth": -0.328905178533149,
    "liq": false,
    "maxdd": 0.9903850390554706,
    "tpm": 12.757372353458837,
    "sl_hits": 132,
    "worst_mae": -0.10017295053614683,
    "win": 0.4868421052631579,
    "max_hold_days": 3.8354166666666667,
    "in_market": 0.12552125573021816,
    "score": -0.26319974464074397
   }
  },
  {
   "rank": 3,
   "train_score": 0.4238535980826917,
   "holdout": {
    "n": 152,
    "months": 11.91467927631579,
    "eq": 19.86492401997125,
    "growth": -0.328905178533149,
    "liq": false,
    "maxdd": 0.9903850390554706,
    "tpm": 12.757372353458837,
    "sl_hits": 132,
    "worst_mae": -0.10017295053614683,
    "win": 0.4868421052631579,
    "max_hold_days": 3.8354166666666667,
    "in_market": 0.12552125573021816,
    "score": -0.26319974464074397
   }
  },
  {
   "rank": 4,
   "train_score": 0.4238535980826917,
   "holdout": {
    "n": 152,
    "months": 11.91467927631579,
    "eq": 19.86492401997125,
    "growth": -0.328905178533149,
    "liq": false,
    "maxdd": 0.9903850390554706,
    "tpm": 12.757372353458837,
    "sl_hits": 132,
    "worst_mae": -0.10017295053614683,
    "win": 0.4868421052631579,
    "max_hold_days": 3.8354166666666667,
    "in_market": 0.12552125573021816,
    "score": -0.26319974464074397
   }
  },
  {
   "rank": 5,
   "train_score": 0.4238535980826917,
   "holdout": {
    "n": 152,
    "months": 11.91467927631579,
    "eq": 19.86492401997125,
    "growth": -0.328905178533149,
    "liq": false,
    "maxdd": 0.9903850390554706,
    "tpm": 12.757372353458837,
    "sl_hits": 132,
    "worst_mae": -0.10017295053614683,
    "win": 0.4868421052631579,
    "max_hold_days": 3.8354166666666667,
    "in_market": 0.12552125573021816,
    "score": -0.26319974464074397
   }
  },
  {
   "rank": 6,
   "train_score": 0.4238535980826917,
   "holdout": {
    "n": 152,
    "months": 11.91467927631579,
    "eq": 19.86492401997125,
    "growth": -0.328905178533149,
    "liq": false,
    "maxdd": 0.9903850390554706,
    "tpm": 12.757372353458837,
    "sl_hits": 132,
    "worst_mae": -0.10017295053614683,
    "win": 0.4868421052631579,
    "max_hold_days": 3.8354166666666667,
    "in_market": 0.12552125573021816,
    "score": -0.26319974464074397
   }
  },
  {
   "rank": 7,
   "train_score": 0.4238535980826917,
   "holdout": {
    "n": 152,
    "months": 11.91467927631579,
    "eq": 19.86492401997125,
    "growth": -0.328905178533149,
    "liq": false,
    "maxdd": 0.9903850390554706,
    "tpm": 12.757372353458837,
    "sl_hits": 132,
    "worst_mae": -0.10017295053614683,
    "win": 0.4868421052631579,
    "max_hold_days": 3.8354166666666667,
    "in_market": 0.12552125573021816,
    "score": -0.26319974464074397
   }
  },
  {
   "rank": 8,
   "train_score": 0.4238535980826917,
   "holdout": {
    "n": 152,
    "months": 11.91467927631579,
    "eq": 19.86492401997125,
    "growth": -0.328905178533149,
    "liq": false,
    "maxdd": 0.9903850390554706,
    "tpm": 12.757372353458837,
    "sl_hits": 132,
    "worst_mae": -0.10017295053614683,
    "win": 0.4868421052631579,
    "max_hold_days": 3.8354166666666667,
    "in_market": 0.12552125573021816,
    "score": -0.26319974464074397
   }
  },
  {
   "rank": 9,
   "train_score": 0.4238535980826917,
   "holdout": {
    "n": 152,
    "months": 11.91467927631579,
    "eq": 19.86492401997125,
    "growth": -0.328905178533149,
    "liq": false,
    "maxdd": 0.9903850390554706,
    "tpm": 12.757372353458837,
    "sl_hits": 132,
    "worst_mae": -0.10017295053614683,
    "win": 0.4868421052631579,
    "max_hold_days": 3.8354166666666667,
    "in_market": 0.12552125573021816,
    "score": -0.26319974464074397
   }
  },
  {
   "rank": 10,
   "train_score": 0.4238535980826917,
   "holdout": {
    "n": 152,
    "months": 11.91467927631579,
    "eq": 19.86492401997125,
    "growth": -0.328905178533149,
    "liq": false,
    "maxdd": 0.9903850390554706,
    "tpm": 12.757372353458837,
    "sl_hits": 132,
    "worst_mae": -0.10017295053614683,
    "win": 0.4868421052631579,
    "max_hold_days": 3.8354166666666667,
    "in_market": 0.12552125573021816,
    "score": -0.26319974464074397
   }
  }
 ],
 "holdout_top10": [
  {
   "rank": 1,
   "train_score": 0.4238535980826917,
   "holdout": {
    "n": 152,
    "months": 11.91467927631579,
    "eq": 19.86492401997125,
    "growth": -0.328905178533149,
    "liq": false,
    "maxdd": 0.9903850390554706,
    "tpm": 12.757372353458837,
    "sl_hits": 132,
    "worst_mae": -0.10017295053614683,
    "win": 0.4868421052631579,
    "max_hold_days": 3.8354166666666667,
    "in_market": 0.12552125573021816,
    "score": -0.26319974464074397
   }
  },
  {
   "rank": 2,
   "train_score": 0.4238535980826917,
   "holdout": {
    "n": 152,
    "months": 11.91467927631579,
    "eq": 19.86492401997125,
    "growth": -0.328905178533149,
    "liq": false,
    "maxdd": 0.9903850390554706,
    "tpm": 12.757372353458837,
    "sl_hits": 132,
    "worst_mae": -0.10017295053614683,
    "win": 0.4868421052631579,
    "max_hold_days": 3.8354166666666667,
    "in_market": 0.12552125573021816,
    "score": -0.26319974464074397
   }
  },
  {
   "rank": 3,
   "train_score": 0.4238535980826917,
   "holdout": {
    "n": 152,
    "months": 11.91467927631579,
    "eq": 19.86492401997125,
    "growth": -0.328905178533149,
    "liq": false,
    "maxdd": 0.9903850390554706,
    "tpm": 12.757372353458837,
    "sl_hits": 132,
    "worst_mae": -0.10017295053614683,
    "win": 0.4868421052631579,
    "max_hold_days": 3.8354166666666667,
    "in_market": 0.12552125573021816,
    "score": -0.26319974464074397
   }
  },
  {
   "rank": 4,