{
 "cand": {
  "strategy": "v7",
  "mode": "lev",
  "regs": [
   {
    "trendBlockZ": 3.0,
    "cdPctShort": 0.0028699539568760985,
    "xTpShort": 0.001,
    "bbValLong": -0.23424416321498082,
    "leverage": 1.0,
    "apt1Long": 0.002204054304157078,
    "xDur1Short": 87.5706534205579,
    "apt2Short": 0.013657763747925144,
    "eS3": 1.0,
    "xCdPctShort": 0.0012705544320214483,
    "apt1Short": 0.013136918755690397,
    "requireHistPos": 0.0,
    "xApt2Long": 0.0052227554656187015,
    "slShort": 0.07370760052597536,
    "dur1Long": 73.4480187278615,
    "cdPctLong": 0.006474396247631568,
    "vRsi": 5.0,
    "rsiValLong": 51.26065446584718,
    "slLong": 0.022187988124358883,
    "vHistN": 0.0,
    "eXS": 1.0,
    "zL": -2.7321970299694667,
    "dur2Long": 108.6537457372996,
    "xApt1Short": 0.01014921924755874,
    "xTpLong": 0.018075571883692243,
    "xDur2Long": 334.78081960728196,
    "xDur2Short": 386.65873512093003,
    "xMinBetween": 6.3052974951356,
    "vEmaUp": 4.0,
    "dur1Short": 56.13193124043549,
    "vMacd": 0.0,
    "vBB": 3.0,
    "apt2Long": 0.01299241518540356,
    "xApt2Short": 3.7004255685326264e-05,
    "dur2Short": 287.13091394218384,
    "vEmaDn": 3.0,
    "ptShort": 0.003204306259351977,
    "zS": 1.5371317021645194,
    "eXL": 0.0,
    "vX": 3.0,
    "ptLong": 0.01866359474146278,
    "cdPeriodLong": 228.2938537089943,
    "xApt1Long": 0.011892718273031656,
    "cdPeriodShort": 167.6070525909193,
    "xDur1Long": 31.10725566797494,
    "bbValShort": 0.7203111471592201,
    "zXLmax": 0.3351541853198857,
    "zXS": 1.4479698430000707,
    "xCdPeriodShort": 59.75813965900195,
    "eL3": 1.0,
    "rsiValShort": 60.2327174596087
   },
   {
    "trendBlockZ": 1.5,
    "cdPctShort": 0.005711030193038436,
    "xTpShort": 0.0021653341151225826,
    "bbValLong": 0.268304634602128,
    "leverage": 10.0,
    "apt1Long": 0.017867309558971638,
    "xDur1Short": 67.40522336212283,
    "apt2Short": 0.0017998506612750883,
    "eS3": 1.0,
    "xCdPctShort": 0.007598629722817403,
    "apt1Short": 0.015173452192603272,
    "requireHistPos": 1.0,
    "xApt2Long": 0.0077224277076158206,
    "slShort": 0.07705338554174769,
    "dur1Long": 75.94164518247862,
    "cdPctLong": 0.008554245456785774,
    "vRsi": 5.0,
    "rsiValLong": 71.19282652572043,
    "slLong": 0.10260922512029634,
    "vHistN": 2.0,
    "eXS": 1.0,
    "zL": -0.8952872121958861,
    "dur2Long": 40.034363986100196,
    "xApt1Short": 0.008786048425986025,
    "xTpLong": 0.011319937385331187,
    "xDur2Long": 290.7086417124561,
    "xDur2Short": 393.15561970285245,
    "xMinBetween": 13.453377037853416,
    "vEmaUp": 1.0,
    "dur1Short": 23.60942856995799,
    "vMacd": 2.0,
    "vBB": 0.0,
    "apt2Long": 0.014908476856113965,
    "xApt2Short": 0.008602063620887529,
    "dur2Short": 317.5682764301026,
    "vEmaDn": 4.0,
    "ptShort": 0.012929146996181723,
    "zS": 1.4794381119910205,
    "eXL": 1.0,
    "vX": 3.0,
    "ptLong": 0.0071237680745417885,
    "cdPeriodLong": 69.86041014174936,
    "xApt1Long": 0.012077704291468951,
    "cdPeriodShort": 155.4788044937315,
    "xDur1Long": 43.98061048379491,
    "bbValShort": 0.9968464226941094,
    "zXLmax": -1.9148934769548869,
    "zXS": 2.4856533370742,
    "xCdPeriodShort": 3.4261211976489707,
    "eL3": 1.0,
    "rsiValShort": 56.70078200715681
   },
   {
    "trendBlockZ": 2.0,
    "cdPctShort": 0.009130954177181131,
    "xTpShort": 0.02,
    "bbValLong": 0.003659349082189345,
    "leverage": 10.0,
    "apt1Long": 0.010800356157453634,
    "xDur1Short": 240.0,
    "apt2Short": 0.015,
    "eS3": 1.0,
    "xCdPctShort": 0.0006538457027484106,
    "apt1Short": 0.01883424756965045,
    "requireHistPos": 1.0,
    "xApt2Long": 0.00659777328319637,
    "slShort": 0.10356873473838951,
    "dur1Long": 87.9287958777443,
    "cdPctLong": 0.009426467737777748,
    "vRsi": 5.0,
    "rsiValLong": 48.5177096824254,
    "slLong": 0.1099292797645105,
    "vHistN": 3.0,
    "eXS": 1.0,
    "zL": -1.6203853647053228,
    "dur2Long": 78.3444894144217,
    "xApt1Short": 0.011133122435300477,
    "xTpLong": 0.015069623332255165,
    "xDur2Long": 326.34470441485234,
    "xDur2Short": 307.92181030877856,
    "xMinBetween": 6.9349926619007505,
    "vEmaUp": 4.0,
    "dur1Short": 0.9782568460692318,
    "vMacd": 4.0,
    "vBB": 4.0,
    "apt2Long": 0.015,
    "xApt2Short": 0.00827991660947707,
    "dur2Short": 265.1595415326211,
    "vEmaDn": 4.0,
    "ptShort": 0.02549124726494716,
    "zS": 1.6734256282461832,
    "eXL": 1.0,
    "vX": 4.0,
    "ptLong": 0.03,
    "cdPeriodLong": 87.5580991543553,
    "xApt1Long": 0.007339270667224695,
    "cdPeriodShort": 10.0,
    "xDur1Long": 117.14066985826568,
    "bbValShort": 0.9754483382947743,
    "zXLmax": -0.9631147920238964,
    "zXS": 1.1118087791582063,
    "xCdPeriodShort": 101.72473351922817,
    "eL3": 1.0,
    "rsiValShort": 56.49020938226299
   }
  ]
 },
 "metrics": {
  "n": 159,
  "months": 14.81640625,
  "eq": 33088422380.70482,
  "growth": 1.1686163101894604,
  "liq": false,
  "maxdd": 0.514532165181867,
  "tpm": 10.731347218560506,
  "sl_hits": 0,
  "worst_mae": -0.04686708715068355,
  "win": 0.9937106918238994,
  "max_hold_days": 4.2,
  "in_market": 0.09030485520418499,
  "score": 1.1864015996520898
 },
 "strategy": "v7",
 "mode": "lev",
 "method": "vol3",
 "algo": "refine",
 "per_regime": true,
 "train_end": "2025-09-01",
 "holdout_days": null,
 "max_dd": null,
 "max_hold_days": 5.0,
 "gap_mode": "skip_contaminated",
 "scoring": "classic",
 "anchor": null,
 "anchor_strength": 0.0,
 "evaluated": 50400,
 "generated": "2026-07-20 16:38",
 "holdout": {
  "n": 16,
  "months": 2.1842105263157894,
  "eq": 0.0,
  "growth": -12.650347016931143,
  "liq": true,
  "maxdd": 1.0,
  "tpm": 7.325301204819278,
  "sl_hits": 0,
  "worst_mae": -0.13403122623361519,
  "win": 0.9375,
  "max_hold_days": 30.041666666666668,
  "in_market": 0.7914470381526104,
  "score": -12.650347016931143
 },
 "holdout_scan": {
  "scanned": 596,
  "pool": 596,
  "reservoir": 296,
  "survivors": 0
 },
 "holdout_survivors": [],
 "holdout_top10": [
  {
   "rank": 1,
   "train_score": 1.1864015996520898,
   "holdout": {
    "n": 16,
    "months": 2.1842105263157894,
    "eq": 0.0,
    "growth": -12.650347016931143,
    "liq": true,
    "maxdd": 1.0,
    "tpm": 7.325301204819278,
    "sl_hits": 0,
    "worst_mae": -0.13403122623361519,
    "win": 0.9375,
    "max_hold_days": 30.041666666666668,
    "in_market": 0.7914470381526104,
    "score": -12.650347016931143
   }
  },
  {
   "rank": 2,
   "train_score": 1.1855537239940934,
   "holdout": {
    "n": 20,
    "months": 2.1842105263157894,
    "eq": 0.0,
    "growth": -12.650347016931143,
    "liq": true,
    "maxdd": 1.0,
    "tpm": 9.156626506024097,
    "sl_hits": 0,
    "worst_mae": -0.092,
    "win": 0.95,
    "max_hold_days": 30.041666666666668,
    "in_market": 0.7136357931726908,
    "score": -12.650347016931143
   }
  },
  {
   "rank": 3,
   "train_score": 1.1854464846178299,
   "holdout": {
    "n": 16,
    "months": 2.1842105263157894,
    "eq": 0.0,
    "growth": -12.650347016931143,
    "liq": true,
    "maxdd": 1.0,
    "tpm": 7.325301204819278,
    "sl_hits": 0,
    "worst_mae": -0.13403122623361519,
    "win": 0.9375,
    "max_hold_days": 30.041666666666668,
    "in_market": 0.7914156626506024,
    "score": -12.650347016931143
   }
  },
  {
   "rank": 4,
   "train_score": 1.1851691721573754,
   "holdout": {
    "n": 16,
    "months": 2.1842105263157894,
    "eq": 0.0,
    "growth": -12.650347016931143,
    "liq": true,
    "maxdd": 1.0,
    "tpm": 7.325301204819278,
    "sl_hits": 0,
    "worst_mae": -0.13403122623361519,
    "win": 0.9375,
    "max_hold_days": 30.041666666666668,
    "in_market": 0.7914156626506024,
    "score": -12.650347016931143
   }
  },
  {
   "rank": 5,
   "train_score": 1.1848218250938531,
   "holdout": {
    "n": 19,
    "months": 2.1842105263157894,
    "eq": 0.0,
    "growth": -12.650347016931143,
    "liq": true,
    "maxdd": 1.0,