{
 "cand": {
  "strategy": "macdx",
  "tpL": [
   0.033963242060389864,
   0.04002977383959439,
   0.036696227486484365
  ],
  "tpS": [
   0.027403621168217717,
   0.023717353003696467,
   0.02920926985507906
  ],
  "slL": [
   0.04080640735933454,
   0.09136537728082687,
   0.036119446649657196
  ],
  "slS": [
   0.1,
   0.08324777100417453,
   0.07303206824935637
  ],
  "minT": [
   65.99714995606712,
   72.18642227447198,
   93.30106609204162
  ],
  "mMinS": [
   0.6,
   0.39402213621366394,
   0.5391591639829706
  ],
  "mMaxL": [
   -0.46434769622829863,
   -0.3568944876591229,
   -0.4263900702296644
  ],
  "hrb": [
   4.0,
   6.0,
   3.0
  ],
  "reqH": [
   0.0,
   0.0,
   1.0
  ],
  "a1L": [
   0.007934141959359025,
   0.019412637375391208,
   0.018990467235489625
  ],
  "a2L": [
   0.005275645408253798,
   0.0048975864609459244,
   0.002534544117217015
  ],
  "d1L": [
   15.845905690073907,
   44.116637784788,
   1.1997566535009276
  ],
  "d2L": [
   19.498447405470536,
   51.42984343305081,
   20.995585861566056
  ],
  "cdPL": [
   0.030326674938089094,
   0.04881673930089159,
   0.0316901027285927
  ],
  "cdTL": [
   5.431593244016984,
   18.816180724773677,
   17.310651764691375
  ],
  "a1S": [
   0.015132301267615335,
   0.017050266879785718,
   0.01178530265369803
  ],
  "a2S": [
   0.008310828841014502,
   0.01023016012787143,
   0.010834603264128866
  ],
  "d1S": [
   13.951893257142856,
   12.115242155604069,
   10.319429140937121
  ],
  "d2S": [
   19.79254084597906,
   15.677203805581179,
   24.0
  ],
  "cdPS": [
   0.051174826321948294,
   0.06261843687163025,
   0.07092511129612875
  ],
  "cdTS": [
   115.7818697528369,
   202.69805001176883,
   96.83950130490422
  ],
  "eL": [
   0.0,
   1.0,
   1.0
  ],
  "eS": [
   1.0,
   0.0,
   0.0
  ],
  "lev": [
   6.0,
   6.0,
   6.0
  ]
 },
 "metrics": {
  "n": 75,
  "months": 12.555235745614036,
  "eq": 5399814.886597109,
  "growth": 0.6845048652079037,
  "liq": false,
  "maxdd": 0.5675955996123306,
  "tpm": 5.973603484602032,
  "sl_hits": 2,
  "worst_mae": -0.09518235655428975,
  "win": 0.96,
  "max_hold_days": 3.43125,
  "in_market": 0.13631649618462277,
  "score": 0.37192274211773313
 },
 "strategy": "macdx",
 "mode": "lev",
 "method": "vol3",
 "algo": "genetic",
 "per_regime": true,
 "train_end": null,
 "holdout_days": 21.0,
 "max_dd": null,
 "max_hold_days": 5.0,
 "gap_mode": "skip_contaminated",
 "scoring": "classic",
 "anchor": null,
 "anchor_strength": 0.0,
 "evaluated": 100800,
 "generated": "2026-07-20 20:47",
 "holdout": {
  "n": 69,
  "months": 11.91467927631579,
  "eq": 271.9386633362536,
  "growth": -0.1092919675265096,
  "liq": false,
  "maxdd": 0.8905286653850494,
  "tpm": 5.79117560782013,
  "sl_hits": 13,
  "worst_mae": -0.1264667535853976,
  "win": 0.8115942028985508,
  "max_hold_days": 8.545833333333333,
  "in_market": 0.19089031916668103,
  "score": -0.16019557409518842
 },
 "holdout_scan": {
  "scanned": 10,
  "pool": 600,
  "reservoir": 300,
  "survivors": 2
 },
 "holdout_survivors": [
  {
   "rank": 4,
   "train_score": 0.3678582467705463,
   "holdout": {
    "n": 69,
    "months": 11.91467927631579,
    "eq": 149.70593745520728,
    "growth": -0.15939013396346138,
    "liq": false,
    "maxdd": 0.956241438123758,
    "tpm": 5.79117560782013,
    "sl_hits": 15,
    "worst_mae": -0.10631616269057376,
    "win": 0.7681159420289855,
    "max_hold_days": 3.5541666666666667,
    "in_market": 0.17399156787971862,
    "score": -0.2213662377708741
   }
  },
  {
   "rank": 7,
   "train_score": 0.3668291996903675,
   "holdout": {
    "n": 71,
    "months": 11.91467927631579,
    "eq": 90.51482863648963,
    "growth": -0.20162033183191938,
    "liq": false,
    "maxdd": 0.9431894925822615,
    "tpm": 5.959035770365642,
    "sl_hits": 15,
    "worst_mae": -0.10631616269057376,
    "win": 0.7887323943661971,
    "max_hold_days": 3.4854166666666666,
    "in_market": 0.1869733519691244,
    "score": -0.21046081499428404
   }
  }
 ],
 "holdout_top10": [
  {
   "rank": 9,
   "train_score": 0.3663015568520535,
   "holdout": {
    "n": 69,
    "months": 11.91467927631579,
    "eq": 387.42321301025316,
    "growth": -0.07958565965627633,
    "liq": false,
    "maxdd": 0.8505106339597519,
    "tpm": 5.79117560782013,
    "sl_hits": 13,
    "worst_mae": -0.1264667535853976,
    "win": 0.8115942028985508,
    "max_hold_days": 8.56875,
    "in_market": 0.1930759983664924,
    "score": -0.15307106751253205
   }
  },
  {
   "rank": 1,
   "train_score": 0.37192274211773313,
   "holdout": {
    "n": 69,
    "months": 11.91467927631579,
    "eq": 271.9386633362536,
    "growth": -0.1092919675265096,
    "liq": false,
    "maxdd": 0.8905286653850494,
    "tpm": 5.79117560782013,
    "sl_hits": 13,
    "worst_mae": -0.1264667535853976,
    "win": 0.8115942028985508,
    "max_hold_days": 8.545833333333333,
    "in_market": 0.19089031916668103,
    "score": -0.16019557409518842
   }
  },
  {
   "rank": 3,
   "train_score": 0.3701896472517314,
   "holdout": {
    "n": 69,
    "months": 11.91467927631579,
    "eq": 189.81242772455107,
    "growth": -0.1394682037520136,
    "liq": false,
    "maxdd": 0.8636136634322168,
    "tpm": 5.79117560782013,
    "sl_hits": 14,
    "worst_mae": -0.1264667535853976,
    "win": 0.7971014492753623,
    "max_hold_days": 8.545833333333333,
    "in_market": 0.20076613807740756,
    "score": -0.1827602747843015
   }
  },
  {
   "rank": 10,
   "train_score": 0.3659907470915534,
   "holdout": {
    "n": 69,
    "months": 11.91467927631579,
    "eq": 151.89363612321753,
    "growth": -0.15817251322721318,
    "liq": false,
    "maxdd": 0.9164890845055463,
    "tpm": 5.79117560782013,
    "sl_hits": 13,
    "worst_mae": -0.1264667535853976,
    "win": 0.7971014492753623,
    "max_hold_days": 8.54375,
    "in_market": 0.19198891055395464,
    "score": -0.1987479877592349
   }
  },
  {
   "rank": 4,
   "train_score": 0.3678582467705463,
   "holdout": {
    "n": 69,
    "months": 11.91467927631579,
    "eq": 149.70593745520728,
    "growth": -0.15939013396346138,
    "liq": false,
    "maxdd": 0.956241438123758,
    "tpm": 5.79117560782013,
    "sl_hits": 15,
    "worst_mae": -0.10631616269057376,
    "win": 0.7681159420289855,
    "max_hold_days": 3.5541666666666667,
    "in_market": 0.17399156787971862,
    "score": -0.2213662377708741
   }
  },
  {
   "rank": 6,
   "train_score": 0.36693841906236196,
   "holdout": {
    "n": 68,
    "months": 11.91467927631579,
    "eq": 128.71922918838558,
    "growth": -0.1720668863217209,
    "liq": false,
    "maxdd": 0.9476917414890166,
    "tpm": 5.707245526547375,
    "sl_hits": 13,
    "worst_mae": -0.1264667535853976,
    "win": 0.7941176470588235,
    "max_hold_days": 8.54375,
    "in_market": 0.19981134137433207,
    "score": -0.24051621523335256
   }
  },
  {
   "rank": 8,
   "train_score": 0.3664722838203071,
   "holdout": {
    "n": 68,
    "months": 11.91467927631579,
    "eq": 91.24692261660161,
    "growth": -0.2009442265556409,
    "liq": false,
    "maxdd": 0.9611681298879652,
    "tpm": 5.707245526547375,
    "sl_hits": 14,
    "worst_mae": -0.1264667535853976,
    "win": 0.7647058823529411,
    "max_hold_days": 8.545833333333333,
    "in_market": 0.19937995732173772,
    "score": -0.21763931701696093
   }
  },
  {
   "rank": 7,
   "train_score": 0.3668291996903675,
   "holdout": {
    "n": 71,
    "months": 11.91467927631579,
    "eq": 90.51482863648963,
    "growth": -0.20162033183191938,
    "liq": false,
    "maxdd": 0.9431894925822615,
    "tpm": 5.959035770365642,
    "sl_hits": 15,
    "worst_mae": -0.10631616269057376,
    "win": 0.7887323943661971,
    "max_hold_days": 3.4854166666666666,
    "in_market": 0.1869733519691244,
    "score": -0.21046081499428404
   }
  },
  {
   "rank": 5,
   "train_score": 0.3678015713602687,
   "holdout": {
    "n": 69,
    "months": 11.91467927631579,
    "eq": 89.76272046005289,
    "growth": -0.2023206394068172,
    "liq": false,
    "maxdd": 0.9398729483976681,