{
 "cand": {
  "strategy": "v7",
  "mode": "lev",
  "regs": [
   {
    "eXL": 1.0,
    "bbValShort": 0.7377468546029139,
    "cdPctShort": 0.011469736571975102,
    "zS": 2.399401223270397,
    "dur1Short": 32.44481398161965,
    "vBB": 4.0,
    "zXS": 1.7505442258889057,
    "vX": 3.0,
    "cdPeriodLong": 161.61273324965074,
    "vEmaUp": 2.0,
    "cdPeriodShort": 10.0,
    "ptLong": 0.012153249686413948,
    "apt2Long": 0.01136216338324776,
    "zXLmax": 0.3280710236847146,
    "xApt2Short": 0.01,
    "xCdPeriodShort": 112.13124896916092,
    "xApt1Short": 0.0036757578758270623,
    "xMinBetween": 15.31221417514778,
    "xApt2Long": 0.00681021311382881,
    "ptShort": 0.019453935941854638,
    "vHistN": 2.0,
    "xApt1Long": 0.011968789449339618,
    "zL": -0.8,
    "slShort": 0.07743531776490711,
    "rsiValShort": 55.455581778243904,
    "cdPctLong": 0.007772271627585189,
    "vRsi": 0.0,
    "xDur2Short": 211.23765114039773,
    "xTpShort": 0.011964567230240152,
    "eXS": 1.0,
    "slLong": 0.0920922661701248,
    "trendBlockZ": 1.0,
    "vMacd": 0.0,
    "apt1Long": 0.008863016944008898,
    "xCdPctShort": 0.007951964572644321,
    "xDur1Long": 53.18849293563912,
    "eS3": 1.0,
    "rsiValLong": 85.0,
    "leverage": 9.0,
    "xDur1Short": 172.94065967788367,
    "xTpLong": 0.01954711903575053,
    "apt2Short": 0.003840017311601639,
    "dur2Long": 292.6843170076412,
    "apt1Short": 0.0010654857999413251,
    "xDur2Long": 514.3086674729411,
    "bbValLong": 0.2911350956694119,
    "dur1Long": 60.18702579726719,
    "requireHistPos": 0.0,
    "vEmaDn": 3.0,
    "eL3": 1.0,
    "dur2Short": 67.56149083193111
   },
   {
    "eXL": 1.0,
    "bbValShort": 1.224338517777997,
    "cdPctShort": 0.00878990199669067,
    "zS": 1.0222047196743966,
    "dur1Short": 11.128760650525575,
    "vBB": 0.0,
    "zXS": 1.9009193413931607,
    "vX": 2.0,
    "cdPeriodLong": 17.230578911461606,
    "vEmaUp": 1.0,
    "cdPeriodShort": 20.633322828403987,
    "ptLong": 0.002,
    "apt2Long": 0.013247471396516474,
    "zXLmax": -2.262324895426205,
    "xApt2Short": 0.0040755257294197425,
    "xCdPeriodShort": 49.25130159236671,
    "xApt1Short": 0.00938707492253204,
    "xMinBetween": 6.91307801022913,
    "xApt2Long": 0.0040552337573601365,
    "ptShort": 0.0215883291600854,
    "vHistN": 1.0,
    "xApt1Long": 0.012482997357937373,
    "zL": -1.1010723705097039,
    "slShort": 0.061718924513035484,
    "rsiValShort": 59.741854599649926,
    "cdPctLong": 0.0050812597280248005,
    "vRsi": 4.0,
    "xDur2Short": 418.7931857310434,
    "xTpShort": 0.008720880376836587,
    "eXS": 1.0,
    "slLong": 0.029074882435516772,
    "trendBlockZ": 3.0,
    "vMacd": 0.0,
    "apt1Long": 0.013418710477918244,
    "xCdPctShort": 0.007728910872041852,
    "xDur1Long": 160.66444117900443,
    "eS3": 1.0,
    "rsiValLong": 53.64717784515777,
    "leverage": 9.0,
    "xDur1Short": 21.20255149834829,
    "xTpLong": 0.016242535161041904,
    "apt2Short": 0.0030122596479724034,
    "dur2Long": 190.37452944672307,
    "apt1Short": 0.014652940367694853,
    "xDur2Long": 578.4505746743124,
    "bbValLong": -0.35,
    "dur1Long": 48.31503118773318,
    "requireHistPos": 1.0,
    "vEmaDn": 4.0,
    "eL3": 1.0,
    "dur2Short": 310.669807301087
   },
   {
    "eXL": 1.0,
    "bbValShort": 1.0396981017771776,
    "cdPctShort": 0.012,
    "zS": 2.089556215983155,
    "dur1Short": 58.857729436806004,
    "vBB": 0.0,
    "zXS": 1.3938492037532706,
    "vX": 2.0,
    "cdPeriodLong": 109.01781610184247,
    "vEmaUp": 4.0,
    "cdPeriodShort": 190.50176483186465,
    "ptLong": 0.003826153866772534,
    "apt2Long": 0.0009457173154297982,
    "zXLmax": -1.008267328233826,
    "xApt2Short": 0.009291824216090934,
    "xCdPeriodShort": 18.286723319957463,
    "xApt1Short": 0.012401017308344234,
    "xMinBetween": 17.274175974463915,
    "xApt2Long": 0.009691550958210901,
    "ptShort": 0.002,
    "vHistN": 2.0,
    "xApt1Long": 0.006769289368354094,
    "zL": -0.9477749972054118,
    "slShort": 0.04807191233749414,
    "rsiValShort": 67.79907243419511,
    "cdPctLong": 0.010879306642289715,
    "vRsi": 2.0,
    "xDur2Short": 493.10386006829884,
    "xTpShort": 0.02,
    "eXS": 1.0,
    "slLong": 0.08941006960101588,
    "trendBlockZ": 99.0,
    "vMacd": 0.0,
    "apt1Long": 0.01832634639236859,
    "xCdPctShort": 0.007446293816944264,
    "xDur1Long": 35.641837641327186,
    "eS3": 1.0,
    "rsiValLong": 51.98009918564122,
    "leverage": 9.0,
    "xDur1Short": 126.22562892524564,
    "xTpLong": 0.008348317298875713,
    "apt2Short": 0.005947912156649577,
    "dur2Long": 349.9794943662693,
    "apt1Short": 0.012105675260815454,
    "xDur2Long": 86.59673397134019,
    "bbValLong": -0.0035990612772845354,
    "dur1Long": 79.57237292100275,
    "requireHistPos": 1.0,
    "vEmaDn": 4.0,
    "eL3": 1.0,
    "dur2Short": 339.5541879244998
   }
  ]
 },
 "metrics": {
  "n": 232,
  "months": 6.633155153508772,
  "eq": 140393205330.15158,
  "growth": 2.8282102889417517,
  "liq": false,
  "maxdd": 0.5597785425707015,
  "tpm": 34.975813866991764,
  "sl_hits": 0,
  "worst_mae": -0.06113794954374652,
  "win": 1.0,
  "max_hold_days": 3.575,
  "in_market": 0.33976299449328967,
  "score": 2.5962251261216904
 },
 "strategy": "v7",
 "mode": "lev",
 "method": "vol3",
 "algo": "refine",
 "per_regime": true,
 "train_end": "2026-04-01",
 "holdout_days": null,
 "max_dd": null,
 "max_hold_days": 5.0,
 "gap_mode": "skip_contaminated",
 "scoring": "classic",
 "anchor": null,
 "anchor_strength": 0.0,
 "evaluated": 50400,
 "generated": "2026-07-20 21:54",
 "holdout": {
  "n": 9,
  "months": 3.0235060307017543,
  "eq": 0.0,
  "growth": -9.13873524158819,
  "liq": true,
  "maxdd": 1.0,
  "tpm": 2.9766767152473994,
  "sl_hits": 0,
  "worst_mae": -0.1031111111111111,
  "win": 0.8888888888888888,
  "max_hold_days": 80.27083333333333,
  "in_market": 1.0145742197239285,
  "score": -9.13873524158819
 },
 "holdout_scan": {
  "scanned": 586,
  "pool": 586,
  "reservoir": 286,
  "survivors": 0
 },
 "holdout_survivors": [],
 "holdout_top10": [
  {
   "rank": 1,
   "train_score": 2.5962251261216904,
   "holdout": {
    "n": 9,
    "months": 3.0235060307017543,
    "eq": 0.0,
    "growth": -9.13873524158819,
    "liq": true,
    "maxdd": 1.0,
    "tpm": 2.9766767152473994,
    "sl_hits": 0,
    "worst_mae": -0.1031111111111111,
    "win": 0.8888888888888888,
    "max_hold_days": 80.27083333333333,
    "in_market": 1.0145742197239285,
    "score": -9.13873524158819
   }
  },
  {
   "rank": 2,
   "train_score": 2.593715756810677,
   "holdout": {
    "n": 10,
    "months": 3.0235060307017543,
    "eq": 0.0,
    "growth": -9.13873524158819,
    "liq": true,
    "maxdd": 1.0,
    "tpm": 3.3074185724971104,
    "sl_hits": 0,
    "worst_mae": -0.1031111111111111,
    "win": 0.9,
    "max_hold_days": 80.27083333333333,
    "in_market": 1.0117409732768194,
    "score": -9.13873524158819
   }
  },
  {
   "rank": 3,
   "train_score": 2.590661143228161,
   "holdout": {
    "n": 10,
    "months": 3.0235060307017543,
    "eq": 0.0,
    "growth": -9.13873524158819,
    "liq": true,
    "maxdd": 1.0,
    "tpm": 3.3074185724971104,
    "sl_hits": 0,
    "worst_mae": -0.1031111111111111,
    "win": 0.9,
    "max_hold_days": 80.27083333333333,
    "in_market": 1.0115823114757814,
    "score": -9.13873524158819
   }
  },
  {
   "rank": 4,
   "train_score": 2.589048459886535,
   "holdout": {
    "n": 9,
    "months": 3.0235060307017543,
    "eq": 0.0,
    "growth": -9.13873524158819,
    "liq": true,
    "maxdd": 1.0,
    "tpm": 2.9766767152473994,
    "sl_hits": 0,
    "worst_mae": -0.1031111111111111,
    "win": 0.8888888888888888,
    "max_hold_days": 80.27083333333333,
    "in_market": 1.0145742197239285,
    "score": -9.13873524158819
   }
  },
  {
   "rank": 5,
   "train_score": 2.586483227912804,
   "holdout": {
    "n": 9,
    "months": 3.0235060307017543,
    "eq": 0.0,
    "growth": -9.13873524158819,
    "liq": true,
    "maxdd": 1.0,