{
 "cand": {
  "strategy": "v7",
  "mode": "lev",
  "regs": [
   {
    "apt2Long": 0.003139970590008213,
    "vBB": 4.0,
    "vEmaUp": 4.0,
    "vRsi": 5.0,
    "apt2Short": 0.006945282878701232,
    "xApt1Short": 0.00524508445189575,
    "apt1Short": 0.014372303940658668,
    "ptLong": 0.00852166043670989,
    "apt1Long": 0.005688039901021515,
    "xTpShort": 0.007250720124953425,
    "zXS": 1.0,
    "eXL": 0.0,
    "xCdPeriodShort": 87.08356681537047,
    "xDur1Short": 10.0,
    "vMacd": 4.0,
    "trendBlockZ": 3.0,
    "vX": 4.0,
    "cdPctShort": 0.012,
    "rsiValShort": 53.463038376824315,
    "xDur1Long": 228.9858204167078,
    "cdPeriodShort": 51.94064508144877,
    "eS3": 1.0,
    "ptShort": 0.026851518484331954,
    "dur1Short": 68.07718999891033,
    "bbValShort": 1.119768063166232,
    "xApt2Short": 0.004027928330448649,
    "xDur2Short": 103.63089882440832,
    "xApt2Long": 0.008225967790918692,
    "bbValLong": -0.05204279766244774,
    "requireHistPos": 0.0,
    "dur2Short": 159.44533168484685,
    "vHistN": 3.0,
    "leverage": 8.294916731931528,
    "vEmaDn": 2.0,
    "eXS": 1.0,
    "dur1Long": 37.7114545413909,
    "zS": 1.668980738154679,
    "xTpLong": 0.018372577425322643,
    "xCdPctShort": 0.0014280747938156316,
    "xApt1Long": 0.007042393376783027,
    "zL": -2.343886047902062,
    "slLong": 0.046993577302140384,
    "eL3": 1.0,
    "slShort": 0.10188961965216224,
    "xMinBetween": 6.8809664010967095,
    "dur2Long": 208.82542778458992,
    "cdPctLong": 0.0062497511684863,
    "zXLmax": 0.5,
    "xDur2Long": 561.8364298428069,
    "cdPeriodLong": 60.17358755833423,
    "rsiValLong": 30.0
   },
   {
    "apt2Long": 0.013656934132619706,
    "vBB": 4.0,
    "vEmaUp": 2.0,
    "vRsi": 2.0,
    "apt2Short": 0.0047507165173142595,
    "xApt1Short": 0.007281168789215711,
    "apt1Short": 0.019995037707622777,
    "ptLong": 0.010487986981959952,
    "apt1Long": 0.016700577487995024,
    "xTpShort": 0.004598976214096528,
    "zXS": 2.5196855374446683,
    "eXL": 0.0,
    "xCdPeriodShort": 106.80891624689907,
    "xDur1Short": 109.45892389676396,
    "vMacd": 0.0,
    "trendBlockZ": 1.5,
    "vX": 0.0,
    "cdPctShort": 0.006770996345585262,
    "rsiValShort": 76.8666728899537,
    "xDur1Long": 36.667485011133,
    "cdPeriodShort": 10.0,
    "eS3": 1.0,
    "ptShort": 0.016187188357240603,
    "dur1Short": 11.382037332754845,
    "bbValShort": 0.6982558024621955,
    "xApt2Short": 0.003636171927013445,
    "xDur2Short": 176.5845482486266,
    "xApt2Long": 0.002334253094816889,
    "bbValLong": 0.06991845005549048,
    "requireHistPos": 0.0,
    "dur2Short": 252.1302549645431,
    "vHistN": 3.0,
    "leverage": 8.13228217743718,
    "vEmaDn": 2.0,
    "eXS": 1.0,
    "dur1Long": 76.16879474854667,
    "zS": 2.5787868348313,
    "xTpLong": 0.009571986421576069,
    "xCdPctShort": 0.0016616184398791397,
    "xApt1Long": 0.008214911293615151,
    "zL": -1.8236838420920616,
    "slLong": 0.09570543628095228,
    "eL3": 1.0,
    "slShort": 0.06420388977181223,
    "xMinBetween": 29.609272083230337,
    "dur2Long": 314.1359753793465,
    "cdPctLong": 0.006130736505530829,
    "zXLmax": -1.0440999575185894,
    "xDur2Long": 131.88587929798365,
    "cdPeriodLong": 10.0,
    "rsiValLong": 55.713804599337294
   },
   {
    "apt2Long": 0.012383071083332002,
    "vBB": 2.0,
    "vEmaUp": 4.0,
    "vRsi": 0.0,
    "apt2Short": 0.0033576458597820275,
    "xApt1Short": 0.006839657437812898,
    "apt1Short": 0.0031365544975059346,
    "ptLong": 0.029815122179341944,
    "apt1Long": 0.016553157108901134,
    "xTpShort": 0.009550554056956203,
    "zXS": 1.0,
    "eXL": 0.0,
    "xCdPeriodShort": 87.1952594824342,
    "xDur1Short": 140.95844152117155,
    "vMacd": 0.0,
    "trendBlockZ": 3.0,
    "vX": 0.0,
    "cdPctShort": 0.005446028121176435,
    "rsiValShort": 59.21299443894515,
    "xDur1Long": 222.38747230062037,
    "cdPeriodShort": 97.22417203047462,
    "eS3": 0.0,
    "ptShort": 0.005088044839571947,
    "dur1Short": 54.24528798018169,
    "bbValShort": 0.8197613812351047,
    "xApt2Short": 0.00035287088025020815,
    "xDur2Short": 510.0735057886865,
    "xApt2Long": 0.007082588997484812,
    "bbValLong": 0.04880427179914152,
    "requireHistPos": 0.0,
    "dur2Short": 27.564219181693666,
    "vHistN": 2.0,
    "leverage": 8.309795185803388,
    "vEmaDn": 2.0,
    "eXS": 1.0,
    "dur1Long": 90.0,
    "zS": 2.4571503728471678,
    "xTpLong": 0.018920710647725828,
    "xCdPctShort": 0.0002,
    "xApt1Long": 0.005872425493691189,
    "zL": -2.882108686320847,
    "slLong": 0.032945235681579865,
    "eL3": 1.0,
    "slShort": 0.04507544907478156,
    "xMinBetween": 6.5052957590244365,
    "dur2Long": 360.0,
    "cdPctLong": 0.00572985512184664,
    "zXLmax": -1.2993460921985918,
    "xDur2Long": 720.0,
    "cdPeriodLong": 93.32515907826935,
    "rsiValLong": 81.16495521192682
   }
  ]
 },
 "metrics": {
  "n": 41,
  "months": 14.81640625,
  "eq": 407305.02349816245,
  "growth": 0.40560188799051655,
  "liq": false,
  "maxdd": 0.5005783422371844,
  "tpm": 2.7672027418929606,
  "sl_hits": 0,
  "worst_mae": -0.06641466309173216,
  "win": 1.0,
  "max_hold_days": 2.408333333333333,
  "in_market": 0.02232644622365299,
  "score": 0.8218944688611493
 },
 "strategy": "v7",
 "mode": "lev",
 "method": "vol3",
 "algo": "genetic",
 "per_regime": true,
 "train_end": "2025-09-01",
 "holdout_days": null,
 "max_dd": null,
 "max_hold_days": 7.0,
 "gap_mode": "skip_contaminated",
 "scoring": "underwater",
 "anchor": null,
 "anchor_strength": 0.0,
 "evaluated": 100800,
 "generated": "2026-07-16 20:53",
 "holdout": {
  "n": 1,
  "months": 2.1842105263157894,
  "eq": 0.0,
  "growth": -12.650347016931143,
  "liq": true,
  "maxdd": 1.0,
  "tpm": 0.45783132530120485,
  "sl_hits": 0,
  "worst_mae": -0.11255576111457158,
  "win": 0.0,
  "max_hold_days": 60.125,
  "in_market": 0.9549761546184738,
  "score": -13.12783509424038
 },
 "holdout_scan": {
  "scanned": 592,
  "pool": 592,
  "reservoir": 292,
  "survivors": 3
 },
 "holdout_survivors": [
  {
   "rank": 437,
   "train_score": 0.16293797674584803,
   "holdout": {
    "n": 50,
    "months": 9.656661184210527,
    "eq": 5376.420352650937,
    "growth": 0.1741826453962833,
    "liq": false,
    "maxdd": 0.5194821855711097,
    "tpm": 5.177773046625505,
    "sl_hits": 0,
    "worst_mae": -0.06505043795923449,
    "win": 1.0,
    "max_hold_days": 3.5833333333333335,
    "in_market": 0.04377262082180115,
    "score": 0.13492208071756728
   }
  },
  {
   "rank": 352,
   "train_score": 0.040673635474810066,
   "holdout": {
    "n": 45,
    "months": 9.656661184210527,
    "eq": 2813.291608388072,
    "growth": 0.10711312833252894,
    "liq": false,
    "maxdd": 0.372354022779638,
    "tpm": 4.6599957419629545,
    "sl_hits": 0,
    "worst_mae": -0.22926248579622321,
    "win": 0.9555555555555556,
    "max_hold_days": 6.208333333333333,
    "in_market": 0.10680576254346746,
    "score": 0.021553550940254018
   }
  },
  {
   "rank": 391,
   "train_score": 0.174052051700192,
   "holdout": {
    "n": 16,
    "months": 9.656661184210527,
    "eq": 2504.8945103731453,
    "growth": 0.09508945219327297,
    "liq": false,
    "maxdd": 0.7568319090501588,
    "tpm": 1.6568873749201616,
    "sl_hits": 0,
    "worst_mae": -0.0926470588235293,
    "win": 0.9375,
    "max_hold_days": 6.254166666666666,
    "in_market": 0.06123766943439075,
    "score": 0.08387031362428257
   }
  }
 ],
 "holdout_top10": [
  {
   "rank": 437,
   "train_score": 0.16293797674584803,
   "holdout": {
    "n": 50,
    "months": 9.656661184210527,
    "eq": 5376.420352650937,
    "growth": 0.1741826453962833,
    "liq": false,
    "maxdd": 0.5194821855711097,
    "tpm": 5.177773046625505,
    "sl_hits": 0,
    "worst_mae": -0.06505043795923449,
    "win": 1.0,
    "max_hold_days": 3.5833333333333335,
    "in_market": 0.04377262082180115,
    "score": 0.13492208071756728
   }
  },
  {
   "rank": 557,
   "train_score": 0.177005905665537,