{
 "cand": {
  "strategy": "v7",
  "mode": "lev",
  "regs": [
   {
    "apt1Long": 0.019505556648697926,
    "apt1Short": 0.008434995191702892,
    "apt2Long": 0.004377387338298131,
    "apt2Short": 0.006195058787491773,
    "bbValLong": -0.04487320075777053,
    "bbValShort": 1.0381643349307612,
    "cdPctLong": 0.011318206534181705,
    "cdPctShort": 0.005933166481029721,
    "cdPeriodLong": 210.64194868272733,
    "cdPeriodShort": 69.78757439615343,
    "dur1Long": 19.7975106179059,
    "dur1Short": 25.72489144715348,
    "dur2Long": 47.43354467773448,
    "dur2Short": 47.5606120369876,
    "leverage": 4.693261021800179,
    "maxHoldMin": 12447.485035073474,
    "ptLong": 0.010858217029839006,
    "ptShort": 0.0029501840200069837,
    "rsiValLong": 30.871517951320747,
    "rsiValShort": 64.95511738950519,
    "slLong": 0.025817350649823767,
    "slShort": 0.030199462443663557,
    "xApt1Long": 0.005504128941264626,
    "xApt1Short": 0.004525100915793378,
    "xApt2Long": 0.0061910492642359505,
    "xApt2Short": 0.002681330198131047,
    "xCdPctShort": 0.004778478854561868,
    "xCdPeriodShort": 22.758910281920862,
    "xDur1Long": 163.5438765926213,
    "xDur1Short": 222.834447275431,
    "xDur2Long": 236.62674176034378,
    "xDur2Short": 393.6224477986437,
    "xMinBetween": 3.811291629115509,
    "xTpLong": 0.018106389730806312,
    "xTpShort": 0.002331931013475798,
    "zL": -3.0,
    "zS": 2.2842212707178464,
    "zXLmax": 0.13039982972494446,
    "zXS": 1.2449499718512063,
    "trendBlockZ": 1.5,
    "vBB": 1.0,
    "vEmaDn": 3.0,
    "vEmaUp": 1.0,
    "vHistN": 0.0,
    "vMacd": 0.0,
    "vRsi": 4.0,
    "vX": 1.0,
    "eL3": 1.0,
    "eS3": 1.0,
    "eXL": 1.0,
    "eXS": 1.0,
    "requireHistPos": 0.0
   },
   {
    "apt1Long": 0.0041502887943134096,
    "apt1Short": 0.001,
    "apt2Long": 0.004091224728637507,
    "apt2Short": 0.0,
    "bbValLong": -0.14397917479498729,
    "bbValShort": 0.6193926164897836,
    "cdPctLong": 0.009711042963258372,
    "cdPctShort": 0.006584057823545553,
    "cdPeriodLong": 97.82828197304048,
    "cdPeriodShort": 162.96105485781735,
    "dur1Long": 90.0,
    "dur1Short": 42.120790166405015,
    "dur2Long": 223.3649358498414,
    "dur2Short": 10.0,
    "leverage": 3.711365984066763,
    "maxHoldMin": 29461.073911166677,
    "ptLong": 0.002,
    "ptShort": 0.017860208556116388,
    "rsiValLong": 37.563571747314626,
    "rsiValShort": 68.21203683622865,
    "slLong": 0.10791232558089225,
    "slShort": 0.05795543876740263,
    "xApt1Long": 0.0056455365770400655,
    "xApt1Short": 0.004578308378262893,
    "xApt2Long": 0.008998648023114423,
    "xApt2Short": 0.006439175800812827,
    "xCdPctShort": 0.0047369016340427774,
    "xCdPeriodShort": 37.291510793440224,
    "xDur1Long": 84.60218416900948,
    "xDur1Short": 225.06487403215036,
    "xDur2Long": 588.0373260279906,
    "xDur2Short": 439.9938521838882,
    "xMinBetween": 5.20441283254419,
    "xTpLong": 0.016423883935741793,
    "xTpShort": 0.01589881206699412,
    "zL": -1.739315655095302,
    "zS": 2.5409517931824794,
    "zXLmax": 0.11765739606004084,
    "zXS": 2.0474362514624076,
    "trendBlockZ": 1.5,
    "vBB": 4.0,
    "vEmaDn": 3.0,
    "vEmaUp": 3.0,
    "vHistN": 0.0,
    "vMacd": 2.0,
    "vRsi": 3.0,
    "vX": 2.0,
    "eL3": 0.0,
    "eS3": 0.0,
    "eXL": 1.0,
    "eXS": 1.0,
    "requireHistPos": 0.0
   },
   {
    "apt1Long": 0.010736725987876946,
    "apt1Short": 0.005238594980946383,
    "apt2Long": 0.007416958119676227,
    "apt2Short": 0.0,
    "bbValLong": -0.1021590553597283,
    "bbValShort": 0.6604267560417042,
    "cdPctLong": 0.0067464278349968505,
    "cdPctShort": 0.011396300531408911,
    "cdPeriodLong": 212.94405497749713,
    "cdPeriodShort": 184.23545233290412,
    "dur1Long": 79.73569276198954,
    "dur1Short": 28.775112703111887,
    "dur2Long": 60.902206565792504,
    "dur2Short": 318.0212382446667,
    "leverage": 4.49351599316157,
    "maxHoldMin": 24744.04751093777,
    "ptLong": 0.007807456119259267,
    "ptShort": 0.03,
    "rsiValLong": 37.71288921878515,
    "rsiValShort": 78.2470607188988,
    "slLong": 0.11398518230885543,
    "slShort": 0.02,
    "xApt1Long": 0.01240204938839825,
    "xApt1Short": 0.01463885443492854,
    "xApt2Long": 0.01,
    "xApt2Short": 0.01,
    "xCdPctShort": 0.009265995615644345,
    "xCdPeriodShort": 88.56795879835742,
    "xDur1Long": 144.09940929944838,
    "xDur1Short": 80.59338763292203,
    "xDur2Long": 431.8663551815831,
    "xDur2Short": 648.1879806472797,
    "xMinBetween": 5.322227622477205,
    "xTpLong": 0.011113620287644644,
    "xTpShort": 0.012899720921802152,
    "zL": -2.149989014477412,
    "zS": 1.8083306076490602,
    "zXLmax": -1.2868107290290924,
    "zXS": 1.0071348582741066,
    "trendBlockZ": 1.5,
    "vBB": 0.0,
    "vEmaDn": 0.0,
    "vEmaUp": 4.0,
    "vHistN": 3.0,
    "vMacd": 3.0,
    "vRsi": 1.0,
    "vX": 2.0,
    "eL3": 0.0,
    "eS3": 0.0,
    "eXL": 0.0,
    "eXS": 1.0,
    "requireHistPos": 1.0
   }
  ]
 },
 "metrics": {
  "n": 524,
  "months": 12.29413377192982,
  "eq": 782614085079.9247,
  "growth": 1.6656846789919268,
  "liq": false,
  "maxdd": 0.4826737126931751,
  "tpm": 42.62195366674844,
  "sl_hits": 0,
  "worst_mae": -0.12022723325125428,
  "win": 1.0,
  "score": 0.7439134733455813
 },
 "strategy": "v7",
 "mode": "lev",
 "method": "vol3",
 "algo": "genetic",
 "per_regime": true,
 "train_end": null,
 "holdout_days": 7.0,
 "max_dd": null,
 "evaluated": 100800,
 "generated": "2026-07-07 20:44",
 "holdout": {
  "n": 2,
  "months": 0.23005756578947367,
  "eq": 0.0,
  "growth": -120.1048138586921,
  "liq": true,
  "maxdd": 1.0,
  "tpm": 8.693476318141197,
  "sl_hits": 0,
  "worst_mae": -0.21454288212656722,
  "win": 0.5,
  "score": -120.1048138586921
 },
 "holdout_top10": [
  {
   "rank": 1,
   "train_score": 0.7439134733455813,
   "holdout": {
    "n": 2,
    "months": 0.23005756578947367,
    "eq": 0.0,
    "growth": -120.1048138586921,
    "liq": true,
    "maxdd": 1.0,
    "tpm": 8.693476318141197,
    "sl_hits": 0,
    "worst_mae": -0.21454288212656722,
    "win": 0.5,
    "score": -120.1048138586921
   }
  },
  {
   "rank": 2,
   "train_score": 0.735512425602032,
   "holdout": {
    "n": 2,
    "months": 0.23005756578947367,
    "eq": 0.0,
    "growth": -120.1048138586921,
    "liq": true,
    "maxdd": 1.0,
    "tpm": 8.693476318141197,
    "sl_hits": 0,
    "worst_mae": -0.21454288212656722,
    "win": 0.5,
    "score": -120.1048138586921
   }
  },
  {
   "rank": 3,
   "train_score": 0.7351902904051982,
   "holdout": {
    "n": 2,
    "months": 0.23005756578947367,
    "eq": 0.0,
    "growth": -120.1048138586921,
    "liq": true,
    "maxdd": 1.0,
    "tpm": 8.693476318141197,
    "sl_hits": 0,
    "worst_mae": -0.2122465011666519,
    "win": 0.5,
    "score": -120.1048138586921
   }
  },
  {
   "rank": 4,
   "train_score": 0.7321168064199294,
   "holdout": {
    "n": 2,
    "months": 0.23005756578947367,
    "eq": 0.0,
    "growth": -120.1048138586921,
    "liq": true,
    "maxdd": 1.0,
    "tpm": 8.693476318141197,
    "sl_hits": 0,
    "worst_mae": -0.2122465011666519,
    "win": 0.5,
    "score": -120.1048138586921
   }
  },
  {
   "rank": 5,
   "train_score": 0.731601811148749,
   "holdout": {
    "n": 2,
    "months": 0.23005756578947367,
    "eq": 0.0,
    "growth": -120.1048138586921,
    "liq": true,
    "maxdd": 1.0,
    "tpm": 8.693476318141197,
    "sl_hits": 0,
    "worst_mae": -0.21454288212656722,
    "win": 0.5,
    "score": -120.1048138586921
   }
  },
  {
   "rank": 6,
   "train_score": 0.7298584211447906,
   "holdout": {
    "n": 2,
    "months": 0.23005756578947367,
    "eq": 0.0,
    "growth": -120.1048138586921,
    "liq": true,
    "maxdd": 1.0,
    "tpm": 8.693476318141197,
    "sl_hits": 0,
    "worst_mae": -0.21454288212656722,
    "win": 0.5,
    "score": -120.1048138586921
   }
  },
  {
   "rank": 7,
   "train_score": 0.7294018710112807,
   "holdout": {
    "n": 3,
    "months": 0.23005756578947367,