{
 "cand": {
  "strategy": "scalpx2",
  "tpL": [
   0.02,
   0.010443474425840765,
   0.01719638741252947
  ],
  "tpS": [
   0.004700353697952097,
   0.010578324651057892,
   0.014522779355775778
  ],
  "rsiOB": [
   63.9776239571502,
   82.31154230676039,
   71.80593522716546
  ],
  "rsiOS": [
   31.046634793500846,
   33.12918630210729,
   30.646113987604792
  ],
  "useCvd": [
   1.0,
   1.0,
   1.0
  ],
  "useEma": [
   1.0,
   1.0,
   1.0
  ],
  "eL": [
   1.0,
   1.0,
   1.0
  ],
  "eS": [
   1.0,
   0.0,
   1.0
  ],
  "lev": [
   8.0,
   9.0,
   9.0
  ],
  "sl": 0.05,
  "slOn": 0.0,
  "vR": [
   0.0,
   1.0,
   0.0
  ],
  "vC": [
   1.0,
   2.0,
   2.0
  ],
  "vP": [
   0.0,
   1.0,
   2.0
  ],
  "vE": [
   2.0,
   0.0,
   0.0
  ],
  "mode": "lev"
 },
 "metrics": {
  "n": 108,
  "months": 12.623766447368421,
  "eq": 6657568.985341543,
  "growth": 0.6973758359985066,
  "liq": false,
  "maxdd": 0.537497150672442,
  "tpm": 8.555291358587668,
  "sl_hits": 0,
  "worst_mae": -0.05933892969569787,
  "win": 1.0,
  "max_hold_days": 4.339583333333334,
  "in_market": 0.11521340238645864,
  "score": 0.3497481562060871
 },
 "strategy": "scalpx2",
 "mode": "lev",
 "method": "vol3",
 "algo": "genetic",
 "per_regime": true,
 "train_end": null,
 "holdout_days": 21.0,
 "max_dd": 0.55,
 "max_hold_days": 5.0,
 "gap_mode": "skip_contaminated",
 "scoring": "classic",
 "anchor": null,
 "anchor_strength": 0.0,
 "evaluated": 100800,
 "generated": "2026-07-20 22:12",
 "holdout": {
  "n": 17,
  "months": 1.8029057017543861,
  "eq": 0.0,
  "growth": -15.325827129528255,
  "liq": true,
  "maxdd": 1.0,
  "tpm": 9.429223050022806,
  "sl_hits": 0,
  "worst_mae": -0.1053501128178016,
  "win": 0.9411764705882353,
  "max_hold_days": 1.8083333333333333,
  "in_market": 0.10088186103086513,
  "score": -13.400309556735497
 },
 "holdout_scan": {
  "scanned": 594,
  "pool": 594,
  "reservoir": 294,
  "survivors": 0
 },
 "holdout_survivors": [],
 "holdout_top10": [
  {
   "rank": 1,
   "train_score": 0.3497481562060871,
   "holdout": {
    "n": 17,
    "months": 1.8029057017543861,
    "eq": 0.0,
    "growth": -15.325827129528255,
    "liq": true,
    "maxdd": 1.0,
    "tpm": 9.429223050022806,
    "sl_hits": 0,
    "worst_mae": -0.1053501128178016,
    "win": 0.9411764705882353,
    "max_hold_days": 1.8083333333333333,
    "in_market": 0.10088186103086513,
    "score": -13.400309556735497
   }
  },
  {
   "rank": 2,
   "train_score": 0.34966013219519976,
   "holdout": {
    "n": 17,
    "months": 1.8029057017543861,
    "eq": 0.0,
    "growth": -15.325827129528255,
    "liq": true,
    "maxdd": 1.0,
    "tpm": 9.429223050022806,
    "sl_hits": 0,
    "worst_mae": -0.1053501128178016,
    "win": 0.9411764705882353,
    "max_hold_days": 1.8083333333333333,
    "in_market": 0.10088186103086513,
    "score": -13.400169717095011
   }
  },
  {
   "rank": 3,
   "train_score": 0.34966013219519976,
   "holdout": {
    "n": 17,
    "months": 1.8029057017543861,
    "eq": 0.0,
    "growth": -15.325827129528255,
    "liq": true,
    "maxdd": 1.0,
    "tpm": 9.429223050022806,
    "sl_hits": 0,
    "worst_mae": -0.1053501128178016,
    "win": 0.9411764705882353,
    "max_hold_days": 5.345833333333333,
    "in_market": 0.19841873194465562,
    "score": -13.400169717095011
   }
  },
  {
   "rank": 4,
   "train_score": 0.34966013219519976,
   "holdout": {
    "n": 17,
    "months": 1.8029057017543861,
    "eq": 0.0,
    "growth": -15.325827129528255,
    "liq": true,
    "maxdd": 1.0,
    "tpm": 9.429223050022806,
    "sl_hits": 0,
    "worst_mae": -0.1053501128178016,
    "win": 0.9411764705882353,
    "max_hold_days": 1.8083333333333333,
    "in_market": 0.10088186103086513,
    "score": -13.400169717095011
   }
  },
  {
   "rank": 5,
   "train_score": 0.34222442307586204,
   "holdout": {
    "n": 17,
    "months": 1.8029057017543861,
    "eq": 0.0,
    "growth": -15.325827129528255,
    "liq": true,
    "maxdd": 1.0,
    "tpm": 9.429223050022806,
    "sl_hits": 0,
    "worst_mae": -0.1053501128178016,
    "win": 0.9411764705882353,
    "max_hold_days": 1.8083333333333333,
    "in_market": 0.10088186103086513,
    "score": -13.399704824950172
   }
  },
  {
   "rank": 6,
   "train_score": 0.34221454727476197,
   "holdout": {
    "n": 17,
    "months": 1.8029057017543861,
    "eq": 0.0,
    "growth": -15.325827129528255,
    "liq": true,
    "maxdd": 1.0,
    "tpm": 9.429223050022806,
    "sl_hits": 0,
    "worst_mae": -0.1053501128178016,
    "win": 0.9411764705882353,
    "max_hold_days": 5.345833333333333,
    "in_market": 0.19841873194465562,
    "score": -13.390129760666296
   }
  },
  {
   "rank": 7,
   "train_score": 0.3416977570298725,
   "holdout": {
    "n": 17,
    "months": 1.8029057017543861,
    "eq": 0.0,
    "growth": -15.325827129528255,
    "liq": true,
    "maxdd": 1.0,
    "tpm": 9.429223050022806,
    "sl_hits": 0,
    "worst_mae": -0.1053501128178016,
    "win": 0.9411764705882353,
    "max_hold_days": 1.8083333333333333,
    "in_market": 0.10088186103086513,
    "score": -13.38970974010859
   }
  },
  {
   "rank": 8,
   "train_score": 0.34164148417801926,
   "holdout": {
    "n": 17,
    "months": 1.8029057017543861,
    "eq": 0.0,
    "growth": -15.325827129528255,
    "liq": true,
    "maxdd": 1.0000000000000002,
    "tpm": 9.429223050022806,
    "sl_hits": 0,
    "worst_mae": -0.1053501128178016,
    "win": 0.9411764705882353,
    "max_hold_days": 5.345833333333333,
    "in_market": 0.19841873194465562,
    "score": -13.389664935570973
   }
  },
  {
   "rank": 9,
   "train_score": 0.34164148417801926,
   "holdout": {
    "n": 17,
    "months": 1.8029057017543861,
    "eq": 0.0,
    "growth": -15.325827129528255,
    "liq": true,
    "maxdd": 1.0000000000000002,
    "tpm": 9.429223050022806,
    "sl_hits": 0,
    "worst_mae": -0.1053501128178016,
    "win": 0.9411764705882353,
    "max_hold_days": 5.345833333333333,
    "in_market": 0.19841873194465562,
    "score": -13.389664935570973
   }
  },
  {
   "rank": 10,
   "train_score": 0.3415794690426592,
   "holdout": {
    "n": 17,
    "months": 1.8029057017543861,
    "eq": 0.0,
    "growth": -15.325827129528255,
    "liq": true,
    "maxdd": 1.0,
    "tpm": 9.429223050022806,
    "sl_hits": 0,
    "worst_mae": -0.1053501128178016,
    "win": 0.9411764705882353,
    "max_hold_days": 5.345833333333333,
    "in_market": 0.19841873194465562,
    "score": -13.38970974010859
   }
  }
 ]
}