{
 "cand": {
  "strategy": "v7",
  "mode": "lev",
  "regs": [
   {
    "xMinBetween": 2.9324464642099577,
    "xTpShort": 0.001650140930175392,
    "xApt2Short": 0.0013274433356097106,
    "vHistN": 2.0,
    "apt2Long": 0.01236220072041989,
    "eS3": 1.0,
    "eL3": 1.0,
    "eXL": 1.0,
    "requireHistPos": 1.0,
    "cdPeriodLong": 135.61653216312655,
    "zS": 1.5022393425425198,
    "xDur1Long": 10.0,
    "eXS": 0.0,
    "rsiValShort": 68.9243832679629,
    "xDur1Short": 37.65026681608046,
    "dur1Short": 10.712790310010089,
    "xCdPeriodShort": 3.0,
    "zXLmax": -2.0419888074240102,
    "vMacd": 0,
    "slLong": 0.10999431496184013,
    "dur2Long": 58.95412680955756,
    "vRsi": 1.0,
    "apt2Short": 0.005369540810590933,
    "cdPeriodShort": 74.53110257638396,
    "apt1Long": 0.00955734739185217,
    "ptShort": 0.00893052668616589,
    "dur1Long": 63.92867810918112,
    "vBB": 1.0,
    "xCdPctShort": 0.0031352426015108315,
    "slShort": 0.07256988957045171,
    "xDur2Short": 91.78249853973864,
    "zXS": 1.2143340854588647,
    "cdPctLong": 0.011952843477753002,
    "rsiValLong": 55.77352078131835,
    "ptLong": 0.024841317068509564,
    "xApt1Long": 0.0047534975565974805,
    "bbValShort": 1.1393031958226978,
    "xDur2Long": 541.1213401822168,
    "apt1Short": 0.011387671306223977,
    "zL": -2.470673640724458,
    "leverage": 10.0,
    "xApt2Long": 0.004718431614347687,
    "vEmaUp": 2.0,
    "dur2Short": 75.86213624050609,
    "xApt1Short": 0.0005,
    "xTpLong": 0.002981750071108737,
    "vEmaDn": 4.0,
    "vX": 1.0,
    "cdPctShort": 0.00931222241275092,
    "trendBlockZ": 99.0,
    "bbValLong": 0.35
   },
   {
    "xMinBetween": 14.889679610476026,
    "xTpShort": 0.005230868919338485,
    "xApt2Short": 0.008421652426784504,
    "vHistN": 0.0,
    "apt2Long": 0.0016758693879928145,
    "eS3": 1.0,
    "eL3": 1.0,
    "eXL": 0.0,
    "requireHistPos": 0.0,
    "cdPeriodLong": 228.03821858799307,
    "zS": 1.3155277010804016,
    "xDur1Long": 25.065190978329735,
    "eXS": 0.0,
    "rsiValShort": 63.13812316562884,
    "xDur1Short": 196.13280652714758,
    "dur1Short": 36.68997572911315,
    "xCdPeriodShort": 49.4724366955293,
    "zXLmax": -2.0176074057291435,
    "vMacd": 3.0,
    "slLong": 0.07471653594580079,
    "dur2Long": 138.8886156033038,
    "vRsi": 0.0,
    "apt2Short": 0.0010390093096181612,
    "cdPeriodShort": 10.0,
    "apt1Long": 0.00883327627801422,
    "ptShort": 0.01683945012829291,
    "dur1Long": 77.76341109179367,
    "vBB": 0.0,
    "xCdPctShort": 0.0021709411389007572,
    "slShort": 0.07034717501081182,
    "xDur2Short": 194.40793316697827,
    "zXS": 2.370184112913141,
    "cdPctLong": 0.009527614755169039,
    "rsiValLong": 47.9615144145153,
    "ptLong": 0.01984555951340452,
    "xApt1Long": 0.014089993868427214,
    "bbValShort": 0.7138538131437774,
    "xDur2Long": 30.0,
    "apt1Short": 0.004351365030009054,
    "zL": -2.0668771890354845,
    "leverage": 9.35244779253465,
    "xApt2Long": 0.0012665727623689944,
    "vEmaUp": 2.0,
    "dur2Short": 15.553836756399846,
    "xApt1Short": 0.004679377941605655,
    "xTpLong": 0.008146401261283368,
    "vEmaDn": 4.0,
    "vX": 4.0,
    "cdPctShort": 0.00745052907042495,
    "trendBlockZ": 3.0,
    "bbValLong": 0.2137692282859676
   },
   {
    "xMinBetween": 4.386640641138175,
    "xTpShort": 0.0016234662229520948,
    "xApt2Short": 0.002051073381409003,
    "vHistN": 3.0,
    "apt2Long": 0.006718157378365085,
    "eS3": 1.0,
    "eL3": 1.0,
    "eXL": 0.0,
    "requireHistPos": 1.0,
    "cdPeriodLong": 79.32579542478764,
    "zS": 1.7145843175507367,
    "xDur1Long": 80.64576420617215,
    "eXS": 1.0,
    "rsiValShort": 56.85301156067197,
    "xDur1Short": 80.70775250711961,
    "dur1Short": 41.11466945665993,
    "xCdPeriodShort": 3.0,
    "zXLmax": -2.5,
    "vMacd": 0,
    "slLong": 0.10662660837540543,
    "dur2Long": 135.83599204696725,
    "vRsi": 5.0,
    "apt2Short": 0.0063013664106602255,
    "cdPeriodShort": 57.4185456885033,
    "apt1Long": 0.010852675494732959,
    "ptShort": 0.017970085833198316,
    "dur1Long": 3.020924499003174,
    "vBB": 0.0,
    "xCdPctShort": 0.0002,
    "slShort": 0.09712378391250609,
    "xDur2Short": 644.5689212631763,
    "zXS": 1.4793550956939574,
    "cdPctLong": 0.004499453770534052,
    "rsiValLong": 78.48358672859868,
    "ptLong": 0.012207759535568234,
    "xApt1Long": 0.0024429570116043177,
    "bbValShort": 0.9411656136236443,
    "xDur2Long": 206.6928189033597,
    "apt1Short": 0.009172092623465761,
    "zL": -1.5500129740087145,
    "leverage": 10.0,
    "xApt2Long": 0.0046259467558287986,
    "vEmaUp": 2,
    "dur2Short": 241.5378160218247,
    "xApt1Short": 0.0005,
    "xTpLong": 0.002672452022436298,
    "vEmaDn": 4.0,
    "vX": 1,
    "cdPctShort": 0.004378068847231028,
    "trendBlockZ": 1.0,
    "bbValLong": 0.3366008473702726
   }
  ]
 },
 "metrics": {
  "n": 358,
  "months": 14.81640625,
  "eq": 448636264949.9217,
  "growth": 1.3445718672207494,
  "liq": false,
  "maxdd": 0.4851117206143129,
  "tpm": 24.162404429211705,
  "sl_hits": 0,
  "worst_mae": -0.05103227099619145,
  "win": 0.9860335195530726,
  "max_hold_days": 4.233333333333333,
  "in_market": 0.0885518568369249,
  "score": 1.2190796075182622
 },
 "strategy": "v7",
 "mode": "lev",
 "method": "vol3",
 "algo": "genetic",
 "per_regime": true,
 "train_end": "2025-09-01",
 "holdout_days": null,
 "max_dd": 0.5,
 "max_hold_days": 7.0,
 "gap_mode": "skip_contaminated",
 "scoring": "underwater",
 "anchor": null,
 "anchor_strength": 0.0,
 "evaluated": 501200,
 "generated": "2026-07-16 22:30",
 "holdout": {
  "n": 12,
  "months": 2.1842105263157894,
  "eq": 0.0,
  "growth": -12.650347016931143,
  "liq": true,
  "maxdd": 1.0,
  "tpm": 5.493975903614458,
  "sl_hits": 0,
  "worst_mae": -0.092,
  "win": 0.9166666666666666,
  "max_hold_days": 40.9125,
  "in_market": 0.696253765060241,
  "score": -12.998473899461263
 },
 "holdout_scan": {
  "scanned": 589,
  "pool": 589,
  "reservoir": 289,
  "survivors": 0
 },
 "holdout_survivors": [],
 "holdout_top10": [
  {
   "rank": 455,
   "train_score": 0.26142719774885653,
   "holdout": {
    "n": 47,
    "months": 9.656661184210527,
    "eq": 68401.86708392983,
    "growth": 0.43756325713420857,
    "liq": false,
    "maxdd": 0.7561675978987124,
    "tpm": 4.8671066638279745,
    "sl_hits": 0,
    "worst_mae": -0.09075809704591298,
    "win": 0.9787234042553191,
    "max_hold_days": 7.3375,
    "in_market": 0.13202043857781562,
    "score": 0.2904873440805137
   }
  },
  {
   "rank": 1,
   "train_score": 1.2190796075182622,
   "holdout": {
    "n": 12,
    "months": 2.1842105263157894,
    "eq": 0.0,
    "growth": -12.650347016931143,
    "liq": true,
    "maxdd": 1.0,
    "tpm": 5.493975903614458,
    "sl_hits": 0,
    "worst_mae": -0.092,
    "win": 0.9166666666666666,
    "max_hold_days": 40.9125,
    "in_market": 0.696253765060241,
    "score": -12.998473899461263
   }
  },
  {
   "rank": 2,
   "train_score": 1.2165377274767477,
   "holdout": {
    "n": 6,
    "months": 2.1842105263157894,
    "eq": 0.0,
    "growth": -12.650347016931143,
    "liq": true,
    "maxdd": 1.0,
    "tpm": 2.746987951807229,
    "sl_hits": 0,
    "worst_mae": -0.092,
    "win": 0.8333333333333334,
    "max_hold_days": 60.6375,
    "in_market": 0.954066265060241,
    "score": -13.127380149461263
   }
  },
  {
   "rank": 3,
   "train_score": 1.209525894274834,
   "holdout": {
    "n": 4,
    "months": 2.1842105263157894,
    "eq": 0.0,
    "growth": -12.650347016931143,
    "liq": true,
    "maxdd": 1.0,
    "tpm": 1.8313253012048194,
    "sl_hits": 0,
    "worst_mae": -0.092,
    "win": 0.75,
    "max_hold_days": 60.6375,
    "in_market": 0.9515562248995983,
    "score": -13.126125129380942
   }
  },
  {
   "rank": 4,
   "train_score": 1.2042902607638106,
   "holdout": {
    "n": 12,
    "months": 2.1842105263157894,
    "eq": 0.0,
    "growth": -12.650347016931143,
    "liq": true,
    "maxdd": 1.0,
    "tpm": 5.493975903614458,