{
 "cand": {
  "strategy": "v7",
  "mode": "lev",
  "regs": [
   {
    "xApt1Long": 0.007879565149093784,
    "vHistN": 0.0,
    "xCdPctShort": 0.0003014978106014764,
    "xTpLong": 0.010313751741268638,
    "vRsi": 4.0,
    "rsiValLong": 43.21159386482268,
    "dur1Long": 0.6,
    "eXL": 0.0,
    "requireHistPos": 1.0,
    "bbValLong": -0.29895413281859096,
    "eL3": 0.0,
    "dur2Long": 222.8527848138584,
    "xDur1Short": 60.314949825592045,
    "cdPctShort": 0.00083149663460682,
    "ptLong": 0.01803782480026903,
    "xDur2Long": 30.0,
    "zL": -2.576093856742982,
    "apt1Short": 0.004378656930681365,
    "zXLmax": -1.906474176199522,
    "xApt2Long": 0.0,
    "cdPeriodShort": 203.1998427558568,
    "xDur2Short": 145.11851833193495,
    "vEmaUp": 4.0,
    "zS": 0.9972559447330747,
    "eXS": 0.0,
    "xApt1Short": 0.0026145300240549116,
    "cdPeriodLong": 122.6382435698069,
    "trendBlockZ": 1.0,
    "xTpShort": 0.012171929127249306,
    "xDur1Long": 63.92595903691324,
    "dur2Short": 195.65774883421386,
    "vX": 2.0,
    "cdPctLong": 0.005508048294209321,
    "dur1Short": 0.6,
    "slShort": 0.10317409440195287,
    "bbValShort": 1.0896167365584335,
    "apt2Short": 0.015,
    "ptShort": 0.03,
    "xMinBetween": 20.148812238480556,
    "rsiValShort": 89.12703858242973,
    "apt2Long": 0.003837757413456135,
    "zXS": 2.556567561304965,
    "slLong": 0.026547133733340195,
    "vEmaDn": 4.0,
    "xApt2Short": 0.0019278306852693605,
    "vMacd": 2.0,
    "apt1Long": 0.007651958479932887,
    "leverage": 2.0,
    "vBB": 4.0,
    "eS3": 1.0,
    "xCdPeriodShort": 35.540816348241975
   },
   {
    "xApt1Long": 0.00930513521981224,
    "vHistN": 3.0,
    "xCdPctShort": 0.0035048281020821147,
    "xTpLong": 0.013618992126838312,
    "vRsi": 0.0,
    "rsiValLong": 70.0632734380878,
    "dur1Long": 18.591546438150132,
    "eXL": 1.0,
    "requireHistPos": 1.0,
    "bbValLong": -0.06724000021663283,
    "eL3": 1.0,
    "dur2Long": 152.90251593390033,
    "xDur1Short": 199.18627273068358,
    "cdPctShort": 0.0058249273498950345,
    "ptLong": 0.024187497346405493,
    "xDur2Long": 355.1655230518725,
    "zL": -1.462419473594964,
    "apt1Short": 0.008219153805952634,
    "zXLmax": 0.30353373492643104,
    "xApt2Long": 0.006006092216676807,
    "cdPeriodShort": 188.22064473063517,
    "xDur2Short": 271.9293430634197,
    "vEmaUp": 2.0,
    "zS": 1.82928980564718,
    "eXS": 0.0,
    "xApt1Short": 0.006033825238974629,
    "cdPeriodLong": 181.52295937415894,
    "trendBlockZ": 1.0,
    "xTpShort": 0.02,
    "xDur1Long": 188.4321523745937,
    "dur2Short": 34.32887481378573,
    "vX": 1.0,
    "cdPctLong": 0.005388825989742915,
    "dur1Short": 6.1865475843339235,
    "slShort": 0.05300466890462178,
    "bbValShort": 0.9364451117606717,
    "apt2Short": 0.007626098947328188,
    "ptShort": 0.0025120490655815807,
    "xMinBetween": 7.102745732149975,
    "rsiValShort": 79.58021818192422,
    "apt2Long": 0.0037164936913838954,
    "zXS": 3.0,
    "slLong": 0.0834369787683096,
    "vEmaDn": 4.0,
    "xApt2Short": 0.007418734426056338,
    "vMacd": 3.0,
    "apt1Long": 0.005007903059799342,
    "leverage": 10.0,
    "vBB": 2.0,
    "eS3": 1.0,
    "xCdPeriodShort": 64.98976571600899
   },
   {
    "xApt1Long": 0.0030815432719500345,
    "vHistN": 3.0,
    "xCdPctShort": 0.004850931127470261,
    "xTpLong": 0.0036285802200571194,
    "vRsi": 3.0,
    "rsiValLong": 71.02361494043845,
    "dur1Long": 86.16205674825774,
    "eXL": 1.0,
    "requireHistPos": 1.0,
    "bbValLong": 0.07646752772524408,
    "eL3": 1.0,
    "dur2Long": 276.21191258210706,
    "xDur1Short": 116.23666394312338,
    "cdPctShort": 0.00929110816802333,
    "ptLong": 0.008833797426995683,
    "xDur2Long": 323.54369718325233,
    "zL": -2.608617636073252,
    "apt1Short": 0.01638461919999999,
    "zXLmax": -0.024163280849363367,
    "xApt2Long": 0.007923059838689534,
    "cdPeriodShort": 10.0,
    "xDur2Short": 215.00814674346725,
    "vEmaUp": 4.0,
    "zS": 1.0652022658555829,
    "eXS": 0.0,
    "xApt1Short": 0.004536304992878462,
    "cdPeriodLong": 130.09076752318484,
    "trendBlockZ": 1.0,
    "xTpShort": 0.01001803382623274,
    "xDur1Long": 15.454240258557586,
    "dur2Short": 284.75175065825493,
    "vX": 2.0,
    "cdPctLong": 0.005931991021888453,
    "dur1Short": 77.56629329209555,
    "slShort": 0.10636033284077803,
    "bbValShort": 0.8714245496428261,
    "apt2Short": 0.014734925316417258,
    "ptShort": 0.03,
    "xMinBetween": 1.0,
    "rsiValShort": 64.70630832049495,
    "apt2Long": 0.0,
    "zXS": 2.6044652913456834,
    "slLong": 0.09547707485148806,
    "vEmaDn": 4.0,
    "xApt2Short": 0.0073062226620525484,
    "vMacd": 4.0,
    "apt1Long": 0.00676921153603,
    "leverage": 10.0,
    "vBB": 0.0,
    "eS3": 1.0,
    "xCdPeriodShort": 62.40026221626609
   }
  ]
 },
 "metrics": {
  "n": 45,
  "months": 12.555235745614036,
  "eq": 1028607.7694994594,
  "growth": 0.5524357827534591,
  "liq": false,
  "maxdd": 0.4061981890065047,
  "tpm": 3.5841620907612195,
  "sl_hits": 0,
  "worst_mae": -0.04378967809395773,
  "win": 1.0,
  "max_hold_days": 1.23125,
  "in_market": 0.028366974880735345,
  "score": 0.5725740995131634
 },
 "strategy": "v7",
 "mode": "lev",
 "method": "vol3",
 "algo": "refine",
 "per_regime": true,
 "train_end": null,
 "holdout_days": 21.0,
 "max_dd": null,
 "max_hold_days": 5.0,
 "gap_mode": "skip_contaminated",
 "scoring": "classic",
 "anchor": null,
 "anchor_strength": 0.0,
 "evaluated": 50400,
 "generated": "2026-07-20 22:03",
 "holdout": {
  "n": 10,
  "months": 3.1149259868421053,
  "eq": 0.0,
  "growth": -8.870522520485542,
  "liq": true,
  "maxdd": 1.0,
  "tpm": 3.2103491518711635,
  "sl_hits": 0,
  "worst_mae": -0.092,
  "win": 0.9,
  "max_hold_days": 4.883333333333334,
  "in_market": 0.10327151123138187,
  "score": -8.791783672016411
 },
 "holdout_scan": {
  "scanned": 333,
  "pool": 598,
  "reservoir": 298,
  "survivors": 9
 },
 "holdout_survivors": [
  {
   "rank": 332,
   "train_score": 0.2886265752133219,
   "holdout": {
    "n": 39,
    "months": 11.91467927631579,
    "eq": 119134.58848605794,
    "growth": 0.4012070941096313,
    "liq": false,
    "maxdd": 0.8213437630954047,
    "tpm": 3.273273169637465,
    "sl_hits": 0,
    "worst_mae": -0.08152649739918627,
    "win": 1.0,
    "max_hold_days": 1.4833333333333334,
    "in_market": 0.024744189256811554,
    "score": 0.23955912546602826
   }
  },
  {
   "rank": 310,
   "train_score": 0.48052000276871065,
   "holdout": {
    "n": 29,
    "months": 11.91467927631579,
    "eq": 64340.27215924597,
    "growth": 0.3495004485849512,
    "liq": false,
    "maxdd": 0.8213437630954048,
    "tpm": 2.43397235690991,
    "sl_hits": 0,
    "worst_mae": -0.08152649739918627,
    "win": 1.0,
    "max_hold_days": 1.4833333333333334,
    "in_market": 0.018365457065783193,
    "score": 0.22584761871740267
   }
  },
  {
   "rank": 321,
   "train_score": 0.4548348382225264,
   "holdout": {
    "n": 26,
    "months": 11.91467927631579,
    "eq": 60765.20649043652,
    "growth": 0.3447023011069602,
    "liq": false,
    "maxdd": 0.8213437630954048,
    "tpm": 2.1821821130916432,
    "sl_hits": 0,
    "worst_mae": -0.08152649739918627,
    "win": 1.0,
    "max_hold_days": 1.4833333333333334,
    "in_market": 0.018152640933169983,
    "score": 0.2667316259086714
   }
  },
  {
   "rank": 309,
   "train_score": 0.461951845869703,
   "holdout": {
    "n": 26,
    "months": 11.91467927631579,
    "eq": 57300.85243991855,
    "growth": 0.33977544896611345,
    "liq": false,
    "maxdd": 0.8213437630954048,
    "tpm": 2.1821821130916432,
    "sl_hits": 0,
    "worst_mae": -0.08152649739918627,
    "win": 1.0,
    "max_hold_days": 1.4833333333333334,
    "in_market": 0.01823891774368885,
    "score": 0.26188068397138276
   }
  },
  {
   "rank": 333,
   "train_score": 0.4301776461069582,
   "holdout": {
    "n": 26,
    "months": 11.91467927631579,
    "eq": 55303.69954221243,
    "growth": 0.33679797103434617,