{
 "cand": {
  "strategy": "macdx",
  "tpL": [
   0.01752325916757673,
   0.02,
   0.017631956821550124
  ],
  "tpS": [
   0.008102634088089202,
   0.012582169192291779,
   0.009646586061220024
  ],
  "slL": [
   0.006947833985162771,
   0.028904114101528492,
   0.0316192988792479
  ],
  "slS": [
   0.03880634947143017,
   0.01710863331274919,
   0.03426942973358458
  ],
  "minT": [
   71.0053825594132,
   48.47449114615163,
   40.20577831935769
  ],
  "mMinS": [
   0.4608562382146975,
   0.5472261897708425,
   0.2283482401131709
  ],
  "mMaxL": [
   -0.30646717496467374,
   -0.5,
   -0.41539755908395093
  ],
  "hrb": [
   1.0,
   3.0,
   1.0
  ],
  "reqH": [
   1.0,
   1.0,
   0.0
  ],
  "a1L": [
   0.007413232417172165,
   0.00928576904784614,
   0.007276586683821573
  ],
  "a2L": [
   0.0037189031277717307,
   0.004876404718776439,
   0.0
  ],
  "d1L": [
   0.0,
   24.0,
   24.0
  ],
  "d2L": [
   16.112358879979446,
   31.313205648262816,
   28.828851755371048
  ],
  "cdPL": [
   0.1,
   0.042429169520745255,
   0.09469853139160501
  ],
  "cdTL": [
   24.0,
   23.822193518218192,
   14.929078489784619
  ],
  "a1S": [
   0.005825880617002501,
   0.008807518434604245,
   0.007437536800983944
  ],
  "a2S": [
   0.0013135298899486388,
   0.0,
   0.0
  ],
  "d1S": [
   2.106127787862489,
   10.843307784982857,
   7.337804573342805
  ],
  "d2S": [
   6.0099355961246035,
   14.739540976216404,
   9.356051217585623
  ],
  "cdPS": [
   0.006241563243677245,
   0.004134697526372673,
   0.03255553344132357
  ],
  "cdTS": [
   121.63902046633723,
   35.82255917125187,
   44.84968157523574
  ],
  "eL": [
   0.0,
   1.0,
   1.0
  ],
  "eS": [
   1.0,
   1.0,
   0.0
  ],
  "lev": [
   3.0,
   4.0,
   4.0
  ]
 },
 "metrics": {
  "n": 99,
  "months": 12.555235745614036,
  "eq": 87969.83205938907,
  "growth": 0.3565838211966568,
  "liq": false,
  "maxdd": 0.22059451545908412,
  "tpm": 7.885156599674683,
  "sl_hits": 9,
  "worst_mae": -0.03590360128968806,
  "win": 0.9090909090909091,
  "max_hold_days": 1.9104166666666667,
  "in_market": 0.07344737617763611,
  "score": 0.17788937257901546
 },
 "strategy": "macdx",
 "mode": "lev",
 "method": "vol3",
 "algo": "genetic",
 "per_regime": true,
 "train_end": null,
 "holdout_days": 21.0,
 "max_dd": 0.4,
 "max_hold_days": 5.0,
 "gap_mode": "skip_contaminated",
 "scoring": "classic",
 "anchor": null,
 "anchor_strength": 0.0,
 "evaluated": 100800,
 "generated": "2026-07-20 23:54",
 "holdout": {
  "n": 107,
  "months": 11.91467927631579,
  "eq": 73.91924776789494,
  "growth": -0.21861956730790408,
  "liq": false,
  "maxdd": 0.9534524980712351,
  "tpm": 8.98051869618484,
  "sl_hits": 48,
  "worst_mae": -0.06440494362105476,
  "win": 0.5514018691588785,
  "max_hold_days": 1.9479166666666667,
  "in_market": 0.08147406806665171,
  "score": -0.15321860313052735
 },
 "holdout_scan": {
  "scanned": 10,
  "pool": 598,
  "reservoir": 298,
  "survivors": 10
 },
 "holdout_survivors": [
  {
   "rank": 5,
   "train_score": 0.1744333855633578,
   "holdout": {
    "n": 104,
    "months": 11.91467927631579,
    "eq": 117.17317116056303,
    "growth": -0.1799546839098398,
    "liq": false,
    "maxdd": 0.9370875751876855,
    "tpm": 8.728728452366573,
    "sl_hits": 44,
    "worst_mae": -0.06440494362105476,
    "win": 0.5673076923076923,
    "max_hold_days": 1.9479166666666667,
    "in_market": 0.0767691059996894,
    "score": -0.15352180630420215
   }
  },
  {
   "rank": 10,
   "train_score": 0.17306478605314768,
   "holdout": {
    "n": 104,
    "months": 11.91467927631579,
    "eq": 107.1819600607585,
    "growth": -0.1874349510994536,
    "liq": false,
    "maxdd": 0.9424520396881734,
    "tpm": 8.728728452366573,
    "sl_hits": 45,
    "worst_mae": -0.06440494362105476,
    "win": 0.5673076923076923,
    "max_hold_days": 1.9479166666666667,
    "in_market": 0.07904681379738754,
    "score": -0.15738880420702206
   }
  },
  {
   "rank": 3,
   "train_score": 0.17540105643029094,
   "holdout": {
    "n": 105,
    "months": 11.91467927631579,
    "eq": 83.88541313532372,
    "growth": -0.20800421759384377,
    "liq": false,
    "maxdd": 0.9452232235178454,
    "tpm": 8.812658533639329,
    "sl_hits": 46,
    "worst_mae": -0.06440494362105476,
    "win": 0.5523809523809524,
    "max_hold_days": 1.9479166666666667,
    "in_market": 0.08086437860565171,
    "score": -0.15231226954071722
   }
  },
  {
   "rank": 1,
   "train_score": 0.17788937257901546,
   "holdout": {
    "n": 107,
    "months": 11.91467927631579,
    "eq": 73.91924776789494,
    "growth": -0.21861956730790408,
    "liq": false,
    "maxdd": 0.9534524980712351,
    "tpm": 8.98051869618484,
    "sl_hits": 48,
    "worst_mae": -0.06440494362105476,
    "win": 0.5514018691588785,
    "max_hold_days": 1.9479166666666667,
    "in_market": 0.08147406806665171,
    "score": -0.15321860313052735
   }
  },
  {
   "rank": 7,
   "train_score": 0.17357790775873114,
   "holdout": {
    "n": 113,
    "months": 11.91467927631579,
    "eq": 72.11823981790063,
    "growth": -0.22068980845067013,
    "liq": false,
    "maxdd": 0.924497843375966,
    "tpm": 9.484099183821373,
    "sl_hits": 45,
    "worst_mae": -0.10973242492292468,
    "win": 0.5929203539823009,
    "max_hold_days": 1.3854166666666667,
    "in_market": 0.08862353976498197,
    "score": -0.15138455993784772
   }
  },
  {
   "rank": 6,
   "train_score": 0.17361431130582428,
   "holdout": {
    "n": 101,
    "months": 11.91467927631579,
    "eq": 66.04135083540791,
    "growth": -0.2280778309102245,
    "liq": false,
    "maxdd": 0.9494606368877246,
    "tpm": 8.476938208548306,
    "sl_hits": 45,
    "worst_mae": -0.10973242492292468,
    "win": 0.5544554455445545,
    "max_hold_days": 1.9479166666666667,
    "in_market": 0.08088163396775548,
    "score": -0.16834266723694835
   }
  },
  {
   "rank": 9,
   "train_score": 0.1734077088699464,
   "holdout": {
    "n": 110,
    "months": 11.91467927631579,
    "eq": 53.72599594557457,
    "growth": -0.24539966464688978,
    "liq": false,
    "maxdd": 0.9499965379119755,
    "tpm": 9.232308940003106,
    "sl_hits": 48,
    "worst_mae": -0.10973242492292468,
    "win": 0.5636363636363636,
    "max_hold_days": 1.3854166666666667,
    "in_market": 0.08249213443077437,
    "score": -0.16016184840673486
   }
  },
  {
   "rank": 8,
   "train_score": 0.1735018081088136,
   "holdout": {
    "n": 104,
    "months": 11.91467927631579,
    "eq": 43.91278278343057,
    "growth": -0.2623276505580452,
    "liq": false,
    "maxdd": 0.9612037730295254,
    "tpm": 8.728728452366573,
    "sl_hits": 47,
    "worst_mae": -0.10973242492292468,
    "win": 0.5480769230769231,
    "max_hold_days": 1.9479166666666667,
    "in_market": 0.08699578393985931,
    "score": -0.17461466767120612
   }
  },
  {
   "rank": 2,
   "train_score": 0.17588084452378294,
   "holdout": {
    "n": 106,
    "months": 11.91467927631579,
    "eq": 34.46392717973513,
    "growth": -0.2826632604070314,
    "liq": false,
    "maxdd": 0.9679239882703693,
    "tpm": 8.896588614912083,
    "sl_hits": 51,
    "worst_mae": -0.10973242492292468,
    "win": 0.5188679245283019,
    "max_hold_days": 1.3854166666666667,
    "in_market": 0.08321685963913286,
    "score": -0.18531377315269526
   }
  },
  {
   "rank": 4,
   "train_score": 0.17462120964139308,
   "holdout": {
    "n": 106,
    "months": 11.91467927631579,
    "eq": 33.95466613741624,
    "growth": -0.2839127193033498,
    "liq": false,
    "maxdd": 0.9683979639459122,
    "tpm": 8.896588614912083,
    "sl_hits": 50,
    "worst_mae": -0.10973242492292468,
    "win": 0.5283018867924528,
    "max_hold_days": 1.3854166666666667,
    "in_market": 0.08230232544763286,
    "score": -0.18362264939320222
   }
  }
 ],
 "holdout_top10": [
  {
   "rank": 5,
   "train_score": 0.1744333855633578,
   "holdout": {
    "n": 104,
    "months": 11.91467927631579,
    "eq": 117.17317116056303,
    "growth": -0.1799546839098398,
    "liq": false,
    "maxdd": 0.9370875751876855,