{
 "cand": {
  "strategy": "v7",
  "mode": "lev",
  "regs": [
   {
    "zXS": 1.0,
    "xApt2Long": 0.01,
    "xApt1Long": 0.011256773045052114,
    "apt2Long": 0.0019337293630046792,
    "trendBlockZ": 1.0,
    "ptShort": 0.008199671433540476,
    "zXLmax": -2.066664961406856,
    "rsiValLong": 35.88627630349487,
    "dur2Long": 266.1335554406089,
    "cdPeriodLong": 39.74007240583439,
    "eXL": 1.0,
    "vEmaDn": 3.0,
    "eL3": 0.0,
    "slShort": 0.01719511345666995,
    "vHistN": 1.0,
    "xDur2Short": 618.3216352847891,
    "dur2Short": 341.5703140680582,
    "zL": -0.8,
    "apt1Short": 0.002761199696484905,
    "requireHistPos": 0.0,
    "xMinBetween": 1.8478062930651866,
    "bbValShort": 0.9181664211104814,
    "bbValLong": -0.0992601308908146,
    "vBB": 3.0,
    "slLong": 0.028602066213846554,
    "dur1Long": 0.6,
    "cdPctShort": 0.006950012224336542,
    "vRsi": 3.0,
    "xCdPctShort": 0.006754975640524582,
    "xApt1Short": 0.015,
    "eXS": 1.0,
    "xCdPeriodShort": 58.845750546684954,
    "xTpShort": 0.00980798869958141,
    "rsiValShort": 90.0,
    "vX": 1.0,
    "cdPctLong": 0.0023633846878283564,
    "eS3": 1.0,
    "zS": 1.7378908542524016,
    "vMacd": 3.0,
    "leverage": 3.0,
    "xDur1Short": 187.1973781554447,
    "xDur1Long": 138.12444535026077,
    "xDur2Long": 462.9669581287304,
    "apt1Long": 0.01220797818577434,
    "dur1Short": 60.75305106619991,
    "vEmaUp": 1.0,
    "xApt2Short": 0.00516762384432309,
    "ptLong": 0.008836262653909825,
    "xTpLong": 0.017695664590755337,
    "apt2Short": 0.0,
    "cdPeriodShort": 213.71066919920042
   },
   {
    "zXS": 2.143737970880865,
    "xApt2Long": 0.008317343699444755,
    "xApt1Long": 0.013259968558642147,
    "apt2Long": 0.012258271398904851,
    "trendBlockZ": 1.0,
    "ptShort": 0.005624290682639787,
    "zXLmax": -2.5,
    "rsiValLong": 30.0,
    "dur2Long": 254.75489749407058,
    "cdPeriodLong": 16.915356947160234,
    "eXL": 1.0,
    "vEmaDn": 3.0,
    "eL3": 1.0,
    "slShort": 0.03986266542451614,
    "vHistN": 0.0,
    "xDur2Short": 271.2512456041096,
    "dur2Short": 196.13244611846017,
    "zL": -1.562127304139068,
    "apt1Short": 0.010814715103886655,
    "requireHistPos": 0.0,
    "xMinBetween": 2.466897166693724,
    "bbValShort": 0.7199079105331456,
    "bbValLong": 0.15711786825848562,
    "vBB": 3.0,
    "slLong": 0.03710053393693495,
    "dur1Long": 82.3648226478523,
    "cdPctShort": 0.006854312724592028,
    "vRsi": 2.0,
    "xCdPctShort": 0.0059544626759958,
    "xApt1Short": 0.005573568115837491,
    "eXS": 1.0,
    "xCdPeriodShort": 3.0,
    "xTpShort": 0.007754389540742551,
    "rsiValShort": 79.20922939860066,
    "vX": 2.0,
    "cdPctLong": 0.0010867710079076056,
    "eS3": 0.0,
    "zS": 1.0084023123149004,
    "vMacd": 2.0,
    "leverage": 3.0,
    "xDur1Short": 217.5327645221629,
    "xDur1Long": 237.71936483002014,
    "xDur2Long": 637.7446888693003,
    "apt1Long": 0.010084662061576906,
    "dur1Short": 38.499533025557085,
    "vEmaUp": 4.0,
    "xApt2Short": 0.003945975890393526,
    "ptLong": 0.003599667558908444,
    "xTpLong": 0.012432903102893234,
    "apt2Short": 0.0046378351282521,
    "cdPeriodShort": 32.36752240959247
   },
   {
    "zXS": 1.0,
    "xApt2Long": 0.007507208788630863,
    "xApt1Long": 0.011054241750416333,
    "apt2Long": 0.0,
    "trendBlockZ": 99.0,
    "ptShort": 0.014449974024691935,
    "zXLmax": -1.5537055069481158,
    "rsiValLong": 66.57349046218805,
    "dur2Long": 240.21789088872595,
    "cdPeriodLong": 88.9967478208655,
    "eXL": 1.0,
    "vEmaDn": 3.0,
    "eL3": 0.0,
    "slShort": 0.04,
    "vHistN": 0.0,
    "xDur2Short": 497.0778052443103,
    "dur2Short": 242.27602316392876,
    "zL": -2.990214512343499,
    "apt1Short": 0.016898137306596433,
    "requireHistPos": 1.0,
    "xMinBetween": 11.356277579470861,
    "bbValShort": 0.6048026735957114,
    "bbValLong": 0.1497978377306124,
    "vBB": 0.0,
    "slLong": 0.03967512559580441,
    "dur1Long": 10.381768353409711,
    "cdPctShort": 0.010459573675221927,
    "vRsi": 2.0,
    "xCdPctShort": 0.006238414302986164,
    "xApt1Short": 0.0005,
    "eXS": 1.0,
    "xCdPeriodShort": 59.57650909123902,
    "xTpShort": 0.015896808581688144,
    "rsiValShort": 53.0701533995358,
    "vX": 2.0,
    "cdPctLong": 0.0011438612674391393,
    "eS3": 1.0,
    "zS": 0.8,
    "vMacd": 0.0,
    "leverage": 3.0,
    "xDur1Short": 240.0,
    "xDur1Long": 177.07136913697633,
    "xDur2Long": 154.59683341591125,
    "apt1Long": 0.004872842796669026,
    "dur1Short": 40.56513983750362,
    "vEmaUp": 3.0,
    "xApt2Short": 0.002565080116269307,
    "ptLong": 0.003085835494535548,
    "xTpLong": 0.008012558860385845,
    "apt2Short": 0.002299222112355747,
    "cdPeriodShort": 20.920343685739873
   }
  ],
  "lev_stops": true
 },
 "metrics": {
  "n": 361,
  "months": 6.633155153508772,
  "eq": 1264343.6656376899,
  "growth": 1.0767588364559237,
  "liq": false,
  "maxdd": 0.29452246777488567,
  "tpm": 54.42357243958632,
  "sl_hits": 39,
  "worst_mae": -0.05846616541353389,
  "win": 0.8753462603878116,
  "max_hold_days": 2.16875,
  "in_market": 0.4336456901984689,
  "score": 1.0732419567531126
 },
 "strategy": "v7",
 "mode": "lev",
 "method": "vol3",
 "algo": "genetic",
 "per_regime": true,
 "train_end": "2026-04-01",
 "holdout_days": null,
 "max_dd": 0.4,
 "max_hold_days": 5.0,
 "gap_mode": "skip_contaminated",
 "scoring": "classic",
 "anchor": null,
 "anchor_strength": 0.0,
 "evaluated": 100800,
 "generated": "2026-07-21 00:00",
 "holdout": {
  "n": 120,
  "months": 3.0235060307017543,
  "eq": 1232.2557369075948,
  "growth": 0.06907425356785153,
  "liq": false,
  "maxdd": 0.3650883829143224,
  "tpm": 39.68902286996532,
  "sl_hits": 20,
  "worst_mae": -0.049108367626886196,
  "win": 0.8166666666666667,
  "max_hold_days": 3.091666666666667,
  "in_market": 0.4629524694576033,
  "score": -0.08616585461915105
 },
 "holdout_scan": {
  "scanned": 10,
  "pool": 599,
  "reservoir": 299,
  "survivors": 9
 },
 "holdout_survivors": [
  {
   "rank": 3,
   "train_score": 1.0471746437353133,
   "holdout": {
    "n": 125,
    "months": 3.0235060307017543,
    "eq": 1283.9404331448206,
    "growth": 0.08266357335555742,
    "liq": false,
    "maxdd": 0.36785943226859513,
    "tpm": 41.34273215621388,
    "sl_hits": 20,
    "worst_mae": -0.049108367626886196,
    "win": 0.832,
    "max_hold_days": 2.69375,
    "in_market": 0.44855957750628983,
    "score": -0.07813753239025573
   }
  },
  {
   "rank": 1,
   "train_score": 1.0732419567531126,
   "holdout": {
    "n": 120,
    "months": 3.0235060307017543,
    "eq": 1232.2557369075948,
    "growth": 0.06907425356785153,
    "liq": false,
    "maxdd": 0.3650883829143224,
    "tpm": 39.68902286996532,
    "sl_hits": 20,
    "worst_mae": -0.049108367626886196,
    "win": 0.8166666666666667,
    "max_hold_days": 3.091666666666667,
    "in_market": 0.4629524694576033,
    "score": -0.08616585461915105
   }
  },
  {
   "rank": 2,
   "train_score": 1.0583821077380988,
   "holdout": {
    "n": 120,
    "months": 3.0235060307017543,
    "eq": 1192.917636893578,
    "growth": 0.058343558866359245,
    "liq": false,
    "maxdd": 0.42556692446242056,
    "tpm": 39.68902286996532,
    "sl_hits": 21,
    "worst_mae": -0.049108367626886196,
    "win": 0.825,
    "max_hold_days": 3.058333333333333,
    "in_market": 0.4560846800698112,
    "score": -0.035920253857337686
   }
  },
  {
   "rank": 10,
   "train_score": 1.028310526511524,
   "holdout": {
    "n": 121,
    "months": 3.0235060307017543,
    "eq": 971.2948063824355,
    "growth": -0.009632937844715259,
    "liq": false,
    "maxdd": 0.34980898501772206,
    "tpm": 40.01976472721503,
    "sl_hits": 22,
    "worst_mae": -0.049108367626886196,
    "win": 0.8181818181818182,
    "max_hold_days": 2.1625,
    "in_market": 0.45721797864865477,
    "score": -0.1324543879396732
   }
  },
  {
   "rank": 8,
   "train_score": 1.033566542024852,
   "holdout": {
    "n": 124,
    "months": 3.0235060307017543,