{
 "cand": {
  "strategy": "v7",
  "mode": "lev",
  "regs": [
   {
    "xCdPctShort": 0.0017334916432001958,
    "xDur2Long": 320.1715400031443,
    "eXL": 0.0,
    "xDur2Short": 424.8674884008286,
    "vRsi": 0.0,
    "trendBlockZ": 99.0,
    "cdPeriodShort": 240.0,
    "apt1Short": 0.00689396882793893,
    "dur2Short": 95.51881265004339,
    "vMacd": 4.0,
    "eXS": 0.0,
    "dur2Long": 360.0,
    "requireHistPos": 0.0,
    "bbValShort": 1.187538664965588,
    "vEmaDn": 0.0,
    "xTpLong": 0.003543120749592978,
    "cdPctLong": 0.01141027161739793,
    "zXS": 2.82065300325105,
    "leverage": 1.0,
    "dur1Short": 85.17746291701506,
    "slShort": 0.008670245048374152,
    "bbValLong": -0.2868278582864246,
    "cdPctShort": 0.0011620110333918133,
    "ptShort": 0.008702370717676409,
    "zXLmax": -1.074938612656041,
    "vEmaUp": 2.0,
    "slLong": 0.008,
    "apt2Long": 0.007023856444478265,
    "vBB": 2.0,
    "xApt1Long": 0.009896367560658677,
    "vHistN": 2.0,
    "dur1Long": 82.89105904670784,
    "xTpShort": 0.018644551944857438,
    "ptLong": 0.009166978935583653,
    "eS3": 0.0,
    "rsiValShort": 66.71216664098324,
    "zL": -1.707682114376636,
    "xApt2Long": 0.007721325673454093,
    "xMinBetween": 10.898590491113406,
    "xDur1Short": 194.4669461127965,
    "zS": 2.619115271705661,
    "xCdPeriodShort": 84.03796255115732,
    "xApt1Short": 0.009168421464109393,
    "xDur1Long": 133.0468866576934,
    "eL3": 0.0,
    "xApt2Short": 0.00801309050074716,
    "apt1Long": 0.007638188450372502,
    "rsiValLong": 36.4372182069433,
    "apt2Short": 0.0007926798943780024,
    "cdPeriodLong": 60.86763606092322,
    "vX": 3.0
   },
   {
    "xCdPctShort": 0.0036465194111096663,
    "xDur2Long": 689.4637854540986,
    "eXL": 1.0,
    "xDur2Short": 498.0958421684717,
    "vRsi": 0.0,
    "trendBlockZ": 1.0,
    "cdPeriodShort": 115.62895472251606,
    "apt1Short": 0.0058776671046983815,
    "dur2Short": 309.50830872515786,
    "vMacd": 0.0,
    "eXS": 1.0,
    "dur2Long": 201.53805852075655,
    "requireHistPos": 1.0,
    "bbValShort": 1.0017998913210466,
    "vEmaDn": 1.0,
    "xTpLong": 0.019307671703638486,
    "cdPctLong": 0.008655730122871484,
    "zXS": 1.3713386158245247,
    "leverage": 4.0,
    "dur1Short": 51.36825893447445,
    "slShort": 0.03679701475433999,
    "bbValLong": -0.03988644477212108,
    "cdPctShort": 0.008565044727312954,
    "ptShort": 0.006052192200461734,
    "zXLmax": -1.6406273570081575,
    "vEmaUp": 3.0,
    "slLong": 0.039580104008694605,
    "apt2Long": 0.007675986496144891,
    "vBB": 1.0,
    "xApt1Long": 0.013538610021682676,
    "vHistN": 1.0,
    "dur1Long": 4.507738256870041,
    "xTpShort": 0.013448380648067616,
    "ptLong": 0.002,
    "eS3": 0.0,
    "rsiValShort": 74.91454341572864,
    "zL": -1.403495460441336,
    "xApt2Long": 0.009783390775964164,
    "xMinBetween": 24.869630459815596,
    "xDur1Short": 231.459914801443,
    "zS": 2.4961288755729774,
    "xCdPeriodShort": 84.26618058464226,
    "xApt1Short": 0.003759150461596848,
    "xDur1Long": 221.550477819017,
    "eL3": 1.0,
    "xApt2Short": 0.01,
    "apt1Long": 0.003953934070577475,
    "rsiValLong": 76.72593932477142,
    "apt2Short": 0.004901182616962978,
    "cdPeriodLong": 180.2756889881483,
    "vX": 1.0
   },
   {
    "xCdPctShort": 0.003680339890846045,
    "xDur2Long": 200.12723848213028,
    "eXL": 1.0,
    "xDur2Short": 607.7402459843282,
    "vRsi": 3.0,
    "trendBlockZ": 99.0,
    "cdPeriodShort": 49.69041054587896,
    "apt1Short": 0.01756554952852817,
    "dur2Short": 207.77926622941862,
    "vMacd": 3.0,
    "eXS": 1.0,
    "dur2Long": 331.9133392041525,
    "requireHistPos": 0.0,
    "bbValShort": 0.7141371534148437,
    "vEmaDn": 2.0,
    "xTpLong": 0.011915514598063384,
    "cdPctLong": 0.00252090532374941,
    "zXS": 1.2785420089741102,
    "leverage": 3.0,
    "dur1Short": 1.9755220938419846,
    "slShort": 0.037861158030249385,
    "bbValLong": 0.18956118269293296,
    "cdPctShort": 0.0025231295415063144,
    "ptShort": 0.014587812270156193,
    "zXLmax": -2.4647391634133307,
    "vEmaUp": 2.0,
    "slLong": 0.02682498439978485,
    "apt2Long": 0.009751350237474036,
    "vBB": 3.0,
    "xApt1Long": 0.0031393751649323428,
    "vHistN": 1.0,
    "dur1Long": 51.067061176299035,
    "xTpShort": 0.01866049135743727,
    "ptLong": 0.01633865266603774,
    "eS3": 0.0,
    "rsiValShort": 73.45026637626367,
    "zL": -3.0,
    "xApt2Long": 0.01,
    "xMinBetween": 20.12894589518738,
    "xDur1Short": 224.57827626517886,
    "zS": 1.7512301336570608,
    "xCdPeriodShort": 3.0,
    "xApt1Short": 0.0033639667360449974,
    "xDur1Long": 219.92916087254412,
    "eL3": 1.0,
    "xApt2Short": 0.0070391845157758886,
    "apt1Long": 0.011389135367810803,
    "rsiValLong": 85.0,
    "apt2Short": 0.0005475928184945666,
    "cdPeriodLong": 205.93834863795945,
    "vX": 4.0
   }
  ],
  "lev_stops": true
 },
 "metrics": {
  "n": 236,
  "months": 12.555235745614036,
  "eq": 582985.3239904451,
  "growth": 0.5072116638670056,
  "liq": false,
  "maxdd": 0.3699334036882713,
  "tpm": 18.79693896488106,
  "sl_hits": 18,
  "worst_mae": -0.0693427230046948,
  "win": 0.923728813559322,
  "max_hold_days": 2.0458333333333334,
  "in_market": 0.1478226695632239,
  "score": 0.33322166056511543
 },
 "strategy": "v7",
 "mode": "lev",
 "method": "vol3",
 "algo": "genetic",
 "per_regime": true,
 "train_end": null,
 "holdout_days": 21.0,
 "max_dd": 0.4,
 "max_hold_days": 5.0,
 "gap_mode": "skip_contaminated",
 "scoring": "recent",
 "anchor": null,
 "anchor_strength": 0.0,
 "evaluated": 100800,
 "generated": "2026-07-21 00:14",
 "holdout": {
  "n": 223,
  "months": 11.91467927631579,
  "eq": 438.0958573504521,
  "growth": -0.06926896822079567,
  "liq": false,
  "maxdd": 0.4378260834402518,
  "tpm": 18.71640812382448,
  "sl_hits": 48,
  "worst_mae": -0.10973242492292468,
  "win": 0.7847533632286996,
  "max_hold_days": 2.316666666666667,
  "in_market": 0.17192092442726578,
  "score": -0.05822396738716639
 },
 "holdout_scan": {
  "scanned": 10,
  "pool": 598,
  "reservoir": 298,
  "survivors": 10
 },
 "holdout_survivors": [
  {
   "rank": 9,
   "train_score": 0.3243464103259786,
   "holdout": {
    "n": 258,
    "months": 11.91467927631579,
    "eq": 1024.3132846851972,
    "growth": 0.0020162038226008033,
    "liq": false,
    "maxdd": 0.4298967941499786,
    "tpm": 21.65396096837092,
    "sl_hits": 57,
    "worst_mae": -0.10973242492292468,
    "win": 0.7790697674418605,
    "max_hold_days": 2.316666666666667,
    "in_market": 0.1783629262793413,
    "score": -0.02976952481592989
   }
  },
  {
   "rank": 7,
   "train_score": 0.3254446600213713,
   "holdout": {
    "n": 225,
    "months": 11.91467927631579,
    "eq": 638.8268139848193,
    "growth": -0.03761090647715265,
    "liq": false,
    "maxdd": 0.5052609076155603,
    "tpm": 18.88426828636999,
    "sl_hits": 44,
    "worst_mae": -0.10973242492292468,
    "win": 0.8044444444444444,
    "max_hold_days": 2.4895833333333335,
    "in_market": 0.17251911031352993,
    "score": -0.08294530113285806
   }
  },
  {
   "rank": 1,
   "train_score": 0.33322166056511543,
   "holdout": {
    "n": 223,
    "months": 11.91467927631579,
    "eq": 438.0958573504521,
    "growth": -0.06926896822079567,
    "liq": false,
    "maxdd": 0.4378260834402518,
    "tpm": 18.71640812382448,
    "sl_hits": 48,
    "worst_mae": -0.10973242492292468,
    "win": 0.7847533632286996,
    "max_hold_days": 2.316666666666667,
    "in_market": 0.17192092442726578,
    "score": -0.05822396738716639
   }
  },
  {
   "rank": 6,
   "train_score": 0.3257424849766713,
   "holdout": {
    "n": 234,
    "months": 11.91467927631579,
    "eq": 415.0185445363122,
    "growth": -0.07381080545477162,
    "liq": false,
    "maxdd": 0.506276680307462,
    "tpm": 19.639639017824788,
    "sl_hits": 52,
    "worst_mae": -0.10973242492292468,
    "win": 0.7777777777777778,
    "max_hold_days": 2.316666666666667,
    "in_market": 0.17762669749624696,