{"pool": [[-0.20716846261359903, {"strategy": "macdx", "tpL": [0.01, 0.01, 0.01], "tpS": [0.01, 0.01, 0.01], "slL": [0.01, 0.01, 0.01], "slS": [0.01, 0.01, 0.01], "minT": [1.0, 1.0, 1.0], "mMinS": [0.0, 0.0, 0.0], "mMaxL": [0.0, 0.0, 0.0], "hrb": [2.0, 2.0, 2.0], "reqH": [1.0, 1.0, 1.0], "a1L": [0.009000000000000001, 0.009000000000000001, 0.009000000000000001], "a2L": [0.00407, 0.00407, 0.00407], "d1L": [1.0, 1.0, 1.0], "d2L": [72.0, 72.0, 72.0], "cdPL": [0.00402, 0.00402, 0.00402], "cdTL": [90.0, 90.0, 90.0], "a1S": [0.009000000000000001, 0.009000000000000001, 0.009000000000000001], "a2S": [0.0055000000000000005, 0.0055000000000000005, 0.0055000000000000005], "d1S": [24.0, 24.0, 24.0], "d2S": [64.0, 64.0, 64.0], "cdPS": [0.0031, 0.0031, 0.0031], "cdTS": [70.0, 70.0, 70.0], "eL": [1.0, 1.0, 1.0], "eS": [0.0, 0.0, 0.0], "lev": [1.0, 1.0, 1.0]}, {"n": 1894, "months": 14.81640625, "eq": 74.4204901831021, "growth": -0.17534778174521365, "liq": false, "maxdd": 0.9315982635712425, "tpm": 127.83126812549433, "sl_hits": 990, "worst_mae": -0.03308042488619112, "win": 0.47729672650475186, "max_hold_days": 1.4645833333333333, "in_market": 0.3624173801231262, "score": -0.20716846261359903}], [-0.20716846261359903, {"strategy": "macdx", "tpL": [0.01, 0.01, 0.01], "tpS": [0.01, 0.01, 0.01], "slL": [0.01, 0.01, 0.01], "slS": [0.01, 0.01, 0.01], "minT": [1.0, 1.0, 1.0], "mMinS": [0.0, 0.0, 0.0], "mMaxL": [0.0, 0.0, 0.0], "hrb": [2.0, 2.0, 2.0], "reqH": [1.0, 1.0, 1.0], "a1L": [0.009000000000000001, 0.009000000000000001, 0.009000000000000001], "a2L": [0.00407, 0.00407, 0.00407], "d1L": [1.0, 1.0, 1.0], "d2L": [72.0, 72.0, 72.0], "cdPL": [0.00402, 0.00402, 0.00402], "cdTL": [90.0, 90.0, 90.0], "a1S": [0.009000000000000001, 0.009000000000000001, 0.009000000000000001], "a2S": [0.0055000000000000005, 0.0055000000000000005, 0.0055000000000000005], "d1S": [24.0, 24.0, 24.0], "d2S": [64.0, 64.0, 64.0], "cdPS": [0.0031, 0.0031, 0.0031], "cdTS": [70.0, 70.0, 70.0], "eL": [1.0, 1.0, 1.0], "eS": [0.0, 0.0, 0.0], "lev": [1.0, 1.0, 1.0]}, {"n": 1894, "months": 14.81640625, "eq": 74.4204901831021, "growth": -0.17534778174521365, "liq": false, "maxdd": 0.9315982635712425, "tpm": 127.83126812549433, "sl_hits": 990, "worst_mae": -0.03308042488619112, "win": 0.47729672650475186, "max_hold_days": 1.4645833333333333, "in_market": 0.3624173801231262, "score": -0.20716846261359903}], [-0.20716846261359903, {"strategy": "macdx", "tpL": [0.01, 0.01, 0.01], "tpS": [0.01, 0.01, 0.01], "slL": [0.01, 0.01, 0.01], "slS": [0.01, 0.01, 0.01], "minT": [1.0, 1.0, 1.0], "mMinS": [0.0, 0.0, 0.0], "mMaxL": [0.0, 0.0, 0.0], "hrb": [2.0, 2.0, 2.0], "reqH": [1.0, 1.0, 1.0], "a1L": [0.009000000000000001, 0.009000000000000001, 0.009000000000000001], "a2L": [0.00407, 0.00407, 0.00407], "d1L": [1.0, 1.0, 1.0], "d2L": [72.0, 72.0, 72.0], "cdPL": [0.00402, 0.00402, 0.00402], "cdTL": [90.0, 90.0, 90.0], "a1S": [0.009000000000000001, 0.009000000000000001, 0.009000000000000001], "a2S": [0.0055000000000000005, 0.0055000000000000005, 0.0055000000000000005], "d1S": [24.0, 24.0, 24.0], "d2S": [64.0, 64.0, 64.0], "cdPS": [0.0031, 0.0031, 0.0031], "cdTS": [70.0, 70.0, 70.0], "eL": [1.0, 1.0, 1.0], "eS": [0.0, 0.0, 0.0], "lev": [1.0, 1.0, 1.0]}, {"n": 1894, "months": 14.81640625, "eq": 74.4204901831021, "growth": -0.17534778174521365, "liq": false, "maxdd": 0.9315982635712425, "tpm": 127.83126812549433, "sl_hits": 990, "worst_mae": -0.03308042488619112, "win": 0.47729672650475186, "max_hold_days": 1.4645833333333333, "in_market": 0.3624173801231262, "score": -0.20716846261359903}]], "evaluated": 100800, "seed_base": 1080, "reservoir": [], "res_seen": 0, "runtime_s": 66.44821405410767}