{
 "cand": {
  "strategy": "macdx",
  "tpL": [
   0.018979452476347643,
   0.027566651888828984,
   0.02073706811053476
  ],
  "tpS": [
   0.013939754962542683,
   0.012745108297030612,
   0.019240274801899142
  ],
  "slL": [
   0.017019057031841544,
   0.024331906049470196,
   0.0041206682765048035
  ],
  "slS": [
   0.027206520342901948,
   0.01722064094994539,
   0.02627615734277071
  ],
  "minT": [
   20.14137664629066,
   5.8388442858776575,
   6.895802156965163
  ],
  "mMinS": [
   0.3022653212904468,
   0.037919071445352365,
   0.5
  ],
  "mMaxL": [
   -0.1291987717553787,
   0.06823984232395866,
   0.2
  ],
  "hrb": [
   7.0,
   4.0,
   2.0
  ],
  "reqH": [
   0.0,
   0.0,
   0.0
  ],
  "a1L": [
   0.008523060827208578,
   0.009733672139063575,
   0.002918916944602532
  ],
  "a2L": [
   0.006198647327779597,
   0.0012861713239336711,
   0.0005868538952900428
  ],
  "d1L": [
   27.751990865847738,
   5.760643651344557,
   41.12657293284207
  ],
  "d2L": [
   94.95368164259237,
   89.26266332074267,
   61.50560278984979
  ],
  "cdPL": [
   0.0007101015624952374,
   0.0008244650454694656,
   0.0005
  ],
  "cdTL": [
   66.25226777981995,
   56.297428377659436,
   171.98238522974117
  ],
  "a1S": [
   0.004851065912588196,
   0.001,
   0.003192364795408619
  ],
  "a2S": [
   0.0,
   0.00025015248291031423,
   0.0011857940414304335
  ],
  "d1S": [
   27.838341072745948,
   16.21222363356332,
   10.59326234605162
  ],
  "d2S": [
   37.75763495698049,
   120.0,
   43.62778528376031
  ],
  "cdPS": [
   0.0014183607443709338,
   0.0019279976128220948,
   0.002717052352572573
  ],
  "cdTS": [
   234.17529955168965,
   190.62677278115632,
   211.4615714457626
  ],
  "eL": [
   1.0,
   1.0,
   1.0
  ],
  "eS": [
   1.0,
   1.0,
   0.0
  ],
  "lev": [
   9.583475098362998,
   10.0,
   8.323661006535195
  ]
 },
 "metrics": {
  "n": 32,
  "months": 14.81640625,
  "eq": 122552.49643923015,
  "growth": 0.3245415520749366,
  "liq": false,
  "maxdd": 0.07474974428912486,
  "tpm": 2.159767993672555,
  "sl_hits": 0,
  "worst_mae": -0.016843971631205656,
  "win": 0.9375,
  "max_hold_days": 0.44166666666666665,
  "in_market": 0.018020268176372912,
  "score": 0.6672885282463186
 },
 "strategy": "macdx",
 "mode": "spot",
 "method": "vol3",
 "algo": "genetic",
 "per_regime": true,
 "train_end": "2025-09-01",
 "holdout_days": null,
 "max_dd": 0.1,
 "max_hold_days": 0.5,
 "gap_mode": "skip_contaminated",
 "scoring": "underwater",
 "anchor": null,
 "anchor_strength": 0.0,
 "evaluated": 200200,
 "generated": "2026-07-12 16:58",
 "holdout": {
  "n": 82,
  "months": 9.656661184210527,
  "eq": 119.26401708257316,
  "growth": -0.22020194888155528,
  "liq": false,
  "maxdd": 0.9152072235086173,
  "tpm": 8.491547796465829,
  "sl_hits": 30,
  "worst_mae": -0.03970807502158047,
  "win": 0.5975609756097561,
  "max_hold_days": 2.375,
  "in_market": 0.14543325526932085,
  "score": -0.3355885927734218
 },
 "holdout_scan": {
  "scanned": 10,
  "pool": 590,
  "reservoir": 290,
  "survivors": 0
 },
 "holdout_survivors": [],
 "holdout_top10": [
  {
   "rank": 4,
   "train_score": 0.6537122072902773,
   "holdout": {
    "n": 90,
    "months": 9.656661184210527,
    "eq": 177.86045354464756,
    "growth": -0.17881501401623429,
    "liq": false,
    "maxdd": 0.9132613730985001,
    "tpm": 9.319991483925909,
    "sl_hits": 25,
    "worst_mae": -0.03970807502158047,
    "win": 0.6555555555555556,
    "max_hold_days": 1.9395833333333334,
    "in_market": 0.1696969696969697,
    "score": -0.3455635693090352
   }
  },
  {
   "rank": 8,
   "train_score": 0.6508890401255356,
   "holdout": {
    "n": 90,
    "months": 9.656661184210527,
    "eq": 174.9007399237928,
    "growth": -0.18055274314314188,
    "liq": false,
    "maxdd": 0.9145496658524365,
    "tpm": 9.319991483925909,
    "sl_hits": 25,
    "worst_mae": -0.03970807502158047,
    "win": 0.6555555555555556,
    "max_hold_days": 1.9395833333333334,
    "in_market": 0.1699027748208076,
    "score": -0.35314099191398945
   }
  },
  {
   "rank": 7,
   "train_score": 0.6527448731624934,
   "holdout": {
    "n": 90,
    "months": 9.656661184210527,
    "eq": 152.46868252754743,
    "growth": -0.1947667033792573,
    "liq": false,
    "maxdd": 0.9207122465665034,
    "tpm": 9.319991483925909,
    "sl_hits": 27,
    "worst_mae": -0.03970807502158047,
    "win": 0.6555555555555556,
    "max_hold_days": 2.0458333333333334,
    "in_market": 0.16553828684976227,
    "score": -0.3544890923458612
   }
  },
  {
   "rank": 1,
   "train_score": 0.6672885282463186,
   "holdout": {
    "n": 82,
    "months": 9.656661184210527,
    "eq": 119.26401708257316,
    "growth": -0.22020194888155528,
    "liq": false,
    "maxdd": 0.9152072235086173,
    "tpm": 8.491547796465829,
    "sl_hits": 30,
    "worst_mae": -0.03970807502158047,
    "win": 0.5975609756097561,
    "max_hold_days": 2.375,
    "in_market": 0.14543325526932085,
    "score": -0.3355885927734218
   }
  },
  {
   "rank": 5,
   "train_score": 0.6535045889076845,
   "holdout": {
    "n": 95,
    "months": 9.656661184210527,
    "eq": 96.45777289145505,
    "growth": -0.24217997384511117,
    "liq": false,
    "maxdd": 0.9333764046118439,
    "tpm": 9.837768788588459,
    "sl_hits": 29,
    "worst_mae": -0.05065975494816222,
    "win": 0.6631578947368421,
    "max_hold_days": 2.372916666666667,
    "in_market": 0.18016464409907032,
    "score": -0.5051484691432397
   }
  },
  {
   "rank": 9,
   "train_score": 0.6484398063587601,
   "holdout": {
    "n": 88,
    "months": 9.656661184210527,
    "eq": 95.23527510033894,
    "growth": -0.24350081505325005,
    "liq": false,
    "maxdd": 0.9377484456714583,
    "tpm": 9.112880562060889,
    "sl_hits": 27,
    "worst_mae": -0.0501921772552566,
    "win": 0.6590909090909091,
    "max_hold_days": 2.38125,
    "in_market": 0.1678234333972039,
    "score": -0.36993428158600883
   }
  },
  {
   "rank": 3,
   "train_score": 0.6538443363249387,
   "holdout": {
    "n": 90,
    "months": 9.656661184210527,
    "eq": 91.73868841450158,
    "growth": -0.24737443316218297,
    "liq": false,
    "maxdd": 0.9321129493346552,
    "tpm": 9.319991483925909,
    "sl_hits": 31,
    "worst_mae": -0.03970807502158047,
    "win": 0.6111111111111112,
    "max_hold_days": 1.6875,
    "in_market": 0.14971967922787596,
    "score": -0.3687888585136445
   }
  },
  {
   "rank": 2,
   "train_score": 0.6574837979204857,
   "holdout": {
    "n": 87,
    "months": 9.656661184210527,
    "eq": 68.1806065126636,
    "growth": -0.27810804017301965,
    "liq": false,
    "maxdd": 0.9521741204182446,
    "tpm": 9.009325101128379,
    "sl_hits": 35,
    "worst_mae": -0.03970807502158047,
    "win": 0.5632183908045977,
    "max_hold_days": 1.8916666666666666,
    "in_market": 0.13694556809310907,
    "score": -0.46446574342128605
   }
  },
  {
   "rank": 10,
   "train_score": 0.6463185630201861,
   "holdout": {
    "n": 89,
    "months": 9.656661184210527,
    "eq": 49.72777699813048,
    "growth": -0.31078978038360927,
    "liq": false,
    "maxdd": 0.9720414630582127,
    "tpm": 9.216436022993399,
    "sl_hits": 26,
    "worst_mae": -0.0501921772552566,
    "win": 0.651685393258427,
    "max_hold_days": 2.377083333333333,
    "in_market": 0.17115889574905968,
    "score": -0.5105299973949572
   }
  },
  {
   "rank": 6,
   "train_score": 0.6533183485100406,
   "holdout": {
    "n": 81,
    "months": 9.656661184210527,
    "eq": 15.101874678135548,
    "growth": -0.43420146073399035,
    "liq": false,
    "maxdd": 0.9876724676202037,
    "tpm": 8.387992335533319,
    "sl_hits": 29,
    "worst_mae": -0.03970807502158047,
    "win": 0.6296296296296297,
    "max_hold_days": 2.0229166666666667,
    "in_market": 0.1652615144418423,
    "score": -0.6525618418321092
   }
  }
 ]
}