{
 "cand": {
  "strategy": "prime",
  "tv": 1,
  "zL": [
   -0.8,
   -1.8818197312421625,
   -1.2196314984669436
  ],
  "zS": [
   2.8,
   1.8114514646498938,
   2.0386819661559743
  ],
  "rsiL": [
   56.34640700768918,
   34.38852163988484,
   44.09975447519187
  ],
  "rsiS": [
   70.21457885420078,
   53.59170890809838,
   50.0
  ],
  "bbL": [
   -0.04898958721778263,
   0.22357715308646742,
   0.20188095084583824
  ],
  "bbS": [
   0.9685604255217725,
   1.150233804013547,
   1.4992995059105494
  ],
  "ptL": [
   0.012050360306594118,
   0.02,
   0.02
  ],
  "a1L": [
   0.004858117664728514,
   0.017741832293686727,
   0.019244393031877523
  ],
  "a2L": [
   0.0034970298607529798,
   0.012368166741359914,
   0.015
  ],
  "d1L": [
   44.02208925117772,
   90.0,
   51.306872640279224
  ],
  "d2L": [
   104.39524996407815,
   192.60543496509055,
   323.4601427885892
  ],
  "ptS": [
   0.009907424008083306,
   0.016449323473957576,
   0.014383491964165888
  ],
  "a1S": [
   0.003463480538287529,
   0.01504008210815194,
   0.008295676939864695
  ],
  "a2S": [
   0.0,
   0.004672858801562086,
   0.0033658482436057574
  ],
  "d1S": [
   75.95648777859297,
   85.19123569381395,
   78.87464919294585
  ],
  "d2S": [
   94.26561552516233,
   360.0,
   90.0
  ],
  "cdPL": [
   0.0008916480675227915,
   0.001787259724565169,
   0.0020485799099114036
  ],
  "cdTL": [
   165.30615451715096,
   117.42201953234593,
   119.8712928946394
  ],
  "cdPS": [
   0.00470158756918998,
   0.0033093989144424,
   0.009339643927644898
  ],
  "cdTS": [
   236.92618492711418,
   168.41983127019472,
   19.22086045293952
  ],
  "eL3": [
   1.0,
   1.0,
   1.0
  ],
  "eS3": [
   0.0,
   1.0,
   0.0
  ],
  "lev": [
   1.0,
   4.0,
   4.0
  ],
  "sl": 0.0,
  "lev_stops": true
 },
 "metrics": {
  "n": 49,
  "months": 12.555235745614036,
  "eq": 22072.922504123588,
  "growth": 0.2464590624946096,
  "liq": false,
  "maxdd": 0.29110590988882373,
  "tpm": 3.902754276606661,
  "sl_hits": 0,
  "worst_mae": -0.07082743725329566,
  "win": 1.0,
  "max_hold_days": 4.10625,
  "in_market": 0.08399288232918135,
  "score": 0.34806856794854174
 },
 "strategy": "prime",
 "mode": "lev",
 "method": "trend3",
 "algo": "genetic",
 "per_regime": true,
 "train_end": null,
 "holdout_days": 21.0,
 "max_dd": 0.4,
 "max_hold_days": 5.0,
 "gap_mode": "skip_contaminated",
 "scoring": "classic",
 "anchor": null,
 "anchor_strength": 0.0,
 "evaluated": 151200,
 "generated": "2026-07-21 00:31",
 "holdout": {
  "n": 43,
  "months": 11.91467927631579,
  "eq": 88.38069780121066,
  "growth": -0.20362291150112635,
  "liq": false,
  "maxdd": 0.9752098334288948,
  "tpm": 3.608993494728487,
  "sl_hits": 8,
  "worst_mae": -0.12868725202691045,
  "win": 0.813953488372093,
  "max_hold_days": 8.220833333333333,
  "in_market": 0.20141609004998304,
  "score": -0.2514207736376728
 },
 "holdout_scan": {
  "scanned": 10,
  "pool": 598,
  "reservoir": 298,
  "survivors": 0
 },
 "holdout_survivors": [],
 "holdout_top10": [
  {
   "rank": 4,
   "train_score": 0.34608964995712227,
   "holdout": {
    "n": 44,
    "months": 11.91467927631579,
    "eq": 91.57021939584806,
    "growth": -0.2006473796304082,
    "liq": false,
    "maxdd": 0.9734042266641233,
    "tpm": 3.692923576001242,
    "sl_hits": 8,
    "worst_mae": -0.12868725202691045,
    "win": 0.8181818181818182,
    "max_hold_days": 8.220833333333333,
    "in_market": 0.20236513496569059,
    "score": -0.24927772366772896
   }
  },
  {
   "rank": 1,
   "train_score": 0.34806856794854174,
   "holdout": {
    "n": 43,
    "months": 11.91467927631579,
    "eq": 88.38069780121066,
    "growth": -0.20362291150112635,
    "liq": false,
    "maxdd": 0.9752098334288948,
    "tpm": 3.608993494728487,
    "sl_hits": 8,
    "worst_mae": -0.12868725202691045,
    "win": 0.813953488372093,
    "max_hold_days": 8.220833333333333,
    "in_market": 0.20141609004998304,
    "score": -0.2514207736376728
   }
  },
  {
   "rank": 8,
   "train_score": 0.3454197337292243,
   "holdout": {
    "n": 43,
    "months": 11.91467927631579,
    "eq": 87.96777415516307,
    "growth": -0.20401596031097022,
    "liq": false,
    "maxdd": 0.9754958370085758,
    "tpm": 3.608993494728487,
    "sl_hits": 8,
    "worst_mae": -0.12868725202691045,
    "win": 0.813953488372093,
    "max_hold_days": 8.220833333333333,
    "in_market": 0.20138733111314341,
    "score": -0.25174869829985863
   }
  },
  {
   "rank": 3,
   "train_score": 0.3467359007184285,
   "holdout": {
    "n": 43,
    "months": 11.91467927631579,
    "eq": 81.58576274895303,
    "growth": -0.2103372193435577,
    "liq": false,
    "maxdd": 0.9763108507228473,
    "tpm": 3.608993494728487,
    "sl_hits": 8,
    "worst_mae": -0.12868725202691045,
    "win": 0.813953488372093,
    "max_hold_days": 8.220833333333333,
    "in_market": 0.2017151829931151,
    "score": -0.25516424482856137
   }
  },
  {
   "rank": 5,
   "train_score": 0.34595607081989727,
   "holdout": {
    "n": 41,
    "months": 11.91467927631579,
    "eq": 79.9546974411069,
    "growth": -0.21203215194507447,
    "liq": false,
    "maxdd": 0.9763438813704569,
    "tpm": 3.441133332182976,
    "sl_hits": 8,
    "worst_mae": -0.12868725202691045,
    "win": 0.8048780487804879,
    "max_hold_days": 8.220833333333333,
    "in_market": 0.19982859673643585,
    "score": -0.2678159552208731
   }
  },
  {
   "rank": 7,
   "train_score": 0.3455749596969567,
   "holdout": {
    "n": 42,
    "months": 11.91467927631579,
    "eq": 79.67129936404366,
    "growth": -0.21233016917418943,
    "liq": false,
    "maxdd": 0.9756420289762692,
    "tpm": 3.5250634134557313,
    "sl_hits": 8,
    "worst_mae": -0.12868725202691045,
    "win": 0.8095238095238095,
    "max_hold_days": 8.220833333333333,
    "in_market": 0.20116876319316226,
    "score": -0.25638774059907665
   }
  },
  {
   "rank": 6,
   "train_score": 0.3456655553333636,
   "holdout": {
    "n": 41,
    "months": 11.91467927631579,
    "eq": 78.66416768006309,
    "growth": -0.2133978994266536,
    "liq": false,
    "maxdd": 0.9767853413539012,
    "tpm": 3.441133332182976,
    "sl_hits": 8,
    "worst_mae": -0.12868725202691045,
    "win": 0.8048780487804879,
    "max_hold_days": 8.220833333333333,
    "in_market": 0.20008167538062452,
    "score": -0.26901121518207755
   }
  },
  {
   "rank": 9,
   "train_score": 0.34537254677075135,
   "holdout": {
    "n": 43,
    "months": 11.91467927631579,
    "eq": 78.57392837080727,
    "growth": -0.21349423477516735,
    "liq": false,
    "maxdd": 0.9763746321174196,
    "tpm": 3.608993494728487,
    "sl_hits": 8,
    "worst_mae": -0.12868725202691045,
    "win": 0.813953488372093,
    "max_hold_days": 8.220833333333333,
    "in_market": 0.2002139664900868,
    "score": -0.25629428813855193
   }
  },
  {
   "rank": 2,
   "train_score": 0.34686368196370504,
   "holdout": {
    "n": 41,
    "months": 11.91467927631579,
    "eq": 75.88442061633428,
    "growth": -0.21641739721414324,
    "liq": false,
    "maxdd": 0.9768513397851452,
    "tpm": 3.441133332182976,
    "sl_hits": 8,
    "worst_mae": -0.12868725202691045,
    "win": 0.8048780487804879,
    "max_hold_days": 8.220833333333333,
    "in_market": 0.20002415750694527,
    "score": -0.270872388883941
   }
  },
  {
   "rank": 10,
   "train_score": 0.34515501326092607,
   "holdout": {
    "n": 41,
    "months": 11.91467927631579,
    "eq": 71.77627495622457,
    "growth": -0.2210887283498796,
    "liq": false,
    "maxdd": 0.9763303788805915,
    "tpm": 3.441133332182976,
    "sl_hits": 8,
    "worst_mae": -0.12868725202691045,
    "win": 0.8048780487804879,
    "max_hold_days": 8.220833333333333,
    "in_market": 0.20001840571957735,
    "score": -0.27276779411951235
   }
  }
 ]
}