{
 "cand": {
  "strategy": "scalpx2",
  "tpL": [
   0.02,
   0.02,
   0.01721451908521499
  ],
  "tpS": [
   0.003884647839627707,
   0.02,
   0.02
  ],
  "rsiOB": [
   66.59939399079987,
   79.58606732180193,
   78.26581683312696
  ],
  "rsiOS": [
   35.074844716647,
   24.576779328191346,
   28.72778047092013
  ],
  "useCvd": [
   0.0,
   0.0,
   1.0
  ],
  "useEma": [
   1.0,
   1.0,
   1.0
  ],
  "eL": [
   1.0,
   1.0,
   1.0
  ],
  "eS": [
   1.0,
   0.0,
   1.0
  ],
  "lev": [
   9.0,
   9.0,
   9.0
  ],
  "sl": 0.05,
  "slOn": 0.0,
  "vR": [
   0.0,
   0.0,
   0.0
  ],
  "vC": [
   1.0,
   0.0,
   2.0
  ],
  "vP": [
   1.0,
   2.0,
   2.0
  ],
  "vE": [
   2.0,
   0.0,
   0.0
  ]
 },
 "metrics": {
  "n": 40,
  "months": 12.623766447368421,
  "eq": 117858.59970192293,
  "growth": 0.377817953001218,
  "liq": false,
  "maxdd": 0.537497150672442,
  "tpm": 3.168626429106544,
  "sl_hits": 0,
  "worst_mae": -0.05704077861278789,
  "win": 1.0,
  "max_hold_days": 2.1166666666666667,
  "in_market": 0.04877691280414319,
  "score": 0.33438745417831683
 },
 "strategy": "scalpx2",
 "mode": "lev",
 "method": "vol3",
 "algo": "genetic",
 "per_regime": true,
 "train_end": null,
 "holdout_days": 21.0,
 "max_dd": null,
 "max_hold_days": 5.0,
 "gap_mode": "skip_contaminated",
 "scoring": "recent",
 "anchor": null,
 "anchor_strength": 0.0,
 "evaluated": 100800,
 "generated": "2026-07-20 21:19",
 "holdout": {
  "n": 4,
  "months": 1.8029057017543861,
  "eq": 0.0,
  "growth": -15.325827129528255,
  "liq": true,
  "maxdd": 1.0,
  "tpm": 2.2186407176524248,
  "sl_hits": 0,
  "worst_mae": -0.10521285701532823,
  "win": 0.75,
  "max_hold_days": 5.345833333333333,
  "in_market": 0.145849171354721,
  "score": -15.325827129528255
 },
 "holdout_scan": {
  "scanned": 594,
  "pool": 594,
  "reservoir": 294,
  "survivors": 3
 },
 "holdout_survivors": [
  {
   "rank": 560,
   "train_score": 0.06203879460598177,
   "holdout": {
    "n": 30,
    "months": 11.983209978070173,
    "eq": 2213.017483616689,
    "growth": 0.06628916316292907,
    "liq": false,
    "maxdd": 0.26854841489905557,
    "tpm": 2.503502822273947,
    "sl_hits": 0,
    "worst_mae": -0.03192307692307694,
    "win": 1.0,
    "max_hold_days": 0.8,
    "in_market": 0.010391229504915389,
    "score": 0.04289710566856152
   }
  },
  {
   "rank": 447,
   "train_score": 0.0065949798295944,
   "holdout": {
    "n": 47,
    "months": 11.983209978070173,
    "eq": 1187.1223694012817,
    "growth": 0.014314378363697169,
    "liq": false,
    "maxdd": 0.07731761463676026,
    "tpm": 3.922154421562517,
    "sl_hits": 0,
    "worst_mae": -0.06386949193354186,
    "win": 1.0,
    "max_hold_days": 1.90625,
    "in_market": 0.018592122796081415,
    "score": 0.005497509901488137
   }
  },
  {
   "rank": 354,
   "train_score": 0.00807613416699837,
   "holdout": {
    "n": 31,
    "months": 11.983209978070173,
    "eq": 1156.2448328530731,
    "growth": 0.012115079450027617,
    "liq": false,
    "maxdd": 0.07932510736296437,
    "tpm": 2.586952916349745,
    "sl_hits": 0,
    "worst_mae": -0.0196190204740867,
    "win": 1.0,
    "max_hold_days": 0.2791666666666667,
    "in_market": 0.0031339536426492204,
    "score": 0.0073332978501009834
   }
  }
 ],
 "holdout_top10": [
  {
   "rank": 560,
   "train_score": 0.06203879460598177,
   "holdout": {
    "n": 30,
    "months": 11.983209978070173,
    "eq": 2213.017483616689,
    "growth": 0.06628916316292907,
    "liq": false,
    "maxdd": 0.26854841489905557,
    "tpm": 2.503502822273947,
    "sl_hits": 0,
    "worst_mae": -0.03192307692307694,
    "win": 1.0,
    "max_hold_days": 0.8,
    "in_market": 0.010391229504915389,
    "score": 0.04289710566856152
   }
  },
  {
   "rank": 432,
   "train_score": 0.028583350484165406,
   "holdout": {
    "n": 54,
    "months": 11.983209978070173,
    "eq": 2092.8917655652053,
    "growth": 0.06163179405985342,
    "liq": false,
    "maxdd": 0.9318937105661946,
    "tpm": 4.506305080093105,
    "sl_hits": 0,
    "worst_mae": -0.21675759302988362,
    "win": 1.0,
    "max_hold_days": 7.077083333333333,
    "in_market": 0.06183839550723726,
    "score": 0.030532447410441865
   }
  },
  {
   "rank": 386,
   "train_score": 0.010066355197613673,
   "holdout": {
    "n": 35,
    "months": 11.983209978070173,
    "eq": 1202.8065449696073,
    "growth": 0.015409695223566935,
    "liq": false,
    "maxdd": 0.38879931714719257,
    "tpm": 2.9207532926529383,
    "sl_hits": 0,
    "worst_mae": -0.13217038384954694,
    "win": 1.0,
    "max_hold_days": 19.975,
    "in_market": 0.09567136950342847,
    "score": 0.009904792905997013
   }
  },
  {
   "rank": 447,
   "train_score": 0.0065949798295944,
   "holdout": {
    "n": 47,
    "months": 11.983209978070173,
    "eq": 1187.1223694012817,
    "growth": 0.014314378363697169,
    "liq": false,
    "maxdd": 0.07731761463676026,
    "tpm": 3.922154421562517,
    "sl_hits": 0,
    "worst_mae": -0.06386949193354186,
    "win": 1.0,
    "max_hold_days": 1.90625,
    "in_market": 0.018592122796081415,
    "score": 0.005497509901488137
   }
  },
  {
   "rank": 354,
   "train_score": 0.00807613416699837,
   "holdout": {
    "n": 31,
    "months": 11.983209978070173,
    "eq": 1156.2448328530731,
    "growth": 0.012115079450027617,
    "liq": false,
    "maxdd": 0.07932510736296437,
    "tpm": 2.586952916349745,
    "sl_hits": 0,
    "worst_mae": -0.0196190204740867,
    "win": 1.0,
    "max_hold_days": 0.2791666666666667,
    "in_market": 0.0031339536426492204,
    "score": 0.0073332978501009834
   }
  },
  {
   "rank": 1,
   "train_score": 0.33438745417831683,
   "holdout": {
    "n": 4,
    "months": 1.8029057017543861,
    "eq": 0.0,
    "growth": -15.325827129528255,
    "liq": true,
    "maxdd": 1.0,
    "tpm": 2.2186407176524248,
    "sl_hits": 0,
    "worst_mae": -0.10521285701532823,
    "win": 0.75,
    "max_hold_days": 5.345833333333333,
    "in_market": 0.145849171354721,
    "score": -15.325827129528255
   }
  },
  {
   "rank": 2,
   "train_score": 0.33438745417831683,
   "holdout": {
    "n": 4,
    "months": 1.8029057017543861,
    "eq": 0.0,
    "growth": -15.325827129528255,
    "liq": true,
    "maxdd": 1.0,
    "tpm": 2.2186407176524248,
    "sl_hits": 0,
    "worst_mae": -0.10521285701532823,
    "win": 0.75,
    "max_hold_days": 5.345833333333333,
    "in_market": 0.145849171354721,
    "score": -15.325827129528255
   }
  },
  {
   "rank": 3,
   "train_score": 0.3340430170973666,
   "holdout": {
    "n": 4,
    "months": 1.8029057017543861,
    "eq": 0.0,
    "growth": -15.325827129528255,
    "liq": true,
    "maxdd": 1.0,
    "tpm": 2.2186407176524248,
    "sl_hits": 0,
    "worst_mae": -0.10521285701532823,
    "win": 0.75,
    "max_hold_days": 5.345833333333333,
    "in_market": 0.145849171354721,
    "score": -15.325827129528255
   }
  },
  {
   "rank": 4,
   "train_score": 0.33328474287884025,
   "holdout": {
    "n": 3,
    "months": 1.8029057017543861,
    "eq": 0.0,
    "growth": -15.325827129528255,
    "liq": true,
    "maxdd": 1.0,
    "tpm": 1.6639805382393187,
    "sl_hits": 0,
    "worst_mae": -0.10521285701532823,
    "win": 0.6666666666666666,
    "max_hold_days": 5.345833333333333,
    "in_market": 0.13011251330393797,
    "score": -15.325827129528255
   }
  },
  {
   "rank": 5,
   "train_score": 0.333198020670223,
   "holdout": {
    "n": 4,
    "months": 1.8029057017543861,
    "eq": 0.0,
    "growth": -15.325827129528255,
    "liq": true,
    "maxdd": 1.0,
    "tpm": 2.2186407176524248,
    "sl_hits": 0,
    "worst_mae": -0.10521285701532823,
    "win": 0.75,
    "max_hold_days": 5.345833333333333,
    "in_market": 0.145849171354721,
    "score": -15.325827129528255
   }
  }
 ],
 "holdout_best": {
  "rank": 560,
  "holdout": {
   "n": 30,
   "months": 11.983209978070173,
   "eq": 2213.017483616689,
   "growth": 0.06628916316292907,
   "liq": false,
   "maxdd": 0.26854841489905557,
   "tpm": 2.503502822273947,
   "sl_hits": 0,
   "worst_mae": -0.03192307692307694,