{
 "cand": {
  "strategy": "v6",
  "tv": 0,
  "zL": [
   -1.4364,
   -1.7471,
   -1.8404
  ],
  "zS": [
   1.9117,
   2.1151,
   2.332
  ],
  "zXS": [
   2.2117,
   1.8545,
   1.7662
  ],
  "zXLmax": [
   -40.1858,
   -40.2457,
   -40.1704
  ],
  "ptScale": [
   1.4518,
   1.5149,
   1.298
  ],
  "eS3": [
   0.0,
   0.0,
   0.0
  ],
  "eXS": [
   0.0,
   0.0,
   0.0
  ],
  "lev": [
   1.0,
   1.0,
   1.0
  ],
  "sl": 0.08
 },
 "metrics": {
  "n": 210,
  "months": 24.473067434210524,
  "eq": 2206.085151713456,
  "growth": 0.03233021452111658,
  "liq": false,
  "maxdd": 0.17446680940384085,
  "tpm": 8.580861412838026,
  "sl_hits": 7,
  "worst_mae": -0.08817769532055242,
  "win": 0.9666666666666667,
  "score": 0.01742045069151885
 },
 "strategy": "v6",
 "mode": "spot",
 "method": "vol3",
 "evaluated": 200,
 "generated": "2026-07-02 04:51"
}