{
 "cand": {
  "strategy": "v7",
  "mode": "lev",
  "regs": [
   {
    "apt1Long": 0.0033431424730681262,
    "apt1Short": 0.016593913555208773,
    "apt2Long": 0.0020058854838408756,
    "apt2Short": 0.003148171775073057,
    "bbValLong": -0.04136469877476148,
    "bbValShort": 0.8649861067152993,
    "cdPctLong": 0.008660872054062177,
    "cdPctShort": 0.002129963706452412,
    "cdPeriodLong": 96.39030356518045,
    "cdPeriodShort": 200.64214733435946,
    "dur1Long": 60.662258752849006,
    "dur1Short": 51.90721589743531,
    "dur2Long": 180.75835430719016,
    "dur2Short": 134.83265382777756,
    "leverage": 3.390101429420033,
    "ptLong": 0.027138297698444912,
    "ptShort": 0.02170816114039144,
    "rsiValLong": 30.518604625831916,
    "rsiValShort": 61.99191404789944,
    "slLong": 0.023818772070445155,
    "slShort": 0.026994527090347137,
    "xApt1Long": 0.005593840838224812,
    "xApt1Short": 0.013641623238101535,
    "xApt2Long": 0.0036711353447365968,
    "xApt2Short": 0.0007883525529740442,
    "xCdPctShort": 0.001070681679454418,
    "xCdPeriodShort": 68.75956300029046,
    "xDur1Long": 15.81412168518181,
    "xDur1Short": 182.13451162920626,
    "xDur2Long": 172.62284329236172,
    "xDur2Short": 373.8676430004504,
    "xMinBetween": 1.6360529680038711,
    "xTpLong": 0.017722584684195252,
    "xTpShort": 0.017587606590937017,
    "zL": -2.9147174938281855,
    "zS": 1.7693527303814227,
    "zXLmax": 0.33866577097412676,
    "zXS": 2.7127629000851012,
    "trendBlockZ": 3.0,
    "vBB": 1.0,
    "vEmaDn": 2.0,
    "vEmaUp": 0.0,
    "vHistN": 1.0,
    "vMacd": 4.0,
    "vRsi": 1.0,
    "vX": 3.0,
    "eL3": 1.0,
    "eS3": 1.0,
    "eXL": 0.0,
    "eXS": 0.0,
    "requireHistPos": 1.0
   },
   {
    "apt1Long": 0.004438539845934498,
    "apt1Short": 0.00561429415835413,
    "apt2Long": 1.8402839159271653e-05,
    "apt2Short": 3.705145187819059e-05,
    "bbValLong": 0.26252308861189927,
    "bbValShort": 1.0347300341525376,
    "cdPctLong": 0.002921522750835957,
    "cdPctShort": 0.011670108710210686,
    "cdPeriodLong": 127.4360887334094,
    "cdPeriodShort": 158.77519567078906,
    "dur1Long": 67.66005465065119,
    "dur1Short": 39.769516190463534,
    "dur2Long": 119.63642813833125,
    "dur2Short": 240.9078889097282,
    "leverage": 6.067374554830568,
    "ptLong": 0.006340771208477855,
    "ptShort": 0.017856037230047656,
    "rsiValLong": 77.62342557720386,
    "rsiValShort": 51.804270222089954,
    "slLong": 0.09352089192586752,
    "slShort": 0.043998272417435896,
    "xApt1Long": 0.014317105983987655,
    "xApt1Short": 0.004501370925443416,
    "xApt2Long": 0.00991370976551728,
    "xApt2Short": 0.0030006352480064593,
    "xCdPctShort": 0.007115708955712263,
    "xCdPeriodShort": 11.85864500158968,
    "xDur1Long": 13.085117482659198,
    "xDur1Short": 66.17940371020684,
    "xDur2Long": 367.5523386240923,
    "xDur2Short": 146.7528382620433,
    "xMinBetween": 10.663361995575762,
    "xTpLong": 0.0010987430821569376,
    "xTpShort": 0.0013341184939161717,
    "zL": -2.495398607908533,
    "zS": 1.6602027871379061,
    "zXLmax": -1.3777975717957136,
    "zXS": 2.432233912616042,
    "trendBlockZ": 1.5,
    "vBB": 2.0,
    "vEmaDn": 1.0,
    "vEmaUp": 1.0,
    "vHistN": 3.0,
    "vMacd": 2.0,
    "vRsi": 4.0,
    "vX": 3.0,
    "eL3": 1.0,
    "eS3": 1.0,
    "eXL": 0.0,
    "eXS": 1.0,
    "requireHistPos": 1.0
   },
   {
    "apt1Long": 0.007261083043346,
    "apt1Short": 0.0043498228002705535,
    "apt2Long": 0.0043566498260076,
    "apt2Short": 0.002609893680162332,
    "bbValLong": -0.1838552563705797,
    "bbValShort": 0.928063338155148,
    "cdPctLong": 0.0025342746361366754,
    "cdPctShort": 0.006843537993533134,
    "cdPeriodLong": 112.96252974458623,
    "cdPeriodShort": 46.996580861576085,
    "dur1Long": 21.441841630326394,
    "dur1Short": 9.338939753336152,
    "dur2Long": 65.09778504805051,
    "dur2Short": 100.78566626350556,
    "leverage": 7.708585967175021,
    "ptLong": 0.028426648305161163,
    "ptShort": 0.029008247433525078,
    "rsiValLong": 79.64492329579203,
    "rsiValShort": 66.7429664936364,
    "slLong": 0.11659493198425534,
    "slShort": 0.08716375564261909,
    "xApt1Long": 0.006157802068503651,
    "xApt1Short": 0.011274474509365808,
    "xApt2Long": 0.0007303650054861355,
    "xApt2Short": 0.008134209590525724,
    "xCdPctShort": 0.0019183843750696491,
    "xCdPeriodShort": 108.21131909023269,
    "xDur1Long": 122.83979593955246,
    "xDur1Short": 66.17342018577166,
    "xDur2Long": 494.2107203460499,
    "xDur2Short": 580.2008340244532,
    "xMinBetween": 4.287607305856823,
    "xTpLong": 0.014561057254977267,
    "xTpShort": 0.01970082579887239,
    "zL": -1.6095276280514907,
    "zS": 2.460419205000578,
    "zXLmax": -2.3105446489415975,
    "zXS": 2.223957927725965,
    "trendBlockZ": 1.0,
    "vBB": 2.0,
    "vEmaDn": 1.0,
    "vEmaUp": 2.0,
    "vHistN": 3.0,
    "vMacd": 4.0,
    "vRsi": 0.0,
    "vX": 4.0,
    "eL3": 1.0,
    "eS3": 1.0,
    "eXL": 1.0,
    "eXS": 1.0,
    "requireHistPos": 1.0
   }
  ]
 },
 "metrics": {
  "n": 54,
  "months": 14.81640625,
  "eq": 2998.5748519629487,
  "growth": 0.07411629432412044,
  "liq": false,
  "maxdd": 0.3586434224773449,
  "tpm": 3.644608489322436,
  "sl_hits": 0,
  "worst_mae": -0.05800566215791125,
  "win": 1.0,
  "max_hold_days": 1.9208333333333334,
  "score": 0.06357842108997207
 },
 "strategy": "v7",
 "mode": "lev",
 "method": "vol3",
 "algo": "genetic",
 "per_regime": true,
 "train_end": "2025-09-01",
 "holdout_days": null,
 "max_dd": null,
 "max_hold_days": 14.0,
 "evaluated": 11200,
 "generated": "2026-07-08 10:39",
 "holdout": {
  "n": 49,
  "months": 9.656661184210527,
  "eq": 1815.3412533058276,
  "growth": 0.061747373861356564,
  "liq": false,
  "maxdd": 0.5231066077459707,
  "tpm": 5.0742175856929945,
  "sl_hits": 0,
  "worst_mae": -0.08463185879920254,
  "win": 0.9795918367346939,
  "max_hold_days": 2.966666666666667,
  "score": 0.04774162975576575
 },
 "holdout_scan": {
  "scanned": 4,
  "pool": 4,
  "survivors": 2
 },
 "holdout_survivors": [
  {
   "rank": 1,
   "train_score": 0.06357842108997207,
   "holdout": {
    "n": 49,
    "months": 9.656661184210527,
    "eq": 1815.3412533058276,
    "growth": 0.061747373861356564,
    "liq": false,
    "maxdd": 0.5231066077459707,
    "tpm": 5.0742175856929945,
    "sl_hits": 0,
    "worst_mae": -0.08463185879920254,
    "win": 0.9795918367346939,
    "max_hold_days": 2.966666666666667,
    "score": 0.04774162975576575
   }
  },
  {
   "rank": 2,
   "train_score": 0.06149486830261406,
   "holdout": {
    "n": 25,
    "months": 9.656661184210527,
    "eq": 1593.0118771272887,
    "growth": 0.04821816545507891,
    "liq": false,
    "maxdd": 0.2962930155351566,
    "tpm": 2.5888865233127527,
    "sl_hits": 0,
    "worst_mae": -0.0749709976798143,
    "win": 1.0,
    "max_hold_days": 7.8625,
    "score": 0.050613650893053565
   }
  }
 ],
 "holdout_top10": [
  {
   "rank": 1,
   "train_score": 0.06357842108997207,
   "holdout": {
    "n": 49,
    "months": 9.656661184210527,
    "eq": 1815.3412533058276,
    "growth": 0.061747373861356564,
    "liq": false,
    "maxdd": 0.5231066077459707,
    "tpm": 5.0742175856929945,
    "sl_hits": 0,
    "worst_mae": -0.08463185879920254,
    "win": 0.9795918367346939,
    "max_hold_days": 2.966666666666667,
    "score": 0.04774162975576575
   }
  },
  {
   "rank": 3,
   "train_score": 0.04321185259571954,
   "holdout": {
    "n": 21,
    "months": 9.656661184210527,
    "eq": 1637.8290038076086,
    "growth": 0.0510913220718955,
    "liq": false,
    "maxdd": 0.40264355946939245,
    "tpm": 2.1746646795827123,
    "sl_hits": 0,
    "worst_mae": -0.15955081165221252,
    "win": 1.0,
    "max_hold_days": 36.3125,
    "score": 0.07110582164843429
   }
  },
  {
   "rank": 2,
   "train_score": 0.06149486830261406,
   "holdout": {
    "n": 25,
    "months": 9.656661184210527,
    "eq": 1593.0118771272887,
    "growth": 0.04821816545507891,
    "liq": false,