{"job": {"strategy": "scalpx", "mode": "lev", "method": "vol3", "window": "all", "fold_idx": 17, "n_samples": 350, "seed": 848766}, "status": "ok", "n_feasible": 23, "cand": {"strategy": "scalpx", "tpL": [0.0164, 0.0145, 0.0141], "tpS": [0.012, 0.0122, 0.012], "rsiOB": [70.015, 65.4324, 68.8141], "rsiOS": [43.0432, 40.061, 45.2713], "useCvd": [1.0, 1.0, 1.0], "useEma": [1.0, 1.0, 1.0], "eL": [1.0, 1.0, 1.0], "eS": [1.0, 1.0, 1.0], "lev": [1.6026, 1.7204, 1.738], "sl": 0.05, "slOn": 0.0}, "train": {"n": 55, "months": 21.41673519736842, "eq": 3524.067280609218, "growth": 0.05881455732619364, "liq": false, "maxdd": 0.0, "tpm": 2.5680851676570255, "sl_hits": 0, "worst_mae": -0.5733232789212207, "win": 1.0, "score": 0.09377950947452876}, "oos": {"n": 4, "months": 0.920984100877193, "eq": 1097.5282426594467, "growth": 0.10104474027067882, "liq": false, "maxdd": 0.0, "tpm": 4.343180296152988, "sl_hits": 0, "worst_mae": -0.048227262717463026, "win": 1.0, "score": 0.10104474027067882}, "elapsed": 0.9001903533935547}