{"job": {"strategy": "scalpx", "mode": "lev", "method": "vol3", "window": "all", "fold_idx": 14, "n_samples": 350, "seed": 848766}, "status": "ok", "n_feasible": 14, "cand": {"strategy": "scalpx", "tpL": [0.011, 0.0103, 0.0131], "tpS": [0.0076, 0.0082, 0.0081], "rsiOB": [60.3194, 60.124, 62.1946], "rsiOS": [35.1403, 44.7813, 36.8801], "useCvd": [1.0, 1.0, 1.0], "useEma": [1.0, 1.0, 1.0], "eL": [1.0, 1.0, 1.0], "eS": [1.0, 1.0, 1.0], "lev": [2.5141, 1.9239, 2.4494], "sl": 0.05, "slOn": 0.0}, "train": {"n": 162, "months": 18.653645833333336, "eq": 21922.054619504353, "growth": 0.16551687632085185, "liq": false, "maxdd": 0.0, "tpm": 8.684629345246403, "sl_hits": 0, "worst_mae": -0.38973480522776305, "win": 1.0, "score": 0.15596723509239588}, "oos": {"n": 10, "months": 0.920984100877193, "eq": 1201.719856076389, "growth": 0.19951891020254983, "liq": false, "maxdd": 0.0, "tpm": 10.857950740382469, "sl_hits": 0, "worst_mae": -0.020054487664597942, "win": 1.0, "score": 0.19951891020254983}, "elapsed": 0.8850603103637695}