{"job": {"strategy": "scalpx", "mode": "lev", "method": "vol3", "window": "all", "fold_idx": 18, "n_samples": 350, "seed": 848766}, "status": "ok", "n_feasible": 11, "cand": {"strategy": "scalpx", "tpL": [0.0154, 0.0148, 0.0142], "tpS": [0.0114, 0.0128, 0.0141], "rsiOB": [67.5672, 69.3769, 63.0082], "rsiOS": [39.0354, 42.2531, 42.4109], "useCvd": [1.0, 1.0, 1.0], "useEma": [1.0, 1.0, 1.0], "eL": [1.0, 1.0, 1.0], "eS": [1.0, 1.0, 1.0], "lev": [1.712, 1.5199, 1.9313], "sl": 0.05, "slOn": 0.0}, "train": {"n": 68, "months": 22.337719298245617, "eq": 5051.340862305107, "growth": 0.07250756909006094, "liq": false, "maxdd": 0.0, "tpm": 3.0441782839191043, "sl_hits": 0, "worst_mae": -0.5733232789212207, "win": 1.0, "score": 0.125748806089375}, "oos": {"n": 6, "months": 0.920984100877193, "eq": 1149.5235357388663, "growth": 0.15130287226535877, "liq": false, "maxdd": 0.0, "tpm": 6.514770444229481, "sl_hits": 0, "worst_mae": -0.03562281722933647, "win": 1.0, "score": 0.15130287226535877}, "elapsed": 0.8818402290344238}