{"job": {"strategy": "scalpx", "mode": "lev", "method": "vol3", "window": "all", "fold_idx": 4, "n_samples": 350, "seed": 848766}, "status": "ok", "n_feasible": 30, "cand": {"strategy": "scalpx", "tpL": [0.016900288871561746, 0.01820461064976754, 0.015919598650354458], "tpS": [0.011867760444132581, 0.008804012928262994, 0.007658480967168825], "rsiOB": [64.41941009496385, 50.0, 59.13989394076183], "rsiOS": [35.42956483561298, 30.994697143679197, 50.0], "useCvd": [1.0, 1.0, 1.0], "useEma": [1.0, 1.0, 1.0], "eL": [1.0, 0.0, 1.0], "eS": [1.0, 1.0, 1.0], "lev": [1.499567043507098, 1.9993061637441643, 1.8860395582711438], "sl": 0.05, "slOn": 0.0}, "train": {"n": 126, "months": 9.694490131578949, "eq": 15706.723277066372, "growth": 0.28408805594891573, "liq": false, "maxdd": 0.0, "tpm": 12.99707341901005, "sl_hits": 0, "worst_mae": -0.32978561942705364, "win": 1.0, "score": 0.3045862516671388}, "oos": {"n": 20, "months": 0.9156387061403509, "eq": 1482.4642491577506, "growth": 0.4299793507192859, "liq": false, "maxdd": 0.0, "tpm": 21.842676446373773, "sl_hits": 0, "worst_mae": -0.10878559260160636, "win": 1.0, "score": 0.4299793507192859}, "elapsed": 0.7505326271057129}