{"job": {"strategy": "scalpx", "mode": "lev", "method": "vol3", "window": "all", "fold_idx": 12, "n_samples": 350, "seed": 848766}, "status": "ok", "n_feasible": 20, "cand": {"strategy": "scalpx", "tpL": [0.010036592799733594, 0.017095208695407444, 0.015156693777487502], "tpS": [0.005112567331228099, 0.0047742611274547275, 0.002796760110209024], "rsiOB": [58.23659897405785, 66.57257151077157, 56.8146468768744], "rsiOS": [50.0, 43.06265103238193, 46.72499097895141], "useCvd": [1.0, 1.0, 1.0], "useEma": [0.0, 0.0, 0.0], "eL": [1.0, 1.0, 1.0], "eS": [1.0, 1.0, 1.0], "lev": [1.6388360601520564, 2.2721225204899915, 1.3754833791708214], "sl": 0.05, "slOn": 0.0}, "train": {"n": 146, "months": 16.945655153508774, "eq": 8856.796648119027, "growth": 0.12871648380373107, "liq": false, "maxdd": 0.0, "tpm": 8.615777830801022, "sl_hits": 0, "worst_mae": -0.59704243642914, "win": 1.0, "score": 0.17046824208455733}, "oos": {"n": 6, "months": 0.7870065789473684, "eq": 1133.291180643777, "growth": 0.15898971121697325, "liq": false, "maxdd": 0.0, "tpm": 7.623824451410659, "sl_hits": 0, "worst_mae": -0.08906965968182046, "win": 1.0, "score": 0.15898971121697325}, "elapsed": 0.8236429691314697}