{"job": {"strategy": "scalpx", "mode": "lev", "method": "vol3", "window": "all", "fold_idx": 20, "n_samples": 350, "seed": 848766}, "status": "ok", "n_feasible": 14, "cand": {"strategy": "scalpx", "tpL": [0.01831590768990387, 0.011806011993291754, 0.018679071704611052], "tpS": [0.009333319615544714, 0.01685757884098104, 0.013648209265649771], "rsiOB": [50.0, 50.0, 69.17140759600436], "rsiOS": [41.62399276107306, 34.17148661002525, 44.41078054967279], "useCvd": [1.0, 1.0, 1.0], "useEma": [1.0, 0.0, 0.0], "eL": [1.0, 1.0, 1.0], "eS": [1.0, 1.0, 1.0], "lev": [1.2, 1.2, 1.2361674194589725], "sl": 0.05, "slOn": 0.0}, "train": {"n": 118, "months": 24.179481907894736, "eq": 7719.074186412382, "growth": 0.08452184544690752, "liq": false, "maxdd": 0.0, "tpm": 4.880170735232848, "sl_hits": 0, "worst_mae": -0.5733232789212207, "win": 1.0, "score": 0.13990354765645696}, "oos": null, "elapsed": 0.8834736347198486}