{"job": {"strategy": "scalpx", "mode": "lev", "method": "vol3", "window": "all", "fold_idx": 9, "n_samples": 350, "seed": 848766}, "status": "ok", "n_feasible": 16, "cand": {"strategy": "scalpx", "tpL": [0.009324799011384576, 0.009165450025908892, 0.009263533249098226], "tpS": [0.005507672529936578, 0.006272648234294176, 0.00695586547635366], "rsiOB": [50.0, 50.0, 50.0], "rsiOS": [48.324906948745756, 43.96385471498213, 28.955725260900333], "useCvd": [1.0, 1.0, 1.0], "useEma": [1.0, 1.0, 1.0], "eL": [1.0, 1.0, 1.0], "eS": [1.0, 1.0, 1.0], "lev": [1.4103758070594077, 1.2, 1.2], "sl": 0.05, "slOn": 0.0}, "train": {"n": 199, "months": 14.267269736842106, "eq": 4975.213513295071, "growth": 0.11245797665068946, "liq": false, "maxdd": 0.0, "tpm": 13.948008530751052, "sl_hits": 0, "worst_mae": -0.32978561942705364, "win": 1.0, "score": 0.13516023498831412}, "oos": {"n": 14, "months": 0.91796875, "eq": 1110.3680960648933, "growth": 0.1140469960743237, "liq": false, "maxdd": 0.0, "tpm": 15.251063829787235, "sl_hits": 0, "worst_mae": -0.054328454933304515, "win": 1.0, "score": 0.1140469960743237}, "elapsed": 0.7793247699737549}