{"job": {"strategy": "scalpx", "mode": "lev", "method": "vol3", "window": "all", "fold_idx": 19, "n_samples": 350, "seed": 848766}, "status": "ok", "n_feasible": 8, "cand": {"strategy": "scalpx", "tpL": [0.02, 0.015554130605002811, 0.02], "tpS": [0.011307734190212193, 0.014524565756041054, 0.009664748774461563], "rsiOB": [57.77684279214249, 50.0, 50.0], "rsiOS": [48.265923409572736, 47.70669784150326, 29.347787879639036], "useCvd": [1.0, 1.0, 1.0], "useEma": [1.0, 1.0, 1.0], "eL": [1.0, 1.0, 1.0], "eS": [1.0, 1.0, 1.0], "lev": [1.2, 1.4428801304985222, 1.2105606404733673], "sl": 0.05, "slOn": 0.0}, "train": {"n": 126, "months": 23.25870339912281, "eq": 7738.730683216492, "growth": 0.08797728938809977, "liq": false, "maxdd": 0.0, "tpm": 5.4173269179206285, "sl_hits": 0, "worst_mae": -0.5745311394196745, "win": 1.0, "score": 0.16616241535716003}, "oos": {"n": 8, "months": 0.9207785087719298, "eq": 1135.507931615346, "growth": 0.1380137204101062, "liq": false, "maxdd": 0.0, "tpm": 8.688300089312296, "sl_hits": 0, "worst_mae": -0.11231761112996286, "win": 1.0, "score": 0.1380137204101062}, "elapsed": 0.883331298828125}