{"job": {"strategy": "scalpx", "mode": "lev", "method": "vol3", "window": "all", "fold_idx": 2, "n_samples": 350, "seed": 848766}, "status": "ok", "n_feasible": 50, "cand": {"strategy": "scalpx", "tpL": [0.019399003729443042, 0.018222051848865387, 0.01745559872880331], "tpS": [0.015098476556059299, 0.02, 0.02], "rsiOB": [85.0, 71.91540550213584, 85.0], "rsiOS": [32.41097306360046, 50.0, 50.0], "useCvd": [1.0, 1.0, 1.0], "useEma": [1.0, 1.0, 1.0], "eL": [1.0, 1.0, 1.0], "eS": [1.0, 1.0, 1.0], "lev": [2.485383752682458, 2.5304142436336834, 3.3193907604927326], "sl": 0.05, "slOn": 0.0}, "train": {"n": 55, "months": 7.8671875, "eq": 15983.29341011434, "growth": 0.3522915927521942, "liq": false, "maxdd": 0.0, "tpm": 6.991062562065541, "sl_hits": 0, "worst_mae": -0.3163645178605441, "win": 1.0, "score": 0.4021072977416067}, "oos": {"n": 12, "months": 0.9100877192982456, "eq": 1847.4588309452922, "growth": 0.6744526674957237, "liq": false, "maxdd": 0.0, "tpm": 13.185542168674699, "sl_hits": 0, "worst_mae": -0.1129255892774611, "win": 1.0, "score": 0.6744526674957237}, "elapsed": 0.8887107372283936}