{"job": {"strategy": "scalpx", "mode": "lev", "method": "vol3", "window": "all", "fold_idx": 11, "n_samples": 350, "seed": 848766}, "status": "ok", "n_feasible": 19, "cand": {"strategy": "scalpx", "tpL": [0.0078, 0.0075, 0.0085], "tpS": [0.0128, 0.01, 0.0113], "rsiOB": [74.2454, 66.4233, 68.4835], "rsiOS": [34.0609, 39.7356, 34.3826], "useCvd": [1.0, 1.0, 1.0], "useEma": [1.0, 1.0, 1.0], "eL": [1.0, 1.0, 1.0], "eS": [1.0, 1.0, 1.0], "lev": [3.1484, 2.7695, 2.4939], "sl": 0.05, "slOn": 0.0}, "train": {"n": 78, "months": 16.02480811403509, "eq": 4780.906664163324, "growth": 0.09763799953657687, "liq": false, "maxdd": 0.0, "tpm": 4.867452979464064, "sl_hits": 0, "worst_mae": -0.16942213928059813, "win": 1.0, "score": 0.07856047192803169}, "oos": {"n": 2, "months": 0.9208470394736842, "eq": 0.0, "growth": -30.006092142861455, "liq": true, "maxdd": 1.0, "tpm": 2.171913373520875, "sl_hits": 0, "worst_mae": -0.3905568385937901, "win": 0.5, "score": -30.006092142861455}, "elapsed": 0.8031051158905029}