{"job": {"strategy": "scalpx", "mode": "lev", "method": "vol3", "window": "all", "fold_idx": 0, "n_samples": 350, "seed": 848766}, "status": "ok", "n_feasible": 59, "cand": {"strategy": "scalpx", "tpL": [0.007038444555156949, 0.005058984812473806, 0.007514177393061625], "tpS": [0.018649462353734946, 0.009349215111712555, 0.013732830506047414], "rsiOB": [62.591650160768005, 74.13367230699905, 71.34137229666423], "rsiOS": [38.78236748272076, 42.63648806930354, 50.0], "useCvd": [1.0, 1.0, 1.0], "useEma": [0.0, 1.0, 1.0], "eL": [1.0, 1.0, 1.0], "eS": [1.0, 1.0, 1.0], "lev": [4.594859708959075, 5.014950943133001, 5.192627961140031], "sl": 0.05, "slOn": 0.0}, "train": {"n": 122, "months": 6.024328399122807, "eq": 69380.81349966023, "growth": 0.7037482165425027, "liq": false, "maxdd": 0.0, "tpm": 20.251220039359776, "sl_hits": 0, "worst_mae": -0.18060534555520258, "win": 1.0, "score": 0.6344629341268709}, "oos": {"n": 15, "months": 0.9209155701754386, "eq": 1726.506982108981, "growth": 0.5929971211351259, "liq": false, "maxdd": 0.0, "tpm": 16.288138115791043, "sl_hits": 0, "worst_mae": -0.06501932633903917, "win": 1.0, "score": 0.5929971211351259}, "elapsed": 0.8307673931121826}