{"job": {"strategy": "scalpx", "mode": "lev", "method": "vol3", "window": "all", "fold_idx": 13, "n_samples": 350, "seed": 848766}, "status": "ok", "n_feasible": 14, "cand": {"strategy": "scalpx", "tpL": [0.019218757982432014, 0.016917934238823946, 0.01136708381723716], "tpS": [0.004535386372975228, 0.005065134020935803, 0.004368394169207439], "rsiOB": [81.53317998480553, 75.33620347789675, 67.35060149145981], "rsiOS": [50.0, 50.0, 49.50566496512175], "useCvd": [1.0, 1.0, 1.0], "useEma": [1.0, 1.0, 1.0], "eL": [1.0, 1.0, 1.0], "eS": [1.0, 1.0, 1.0], "lev": [1.3792341445872993, 1.5533416277019496, 1.2818759261192942], "sl": 0.05, "slOn": 0.0}, "train": {"n": 75, "months": 17.73266173245614, "eq": 3425.9870670137634, "growth": 0.06944189448382627, "liq": false, "maxdd": 0.0, "tpm": 4.229483488241773, "sl_hits": 0, "worst_mae": -0.35299996156359303, "win": 1.0, "score": 0.15336453665304872}, "oos": {"n": 7, "months": 0.920984100877193, "eq": 1160.967496865676, "growth": 0.1620589393157199, "liq": false, "maxdd": 0.0, "tpm": 7.600565518267729, "sl_hits": 0, "worst_mae": -0.15221943048576214, "win": 1.0, "score": 0.1620589393157199}, "elapsed": 0.834355354309082}