{"job": {"strategy": "scalpx", "mode": "lev", "method": "vol3", "window": "all", "fold_idx": 8, "n_samples": 350, "seed": 848766}, "status": "ok", "n_feasible": 26, "cand": {"strategy": "scalpx", "tpL": [0.010501973478117238, 0.007340342091489405, 0.008407213511511748], "tpS": [0.005735264538646633, 0.008527722315972045, 0.009361938217598877], "rsiOB": [56.30625958770011, 64.07953499397682, 57.876488012290025], "rsiOS": [23.72711325538242, 21.21155478158246, 24.472750294953112], "useCvd": [1.0, 1.0, 1.0], "useEma": [0.0, 1.0, 0.0], "eL": [1.0, 0.0, 1.0], "eS": [0.0, 1.0, 1.0], "lev": [6.761943927070837, 9.536689920337603, 10.0], "sl": 0.05, "slOn": 0.0}, "train": {"n": 65, "months": 13.347861842105264, "eq": 200993.50139937576, "growth": 0.3973125163358426, "liq": false, "maxdd": 0.0, "tpm": 4.869693795822808, "sl_hits": 0, "worst_mae": -0.0740429617184688, "win": 1.0, "score": 0.33802712970496135}, "oos": {"n": 2, "months": 0.9194078947368421, "eq": 0.0, "growth": -30.053060533961638, "liq": true, "maxdd": 1.0, "tpm": 2.1753130590339893, "sl_hits": 0, "worst_mae": -0.09429961332169134, "win": 0.5, "score": -30.053060533961638}, "elapsed": 0.7960689067840576}