{"job": {"strategy": "scalpx", "mode": "lev", "method": "vol3", "window": "all", "fold_idx": 1, "n_samples": 350, "seed": 848766}, "status": "ok", "n_feasible": 57, "cand": {"strategy": "scalpx", "tpL": [0.02, 0.013850578403868143, 0.01598562781063319], "tpS": [0.005254478059426472, 0.006780605655491364, 0.004387858475147589], "rsiOB": [52.7569789965623, 63.15697378789016, 72.59390877363059], "rsiOS": [40.39947579191797, 38.69782060238815, 47.276828806496724], "useCvd": [1.0, 1.0, 1.0], "useEma": [1.0, 1.0, 1.0], "eL": [0.0, 1.0, 1.0], "eS": [1.0, 1.0, 1.0], "lev": [3.4340378936039264, 2.8715674901854658, 3.8147209428722872], "sl": 0.05, "slOn": 0.0}, "train": {"n": 133, "months": 6.951206140350878, "eq": 84725.67946845882, "growth": 0.6386544503957852, "liq": false, "maxdd": 0.0, "tpm": 19.133370139600913, "sl_hits": 0, "worst_mae": -0.17293297039809463, "win": 1.0, "score": 0.46517685561290256}, "oos": {"n": 3, "months": 0.9159813596491229, "eq": 1044.8462661186552, "growth": 0.04789372662478182, "liq": false, "maxdd": 0.0, "tpm": 3.275175819242855, "sl_hits": 0, "worst_mae": -0.02620006480581405, "win": 1.0, "score": 0.04789372662478182}, "elapsed": 0.8603043556213379}