{"job": {"strategy": "scalpx", "mode": "lev", "method": "vol3", "window": "all", "fold_idx": 10, "n_samples": 350, "seed": 848766}, "status": "ok", "n_feasible": 18, "cand": {"strategy": "scalpx", "tpL": [0.007032270288176345, 0.009337445732213113, 0.005616523797839546], "tpS": [0.02, 0.011575493243498191, 0.013776964693994958], "rsiOB": [85.0, 85.0, 58.04981322856149], "rsiOS": [42.54192047920406, 41.66004939634392, 40.33694237674795], "useCvd": [1.0, 1.0, 1.0], "useEma": [0.0, 0.0, 0.0], "eL": [0.0, 1.0, 1.0], "eS": [1.0, 1.0, 1.0], "lev": [3.1868432293959037, 3.522406817798015, 3.082136501030772], "sl": 0.05, "slOn": 0.0}, "train": {"n": 117, "months": 15.185238486842106, "eq": 28600.461962888774, "growth": 0.2208343894730155, "liq": false, "maxdd": 0.0, "tpm": 7.704851003912754, "sl_hits": 0, "worst_mae": -0.3005944114215876, "win": 1.0, "score": 0.18876250609611167}, "oos": {"n": 1, "months": 0.8395696271929824, "eq": 0.0, "growth": -32.910934627673605, "liq": true, "maxdd": NaN, "tpm": 1.1910864419231084, "sl_hits": 0, "worst_mae": -0.3170420739481512, "win": 0.0, "score": -32.910934627673605}, "elapsed": 0.8005955219268799}