{"job": {"strategy": "scalpx", "mode": "lev", "method": "vol3", "window": "all", "fold_idx": 16, "n_samples": 350, "seed": 848766}, "status": "ok", "n_feasible": 18, "cand": {"strategy": "scalpx", "tpL": [0.0128, 0.0141, 0.0137], "tpS": [0.0085, 0.0089, 0.0094], "rsiOB": [80.7248, 63.0061, 65.1609], "rsiOS": [34.867, 39.9342, 33.578], "useCvd": [1.0, 1.0, 1.0], "useEma": [1.0, 0.0, 1.0], "eL": [1.0, 1.0, 1.0], "eS": [1.0, 1.0, 1.0], "lev": [1.5317, 1.6905, 1.8668], "sl": 0.05, "slOn": 0.0}, "train": {"n": 75, "months": 20.495682565789473, "eq": 4335.998284541303, "growth": 0.07157370162212713, "liq": false, "maxdd": 0.0, "tpm": 3.659307259431644, "sl_hits": 0, "worst_mae": -0.34008938372275366, "win": 1.0, "score": 0.07401330779195758}, "oos": {"n": 4, "months": 0.9210526315789473, "eq": 1078.4155715255827, "growth": 0.08196372058922761, "liq": false, "maxdd": 0.0, "tpm": 4.3428571428571425, "sl_hits": 0, "worst_mae": -0.06240056567085028, "win": 1.0, "score": 0.08196372058922761}, "elapsed": 0.8882861137390137}