{"job": {"strategy": "scalpx", "mode": "lev", "method": "vol3", "window": "all", "fold_idx": 3, "n_samples": 350, "seed": 848766}, "status": "ok", "n_feasible": 43, "cand": {"strategy": "scalpx", "tpL": [0.004296003188690738, 0.008412353646831076, 0.0067525075451473435], "tpS": [0.0068576125906284775, 0.007768118610564456, 0.007755754502188066], "rsiOB": [50.32619737962346, 55.67704813373688, 74.48077107071964], "rsiOS": [50.0, 50.0, 50.0], "useCvd": [1.0, 1.0, 1.0], "useEma": [1.0, 0.0, 1.0], "eL": [1.0, 1.0, 1.0], "eS": [1.0, 1.0, 1.0], "lev": [2.106539626389286, 2.968327656468715, 3.4367687046643143], "sl": 0.05, "slOn": 0.0}, "train": {"n": 230, "months": 8.777275219298247, "eq": 49217.18717904909, "growth": 0.4439011877896589, "liq": false, "maxdd": 0.0, "tpm": 26.204031918049935, "sl_hits": 0, "worst_mae": -0.35299996156359303, "win": 1.0, "score": 0.4020974769628477}, "oos": {"n": 21, "months": 0.9172149122807017, "eq": 1326.2664082948659, "growth": 0.3078534583727171, "liq": false, "maxdd": 0.0, "tpm": 22.89539748953975, "sl_hits": 0, "worst_mae": -0.05528446843853829, "win": 1.0, "score": 0.3078534583727171}, "elapsed": 0.8607072830200195}