{"job": {"strategy": "scalpx", "mode": "lev", "method": "vol3", "window": "all", "fold_idx": 7, "n_samples": 350, "seed": 848766}, "status": "ok", "n_feasible": 19, "cand": {"strategy": "scalpx", "tpL": [0.0125, 0.0135, 0.0141], "tpS": [0.0085, 0.0116, 0.0106], "rsiOB": [71.3039, 69.371, 71.7708], "rsiOS": [32.4502, 38.9537, 30.5847], "useCvd": [1.0, 1.0, 1.0], "useEma": [0.0, 1.0, 1.0], "eL": [1.0, 1.0, 1.0], "eS": [1.0, 1.0, 1.0], "lev": [3.2131, 2.9453, 3.4323], "sl": 0.05, "slOn": 0.0}, "train": {"n": 32, "months": 12.432565789473685, "eq": 3254.6038733422088, "growth": 0.09491770165060676, "liq": false, "maxdd": 0.0, "tpm": 2.573885434581294, "sl_hits": 0, "worst_mae": -0.24939802015517698, "win": 1.0, "score": 0.09201043790886032}, "oos": {"n": 2, "months": 0.915296052631579, "eq": 1076.7728981647072, "growth": 0.0808137547546071, "liq": false, "maxdd": 0.0, "tpm": 2.1850853548966755, "sl_hits": 0, "worst_mae": -0.10474683544303809, "win": 1.0, "score": 0.0808137547546071}, "elapsed": 0.7634909152984619}