{"job": {"strategy": "scalpx", "mode": "lev", "method": "vol3", "window": "all", "fold_idx": 6, "n_samples": 350, "seed": 848766}, "status": "ok", "n_feasible": 28, "cand": {"strategy": "scalpx", "tpL": [0.0083, 0.0083, 0.009], "tpS": [0.01, 0.01, 0.0105], "rsiOB": [66.3367, 75.2987, 63.305], "rsiOS": [29.7955, 32.5243, 33.9372], "useCvd": [1.0, 1.0, 1.0], "useEma": [1.0, 1.0, 1.0], "eL": [1.0, 1.0, 1.0], "eS": [1.0, 1.0, 1.0], "lev": [4.6, 4.68, 3.964], "sl": 0.05, "slOn": 0.0}, "train": {"n": 31, "months": 11.518571820175438, "eq": 3092.942887091192, "growth": 0.09802630447119395, "liq": false, "maxdd": 0.0, "tpm": 2.6913058740235245, "sl_hits": 0, "worst_mae": -0.16942213928059813, "win": 1.0, "score": 0.09189868067295837}, "oos": {"n": 5, "months": 0.9139939692982456, "eq": 1193.5866032338006, "growth": 0.19361476390043358, "liq": false, "maxdd": 0.0, "tpm": 5.47049561370623, "sl_hits": 0, "worst_mae": -0.02200808945990973, "win": 1.0, "score": 0.19361476390043358}, "elapsed": 0.8309295177459717}