{"job": {"strategy": "scalpx", "mode": "lev", "method": "vol3", "window": "all", "fold_idx": 5, "n_samples": 350, "seed": 848766}, "status": "ok", "n_feasible": 35, "cand": {"strategy": "scalpx", "tpL": [0.003971197500628683, 0.005335925869292033, 0.0061664494536475606], "tpS": [0.007862887494760823, 0.006074924020998983, 0.009032382742633871], "rsiOB": [73.74504690860857, 80.56906622531396, 60.31198816016809], "rsiOS": [18.356010742381372, 20.493904452432368, 19.506432742788984], "useCvd": [1.0, 1.0, 1.0], "useEma": [1.0, 1.0, 1.0], "eL": [1.0, 1.0, 1.0], "eS": [1.0, 1.0, 1.0], "lev": [7.433605593995553, 10.0, 10.0], "sl": 0.05, "slOn": 0.0}, "train": {"n": 30, "months": 10.610128837719298, "eq": 10958.628464188661, "growth": 0.2256454346764604, "liq": false, "maxdd": 0.0, "tpm": 2.827486872105566, "sl_hits": 0, "worst_mae": -0.0740429617184688, "win": 1.0, "score": 0.22417857912717962}, "oos": {"n": 2, "months": 0.9084429824561403, "eq": 1170.6901264276391, "growth": 0.17347640920405571, "liq": false, "maxdd": 0.0, "tpm": 2.2015691007845506, "sl_hits": 0, "worst_mae": -0.014658231754358875, "win": 1.0, "score": 0.17347640920405571}, "elapsed": 0.7920377254486084}