{"job": {"strategy": "scalpx", "mode": "lev", "method": "vol3", "window": "all", "fold_idx": 15, "n_samples": 350, "seed": 848766}, "status": "ok", "n_feasible": 14, "cand": {"strategy": "scalpx", "tpL": [0.011893268347789027, 0.02, 0.02], "tpS": [0.011327884130330769, 0.015511006514597398, 0.013468443254105096], "rsiOB": [54.7691416324807, 80.30113007147803, 68.54106851803009], "rsiOS": [49.96344222398862, 50.0, 50.0], "useCvd": [1.0, 1.0, 1.0], "useEma": [1.0, 1.0, 1.0], "eL": [1.0, 1.0, 1.0], "eS": [1.0, 1.0, 1.0], "lev": [1.5791751629588238, 1.2167519008760768, 1.522384680457841], "sl": 0.05, "slOn": 0.0}, "train": {"n": 67, "months": 19.574629934210527, "eq": 5685.365659669672, "growth": 0.08878305495724097, "liq": false, "maxdd": 0.0, "tpm": 3.422797785970108, "sl_hits": 0, "worst_mae": -0.35210346022093064, "win": 1.0, "score": 0.17164585188422732}, "oos": {"n": 1, "months": 0.9210526315789473, "eq": 1016.6325286224336, "growth": 0.017909642096132185, "liq": false, "maxdd": 0.0, "tpm": 1.0857142857142856, "sl_hits": 0, "worst_mae": -0.09555547372684758, "win": 1.0, "score": 0.017909642096132185}, "elapsed": 0.8934657573699951}