{"job": {"strategy": "scalpx", "mode": "lev", "method": "vol3_7d", "window": "all", "fold_idx": 12, "n_samples": 350, "seed": 36030}, "status": "ok", "n_feasible": 9, "cand": {"strategy": "scalpx", "tpL": [0.01867479878814248, 0.011588182254410755, 0.016480579667434613], "tpS": [0.010220894351498987, 0.008219417897940538, 0.009842738283220819], "rsiOB": [50.55137830283638, 55.20444959977741, 50.0], "rsiOS": [45.67381549802767, 44.49669767557823, 41.24754720360828], "useCvd": [1.0, 1.0, 1.0], "useEma": [1.0, 1.0, 1.0], "eL": [1.0, 1.0, 1.0], "eS": [1.0, 1.0, 1.0], "lev": [1.3589272699520072, 1.7073428130329293, 1.2822465184835794], "sl": 0.05, "slOn": 0.0}, "train": {"n": 140, "months": 16.945655153508774, "eq": 8538.388101212618, "growth": 0.12655587663194431, "liq": false, "maxdd": 0.0, "tpm": 8.261704769261256, "sl_hits": 0, "worst_mae": -0.5745311394196745, "win": 1.0, "score": 0.15683121341268602}, "oos": {"n": 15, "months": 0.7870065789473684, "eq": 1249.3778545457176, "growth": 0.2829019693160283, "liq": false, "maxdd": 0.0, "tpm": 19.059561128526646, "sl_hits": 0, "worst_mae": -0.08906965968182046, "win": 1.0, "score": 0.2829019693160283}, "elapsed": 0.7676403522491455}