{"job": {"strategy": "scalpx", "mode": "lev", "method": "vol3_7d", "window": "all", "fold_idx": 15, "n_samples": 350, "seed": 36030}, "status": "ok", "n_feasible": 18, "cand": {"strategy": "scalpx", "tpL": [0.0172, 0.0173, 0.0178], "tpS": [0.014, 0.0137, 0.015], "rsiOB": [65.4131, 71.7544, 67.0803], "rsiOS": [46.8589, 43.6286, 40.4928], "useCvd": [1.0, 1.0, 1.0], "useEma": [1.0, 1.0, 1.0], "eL": [1.0, 1.0, 1.0], "eS": [1.0, 1.0, 1.0], "lev": [1.4829, 1.8715, 1.5569], "sl": 0.05, "slOn": 0.0}, "train": {"n": 53, "months": 19.574629934210527, "eq": 4206.594160618264, "growth": 0.07339363947818148, "liq": false, "maxdd": 0.0, "tpm": 2.7075863083047125, "sl_hits": 0, "worst_mae": -0.59704243642914, "win": 1.0, "score": 0.12621594810533462}, "oos": {"n": 1, "months": 0.9210526315789473, "eq": 1026.4002873607055, "growth": 0.028291341227797428, "liq": false, "maxdd": 0.0, "tpm": 1.0857142857142856, "sl_hits": 0, "worst_mae": -0.028317209236635943, "win": 1.0, "score": 0.028291341227797428}, "elapsed": 0.8675920963287354}