{"job": {"strategy": "scalpx", "mode": "lev", "method": "vol3_7d", "window": "all", "fold_idx": 11, "n_samples": 350, "seed": 36030}, "status": "ok", "n_feasible": 16, "cand": {"strategy": "scalpx", "tpL": [0.011187740734591466, 0.01883529457866294, 0.013225415670529303], "tpS": [0.019072358685995754, 0.017920745196842745, 0.02], "rsiOB": [50.0, 72.53519684728946, 55.024953022254046], "rsiOS": [32.19451058330958, 48.2114078034289, 39.29554761542001], "useCvd": [1.0, 1.0, 1.0], "useEma": [1.0, 1.0, 1.0], "eL": [1.0, 1.0, 1.0], "eS": [1.0, 1.0, 0.0], "lev": [1.9438210340118853, 1.6712145972649168, 1.6236518579635224], "sl": 0.05, "slOn": 0.0}, "train": {"n": 107, "months": 16.02480811403509, "eq": 22891.173735239678, "growth": 0.19536904202388392, "liq": false, "maxdd": 0.0, "tpm": 6.677147035931472, "sl_hits": 0, "worst_mae": -0.38973480522776305, "win": 1.0, "score": 0.1562387910334026}, "oos": {"n": 7, "months": 0.9208470394736842, "eq": 1258.4931701638272, "growth": 0.24967784958546932, "liq": false, "maxdd": 0.0, "tpm": 7.601696807323063, "sl_hits": 0, "worst_mae": -0.13488140051703024, "win": 1.0, "score": 0.24967784958546932}, "elapsed": 0.7894484996795654}