{"job": {"strategy": "scalpx", "mode": "lev", "method": "vol3_7d", "window": "all", "fold_idx": 14, "n_samples": 350, "seed": 36030}, "status": "ok", "n_feasible": 16, "cand": {"strategy": "scalpx", "tpL": [0.01611170717368037, 0.015256383188473133, 0.013511048878501271], "tpS": [0.00572174260843001, 0.0070780539273786695, 0.007152029619829907], "rsiOB": [50.0, 70.66556972685945, 62.15897254502789], "rsiOS": [30.397289359285224, 46.52501780997107, 46.26293613401313], "useCvd": [1.0, 1.0, 1.0], "useEma": [1.0, 1.0, 1.0], "eL": [1.0, 1.0, 1.0], "eS": [1.0, 1.0, 1.0], "lev": [2.208728273156297, 1.6341743693224509, 1.6638452282098661], "sl": 0.05, "slOn": 0.0}, "train": {"n": 204, "months": 18.653645833333336, "eq": 35519.235293714744, "growth": 0.19138748644082595, "liq": false, "maxdd": 0.0, "tpm": 10.936199916236212, "sl_hits": 0, "worst_mae": -0.44673875532037277, "win": 1.0, "score": 0.19103582399670915}, "oos": {"n": 20, "months": 0.920984100877193, "eq": 1392.0272713292406, "growth": 0.3591388308195974, "liq": false, "maxdd": 0.0, "tpm": 21.715901480764938, "sl_hits": 0, "worst_mae": -0.020054487664597942, "win": 1.0, "score": 0.3591388308195974}, "elapsed": 0.8667647838592529}