{"job": {"strategy": "scalpx", "mode": "lev", "method": "vol3_7d", "window": "all", "fold_idx": 16, "n_samples": 350, "seed": 36030}, "status": "ok", "n_feasible": 14, "cand": {"strategy": "scalpx", "tpL": [0.009796959699124318, 0.00867702717767724, 0.009531310268462552], "tpS": [0.01898155346158745, 0.01718981273880645, 0.011483129859815767], "rsiOB": [50.0, 65.74733337262273, 54.90592502437621], "rsiOS": [48.798410648216596, 48.50096937195902, 35.69259786934499], "useCvd": [1.0, 1.0, 1.0], "useEma": [0.0, 1.0, 0.0], "eL": [1.0, 1.0, 1.0], "eS": [1.0, 1.0, 1.0], "lev": [1.515373983449223, 2.094664691365789, 1.7362106744532697], "sl": 0.05, "slOn": 0.0}, "train": {"n": 153, "months": 20.495682565789473, "eq": 17297.534963394115, "growth": 0.13908119402885183, "liq": false, "maxdd": 0.0, "tpm": 7.464986809240553, "sl_hits": 0, "worst_mae": -0.5745311394196745, "win": 1.0, "score": 0.14331664978705114}, "oos": {"n": 18, "months": 0.9210526315789473, "eq": 1361.0959826444273, "growth": 0.3347151229266888, "liq": false, "maxdd": 0.0, "tpm": 19.542857142857144, "sl_hits": 0, "worst_mae": -0.15229337221038464, "win": 1.0, "score": 0.3347151229266888}, "elapsed": 0.8537180423736572}