{"job": {"strategy": "scalpx", "mode": "lev", "method": "vol3_7d", "window": "all", "fold_idx": 19, "n_samples": 350, "seed": 36030}, "status": "ok", "n_feasible": 11, "cand": {"strategy": "scalpx", "tpL": [0.0149, 0.0115, 0.0142], "tpS": [0.009, 0.0075, 0.0059], "rsiOB": [66.8715, 68.3214, 66.8012], "rsiOS": [31.7541, 34.0607, 30.0839], "useCvd": [1.0, 1.0, 1.0], "useEma": [1.0, 1.0, 1.0], "eL": [1.0, 1.0, 1.0], "eS": [1.0, 1.0, 1.0], "lev": [2.662, 2.1077, 2.4024], "sl": 0.05, "slOn": 0.0}, "train": {"n": 47, "months": 23.25870339912281, "eq": 2888.5012050832825, "growth": 0.04560605702033571, "liq": false, "maxdd": 0.0, "tpm": 2.020748929700552, "sl_hits": 0, "worst_mae": -0.17658600392413337, "win": 1.0, "score": 0.04268014211182493}, "oos": {"n": 1, "months": 0.9207785087719298, "eq": 1014.1279130999998, "growth": 0.015236068306213374, "liq": false, "maxdd": 0.0, "tpm": 1.086037511164037, "sl_hits": 0, "worst_mae": -0.004683038263849193, "win": 1.0, "score": 0.015236068306213374}, "elapsed": 0.8301229476928711}