{"job": {"strategy": "scalpx", "mode": "lev", "method": "vol3_7d", "window": "all", "fold_idx": 18, "n_samples": 350, "seed": 36030}, "status": "ok", "n_feasible": 11, "cand": {"strategy": "scalpx", "tpL": [0.01550692245602288, 0.011016571952302203, 0.012406874399546233], "tpS": [0.015427180302990904, 0.02, 0.016135594090544405], "rsiOB": [63.05060973115931, 71.0940737806724, 85.0], "rsiOS": [30.20607191367913, 43.070817506506394, 46.19404767661759], "useCvd": [1.0, 1.0, 1.0], "useEma": [1.0, 0.0, 1.0], "eL": [1.0, 1.0, 1.0], "eS": [1.0, 1.0, 1.0], "lev": [1.7840840674636338, 1.2, 1.4288440729990437], "sl": 0.05, "slOn": 0.0}, "train": {"n": 137, "months": 22.337719298245617, "eq": 8551.153444062369, "growth": 0.09607364793757377, "liq": false, "maxdd": 0.0, "tpm": 6.1331238955429015, "sl_hits": 0, "worst_mae": -0.44673875532037277, "win": 1.0, "score": 0.12476361590713797}, "oos": {"n": 3, "months": 0.920984100877193, "eq": 1060.587830530689, "growth": 0.06387006188533188, "liq": false, "maxdd": 0.0, "tpm": 3.2573852221147406, "sl_hits": 0, "worst_mae": -0.03727810650887575, "win": 1.0, "score": 0.06387006188533188}, "elapsed": 0.8817870616912842}