{"job": {"strategy": "scalpx", "mode": "lev", "method": "vol3_7d", "window": "all", "fold_idx": 5, "n_samples": 350, "seed": 36030}, "status": "ok", "n_feasible": 21, "cand": {"strategy": "scalpx", "tpL": [0.0137, 0.0142, 0.0142], "tpS": [0.0103, 0.0099, 0.0113], "rsiOB": [67.0813, 72.5954, 73.5485], "rsiOS": [36.1424, 44.6144, 37.6593], "useCvd": [1.0, 1.0, 1.0], "useEma": [1.0, 1.0, 1.0], "eL": [1.0, 1.0, 1.0], "eS": [1.0, 1.0, 1.0], "lev": [2.3862, 2.0516, 2.421], "sl": 0.05, "slOn": 0.0}, "train": {"n": 57, "months": 10.610128837719298, "eq": 5024.9235789451495, "growth": 0.15215745919315343, "liq": false, "maxdd": 0.0, "tpm": 5.372225057000575, "sl_hits": 0, "worst_mae": -0.34008938372275366, "win": 1.0, "score": 0.11635550871991746}, "oos": {"n": 8, "months": 0.9084429824561403, "eq": 1252.0830544500513, "growth": 0.24746584236914404, "liq": false, "maxdd": 0.0, "tpm": 8.806276403138202, "sl_hits": 0, "worst_mae": -0.21675759302988362, "win": 1.0, "score": 0.24746584236914404}, "elapsed": 0.7386257648468018}