{"job": {"strategy": "scalpx", "mode": "lev", "method": "vol3_7d", "window": "all", "fold_idx": 4, "n_samples": 350, "seed": 36030}, "status": "ok", "n_feasible": 37, "cand": {"strategy": "scalpx", "tpL": [0.0152, 0.0143, 0.0166], "tpS": [0.0115, 0.0114, 0.0113], "rsiOB": [69.5149, 79.1532, 68.9431], "rsiOS": [41.3752, 42.8656, 46.1695], "useCvd": [1.0, 1.0, 1.0], "useEma": [1.0, 1.0, 1.0], "eL": [1.0, 1.0, 1.0], "eS": [1.0, 1.0, 1.0], "lev": [1.8942, 2.0844, 2.3944], "sl": 0.05, "slOn": 0.0}, "train": {"n": 48, "months": 9.694490131578949, "eq": 4329.672592973607, "growth": 0.1511675091348921, "liq": false, "maxdd": 0.0, "tpm": 4.9512660643847815, "sl_hits": 0, "worst_mae": -0.35299996156359303, "win": 1.0, "score": 0.1963590776838009}, "oos": {"n": 6, "months": 0.9156387061403509, "eq": 1212.8990096698292, "growth": 0.21079642935604326, "liq": false, "maxdd": 0.0, "tpm": 6.552802933912132, "sl_hits": 0, "worst_mae": -0.07537241532646555, "win": 1.0, "score": 0.21079642935604326}, "elapsed": 0.7567057609558105}