{"job": {"strategy": "scalpx", "mode": "lev", "method": "vol3_7d", "window": "all", "fold_idx": 20, "n_samples": 350, "seed": 36030}, "status": "ok", "n_feasible": 12, "cand": {"strategy": "scalpx", "tpL": [0.008479406626781484, 0.00862885907149615, 0.010176796976269933], "tpS": [0.01673863761035454, 0.015912528736387075, 0.01710151332351135], "rsiOB": [62.45210544384869, 74.87153107838753, 60.19978884555804], "rsiOS": [23.118987723237705, 29.342421424595155, 28.552352811814067], "useCvd": [1.0, 1.0, 1.0], "useEma": [1.0, 1.0, 1.0], "eL": [1.0, 1.0, 1.0], "eS": [1.0, 1.0, 0.0], "lev": [7.0063446201940724, 10.0, 9.398286895346617], "sl": 0.05, "slOn": 0.0}, "train": {"n": 56, "months": 24.179481907894736, "eq": 314068.9163588113, "growth": 0.23778890145693038, "liq": false, "maxdd": 0.0, "tpm": 2.316013230279996, "sl_hits": 0, "worst_mae": -0.1053501128178016, "win": 1.0, "score": 0.2105307203294916}, "oos": null, "elapsed": 0.8611128330230713}