{"job": {"strategy": "scalpx", "mode": "lev", "method": "vol3_7d", "window": "all", "fold_idx": 10, "n_samples": 350, "seed": 36030}, "status": "ok", "n_feasible": 17, "cand": {"strategy": "scalpx", "tpL": [0.0157, 0.0145, 0.0134], "tpS": [0.0126, 0.0118, 0.0101], "rsiOB": [57.7328, 61.3468, 62.018], "rsiOS": [35.0499, 43.3526, 42.5103], "useCvd": [1.0, 1.0, 1.0], "useEma": [0.0, 1.0, 1.0], "eL": [1.0, 1.0, 1.0], "eS": [1.0, 1.0, 1.0], "lev": [1.7427, 1.8721, 1.7495], "sl": 0.05, "slOn": 0.0}, "train": {"n": 148, "months": 15.185238486842106, "eq": 27078.100592817173, "growth": 0.21723236733174922, "liq": false, "maxdd": 0.0, "tpm": 9.746307252812715, "sl_hits": 0, "worst_mae": -0.44673875532037277, "win": 1.0, "score": 0.1956552060930954}, "oos": null, "elapsed": 0.7694168090820312}