{"job": {"strategy": "scalpx", "mode": "lev", "method": "vol3_7d", "window": "all", "fold_idx": 8, "n_samples": 350, "seed": 36030}, "status": "ok", "n_feasible": 24, "cand": {"strategy": "scalpx", "tpL": [0.0122, 0.0117, 0.0112], "tpS": [0.0097, 0.0112, 0.0124], "rsiOB": [75.422, 68.3439, 79.0813], "rsiOS": [31.1267, 37.5567, 38.038], "useCvd": [1.0, 1.0, 1.0], "useEma": [1.0, 1.0, 1.0], "eL": [1.0, 1.0, 1.0], "eS": [1.0, 1.0, 1.0], "lev": [3.4399, 2.6659, 3.2726], "sl": 0.05, "slOn": 0.0}, "train": {"n": 49, "months": 13.347861842105264, "eq": 4549.966801843115, "growth": 0.11351031008267128, "liq": false, "maxdd": 0.0, "tpm": 3.6709999383895013, "sl_hits": 0, "worst_mae": -0.24939802015517698, "win": 1.0, "score": 0.09545430402562034}, "oos": {"n": 4, "months": 0.9194078947368421, "eq": 1137.4866027778723, "growth": 0.14011310402417962, "liq": false, "maxdd": 0.0, "tpm": 4.350626118067979, "sl_hits": 0, "worst_mae": -0.024139638524387275, "win": 1.0, "score": 0.14011310402417962}, "elapsed": 0.7613131999969482}