{"job": {"strategy": "scalpx", "mode": "lev", "method": "vol3_7d", "window": "all", "fold_idx": 2, "n_samples": 350, "seed": 36030}, "status": "ok", "n_feasible": 38, "cand": {"strategy": "scalpx", "tpL": [0.013698803261346197, 0.007323758954237536, 0.0136311025722101], "tpS": [0.015061041142230006, 0.01597901675958133, 0.009380978065935476], "rsiOB": [60.25544261340076, 74.09194405749936, 67.0216176594403], "rsiOS": [16.46144620650161, 23.652228523181986, 26.58618995390648], "useCvd": [1.0, 1.0, 1.0], "useEma": [0.0, 0.0, 1.0], "eL": [1.0, 1.0, 1.0], "eS": [1.0, 1.0, 1.0], "lev": [6.593950840436865, 9.964965201406276, 7.483281908540844], "sl": 0.05, "slOn": 0.0}, "train": {"n": 29, "months": 7.8671875, "eq": 13239.404257592687, "growth": 0.3283508310748191, "liq": false, "maxdd": 0.0, "tpm": 3.686196623634558, "sl_hits": 0, "worst_mae": -0.1209366048075724, "win": 1.0, "score": 0.30476050646501307}, "oos": {"n": 1, "months": 0.9100877192982456, "eq": 0.0, "growth": -30.360832840634743, "liq": true, "maxdd": NaN, "tpm": 1.0987951807228915, "sl_hits": 0, "worst_mae": -0.1470651013874067, "win": 0.0, "score": -30.360832840634743}, "elapsed": 0.8523199558258057}