{"job": {"strategy": "scalpx", "mode": "lev", "method": "vol3_7d", "window": "all", "fold_idx": 13, "n_samples": 350, "seed": 36030}, "status": "ok", "n_feasible": 16, "cand": {"strategy": "scalpx", "tpL": [0.0127, 0.0166, 0.014], "tpS": [0.011, 0.0102, 0.0105], "rsiOB": [60.8686, 68.2661, 69.9127], "rsiOS": [40.7041, 44.1402, 39.9947], "useCvd": [1.0, 1.0, 1.0], "useEma": [1.0, 1.0, 1.0], "eL": [1.0, 1.0, 1.0], "eS": [1.0, 1.0, 1.0], "lev": [1.4651, 1.5599, 1.3432], "sl": 0.05, "slOn": 0.0}, "train": {"n": 78, "months": 17.73266173245614, "eq": 4877.918577802224, "growth": 0.08936721581038476, "liq": false, "maxdd": 0.0, "tpm": 4.398662827771444, "sl_hits": 0, "worst_mae": -0.5733232789212207, "win": 1.0, "score": 0.10795713833380681}, "oos": {"n": 6, "months": 0.920984100877193, "eq": 1121.5281617723924, "growth": 0.1245322100161168, "liq": false, "maxdd": 0.0, "tpm": 6.514770444229481, "sl_hits": 0, "worst_mae": -0.15038119885290624, "win": 1.0, "score": 0.1245322100161168}, "elapsed": 0.8155922889709473}