{"job": {"strategy": "scalpx", "mode": "lev", "method": "vol3_7d", "window": "all", "fold_idx": 1, "n_samples": 350, "seed": 36030}, "status": "ok", "n_feasible": 47, "cand": {"strategy": "scalpx", "tpL": [0.004394182677526781, 0.0027656756091183022, 0.004180821190557537], "tpS": [0.01387214633755352, 0.010622878571376164, 0.008317981514094769], "rsiOB": [65.59470553373812, 85.0, 57.196501530787096], "rsiOS": [50.0, 30.04331331018409, 45.56281708827996], "useCvd": [1.0, 1.0, 1.0], "useEma": [0.0, 0.0, 1.0], "eL": [1.0, 1.0, 1.0], "eS": [1.0, 1.0, 1.0], "lev": [4.195403541833204, 6.2673947956511995, 4.866986340318091], "sl": 0.05, "slOn": 0.0}, "train": {"n": 148, "months": 6.951206140350878, "eq": 19032.331163720242, "growth": 0.42383136303654056, "liq": false, "maxdd": 0.0, "tpm": 21.29126902752583, "sl_hits": 0, "worst_mae": -0.10037261424152732, "win": 1.0, "score": 0.3779024949689281}, "oos": {"n": 15, "months": 0.9159813596491229, "eq": 1288.9495489457588, "growth": 0.27710998791841146, "liq": false, "maxdd": 0.0, "tpm": 16.375879096214273, "sl_hits": 0, "worst_mae": -0.08587299204323684, "win": 1.0, "score": 0.27710998791841146}, "elapsed": 0.8690712451934814}