{"job": {"strategy": "scalpx", "mode": "lev", "method": "vol3_7d", "window": "all", "fold_idx": 9, "n_samples": 350, "seed": 36030}, "status": "ok", "n_feasible": 22, "cand": {"strategy": "scalpx", "tpL": [0.01653463712352635, 0.014527110790289236, 0.01537888745388829], "tpS": [0.007472263595898109, 0.004662272844696445, 0.005199732272573079], "rsiOB": [63.44469295637214, 74.5506357552133, 50.0], "rsiOS": [50.0, 28.560539783275434, 46.13353279071869], "useCvd": [1.0, 1.0, 1.0], "useEma": [0.0, 1.0, 1.0], "eL": [1.0, 1.0, 1.0], "eS": [1.0, 1.0, 1.0], "lev": [1.5398327556046392, 1.4881746250014622, 2.1308517260602833], "sl": 0.05, "slOn": 0.0}, "train": {"n": 116, "months": 14.267269736842106, "eq": 8803.012656488854, "growth": 0.1524534161296649, "liq": false, "maxdd": 0.0, "tpm": 8.130497435010662, "sl_hits": 0, "worst_mae": -0.35299996156359303, "win": 1.0, "score": 0.23024558003686907}, "oos": {"n": 9, "months": 0.91796875, "eq": 1229.3740425969954, "growth": 0.22495878142773293, "liq": false, "maxdd": 0.0, "tpm": 9.804255319148936, "sl_hits": 0, "worst_mae": -0.18736303871439008, "win": 1.0, "score": 0.22495878142773293}, "elapsed": 0.7789287567138672}