{"job": {"strategy": "scalpx", "mode": "lev", "method": "vol3_7d", "window": "all", "fold_idx": 6, "n_samples": 350, "seed": 36030}, "status": "ok", "n_feasible": 13, "cand": {"strategy": "scalpx", "tpL": [0.003996809901655248, 0.005789270295422629, 0.007317921126319967], "tpS": [0.008632460823445926, 0.007278481666695043, 0.007733161219528235], "rsiOB": [50.0, 62.081398771114344, 55.04465014346603], "rsiOS": [50.0, 50.0, 50.0], "useCvd": [1.0, 1.0, 1.0], "useEma": [0.0, 1.0, 1.0], "eL": [1.0, 1.0, 1.0], "eS": [1.0, 1.0, 1.0], "lev": [1.6347189411833416, 1.6555604566534896, 2.7932854852919244], "sl": 0.05, "slOn": 0.0}, "train": {"n": 283, "months": 11.518571820175438, "eq": 27234.08825994511, "growth": 0.2868818708678004, "liq": false, "maxdd": 0.0, "tpm": 24.569018140279272, "sl_hits": 0, "worst_mae": -0.5825211524044123, "win": 1.0, "score": 0.2806913095058715}, "oos": {"n": 9, "months": 0.9139939692982456, "eq": 1112.0338252338345, "growth": 0.11618305733794236, "liq": false, "maxdd": 0.0, "tpm": 9.846892104671216, "sl_hits": 0, "worst_mae": -0.034824172072379644, "win": 1.0, "score": 0.11618305733794236}, "elapsed": 0.771942138671875}