{"job": {"strategy": "scalpx", "mode": "lev", "method": "vol3_7d", "window": "all", "fold_idx": 3, "n_samples": 350, "seed": 36030}, "status": "ok", "n_feasible": 28, "cand": {"strategy": "scalpx", "tpL": [0.003978711482633127, 0.0035617631985614875, 0.00491344017946269], "tpS": [0.006365581204889369, 0.00904029175350767, 0.005811939565149986], "rsiOB": [72.48711340962964, 69.56434445139203, 69.84835199887384], "rsiOS": [30.589616916539345, 34.27324116443093, 50.0], "useCvd": [1.0, 1.0, 1.0], "useEma": [1.0, 1.0, 1.0], "eL": [1.0, 1.0, 1.0], "eS": [1.0, 1.0, 0.0], "lev": [10.0, 10.0, 10.0], "sl": 0.05, "slOn": 0.0}, "train": {"n": 135, "months": 8.777275219298247, "eq": 246148.1454450892, "growth": 0.6272941698151497, "liq": false, "maxdd": 0.0, "tpm": 15.380627430159745, "sl_hits": 0, "worst_mae": -0.08373264589257423, "win": 1.0, "score": 0.48652893821732096}, "oos": {"n": 12, "months": 0.9172149122807017, "eq": 0.0, "growth": -30.124914832907155, "liq": true, "maxdd": 0.9999999999999997, "tpm": 13.083084279737, "sl_hits": 0, "worst_mae": -0.09559415621764644, "win": 0.9166666666666666, "score": -30.124914832907155}, "elapsed": 0.8986690044403076}