{"job": {"strategy": "scalpx", "mode": "lev", "method": "vol3_7d", "window": "all", "fold_idx": 17, "n_samples": 350, "seed": 36030}, "status": "ok", "n_feasible": 14, "cand": {"strategy": "scalpx", "tpL": [0.016723145644794664, 0.01222704182395878, 0.019896380726431805], "tpS": [0.004239114481411511, 0.005395937237865029, 0.005362301448010411], "rsiOB": [50.0, 74.2469378819704, 70.24065149688388], "rsiOS": [48.019833840063406, 33.2786692722571, 47.509017010723674], "useCvd": [1.0, 1.0, 1.0], "useEma": [0.0, 1.0, 0.0], "eL": [1.0, 1.0, 1.0], "eS": [1.0, 1.0, 1.0], "lev": [1.2, 1.2, 1.7192627869529689], "sl": 0.05, "slOn": 0.0}, "train": {"n": 123, "months": 21.41673519736842, "eq": 7098.805506390405, "growth": 0.09151378645228067, "liq": false, "maxdd": 0.0, "tpm": 5.743172284032984, "sl_hits": 0, "worst_mae": -0.59704243642914, "win": 1.0, "score": 0.15573785294148562}, "oos": {"n": 7, "months": 0.920984100877193, "eq": 1148.9732942521368, "growth": 0.150783011198387, "liq": false, "maxdd": 0.0, "tpm": 7.600565518267729, "sl_hits": 0, "worst_mae": -0.048227262717463026, "win": 1.0, "score": 0.150783011198387}, "elapsed": 0.8663425445556641}