{"job": {"strategy": "scalpx", "mode": "lev", "method": "vol3_7d", "window": "all", "fold_idx": 0, "n_samples": 350, "seed": 36030}, "status": "ok", "n_feasible": 45, "cand": {"strategy": "scalpx", "tpL": [0.0132, 0.0139, 0.0137], "tpS": [0.0128, 0.011, 0.0135], "rsiOB": [59.9477, 80.8876, 67.7202], "rsiOS": [41.013, 41.014, 48.1898], "useCvd": [1.0, 1.0, 1.0], "useEma": [1.0, 1.0, 0.0], "eL": [1.0, 1.0, 1.0], "eS": [1.0, 1.0, 1.0], "lev": [2.8233, 3.4729, 2.8597], "sl": 0.05, "slOn": 0.0}, "train": {"n": 77, "months": 6.024328399122807, "eq": 18088.594526837576, "growth": 0.48059823621750347, "liq": false, "maxdd": 0.0, "tpm": 12.78150772975986, "sl_hits": 0, "worst_mae": -0.322323508037058, "win": 1.0, "score": 0.39137747231475883}, "oos": {"n": 2, "months": 0.9209155701754386, "eq": 1084.3580298690838, "growth": 0.08794306119370718, "liq": false, "maxdd": 0.0, "tpm": 2.171751748772139, "sl_hits": 0, "worst_mae": -0.06280153732929927, "win": 1.0, "score": 0.08794306119370718}, "elapsed": 0.8361828327178955}