{
 "cand": {
  "strategy": "v7",
  "mode": "lev",
  "regs": [
   {
    "xMinBetween": 11.136445780301406,
    "cdPctShort": 0.008628513768829017,
    "apt2Short": 0.005464149060625981,
    "xApt2Long": 0.0041472196885898125,
    "dur1Long": 62.83854525894727,
    "xDur2Short": 75.57114433938605,
    "dur2Long": 105.4386530178568,
    "ptLong": 0.01788646387515105,
    "zS": 1.5040537977699344,
    "xCdPeriodShort": 4.19841335354825,
    "dur2Short": 77.59997595452413,
    "cdPctLong": 0.010817872591290969,
    "xCdPctShort": 0.0017095460595434003,
    "xApt1Short": 0.0005,
    "eL3": 1.0,
    "xDur1Short": 21.192344611589853,
    "zXS": 1.065449023734961,
    "requireHistPos": 0.0,
    "vEmaUp": 2.0,
    "trendBlockZ": 3.0,
    "rsiValLong": 69.76063002463302,
    "dur1Short": 12.254855461277785,
    "vMacd": 0.0,
    "bbValLong": 0.19498057672446967,
    "xApt2Short": 0.0013274433356097106,
    "apt2Long": 0.015,
    "apt1Long": 0.013280804986373218,
    "vBB": 1.0,
    "eXS": 0.0,
    "rsiValShort": 71.43667384096862,
    "cdPeriodShort": 84.45849271895557,
    "xDur2Long": 523.09893180769,
    "slLong": 0.08123172578046638,
    "vRsi": 1.0,
    "vEmaDn": 4.0,
    "vHistN": 2.0,
    "zL": -2.470673640724458,
    "eXL": 1.0,
    "vX": 1.0,
    "xTpLong": 0.002981750071108737,
    "leverage": 10.0,
    "ptShort": 0.008513274090349349,
    "slShort": 0.07157269202761654,
    "cdPeriodLong": 111.32075217617945,
    "eS3": 1.0,
    "xTpShort": 0.001,
    "xDur1Long": 67.07183818967927,
    "apt1Short": 0.01284435561683532,
    "xApt1Long": 0.0061133225794444985,
    "zXLmax": -1.8901342804521366,
    "bbValShort": 1.1395355365802118
   },
   {
    "xMinBetween": 3.482615617670855,
    "cdPctShort": 0.00745052907042495,
    "apt2Short": 0.0010390093096181612,
    "xApt2Long": 0.0,
    "dur1Long": 54.70715242150351,
    "xDur2Short": 192.57281014583063,
    "dur2Long": 115.94492118446556,
    "ptLong": 0.02665634064724278,
    "zS": 1.3155277010804016,
    "xCdPeriodShort": 55.193762927327114,
    "dur2Short": 16.07313135401855,
    "cdPctLong": 0.008279809456351327,
    "xCdPctShort": 0.0016627923292911137,
    "xApt1Short": 0.0005,
    "eL3": 0.0,
    "xDur1Short": 191.62031558297434,
    "zXS": 2.743511619239921,
    "requireHistPos": 0.0,
    "vEmaUp": 4.0,
    "trendBlockZ": 3.0,
    "rsiValLong": 67.58581428476917,
    "dur1Short": 52.99855075247705,
    "vMacd": 3.0,
    "bbValLong": 0.2430106642715897,
    "xApt2Short": 0.007666351703161582,
    "apt2Long": 0.0011896803329024602,
    "apt1Long": 0.012807322972185098,
    "vBB": 3.0,
    "eXS": 0.0,
    "rsiValShort": 62.84847496534719,
    "cdPeriodShort": 10.322266493781308,
    "xDur2Long": 59.93451415225017,
    "slLong": 0.09522365946939981,
    "vRsi": 1.0,
    "vEmaDn": 4.0,
    "vHistN": 1.0,
    "zL": -2.2900150095344807,
    "eXL": 0.0,
    "vX": 2.0,
    "xTpLong": 0.008397929938426458,
    "leverage": 8.980423991925399,
    "ptShort": 0.00680967479544139,
    "slShort": 0.04024563456152109,
    "cdPeriodLong": 201.30469643727116,
    "eS3": 1.0,
    "xTpShort": 0.005230868919338485,
    "xDur1Long": 10.0,
    "apt1Short": 0.002524363429032602,
    "xApt1Long": 0.012593999475789888,
    "zXLmax": -1.5884862887451465,
    "bbValShort": 0.6014678082665096
   },
   {
    "xMinBetween": 7.234713790846678,
    "cdPctShort": 0.0043491450150204254,
    "apt2Short": 0.006356007749243888,
    "xApt2Long": 0.005070977212335266,
    "dur1Long": 6.2208881793287025,
    "xDur2Short": 514.0055228440685,
    "dur2Long": 135.83599204696725,
    "ptLong": 0.01271940667381326,
    "zS": 1.7064041381729276,
    "xCdPeriodShort": 3.0,
    "dur2Short": 176.64934647601598,
    "cdPctLong": 0.004503587821855489,
    "xCdPctShort": 0.0002,
    "xApt1Short": 0.0005,
    "eL3": 1.0,
    "xDur1Short": 82.6316851415163,
    "zXS": 1.9536546402649952,
    "requireHistPos": 1.0,
    "vEmaUp": 2.0,
    "trendBlockZ": 3.0,
    "rsiValLong": 82.63106006756126,
    "dur1Short": 17.036572612624283,
    "vMacd": 0,
    "bbValLong": 0.35,
    "xApt2Short": 0.0004892175971872979,
    "apt2Long": 0.006718157378365085,
    "apt1Long": 0.010852675494732959,
    "vBB": 0.0,
    "eXS": 1.0,
    "rsiValShort": 60.98749115906109,
    "cdPeriodShort": 57.4185456885033,
    "xDur2Long": 170.76776671021597,
    "slLong": 0.10678634776973958,
    "vRsi": 5.0,
    "vEmaDn": 4.0,
    "vHistN": 3.0,
    "zL": -1.5500129740087145,
    "eXL": 0.0,
    "vX": 1,
    "xTpLong": 0.004013513195667782,
    "leverage": 10.0,
    "ptShort": 0.015051973209305281,
    "slShort": 0.07026843956992358,
    "cdPeriodLong": 79.32579542478764,
    "eS3": 1.0,
    "xTpShort": 0.0010334463734943415,
    "xDur1Long": 59.42453471032884,
    "apt1Short": 0.008131208459397228,
    "xApt1Long": 0.0008882549090425589,
    "zXLmax": -1.7650567714184233,
    "bbValShort": 0.8623211325850721
   }
  ]
 },
 "metrics": {
  "n": 322,
  "months": 14.81640625,
  "eq": 167422932278.2827,
  "growth": 1.2780449845958393,
  "liq": false,
  "maxdd": 0.485111720614313,
  "tpm": 21.73266543633008,
  "sl_hits": 0,
  "worst_mae": -0.05103227099619145,
  "win": 0.9875776397515528,
  "max_hold_days": 4.233333333333333,
  "in_market": 0.08394965795717874,
  "score": 1.2002292874654583
 },
 "strategy": "v7",
 "mode": "lev",
 "method": "vol3",
 "algo": "genetic",
 "per_regime": true,
 "train_end": "2025-09-01",
 "holdout_days": null,
 "max_dd": 0.55,
 "max_hold_days": 7.0,
 "gap_mode": "skip_contaminated",
 "scoring": "classic",
 "anchor": null,
 "anchor_strength": 0.0,
 "evaluated": 100800,
 "generated": "2026-07-17 12:52",
 "holdout": {
  "n": 5,
  "months": 2.1842105263157894,
  "eq": 0.0,
  "growth": -12.650347016931143,
  "liq": true,
  "maxdd": 1.0,
  "tpm": 2.289156626506024,
  "sl_hits": 0,
  "worst_mae": -0.092,
  "win": 0.8,
  "max_hold_days": 60.6375,
  "in_market": 0.9518072289156626,
  "score": -12.650347016931143
 },
 "holdout_scan": {
  "scanned": 579,
  "pool": 579,
  "reservoir": 279,
  "survivors": 3
 },
 "holdout_survivors": [
  {
   "rank": 499,
   "train_score": 0.17238057876896543,
   "holdout": {
    "n": 50,
    "months": 9.656661184210527,
    "eq": 5376.420352650937,
    "growth": 0.1741826453962833,
    "liq": false,
    "maxdd": 0.5194821855711097,
    "tpm": 5.177773046625505,
    "sl_hits": 0,
    "worst_mae": -0.06505043795923449,
    "win": 1.0,
    "max_hold_days": 3.5833333333333335,
    "in_market": 0.04377262082180115,
    "score": 0.15680839112846787
   }
  },
  {
   "rank": 578,
   "train_score": 0.15426066758333135,
   "holdout": {
    "n": 56,
    "months": 9.656661184210527,
    "eq": 2544.570805348788,
    "growth": 0.0967168647284407,
    "liq": false,
    "maxdd": 0.5980545652822881,
    "tpm": 5.799105812220565,
    "sl_hits": 0,
    "worst_mae": -0.06186587478346928,
    "win": 0.9821428571428571,
    "max_hold_days": 5.091666666666667,
    "in_market": 0.022276630473351784,
    "score": 0.08066832293600046
   }
  },
  {
   "rank": 463,
   "train_score": 0.17997940633777462,
   "holdout": {
    "n": 16,
    "months": 9.656661184210527,
    "eq": 2504.8945103731453,
    "growth": 0.09508945219327297,
    "liq": false,
    "maxdd": 0.7568319090501588,
    "tpm": 1.6568873749201616,
    "sl_hits": 0,
    "worst_mae": -0.0926470588235293,
    "win": 0.9375,
    "max_hold_days": 6.254166666666666,
    "in_market": 0.06123766943439075,
    "score": 0.11448914834147794
   }
  }
 ],
 "holdout_top10": [
  {
   "rank": 499,
   "train_score": 0.17238057876896543,
   "holdout": {
    "n": 50,
    "months": 9.656661184210527,
    "eq": 5376.420352650937,
    "growth": 0.1741826453962833,
    "liq": false,
    "maxdd": 0.5194821855711097,
    "tpm": 5.177773046625505,
    "sl_hits": 0,
    "worst_mae": -0.06505043795923449,
    "win": 1.0,
    "max_hold_days": 3.5833333333333335,
    "in_market": 0.04377262082180115,
    "score": 0.15680839112846787
   }
  },
  {
   "rank": 543,
   "train_score": 0.1442319172547197,
   "holdout": {
    "n": 57,