{
 "cand": {
  "strategy": "prime",
  "tv": 1,
  "zL": [
   -2.4140064974385784,
   -2.541366681010221,
   -0.8123919347666995
  ],
  "zS": [
   1.3964308671240597,
   1.5782252127106084,
   1.1614781482426146
  ],
  "rsiL": [
   73.35911941977832,
   36.79814775527544,
   63.96428272016568
  ],
  "rsiS": [
   82.83371250728963,
   78.54951329947757,
   68.1775262123205
  ],
  "bbL": [
   0.20786522358251797,
   0.09539480651831576,
   0.08273804342558938
  ],
  "bbS": [
   1.0371068014368918,
   1.152763795227843,
   1.2898847560456774
  ],
  "ptL": [
   0.008178348190785988,
   0.007609222562372137,
   0.01883381800347852
  ],
  "a1L": [
   0.0016612666761472072,
   0.0063236516563518,
   0.00466928117185359
  ],
  "a2L": [
   0.0009967600056883243,
   0.0022634160886713848,
   0.00465104425391742
  ],
  "d1L": [
   60.73256306067261,
   1.9346850619881475,
   54.51129025360116
  ],
  "d2L": [
   165.11107351343216,
   95.74604349721866,
   284.1013957468171
  ],
  "ptS": [
   0.028886373818872182,
   0.03,
   0.029801480943280598
  ],
  "a1S": [
   0.015936206587520877,
   0.009219936261542641,
   0.006353331421056093
  ],
  "a2S": [
   0.007474412423712477,
   0.007439212700175561,
   0.0052537988630639906
  ],
  "d1S": [
   59.77312379927349,
   28.565614809011507,
   49.559252519289714
  ],
  "d2S": [
   284.7498962117313,
   321.28738997327224,
   239.7235154286466
  ],
  "cdPL": [
   0.005077101341069328,
   0.0014998679882350543,
   0.008592627984204489
  ],
  "cdTL": [
   37.98513684351444,
   14.236439670461511,
   10.0
  ],
  "cdPS": [
   0.01020152263566897,
   0.010853984390154474,
   0.008391650550124205
  ],
  "cdTS": [
   10.64146730505597,
   78.8230038922707,
   117.33420255383412
  ],
  "eL3": [
   1.0,
   1.0,
   1.0
  ],
  "eS3": [
   1.0,
   1.0,
   1.0
  ],
  "lev": [
   7.0,
   7.0,
   7.0
  ],
  "sl": 0.0
 },
 "metrics": {
  "n": 289,
  "months": 12.555235745614036,
  "eq": 9629129896.290108,
  "growth": 1.2807647544062237,
  "liq": false,
  "maxdd": 0.5369068889679454,
  "tpm": 23.018285427333165,
  "sl_hits": 0,
  "worst_mae": -0.07838100527631209,
  "win": 1.0,
  "max_hold_days": 4.933333333333334,
  "in_market": 0.29598375599052434,
  "score": 0.699140510870421
 },
 "strategy": "prime",
 "mode": "lev",
 "method": "trend3",
 "algo": "refine",
 "per_regime": true,
 "train_end": null,
 "holdout_days": 21.0,
 "max_dd": null,
 "max_hold_days": 5.0,
 "gap_mode": "skip_contaminated",
 "scoring": "recent",
 "anchor": null,
 "anchor_strength": 0.0,
 "evaluated": 50400,
 "generated": "2026-07-20 22:01",
 "holdout": {
  "n": 3,
  "months": 0.38843201754385964,
  "eq": 0.0,
  "growth": -71.13476713543214,
  "liq": true,
  "maxdd": 1.0000000000000002,
  "tpm": 7.723359209597742,
  "sl_hits": 0,
  "worst_mae": -0.13485714285714284,
  "win": 0.6666666666666666,
  "max_hold_days": 6.495833333333334,
  "in_market": 0.7293577981651376,
  "score": -71.13476713543214
 },
 "holdout_scan": {
  "scanned": 596,
  "pool": 596,
  "reservoir": 296,
  "survivors": 0
 },
 "holdout_survivors": [],
 "holdout_top10": [
  {
   "rank": 1,
   "train_score": 0.699140510870421,
   "holdout": {
    "n": 3,
    "months": 0.38843201754385964,
    "eq": 0.0,
    "growth": -71.13476713543214,
    "liq": true,
    "maxdd": 1.0000000000000002,
    "tpm": 7.723359209597742,
    "sl_hits": 0,
    "worst_mae": -0.13485714285714284,
    "win": 0.6666666666666666,
    "max_hold_days": 6.495833333333334,
    "in_market": 0.7293577981651376,
    "score": -71.13476713543214
   }
  },
  {
   "rank": 2,
   "train_score": 0.6976386671324388,
   "holdout": {
    "n": 3,
    "months": 0.38843201754385964,
    "eq": 0.0,
    "growth": -71.13476713543214,
    "liq": true,
    "maxdd": 1.0000000000000002,
    "tpm": 7.723359209597742,
    "sl_hits": 0,
    "worst_mae": -0.13485714285714284,
    "win": 0.6666666666666666,
    "max_hold_days": 6.495833333333334,
    "in_market": 0.7293577981651376,
    "score": -71.13476713543214
   }
  },
  {
   "rank": 3,
   "train_score": 0.6972408976371758,
   "holdout": {
    "n": 3,
    "months": 0.38843201754385964,
    "eq": 0.0,
    "growth": -71.13476713543214,
    "liq": true,
    "maxdd": 1.0000000000000002,
    "tpm": 7.723359209597742,
    "sl_hits": 0,
    "worst_mae": -0.13485714285714284,
    "win": 0.6666666666666666,
    "max_hold_days": 6.495833333333334,
    "in_market": 0.7293577981651376,
    "score": -71.13476713543214
   }
  },
  {
   "rank": 4,
   "train_score": 0.6967010593605063,
   "holdout": {
    "n": 3,
    "months": 0.38843201754385964,
    "eq": 0.0,
    "growth": -71.13476713543214,
    "liq": true,
    "maxdd": 1.0000000000000002,
    "tpm": 7.723359209597742,
    "sl_hits": 0,
    "worst_mae": -0.13485714285714284,
    "win": 0.6666666666666666,
    "max_hold_days": 6.495833333333334,
    "in_market": 0.7293577981651376,
    "score": -71.13476713543214
   }
  },
  {
   "rank": 5,
   "train_score": 0.6960401871576377,
   "holdout": {
    "n": 3,
    "months": 0.38843201754385964,
    "eq": 0.0,
    "growth": -71.13476713543214,
    "liq": true,
    "maxdd": 1.0000000000000002,
    "tpm": 7.723359209597742,
    "sl_hits": 0,
    "worst_mae": -0.13485714285714284,
    "win": 0.6666666666666666,
    "max_hold_days": 6.495833333333334,
    "in_market": 0.7293577981651376,
    "score": -71.13476713543214
   }
  },
  {
   "rank": 6,
   "train_score": 0.6960401871576377,
   "holdout": {
    "n": 3,
    "months": 0.38843201754385964,
    "eq": 0.0,
    "growth": -71.13476713543214,
    "liq": true,
    "maxdd": 1.0000000000000002,
    "tpm": 7.723359209597742,
    "sl_hits": 0,
    "worst_mae": -0.13485714285714284,
    "win": 0.6666666666666666,
    "max_hold_days": 6.495833333333334,
    "in_market": 0.7293577981651376,
    "score": -71.13476713543214
   }
  },
  {
   "rank": 7,
   "train_score": 0.6960196266952183,
   "holdout": {
    "n": 3,
    "months": 0.38843201754385964,
    "eq": 0.0,
    "growth": -71.13476713543214,
    "liq": true,
    "maxdd": 1.0000000000000002,
    "tpm": 7.723359209597742,
    "sl_hits": 0,
    "worst_mae": -0.13485714285714284,
    "win": 0.6666666666666666,
    "max_hold_days": 6.495833333333334,
    "in_market": 0.7293577981651376,
    "score": -71.13476713543214
   }
  },
  {
   "rank": 8,
   "train_score": 0.6945816635568873,
   "holdout": {
    "n": 3,
    "months": 0.38843201754385964,
    "eq": 0.0,
    "growth": -71.13476713543214,
    "liq": true,
    "maxdd": 1.0000000000000002,
    "tpm": 7.723359209597742,
    "sl_hits": 0,
    "worst_mae": -0.13485714285714284,
    "win": 0.6666666666666666,
    "max_hold_days": 6.495833333333334,
    "in_market": 0.7293577981651376,
    "score": -71.13476713543214
   }
  },
  {
   "rank": 9,
   "train_score": 0.6940670550516612,
   "holdout": {
    "n": 3,
    "months": 0.38843201754385964,
    "eq": 0.0,
    "growth": -71.13476713543214,
    "liq": true,
    "maxdd": 1.0000000000000002,
    "tpm": 7.723359209597742,
    "sl_hits": 0,
    "worst_mae": -0.13485714285714284,
    "win": 0.6666666666666666,
    "max_hold_days": 6.495833333333334,
    "in_market": 0.7293577981651376,
    "score": -71.13476713543214
   }
  },
  {
   "rank": 10,
   "train_score": 0.6936407309659189,
   "holdout": {
    "n": 3,
    "months": 0.38843201754385964,
    "eq": 0.0,
    "growth": -71.13476713543214,
    "liq": true,
    "maxdd": 1.0000000000000002,
    "tpm": 7.723359209597742,
    "sl_hits": 0,
    "worst_mae": -0.13485714285714284,
    "win": 0.6666666666666666,
    "max_hold_days": 6.495833333333334,
    "in_market": 0.7293577981651376,
    "score": -71.13476713543214
   }
  }
 ]
}