{"job": {"strategy": "scalpx", "mode": "spot", "method": "vol3", "window": "all", "fold_idx": 19, "n_samples": 350, "seed": 845659}, "status": "ok", "n_feasible": 72, "cand": {"strategy": "scalpx", "tpL": [0.004142482777983814, 0.00399505693816463, 0.005399517203330465], "tpS": [0.013336377116706495, 0.015983194529320042, 0.014877850329457582], "rsiOB": [68.70259048702165, 51.243803074046625, 53.565632508259384], "rsiOS": [21.642633050053114, 41.21602472010707, 23.960974059608272], "useCvd": [1.0, 1.0, 1.0], "useEma": [0.0, 0.0, 1.0], "eL": [1.0, 1.0, 1.0], "eS": [0.0, 0.0, 0.0], "lev": [1.0, 1.0, 1.0], "sl": 0.08, "slOn": 1.0}, "train": {"n": 81, "months": 23.25870339912281, "eq": 1066.1401615552984, "growth": 0.0027535843093565117, "liq": false, "maxdd": 0.10643985220506859, "tpm": 3.4825673043775467, "sl_hits": 2, "worst_mae": -0.09823794382617923, "win": 0.9753086419753086, "score": -0.00399135036156892}, "oos": {"n": 5, "months": 0.9207785087719298, "eq": 1014.4521616645748, "growth": 0.015583253129183005, "liq": false, "maxdd": 0.0, "tpm": 5.430187555820185, "sl_hits": 0, "worst_mae": -0.016949152542372947, "win": 1.0, "score": 0.015583253129183005}, "elapsed": 1.6004209518432617}