{"job": {"strategy": "scalpx", "mode": "spot", "method": "vol3", "window": "all", "fold_idx": 12, "n_samples": 350, "seed": 845659}, "status": "ok", "n_feasible": 103, "cand": {"strategy": "scalpx", "tpL": [0.0103, 0.0101, 0.011], "tpS": [0.0092, 0.0105, 0.0108], "rsiOB": [65.8428, 62.7273, 71.1187], "rsiOS": [32.883, 33.9201, 34.4579], "useCvd": [1.0, 1.0, 1.0], "useEma": [1.0, 1.0, 1.0], "eL": [1.0, 1.0, 1.0], "eS": [0.0, 0.0, 0.0], "lev": [1.0, 1.0, 1.0], "sl": 0.01, "slOn": 1.0}, "train": {"n": 38, "months": 16.945655153508774, "eq": 863.1822263860369, "growth": -0.008682429466136872, "liq": false, "maxdd": 0.13585823965299826, "tpm": 2.2424627230851977, "sl_hits": 25, "worst_mae": -0.01967975206611572, "win": 0.34210526315789475, "score": -0.012186026843292248}, "oos": {"n": 2, "months": 0.7870065789473684, "eq": 998.0045896332574, "growth": -0.0025379760522458903, "liq": false, "maxdd": 0.0, "tpm": 2.541274817136886, "sl_hits": 1, "worst_mae": -0.01081908380831742, "win": 0.5, "score": -0.0025379760522458903}, "elapsed": 1.1252894401550293}