{"job": {"strategy": "scalpx", "mode": "spot", "method": "vol3", "window": "all", "fold_idx": 0, "n_samples": 350, "seed": 845659}, "status": "ok", "n_feasible": 149, "cand": {"strategy": "scalpx", "tpL": [0.0118, 0.0124, 0.0107], "tpS": [0.01, 0.0099, 0.0088], "rsiOB": [70.0584, 66.4044, 63.6362], "rsiOS": [38.5718, 37.4217, 47.8926], "useCvd": [1.0, 1.0, 1.0], "useEma": [1.0, 1.0, 0.0], "eL": [1.0, 1.0, 1.0], "eS": [0.0, 0.0, 0.0], "lev": [1.0, 1.0, 1.0], "sl": 0.08, "slOn": 1.0}, "train": {"n": 87, "months": 6.024328399122807, "eq": 1234.090255144227, "growth": 0.034914109787004204, "liq": false, "maxdd": 0.2821126588486392, "tpm": 14.44144379855984, "sl_hits": 7, "worst_mae": -0.10295220325387555, "win": 0.9195402298850575, "score": -0.015637715937431924}, "oos": {"n": 12, "months": 0.9209155701754386, "eq": 933.7663428842959, "growth": -0.0744140315225927, "liq": false, "maxdd": 0.12954371614076216, "tpm": 13.030510492632832, "sl_hits": 2, "worst_mae": -0.08021934978456724, "win": 0.8333333333333334, "score": -0.0744140315225927}, "elapsed": 0.8110029697418213}