{"job": {"strategy": "scalpx", "mode": "spot", "method": "vol3", "window": "all", "fold_idx": 16, "n_samples": 350, "seed": 845659}, "status": "ok", "n_feasible": 66, "cand": {"strategy": "scalpx", "tpL": [0.0036753604357510406, 0.002841147919337869, 0.0031122389725345874], "tpS": [0.01181620130331604, 0.008789130036702775, 0.009358352057902343], "rsiOB": [50.0, 50.0, 54.59844356738074], "rsiOS": [37.357484417475874, 34.69644182446773, 21.09368431429845], "useCvd": [1.0, 1.0, 1.0], "useEma": [1.0, 1.0, 1.0], "eL": [1.0, 1.0, 1.0], "eS": [0.0, 0.0, 0.0], "lev": [1.0, 1.0, 1.0], "sl": 0.08, "slOn": 1.0}, "train": {"n": 59, "months": 20.495682565789473, "eq": 1060.6259743051828, "growth": 0.002871788994155013, "liq": false, "maxdd": 0.08089740367597018, "tpm": 2.8786550440862264, "sl_hits": 1, "worst_mae": -0.08910823689584757, "win": 0.9830508474576272, "score": -0.0021737069647754393}, "oos": {"n": 2, "months": 0.9210526315789473, "eq": 1003.4318247244939, "growth": 0.0037196022623056744, "liq": false, "maxdd": 0.0, "tpm": 2.1714285714285713, "sl_hits": 0, "worst_mae": -0.018497687789026385, "win": 1.0, "score": 0.0037196022623056744}, "elapsed": 1.5711421966552734}