{"job": {"strategy": "scalpx", "mode": "spot", "method": "vol3", "window": "all", "fold_idx": 5, "n_samples": 350, "seed": 845659}, "status": "ok", "n_feasible": 155, "cand": {"strategy": "scalpx", "tpL": [0.009, 0.0081, 0.0104], "tpS": [0.0106, 0.0127, 0.0104], "rsiOB": [65.5529, 74.5864, 68.4139], "rsiOS": [33.8683, 39.4433, 38.173], "useCvd": [1.0, 1.0, 1.0], "useEma": [0.0, 1.0, 1.0], "eL": [1.0, 1.0, 1.0], "eS": [0.0, 0.0, 0.0], "lev": [1.0, 1.0, 1.0], "sl": 0.03, "slOn": 1.0}, "train": {"n": 58, "months": 10.610128837719298, "eq": 1076.9467886601965, "growth": 0.006986719114041783, "liq": false, "maxdd": 0.10424266105103779, "tpm": 5.466474619404094, "sl_hits": 10, "worst_mae": -0.032158862414740086, "win": 0.8275862068965517, "score": -0.005340785640361956}, "oos": {"n": 4, "months": 0.9084429824561403, "eq": 954.3664610781644, "growth": -0.05141494962936185, "liq": false, "maxdd": 0.031177989516289518, "tpm": 4.403138201569101, "sl_hits": 2, "worst_mae": -0.031915599495720315, "win": 0.5, "score": -0.05141494962936185}, "elapsed": 0.9739017486572266}