{"job": {"strategy": "scalpx", "mode": "spot", "method": "vol3", "window": "all", "fold_idx": 1, "n_samples": 350, "seed": 845659}, "status": "ok", "n_feasible": 166, "cand": {"strategy": "scalpx", "tpL": [0.0151, 0.0161, 0.0179], "tpS": [0.0108, 0.0115, 0.0107], "rsiOB": [68.4616, 68.9188, 66.0082], "rsiOS": [33.0899, 37.6805, 46.1069], "useCvd": [1.0, 1.0, 1.0], "useEma": [1.0, 1.0, 1.0], "eL": [1.0, 1.0, 1.0], "eS": [0.0, 0.0, 0.0], "lev": [1.0, 1.0, 1.0], "sl": 0.08, "slOn": 1.0}, "train": {"n": 68, "months": 6.951206140350878, "eq": 1512.660004839184, "growth": 0.05953926344503515, "liq": false, "maxdd": 0.22489403333391925, "tpm": 9.782474958592948, "sl_hits": 7, "worst_mae": -0.08131673552610397, "win": 0.8970588235294118, "score": 0.013701354128632978}, "oos": {"n": 9, "months": 0.9159813596491229, "eq": 1042.240426946346, "growth": 0.04516757062012759, "liq": false, "maxdd": 0.08082765400115141, "tpm": 9.825527457728564, "sl_hits": 1, "worst_mae": -0.08496449817693341, "win": 0.8888888888888888, "score": 0.04516757062012759}, "elapsed": 0.995013952255249}