{"job": {"strategy": "scalpx", "mode": "spot", "method": "vol3", "window": "all", "fold_idx": 11, "n_samples": 350, "seed": 845659}, "status": "ok", "n_feasible": 109, "cand": {"strategy": "scalpx", "tpL": [0.0083, 0.0081, 0.009], "tpS": [0.0069, 0.0075, 0.0064], "rsiOB": [68.8675, 69.3049, 64.8313], "rsiOS": [30.0827, 37.4206, 35.0759], "useCvd": [1.0, 1.0, 1.0], "useEma": [1.0, 1.0, 1.0], "eL": [1.0, 1.0, 1.0], "eS": [0.0, 0.0, 0.0], "lev": [1.0, 1.0, 1.0], "sl": 0.05, "slOn": 1.0}, "train": {"n": 42, "months": 16.02480811403509, "eq": 905.9785853500125, "growth": -0.006161671889914174, "liq": false, "maxdd": 0.14648455361094287, "tpm": 2.6209362197114188, "sl_hits": 7, "worst_mae": -0.08001144553534711, "win": 0.8333333333333334, "score": -0.020483620436372307}, "oos": {"n": 3, "months": 0.9208470394736842, "eq": 963.9609138894292, "growth": -0.039859530821128725, "liq": false, "maxdd": 0.0, "tpm": 3.257870060281313, "sl_hits": 1, "worst_mae": -0.05927706471948846, "win": 0.6666666666666666, "score": -0.039859530821128725}, "elapsed": 1.1230239868164062}