{"job": {"strategy": "scalpx", "mode": "spot", "method": "vol3", "window": "all", "fold_idx": 10, "n_samples": 350, "seed": 845659}, "status": "ok", "n_feasible": 113, "cand": {"strategy": "scalpx", "tpL": [0.007004652256833623, 0.012335167084523466, 0.009020915375923734], "tpS": [0.0029524638698302766, 0.00329329675566767, 0.002252130615867513], "rsiOB": [58.189112719060944, 63.969791771956025, 83.37350829564132], "rsiOS": [31.35533302498185, 43.589424072495795, 25.34907450356213], "useCvd": [1.0, 1.0, 1.0], "useEma": [1.0, 1.0, 1.0], "eL": [1.0, 1.0, 1.0], "eS": [0.0, 0.0, 0.0], "lev": [1.0, 1.0, 1.0], "sl": 0.05, "slOn": 1.0}, "train": {"n": 87, "months": 15.185238486842106, "eq": 1218.0787610550951, "growth": 0.012991223787288333, "liq": false, "maxdd": 0.14203392870863424, "tpm": 5.729248182396663, "sl_hits": 12, "worst_mae": -0.07991271842750092, "win": 0.8620689655172413, "score": -0.0031596179282948784}, "oos": {"n": 4, "months": 0.8395696271929824, "eq": 1046.1382612008283, "growth": 0.053724594514867344, "liq": false, "maxdd": 0.0, "tpm": 4.764345767692434, "sl_hits": 0, "worst_mae": -0.016087160062986716, "win": 1.0, "score": 0.053724594514867344}, "elapsed": 1.100341796875}