{"job": {"strategy": "scalpx", "mode": "spot", "method": "vol3", "window": "all", "fold_idx": 15, "n_samples": 350, "seed": 845659}, "status": "ok", "n_feasible": 74, "cand": {"strategy": "scalpx", "tpL": [0.0085, 0.0081, 0.0067], "tpS": [0.0076, 0.0096, 0.0094], "rsiOB": [61.5756, 62.0226, 70.1483], "rsiOS": [36.7136, 25.9065, 34.9524], "useCvd": [1.0, 1.0, 1.0], "useEma": [1.0, 1.0, 1.0], "eL": [1.0, 1.0, 1.0], "eS": [0.0, 0.0, 0.0], "lev": [1.0, 1.0, 1.0], "sl": 0.01, "slOn": 1.0}, "train": {"n": 54, "months": 19.574629934210527, "eq": 938.83893090194, "growth": -0.0032241399855414145, "liq": false, "maxdd": 0.10370410397784265, "tpm": 2.7586728424236693, "sl_hits": 24, "worst_mae": -0.02852752538749337, "win": 0.5555555555555556, "score": -0.006612137867134252}, "oos": {"n": 1, "months": 0.9210526315789473, "eq": 1005.661122966245, "growth": 0.006129029804531953, "liq": false, "maxdd": 0.0, "tpm": 1.0857142857142856, "sl_hits": 0, "worst_mae": -0.0014123296377375194, "win": 1.0, "score": 0.006129029804531953}, "elapsed": 1.5722851753234863}