{"job": {"strategy": "scalpx", "mode": "spot", "method": "vol3", "window": "all", "fold_idx": 4, "n_samples": 350, "seed": 845659}, "status": "ok", "n_feasible": 154, "cand": {"strategy": "scalpx", "tpL": [0.0071, 0.0077, 0.0075], "tpS": [0.0113, 0.0121, 0.0091], "rsiOB": [71.2738, 61.2453, 77.327], "rsiOS": [29.0956, 38.7441, 38.5962], "useCvd": [1.0, 1.0, 1.0], "useEma": [1.0, 1.0, 1.0], "eL": [1.0, 1.0, 1.0], "eS": [0.0, 0.0, 0.0], "lev": [1.0, 1.0, 1.0], "sl": 0.05, "slOn": 1.0}, "train": {"n": 50, "months": 9.694490131578949, "eq": 1098.830935989944, "growth": 0.009721690146107154, "liq": false, "maxdd": 0.08739625398530874, "tpm": 5.157568817067481, "sl_hits": 4, "worst_mae": -0.08001144553534711, "win": 0.92, "score": -0.002907088164674384}, "oos": {"n": 1, "months": 0.9156387061403509, "eq": 1006.6961500000001, "growth": 0.007288715870677038, "liq": false, "maxdd": 0.0, "tpm": 1.0921338223186887, "sl_hits": 0, "worst_mae": -0.00643760760535983, "win": 1.0, "score": 0.007288715870677038}, "elapsed": 0.9523048400878906}