{"job": {"strategy": "scalpx", "mode": "spot", "method": "vol3", "window": "all", "fold_idx": 13, "n_samples": 350, "seed": 845659}, "status": "ok", "n_feasible": 107, "cand": {"strategy": "scalpx", "tpL": [0.0020274625826649513, 0.0027069658149849784, 0.0026016990167467935], "tpS": [0.02, 0.019446191175939535, 0.015569593590412793], "rsiOB": [66.59408442788231, 76.61447256889151, 72.30965930040836], "rsiOS": [31.891554953054193, 35.62858697663126, 34.253183779645994], "useCvd": [1.0, 1.0, 1.0], "useEma": [1.0, 1.0, 1.0], "eL": [1.0, 1.0, 1.0], "eS": [0.0, 0.0, 0.0], "lev": [1.0, 1.0, 1.0], "sl": 0.03, "slOn": 1.0}, "train": {"n": 41, "months": 17.73266173245614, "eq": 1031.978335523623, "growth": 0.0017751240397113996, "liq": false, "maxdd": 0.031512914511298555, "tpm": 2.312117640238836, "sl_hits": 1, "worst_mae": -0.03348761230601682, "win": 0.975609756097561, "score": -6.783539294060153e-06}, "oos": {"n": 3, "months": 0.920984100877193, "eq": 1004.2861749100938, "growth": 0.004643962280978276, "liq": false, "maxdd": 0.0, "tpm": 3.2573852221147406, "sl_hits": 0, "worst_mae": -0.02803341356364142, "win": 1.0, "score": 0.004643962280978276}, "elapsed": 1.5224254131317139}