{"job": {"strategy": "scalpx", "mode": "spot", "method": "vol3", "window": "all", "fold_idx": 17, "n_samples": 350, "seed": 845659}, "status": "ok", "n_feasible": 70, "cand": {"strategy": "scalpx", "tpL": [0.007644070915298997, 0.010259917799688639, 0.010982348775116222], "tpS": [0.004791908341132057, 0.006274723521178203, 0.00546356124694955], "rsiOB": [77.44838955197162, 50.0, 70.94002009188304], "rsiOS": [39.71931548318382, 28.655909631421288, 25.01908901456165], "useCvd": [1.0, 1.0, 1.0], "useEma": [1.0, 1.0, 1.0], "eL": [1.0, 1.0, 1.0], "eS": [0.0, 0.0, 0.0], "lev": [1.0, 1.0, 1.0], "sl": 0.01, "slOn": 1.0}, "train": {"n": 87, "months": 21.41673519736842, "eq": 940.1678522567447, "growth": -0.0028807777123817024, "liq": false, "maxdd": 0.11314724079920602, "tpm": 4.062243810657477, "sl_hits": 36, "worst_mae": -0.02852752538749337, "win": 0.5862068965517241, "score": -0.007226204783946808}, "oos": {"n": 5, "months": 0.920984100877193, "eq": 979.7225508020757, "growth": -0.02224344460242745, "liq": false, "maxdd": 0.011325275367156216, "tpm": 5.428975370191234, "sl_hits": 3, "worst_mae": -0.014129951045838807, "win": 0.4, "score": -0.02224344460242745}, "elapsed": 1.6091077327728271}