{"job": {"strategy": "scalpx", "mode": "spot", "method": "vol3", "window": "all", "fold_idx": 9, "n_samples": 350, "seed": 845659}, "status": "ok", "n_feasible": 111, "cand": {"strategy": "scalpx", "tpL": [0.0101, 0.0099, 0.0118], "tpS": [0.0137, 0.0122, 0.0152], "rsiOB": [57.8297, 56.4531, 69.7135], "rsiOS": [30.164, 30.7223, 41.7836], "useCvd": [1.0, 1.0, 1.0], "useEma": [1.0, 1.0, 1.0], "eL": [1.0, 1.0, 1.0], "eS": [0.0, 0.0, 0.0], "lev": [1.0, 1.0, 1.0], "sl": 0.08, "slOn": 1.0}, "train": {"n": 71, "months": 14.267269736842106, "eq": 999.1226378595893, "growth": -6.152173919973832e-05, "liq": false, "maxdd": 0.2556875953525496, "tpm": 4.976425154187561, "sl_hits": 8, "worst_mae": -0.10967952910398959, "win": 0.8873239436619719, "score": -0.013917904210455094}, "oos": {"n": 4, "months": 0.91796875, "eq": 948.434417241368, "growth": -0.057673679691783324, "liq": false, "maxdd": 0.08137839534883719, "tpm": 4.357446808510638, "sl_hits": 1, "worst_mae": -0.08104145601617796, "win": 0.75, "score": -0.057673679691783324}, "elapsed": 1.0285677909851074}