{"job": {"strategy": "scalpx", "mode": "spot", "method": "vol3", "window": "all", "fold_idx": 2, "n_samples": 350, "seed": 845659}, "status": "ok", "n_feasible": 182, "cand": {"strategy": "scalpx", "tpL": [0.0113, 0.0105, 0.0115], "tpS": [0.01, 0.0084, 0.01], "rsiOB": [63.3428, 70.16, 68.6834], "rsiOS": [33.6522, 40.3556, 48.1765], "useCvd": [1.0, 1.0, 1.0], "useEma": [1.0, 1.0, 1.0], "eL": [1.0, 1.0, 1.0], "eS": [0.0, 0.0, 0.0], "lev": [1.0, 1.0, 1.0], "sl": 0.08, "slOn": 1.0}, "train": {"n": 108, "months": 7.8671875, "eq": 1712.0750257047353, "growth": 0.06834794520722878, "liq": false, "maxdd": 0.11450436705961874, "tpm": 13.7279046673287, "sl_hits": 6, "worst_mae": -0.08299646367971969, "win": 0.9444444444444444, "score": 0.031122903262684225}, "oos": {"n": 21, "months": 0.9100877192982456, "eq": 933.841779725647, "growth": -0.07521061362964221, "liq": false, "maxdd": 0.16478759414196112, "tpm": 23.074698795180723, "sl_hits": 3, "worst_mae": -0.09074102603604983, "win": 0.8571428571428571, "score": -0.07521061362964221}, "elapsed": 1.0426609516143799}