{"job": {"strategy": "scalpx", "mode": "spot", "method": "vol3", "window": "all", "fold_idx": 6, "n_samples": 350, "seed": 845659}, "status": "ok", "n_feasible": 138, "cand": {"strategy": "scalpx", "tpL": [0.0053, 0.0059, 0.0065], "tpS": [0.0126, 0.0118, 0.0129], "rsiOB": [59.8825, 58.9776, 68.7827], "rsiOS": [29.4238, 33.915, 36.9943], "useCvd": [1.0, 1.0, 1.0], "useEma": [1.0, 1.0, 1.0], "eL": [1.0, 1.0, 1.0], "eS": [0.0, 0.0, 0.0], "lev": [1.0, 1.0, 1.0], "sl": 0.05, "slOn": 1.0}, "train": {"n": 27, "months": 11.518571820175438, "eq": 918.2787651231563, "growth": -0.007401461750485415, "liq": false, "maxdd": 0.13579967004589422, "tpm": 2.344040599955973, "sl_hits": 4, "worst_mae": -0.05138018076703854, "win": 0.8518518518518519, "score": -0.02052444147367869}, "oos": {"n": 2, "months": 0.9139939692982456, "eq": 1011.0808527811383, "growth": 0.012056873773912805, "liq": false, "maxdd": 0.0, "tpm": 2.1881982454824924, "sl_hits": 0, "worst_mae": -0.02200808945990973, "win": 1.0, "score": 0.012056873773912805}, "elapsed": 0.9480400085449219}