{"job": {"strategy": "scalpx", "mode": "spot", "method": "vol3", "window": "all", "fold_idx": 7, "n_samples": 350, "seed": 845659}, "status": "ok", "n_feasible": 123, "cand": {"strategy": "scalpx", "tpL": [0.0129, 0.0105, 0.0121], "tpS": [0.0048, 0.0056, 0.0063], "rsiOB": [76.3907, 72.8953, 78.5158], "rsiOS": [27.925, 33.3836, 37.6708], "useCvd": [1.0, 1.0, 1.0], "useEma": [1.0, 1.0, 1.0], "eL": [1.0, 1.0, 1.0], "eS": [0.0, 0.0, 0.0], "lev": [1.0, 1.0, 1.0], "sl": 0.05, "slOn": 1.0}, "train": {"n": 31, "months": 12.432565789473685, "eq": 1023.0130293470614, "growth": 0.0018300505047224786, "liq": false, "maxdd": 0.123780211639477, "tpm": 2.493451514750628, "sl_hits": 5, "worst_mae": -0.05138018076703854, "win": 0.8387096774193549, "score": -0.011586862444514498}, "oos": {"n": 3, "months": 0.915296052631579, "eq": 973.3769365550945, "growth": -0.02948103565305886, "liq": false, "maxdd": 0.05072659581425784, "tpm": 3.2776280323450133, "sl_hits": 1, "worst_mae": -0.04983649444081106, "win": 0.6666666666666666, "score": -0.02948103565305886}, "elapsed": 0.9898264408111572}