{"job": {"strategy": "scalpx", "mode": "spot", "method": "vol3", "window": "all", "fold_idx": 14, "n_samples": 350, "seed": 845659}, "status": "ok", "n_feasible": 79, "cand": {"strategy": "scalpx", "tpL": [0.0030491083229989414, 0.003238055065361782, 0.005542191514481338], "tpS": [0.01913176570084944, 0.02, 0.014134179097947532], "rsiOB": [52.915420551467804, 55.90611178340382, 85.0], "rsiOS": [27.23113940563609, 21.586851506333087, 38.18851818177886], "useCvd": [1.0, 1.0, 1.0], "useEma": [1.0, 1.0, 1.0], "eL": [1.0, 1.0, 1.0], "eS": [0.0, 0.0, 0.0], "lev": [1.0, 1.0, 1.0], "sl": 0.01, "slOn": 1.0}, "train": {"n": 46, "months": 18.653645833333336, "eq": 917.0010379810302, "growth": -0.0046450262629168185, "liq": false, "maxdd": 0.10462701100081329, "tpm": 2.4660058634650284, "sl_hits": 19, "worst_mae": -0.015272516071122233, "win": 0.5869565217391305, "score": -0.007218888353804355}, "oos": {"n": 1, "months": 0.920984100877193, "eq": 1001.8043650440027, "growth": 0.00195740527030882, "liq": false, "maxdd": 0.0, "tpm": 1.085795074038247, "sl_hits": 0, "worst_mae": -0.005256348051107862, "win": 1.0, "score": 0.00195740527030882}, "elapsed": 1.4831199645996094}