{"job": {"strategy": "scalpx", "mode": "spot", "method": "vol3", "window": "all", "fold_idx": 18, "n_samples": 350, "seed": 845659}, "status": "ok", "n_feasible": 67, "cand": {"strategy": "scalpx", "tpL": [0.009769540903824356, 0.014410979478818855, 0.014448600899330326], "tpS": [0.006912102243458146, 0.00728009578142218, 0.005507914943532059], "rsiOB": [85.0, 85.0, 74.65294084700926], "rsiOS": [41.61902540349507, 23.729436601432866, 20.399677446576916], "useCvd": [1.0, 1.0, 1.0], "useEma": [1.0, 1.0, 1.0], "eL": [1.0, 1.0, 1.0], "eS": [0.0, 0.0, 0.0], "lev": [1.0, 1.0, 1.0], "sl": 0.01, "slOn": 1.0}, "train": {"n": 132, "months": 22.337719298245617, "eq": 946.045973771985, "growth": -0.002482980124467103, "liq": false, "maxdd": 0.12809202257926952, "tpm": 5.909287257019438, "sl_hits": 61, "worst_mae": -0.02852752538749337, "win": 0.5378787878787878, "score": -0.00731876515798682}, "oos": {"n": 5, "months": 0.920984100877193, "eq": 1024.1369776339986, "growth": 0.025896521850121677, "liq": false, "maxdd": 0.01087980733410942, "tpm": 5.428975370191234, "sl_hits": 1, "worst_mae": -0.011059371362048931, "win": 0.8, "score": 0.025896521850121677}, "elapsed": 1.6233417987823486}