{"job": {"strategy": "scalpx", "mode": "spot", "method": "vol3", "window": "all", "fold_idx": 3, "n_samples": 350, "seed": 845659}, "status": "ok", "n_feasible": 165, "cand": {"strategy": "scalpx", "tpL": [0.0127, 0.0137, 0.0124], "tpS": [0.0074, 0.0072, 0.0085], "rsiOB": [66.1497, 67.1428, 64.6004], "rsiOS": [29.3791, 35.9285, 43.9732], "useCvd": [1.0, 1.0, 1.0], "useEma": [1.0, 1.0, 1.0], "eL": [1.0, 1.0, 1.0], "eS": [0.0, 0.0, 0.0], "lev": [1.0, 1.0, 1.0], "sl": 0.08, "slOn": 1.0}, "train": {"n": 67, "months": 8.777275219298247, "eq": 1474.2950982183868, "growth": 0.04422556731444193, "liq": false, "maxdd": 0.13643978149748182, "tpm": 7.6333484283015025, "sl_hits": 4, "worst_mae": -0.09074102603604983, "win": 0.9402985074626866, "score": 0.019578772093613424}, "oos": {"n": 10, "months": 0.9172149122807017, "eq": 843.133225124675, "growth": -0.18603087919841674, "liq": false, "maxdd": 0.1962073048258263, "tpm": 10.902570233114167, "sl_hits": 3, "worst_mae": -0.10285824147654432, "win": 0.7, "score": -0.18603087919841674}, "elapsed": 1.0664522647857666}