{
 "cand": {
  "strategy": "prime7",
  "mode": "lev",
  "regs": [
   {
    "apt1Long": 0.010237881278189833,
    "dur1Short": 67.551807191894,
    "xDur2Long": 30.0,
    "xDur1Short": 111.5843761258918,
    "eL3": 1.0,
    "ptLong": 0.005669092130446678,
    "cdPctShort": 0.0011098973665001955,
    "ptShort": 0.012296609281836682,
    "xApt2Long": 0.005501803891128304,
    "xDur2Short": 688.2628353151567,
    "leverage": 4.0,
    "requireHistPos": 0.0,
    "vX": 4.0,
    "xCdPeriodShort": 98.33619425883622,
    "trendBlockZ": 1.0,
    "apt2Long": 0.015,
    "vHistN": 0.0,
    "vMacd": 4.0,
    "slShort": 0.05378852452391609,
    "xMinBetween": 6.142374037228736,
    "xTpShort": 0.02,
    "xDur1Long": 94.10548178297768,
    "cdPeriodShort": 74.45429933326396,
    "bbValLong": -0.10218177427444453,
    "slLong": 0.04966275351180523,
    "apt2Short": 0.0,
    "zXS": 2.231360738757947,
    "xApt2Short": 0.01,
    "xApt1Long": 0.012845634843642578,
    "rsiValShort": 63.327469104546694,
    "vEmaDn": 4.0,
    "dur2Long": 160.87212499462865,
    "xCdPctShort": 0.0069627581614767585,
    "eXS": 0.0,
    "vEmaUp": 4.0,
    "cdPeriodLong": 117.57397531705277,
    "bbValShort": 0.6589135856961758,
    "vRsi": 1.0,
    "eS3": 1.0,
    "dur1Long": 90.0,
    "apt1Short": 0.014307724472740981,
    "zS": 1.2993356985717466,
    "zL": -1.147088462749241,
    "xApt1Short": 0.013785338198044114,
    "vBB": 2.0,
    "rsiValLong": 63.670545004728524,
    "dur2Short": 60.388976864477726,
    "cdPctLong": 0.005634718329794726,
    "xTpLong": 0.0010782177540515027,
    "zXLmax": -1.8164928480414106,
    "eXL": 0.0
   },
   {
    "apt1Long": 0.02,
    "dur1Short": 11.91594238347186,
    "xDur2Long": 108.67843454283341,
    "xDur1Short": 77.53761053928935,
    "eL3": 1.0,
    "ptLong": 0.019383908464042032,
    "cdPctShort": 0.0064642717772176415,
    "ptShort": 0.024540878935807312,
    "xApt2Long": 0.004704439282483839,
    "xDur2Short": 720.0,
    "leverage": 9.0,
    "requireHistPos": 0.0,
    "vX": 3.0,
    "xCdPeriodShort": 77.56713033521737,
    "trendBlockZ": 2.0,
    "apt2Long": 0.011906631196448449,
    "vHistN": 1.0,
    "vMacd": 0.0,
    "slShort": 0.026087936368652864,
    "xMinBetween": 19.745346761780727,
    "xTpShort": 0.007931189890254528,
    "xDur1Long": 201.39318459062503,
    "cdPeriodShort": 209.1601487166563,
    "bbValLong": 0.1710147864240978,
    "slLong": 0.07057101708212016,
    "apt2Short": 0.0018065913812555351,
    "zXS": 1.5715547648841213,
    "xApt2Short": 0.0007357242852953596,
    "xApt1Long": 0.0038895391017159863,
    "rsiValShort": 61.29299423580118,
    "vEmaDn": 4.0,
    "dur2Long": 340.6164360937148,
    "xCdPctShort": 0.0002,
    "eXS": 0.0,
    "vEmaUp": 2.0,
    "cdPeriodLong": 40.643407575249554,
    "bbValShort": 0.9964500048600116,
    "vRsi": 1.0,
    "eS3": 1.0,
    "dur1Long": 69.42703924202344,
    "apt1Short": 0.017238357774072857,
    "zS": 1.6952007829406188,
    "zL": -1.803753823803542,
    "xApt1Short": 0.007022414672368722,
    "vBB": 3.0,
    "rsiValLong": 76.14864747127453,
    "dur2Short": 275.3291864515934,
    "cdPctLong": 0.0074126321770566096,
    "xTpLong": 0.01707014714663981,
    "zXLmax": -0.3851583403526665,
    "eXL": 0.0
   },
   {
    "apt1Long": 0.009194301818657893,
    "dur1Short": 76.13518496243431,
    "xDur2Long": 341.88550956539984,
    "xDur1Short": 97.688508885837,
    "eL3": 1.0,
    "ptLong": 0.02016036154722812,
    "cdPctShort": 0.010008240273179975,
    "ptShort": 0.00848541332327751,
    "xApt2Long": 0.0028733911338567723,
    "xDur2Short": 516.2658398284914,
    "leverage": 9.0,
    "requireHistPos": 0.0,
    "vX": 2.0,
    "xCdPeriodShort": 47.6860708289882,
    "trendBlockZ": 3.0,
    "apt2Long": 0.012084741620449199,
    "vHistN": 0.0,
    "vMacd": 2.0,
    "slShort": 0.04002447344838096,
    "xMinBetween": 21.61189593080745,
    "xTpShort": 0.004625110146483879,
    "xDur1Long": 221.2117122980026,
    "cdPeriodShort": 75.20728266651685,
    "bbValLong": 0.3120420556847382,
    "slLong": 0.07358308264503934,
    "apt2Short": 0.006542666820881245,
    "zXS": 3.0,
    "xApt2Short": 0.005937554329021578,
    "xApt1Long": 0.007087531367566685,
    "rsiValShort": 60.85417236876191,
    "vEmaDn": 4.0,
    "dur2Long": 128.2795252737539,
    "xCdPctShort": 0.008849972985065162,
    "eXS": 0.0,
    "vEmaUp": 4.0,
    "cdPeriodLong": 164.60323590377905,
    "bbValShort": 0.6,
    "vRsi": 3.0,
    "eS3": 1.0,
    "dur1Long": 3.7024177267732243,
    "apt1Short": 0.01422145972166285,
    "zS": 1.6900397653946044,
    "zL": -2.2622000963790723,
    "xApt1Short": 0.012913844278835915,
    "vBB": 4.0,
    "rsiValLong": 60.617381921515666,
    "dur2Short": 225.3895396284351,
    "cdPctLong": 0.012,
    "xTpLong": 0.0021607763946504955,
    "zXLmax": -2.4536650770885635,
    "eXL": 0.0
   }
  ]
 },
 "metrics": {
  "n": 164,
  "months": 14.81640625,
  "eq": 22473444292.93345,
  "growth": 1.1425068016395268,
  "liq": false,
  "maxdd": 0.5495114481551698,
  "tpm": 11.068810967571842,
  "sl_hits": 0,
  "worst_mae": -0.061156090371297656,
  "win": 1.0,
  "max_hold_days": 2.504166666666667,
  "in_market": 0.09744635778742929,
  "score": 1.0678887928042615
 },
 "strategy": "prime7",
 "mode": "lev",
 "method": "vol3",
 "algo": "genetic",
 "per_regime": true,
 "train_end": "2025-09-01",
 "holdout_days": null,
 "max_dd": null,
 "max_hold_days": 5.0,
 "gap_mode": "skip_contaminated",
 "scoring": "classic",
 "anchor": null,
 "anchor_strength": 0.0,
 "evaluated": 100800,
 "generated": "2026-07-20 15:36",
 "holdout": {
  "n": 21,
  "months": 2.1842105263157894,
  "eq": 0.0,
  "growth": -12.650347016931143,
  "liq": true,
  "maxdd": 1.0,
  "tpm": 9.614457831325302,
  "sl_hits": 0,
  "worst_mae": -0.242,
  "win": 0.8571428571428571,
  "max_hold_days": 10.089583333333334,
  "in_market": 0.5180722891566265,
  "score": -19.373072986295867
 },
 "holdout_scan": {
  "scanned": 592,
  "pool": 592,
  "reservoir": 292,
  "survivors": 1
 },
 "holdout_survivors": [
  {
   "rank": 352,
   "train_score": 0.021542285262781204,
   "holdout": {
    "n": 23,
    "months": 9.656661184210527,
    "eq": 1259.8392708535132,
    "growth": 0.02391967012258498,
    "liq": false,
    "maxdd": 0.1766165365788864,
    "tpm": 2.3817756014477323,
    "sl_hits": 0,
    "worst_mae": -0.035699047077229484,
    "win": 0.9130434782608695,
    "max_hold_days": 0.99375,
    "in_market": 0.007834788162657015,
    "score": 0.016418314887499643
   }
  }
 ],
 "holdout_top10": [
  {
   "rank": 504,
   "train_score": 0.3404643322911576,
   "holdout": {
    "n": 31,
    "months": 9.656661184210527,
    "eq": 10639.107727028455,
    "growth": 0.24486067959198632,
    "liq": false,
    "maxdd": 0.6450364541919518,
    "tpm": 3.210219288907813,
    "sl_hits": 0,
    "worst_mae": -0.06505043795923449,
    "win": 1.0,
    "max_hold_days": 5.020833333333333,
    "in_market": 0.06395571641473281,
    "score": 0.23880111772930304
   }
  },
  {
   "rank": 313,
   "train_score": 0.10883048778835613,
   "holdout": {
    "n": 34,
    "months": 9.656661184210527,
    "eq": 3475.504867599347,
    "growth": 0.1290031544381831,
    "liq": false,
    "maxdd": 0.6404370378545411,
    "tpm": 3.5208856717053436,
    "sl_hits": 0,
    "worst_mae": -0.0936246098974588,
    "win": 0.9411764705882353,
    "max_hold_days": 19.597916666666666,
    "in_market": 0.10418706976084026,
    "score": 0.10474323211260309
   }
  },
  {
   "rank": 352,
   "train_score": 0.021542285262781204,
   "holdout": {
    "n": 23,
    "months": 9.656661184210527,
    "eq": 1259.8392708535132,
    "growth": 0.02391967012258498,
    "liq": false,
    "maxdd": 0.1766165365788864,
    "tpm": 2.3817756014477323,
    "sl_hits": 0,
    "worst_mae": -0.035699047077229484,
    "win": 0.9130434782608695,
    "max_hold_days": 0.99375,
    "in_market": 0.007834788162657015,
    "score": 0.016418314887499643
   }
  },
  {
   "rank": 1,
   "train_score": 1.0678887928042615,
   "holdout": {
    "n": 21,