{"job": {"strategy": "scalpx", "mode": "spot", "method": "volume3", "window": "all", "fold_idx": 15, "n_samples": 350, "seed": 979180}, "status": "ok", "n_feasible": 85, "cand": {"strategy": "scalpx", "tpL": [0.0088, 0.0067, 0.0077], "tpS": [0.0092, 0.0093, 0.0108], "rsiOB": [65.2863, 54.9305, 60.7369], "rsiOS": [31.6081, 38.7986, 29.344], "useCvd": [1.0, 1.0, 1.0], "useEma": [1.0, 1.0, 1.0], "eL": [1.0, 1.0, 1.0], "eS": [0.0, 0.0, 0.0], "lev": [1.0, 1.0, 1.0], "sl": 0.05, "slOn": 1.0}, "train": {"n": 64, "months": 19.574629934210527, "eq": 924.3267578520046, "growth": -0.00401998076488488, "liq": false, "maxdd": 0.18150647284991644, "tpm": 3.269538183613238, "sl_hits": 8, "worst_mae": -0.08001144553534711, "win": 0.875, "score": -0.01284542197532296}, "oos": null, "elapsed": 1.6014695167541504}