{"job": {"strategy": "scalpx", "mode": "spot", "method": "volume3", "window": "all", "fold_idx": 4, "n_samples": 350, "seed": 979180}, "status": "ok", "n_feasible": 149, "cand": {"strategy": "scalpx", "tpL": [0.0092, 0.0116, 0.0101], "tpS": [0.0114, 0.012, 0.0121], "rsiOB": [73.5314, 69.7685, 64.1935], "rsiOS": [30.2085, 38.3502, 39.5439], "useCvd": [1.0, 1.0, 1.0], "useEma": [1.0, 0.0, 1.0], "eL": [1.0, 1.0, 1.0], "eS": [0.0, 0.0, 0.0], "lev": [1.0, 1.0, 1.0], "sl": 0.08, "slOn": 1.0}, "train": {"n": 50, "months": 9.694490131578949, "eq": 1011.2940349156197, "growth": 0.001158465615423248, "liq": false, "maxdd": 0.13723476313937782, "tpm": 5.157568817067481, "sl_hits": 5, "worst_mae": -0.10295220325387555, "win": 0.9, "score": -0.016010855007700178}, "oos": {"n": 4, "months": 0.9156387061403509, "eq": 1041.1810629404808, "growth": 0.044073831716599995, "liq": false, "maxdd": 0.0, "tpm": 4.368535289274755, "sl_hits": 0, "worst_mae": -0.06609776180851856, "win": 1.0, "score": 0.044073831716599995}, "elapsed": 0.9379367828369141}