{"job": {"strategy": "scalpx", "mode": "spot", "method": "volume3", "window": "all", "fold_idx": 12, "n_samples": 350, "seed": 979180}, "status": "ok", "n_feasible": 100, "cand": {"strategy": "scalpx", "tpL": [0.009, 0.0089, 0.0082], "tpS": [0.0137, 0.0128, 0.0135], "rsiOB": [65.5408, 79.3772, 73.3382], "rsiOS": [34.3173, 43.7652, 34.1314], "useCvd": [1.0, 1.0, 1.0], "useEma": [1.0, 1.0, 1.0], "eL": [1.0, 1.0, 1.0], "eS": [0.0, 0.0, 0.0], "lev": [1.0, 1.0, 1.0], "sl": 0.08, "slOn": 1.0}, "train": {"n": 138, "months": 16.945655153508774, "eq": 1297.9458937023944, "growth": 0.015389368583980266, "liq": false, "maxdd": 0.17497330263065028, "tpm": 8.143680415414666, "sl_hits": 9, "worst_mae": -0.10967952910398959, "win": 0.9347826086956522, "score": -0.0008459271325244148}, "oos": {"n": 8, "months": 0.7870065789473684, "eq": 884.6920403232108, "growth": -0.15567299543042137, "liq": false, "maxdd": 0.14869751157545222, "tpm": 10.165099268547545, "sl_hits": 2, "worst_mae": -0.08143562768618895, "win": 0.75, "score": -0.15567299543042137}, "elapsed": 1.1204133033752441}