{"job": {"strategy": "scalpx", "mode": "spot", "method": "volume3", "window": "all", "fold_idx": 20, "n_samples": 350, "seed": 979180}, "status": "ok", "n_feasible": 64, "cand": {"strategy": "scalpx", "tpL": [0.010377609135378295, 0.011591604280618322, 0.006887468444448769], "tpS": [0.007276189448178944, 0.0074962710146904135, 0.010868968539646038], "rsiOB": [65.53052317541797, 75.90632876002569, 56.17346818260503], "rsiOS": [31.892739783630432, 34.60745586824996, 36.771588672394735], "useCvd": [1.0, 1.0, 1.0], "useEma": [1.0, 0.0, 1.0], "eL": [1.0, 1.0, 1.0], "eS": [0.0, 0.0, 0.0], "lev": [1.0, 1.0, 1.0], "sl": 0.01, "slOn": 1.0}, "train": {"n": 59, "months": 24.179481907894736, "eq": 879.8244832169065, "growth": -0.005295102797505942, "liq": false, "maxdd": 0.1306847258926483, "tpm": 2.440085367616424, "sl_hits": 30, "worst_mae": -0.01967975206611572, "win": 0.4915254237288136, "score": -0.00875834156229862}, "oos": {"n": 1, "months": 0.9185855263157895, "eq": 989.005, "growth": -0.01203577831758116, "liq": false, "maxdd": 0.0, "tpm": 1.0886302596239927, "sl_hits": 1, "worst_mae": -0.017537171178040323, "win": 0.0, "score": -0.01203577831758116}, "elapsed": 1.653874397277832}