{"job": {"strategy": "scalpx", "mode": "spot", "method": "volume3", "window": "all", "fold_idx": 3, "n_samples": 350, "seed": 979180}, "status": "ok", "n_feasible": 157, "cand": {"strategy": "scalpx", "tpL": [0.0088, 0.0086, 0.0086], "tpS": [0.0106, 0.0105, 0.0105], "rsiOB": [63.2563, 64.7078, 65.4796], "rsiOS": [32.5259, 41.032, 41.6687], "useCvd": [1.0, 1.0, 1.0], "useEma": [1.0, 1.0, 1.0], "eL": [1.0, 1.0, 1.0], "eS": [0.0, 0.0, 0.0], "lev": [1.0, 1.0, 1.0], "sl": 0.08, "slOn": 1.0}, "train": {"n": 75, "months": 8.777275219298247, "eq": 1339.0079281155495, "growth": 0.03325963699672932, "liq": false, "maxdd": 0.08115241599386185, "tpm": 8.544793016755413, "sl_hits": 3, "worst_mae": -0.10295220325387555, "win": 0.96, "score": 0.015143677296370442}, "oos": {"n": 12, "months": 0.9172149122807017, "eq": 998.4916236356728, "growth": -0.0016457594496037077, "liq": false, "maxdd": 0.08096, "tpm": 13.083084279737, "sl_hits": 1, "worst_mae": -0.08341525066704114, "win": 0.9166666666666666, "score": -0.0016457594496037077}, "elapsed": 1.0135014057159424}