{"job": {"strategy": "scalpx", "mode": "spot", "method": "volume3", "window": "all", "fold_idx": 19, "n_samples": 350, "seed": 979180}, "status": "ok", "n_feasible": 55, "cand": {"strategy": "scalpx", "tpL": [0.0085, 0.0094, 0.0078], "tpS": [0.013, 0.0128, 0.0158], "rsiOB": [63.1828, 61.7905, 63.8477], "rsiOS": [31.3804, 33.9311, 34.4848], "useCvd": [1.0, 1.0, 1.0], "useEma": [1.0, 1.0, 1.0], "eL": [1.0, 1.0, 1.0], "eS": [0.0, 0.0, 0.0], "lev": [1.0, 1.0, 1.0], "sl": 0.01, "slOn": 1.0}, "train": {"n": 47, "months": 23.25870339912281, "eq": 895.7795932388743, "growth": -0.004732030159537607, "liq": false, "maxdd": 0.10929504625179688, "tpm": 2.020748929700552, "sl_hits": 25, "worst_mae": -0.01967975206611572, "win": 0.46808510638297873, "score": -0.00813688495704433}, "oos": null, "elapsed": 1.6451563835144043}