{"job": {"strategy": "scalpx", "mode": "spot", "method": "volume3", "window": "all", "fold_idx": 1, "n_samples": 350, "seed": 979180}, "status": "ok", "n_feasible": 193, "cand": {"strategy": "scalpx", "tpL": [0.0099, 0.0091, 0.0094], "tpS": [0.0118, 0.0111, 0.0109], "rsiOB": [65.2428, 66.0895, 61.0658], "rsiOS": [33.2752, 46.1248, 41.8961], "useCvd": [1.0, 1.0, 1.0], "useEma": [1.0, 1.0, 1.0], "eL": [1.0, 1.0, 1.0], "eS": [0.0, 0.0, 0.0], "lev": [1.0, 1.0, 1.0], "sl": 0.08, "slOn": 1.0}, "train": {"n": 105, "months": 6.951206140350878, "eq": 1350.5646562211743, "growth": 0.04323318324936872, "liq": false, "maxdd": 0.12030481924629512, "tpm": 15.105292215474405, "sl_hits": 6, "worst_mae": -0.10295220325387555, "win": 0.9428571428571428, "score": 0.013313441651414508}, "oos": {"n": 15, "months": 0.9159813596491229, "eq": 1029.0801275696574, "growth": 0.0312946577750226, "liq": false, "maxdd": 0.08100100329974123, "tpm": 16.375879096214273, "sl_hits": 1, "worst_mae": -0.08142334789975914, "win": 0.9333333333333333, "score": 0.0312946577750226}, "elapsed": 1.0201473236083984}