{"job": {"strategy": "scalpx", "mode": "spot", "method": "volume3", "window": "all", "fold_idx": 2, "n_samples": 350, "seed": 979180}, "status": "ok", "n_feasible": 169, "cand": {"strategy": "scalpx", "tpL": [0.0116, 0.0104, 0.0126], "tpS": [0.0148, 0.013, 0.0138], "rsiOB": [62.7448, 62.2979, 64.0194], "rsiOS": [31.0873, 46.629, 40.7806], "useCvd": [1.0, 1.0, 1.0], "useEma": [1.0, 1.0, 1.0], "eL": [1.0, 1.0, 1.0], "eS": [0.0, 0.0, 0.0], "lev": [1.0, 1.0, 1.0], "sl": 0.05, "slOn": 1.0}, "train": {"n": 122, "months": 7.8671875, "eq": 1382.4509197713026, "growth": 0.04116565833909421, "liq": false, "maxdd": 0.11622816401323514, "tpm": 15.507447864945382, "sl_hits": 14, "worst_mae": -0.07991271842750092, "win": 0.8852459016393442, "score": 0.02027642036923621}, "oos": {"n": 11, "months": 0.9100877192982456, "eq": 985.7129095772733, "growth": -0.015811809377229275, "liq": false, "maxdd": 0.09086171879163919, "tpm": 12.086746987951807, "sl_hits": 2, "worst_mae": -0.05154687794755697, "win": 0.8181818181818182, "score": -0.015811809377229275}, "elapsed": 1.017169713973999}