{"job": {"strategy": "scalpx", "mode": "spot", "method": "volume3", "window": "all", "fold_idx": 13, "n_samples": 350, "seed": 979180}, "status": "ok", "n_feasible": 107, "cand": {"strategy": "scalpx", "tpL": [0.009152825389725236, 0.014834735552852668, 0.009093107676861355], "tpS": [0.02, 0.02, 0.018353437083871254], "rsiOB": [85.0, 50.0, 76.45976251375421], "rsiOS": [32.66014384846735, 39.84027316580551, 31.158747304026228], "useCvd": [1.0, 1.0, 1.0], "useEma": [1.0, 1.0, 1.0], "eL": [1.0, 1.0, 1.0], "eS": [0.0, 0.0, 0.0], "lev": [1.0, 1.0, 1.0], "sl": 0.05, "slOn": 1.0}, "train": {"n": 70, "months": 17.73266173245614, "eq": 1274.9654656152304, "growth": 0.013698963873368835, "liq": false, "maxdd": 0.12528714863792348, "tpm": 3.9475179223589882, "sl_hits": 10, "worst_mae": -0.08001144553534711, "win": 0.8571428571428571, "score": -0.001431271394752253}, "oos": {"n": 3, "months": 0.920984100877193, "eq": 912.9247660577084, "growth": -0.09891789087272813, "liq": false, "maxdd": 0.050941769615734656, "tpm": 3.2573852221147406, "sl_hits": 2, "worst_mae": -0.05649157581764119, "win": 0.3333333333333333, "score": -0.09891789087272813}, "elapsed": 1.506626844406128}