{"job": {"strategy": "scalpx", "mode": "spot", "method": "volume3", "window": "all", "fold_idx": 14, "n_samples": 350, "seed": 979180}, "status": "ok", "n_feasible": 63, "cand": {"strategy": "scalpx", "tpL": [0.002317730464295049, 0.002, 0.002], "tpS": [0.012981070983414578, 0.012541492778163594, 0.014120269856652412], "rsiOB": [54.71225751512129, 85.0, 61.057388891789195], "rsiOS": [23.660764357801803, 21.08461118227537, 37.95690624341055], "useCvd": [1.0, 1.0, 1.0], "useEma": [1.0, 1.0, 1.0], "eL": [1.0, 1.0, 1.0], "eS": [0.0, 0.0, 0.0], "lev": [1.0, 1.0, 1.0], "sl": 0.01, "slOn": 1.0}, "train": {"n": 45, "months": 18.653645833333336, "eq": 949.2258432173849, "growth": -0.0027934768861054833, "liq": false, "maxdd": 0.04148344734330491, "tpm": 2.412397040346223, "sl_hits": 8, "worst_mae": -0.015272516071122233, "win": 0.8222222222222222, "score": -0.005573185973770069}, "oos": {"n": 2, "months": 0.920984100877193, "eq": 1002.0736026749651, "growth": 0.00224917642595108, "liq": false, "maxdd": 0.0, "tpm": 2.171590148076494, "sl_hits": 0, "worst_mae": -0.005256348051107862, "win": 1.0, "score": 0.00224917642595108}, "elapsed": 1.5438852310180664}