{"job": {"strategy": "scalpx", "mode": "spot", "method": "volume3", "window": "all", "fold_idx": 10, "n_samples": 350, "seed": 979180}, "status": "ok", "n_feasible": 96, "cand": {"strategy": "scalpx", "tpL": [0.008, 0.0075, 0.0074], "tpS": [0.0089, 0.009, 0.0077], "rsiOB": [67.7836, 78.7958, 70.873], "rsiOS": [27.317, 32.6607, 38.9198], "useCvd": [1.0, 1.0, 1.0], "useEma": [1.0, 1.0, 1.0], "eL": [1.0, 1.0, 1.0], "eS": [0.0, 0.0, 0.0], "lev": [1.0, 1.0, 1.0], "sl": 0.01, "slOn": 1.0}, "train": {"n": 63, "months": 15.185238486842106, "eq": 872.1254826649055, "growth": -0.009010195223866861, "liq": false, "maxdd": 0.11817889427767772, "tpm": 4.148765925183791, "sl_hits": 31, "worst_mae": -0.01967975206611572, "win": 0.5079365079365079, "score": -0.011822010908235037}, "oos": {"n": 2, "months": 0.8395696271929824, "eq": 977.9655640183613, "growth": -0.026538382834183936, "liq": false, "maxdd": 0.011208092098966296, "tpm": 2.382172883846217, "sl_hits": 2, "worst_mae": -0.010767611026033741, "win": 0.0, "score": -0.026538382834183936}, "elapsed": 1.0627696514129639}