{"job": {"strategy": "scalpx", "mode": "spot", "method": "volume3", "window": "all", "fold_idx": 8, "n_samples": 350, "seed": 979180}, "status": "ok", "n_feasible": 125, "cand": {"strategy": "scalpx", "tpL": [0.012670182357602157, 0.00932928044188124, 0.011602748077310387], "tpS": [0.02, 0.012753399770818671, 0.015436730943686533], "rsiOB": [65.63241185192231, 50.0, 60.31046201648248], "rsiOS": [30.853939143447818, 23.145479797292758, 40.21529201548312], "useCvd": [1.0, 1.0, 1.0], "useEma": [1.0, 1.0, 1.0], "eL": [1.0, 1.0, 1.0], "eS": [0.0, 0.0, 0.0], "lev": [1.0, 1.0, 1.0], "sl": 0.05, "slOn": 1.0}, "train": {"n": 42, "months": 13.347861842105264, "eq": 1076.794667578294, "growth": 0.005543114595498337, "liq": false, "maxdd": 0.09942492474859556, "tpm": 3.14657137576243, "sl_hits": 6, "worst_mae": -0.05435332275445981, "win": 0.8571428571428571, "score": -0.004131315193291825}, "oos": {"n": 3, "months": 0.9194078947368421, "eq": 1033.1498188759438, "growth": 0.03547088577518377, "liq": false, "maxdd": 0.0, "tpm": 3.262969588550984, "sl_hits": 0, "worst_mae": -0.024139638524387275, "win": 1.0, "score": 0.03547088577518377}, "elapsed": 1.065561056137085}