{"job": {"strategy": "scalpx", "mode": "spot", "method": "volume3", "window": "all", "fold_idx": 9, "n_samples": 350, "seed": 979180}, "status": "ok", "n_feasible": 116, "cand": {"strategy": "scalpx", "tpL": [0.0079, 0.0114, 0.0085], "tpS": [0.0091, 0.0083, 0.0102], "rsiOB": [55.769, 72.5763, 59.7077], "rsiOS": [32.1055, 36.9229, 42.9999], "useCvd": [1.0, 1.0, 1.0], "useEma": [1.0, 1.0, 1.0], "eL": [1.0, 1.0, 1.0], "eS": [0.0, 0.0, 0.0], "lev": [1.0, 1.0, 1.0], "sl": 0.08, "slOn": 1.0}, "train": {"n": 93, "months": 14.267269736842106, "eq": 927.4185561846635, "growth": -0.0052813397229736405, "liq": false, "maxdd": 0.2586531206344814, "tpm": 6.51841604703441, "sl_hits": 9, "worst_mae": -0.10967952910398959, "win": 0.9032258064516129, "score": -0.022238323639565818}, "oos": {"n": 15, "months": 0.91796875, "eq": 1019.6419962600917, "growth": 0.021189808071489437, "liq": false, "maxdd": 0.0813783953488373, "tpm": 16.340425531914892, "sl_hits": 1, "worst_mae": -0.08104145601617796, "win": 0.9333333333333333, "score": 0.021189808071489437}, "elapsed": 1.0497865676879883}