{"job": {"strategy": "scalpx", "mode": "spot", "method": "volume3", "window": "all", "fold_idx": 18, "n_samples": 350, "seed": 979180}, "status": "ok", "n_feasible": 64, "cand": {"strategy": "scalpx", "tpL": [0.007, 0.007, 0.0092], "tpS": [0.0122, 0.013, 0.0117], "rsiOB": [69.5058, 55.3775, 56.1501], "rsiOS": [31.2165, 37.6474, 31.9327], "useCvd": [1.0, 1.0, 1.0], "useEma": [1.0, 1.0, 1.0], "eL": [1.0, 1.0, 1.0], "eS": [0.0, 0.0, 0.0], "lev": [1.0, 1.0, 1.0], "sl": 0.05, "slOn": 1.0}, "train": {"n": 57, "months": 22.337719298245617, "eq": 1069.5980477831213, "growth": 0.003012076601085566, "liq": false, "maxdd": 0.09911111607627428, "tpm": 2.5517376791674846, "sl_hits": 5, "worst_mae": -0.08001144553534711, "win": 0.9122807017543859, "score": -0.005106402534931711}, "oos": {"n": 2, "months": 0.920984100877193, "eq": 1014.6034523025165, "growth": 0.015741692777386986, "liq": false, "maxdd": 0.0, "tpm": 2.171590148076494, "sl_hits": 0, "worst_mae": -0.009335978527249322, "win": 1.0, "score": 0.015741692777386986}, "elapsed": 1.666921854019165}