{"job": {"strategy": "scalpx", "mode": "spot", "method": "volume3", "window": "all", "fold_idx": 11, "n_samples": 350, "seed": 979180}, "status": "ok", "n_feasible": 114, "cand": {"strategy": "scalpx", "tpL": [0.0036, 0.005, 0.0047], "tpS": [0.0111, 0.0113, 0.0133], "rsiOB": [75.3666, 68.3922, 65.7221], "rsiOS": [26.219, 37.9169, 32.5023], "useCvd": [1.0, 1.0, 1.0], "useEma": [1.0, 0.0, 1.0], "eL": [1.0, 1.0, 1.0], "eS": [0.0, 0.0, 0.0], "lev": [1.0, 1.0, 1.0], "sl": 0.08, "slOn": 1.0}, "train": {"n": 36, "months": 16.02480811403509, "eq": 882.0799647317413, "growth": -0.00782989494981425, "liq": false, "maxdd": 0.15212650820037604, "tpm": 2.246516759752645, "sl_hits": 3, "worst_mae": -0.09823794382617923, "win": 0.9166666666666666, "score": -0.019269212419262945}, "oos": {"n": 2, "months": 0.9208470394736842, "eq": 1007.4872057654655, "growth": 0.008100493834717446, "liq": false, "maxdd": 0.0, "tpm": 2.171913373520875, "sl_hits": 0, "worst_mae": -0.006584821428571308, "win": 1.0, "score": 0.008100493834717446}, "elapsed": 1.104717493057251}