{"job": {"strategy": "scalpx", "mode": "spot", "method": "volume3", "window": "all", "fold_idx": 17, "n_samples": 350, "seed": 979180}, "status": "ok", "n_feasible": 62, "cand": {"strategy": "scalpx", "tpL": [0.003469430052081552, 0.004307279954360192, 0.004185307930220575], "tpS": [0.010384759587354077, 0.010006567747994743, 0.005562236844377139], "rsiOB": [56.312704557624826, 83.89296298873157, 59.179505858690185], "rsiOS": [25.69786312810594, 39.80862875739794, 25.257065514098198], "useCvd": [1.0, 1.0, 1.0], "useEma": [1.0, 1.0, 1.0], "eL": [1.0, 1.0, 1.0], "eS": [0.0, 0.0, 0.0], "lev": [1.0, 1.0, 1.0], "sl": 0.01, "slOn": 1.0}, "train": {"n": 86, "months": 21.41673519736842, "eq": 872.5617164170931, "growth": -0.0063652041733880775, "liq": false, "maxdd": 0.1361269787421657, "tpm": 4.015551353063713, "sl_hits": 29, "worst_mae": -0.022607889586981234, "win": 0.6627906976744186, "score": -0.0072590285050071835}, "oos": {"n": 6, "months": 0.920984100877193, "eq": 963.5135170860625, "growth": -0.04035765877031235, "liq": false, "maxdd": 0.025886721365288575, "tpm": 6.514770444229481, "sl_hits": 4, "worst_mae": -0.013631284916201136, "win": 0.3333333333333333, "score": -0.04035765877031235}, "elapsed": 1.629478931427002}