{"job": {"strategy": "scalpx", "mode": "spot", "method": "volume3", "window": "all", "fold_idx": 6, "n_samples": 350, "seed": 979180}, "status": "ok", "n_feasible": 136, "cand": {"strategy": "scalpx", "tpL": [0.007, 0.0081, 0.0084], "tpS": [0.0141, 0.0121, 0.012], "rsiOB": [67.5138, 65.4068, 67.1845], "rsiOS": [31.868, 41.3396, 35.6818], "useCvd": [1.0, 1.0, 1.0], "useEma": [1.0, 1.0, 1.0], "eL": [1.0, 1.0, 1.0], "eS": [0.0, 0.0, 0.0], "lev": [1.0, 1.0, 1.0], "sl": 0.08, "slOn": 1.0}, "train": {"n": 71, "months": 11.518571820175438, "eq": 1251.7501966735435, "growth": 0.019493973111620815, "liq": false, "maxdd": 0.08640533920968589, "tpm": 6.16395861469904, "sl_hits": 3, "worst_mae": -0.10295220325387555, "win": 0.9577464788732394, "score": 0.003486832179426212}, "oos": {"n": 2, "months": 0.9139939692982456, "eq": 1013.3664889764657, "growth": 0.01452738863213513, "liq": false, "maxdd": 0.0, "tpm": 2.1881982454824924, "sl_hits": 0, "worst_mae": -0.01359856147448879, "win": 1.0, "score": 0.01452738863213513}, "elapsed": 0.9791164398193359}