{"job": {"strategy": "scalpx", "mode": "spot", "method": "volume3", "window": "all", "fold_idx": 7, "n_samples": 350, "seed": 979180}, "status": "ok", "n_feasible": 142, "cand": {"strategy": "scalpx", "tpL": [0.0072, 0.0079, 0.008], "tpS": [0.015, 0.0154, 0.0161], "rsiOB": [73.5714, 66.6535, 61.9912], "rsiOS": [35.3665, 39.0739, 37.1789], "useCvd": [1.0, 1.0, 1.0], "useEma": [1.0, 1.0, 1.0], "eL": [1.0, 1.0, 1.0], "eS": [0.0, 0.0, 0.0], "lev": [1.0, 1.0, 1.0], "sl": 0.05, "slOn": 1.0}, "train": {"n": 77, "months": 12.432565789473685, "eq": 988.3506027034997, "growth": -0.0009425072302086985, "liq": false, "maxdd": 0.12203105371865938, "tpm": 6.1934118269612375, "sl_hits": 9, "worst_mae": -0.08001144553534711, "win": 0.8831168831168831, "score": -0.016165804285869077}, "oos": {"n": 6, "months": 0.915296052631579, "eq": 872.7658877468862, "growth": -0.14868187023806514, "liq": false, "maxdd": 0.09911111607627435, "tpm": 6.555256064690027, "sl_hits": 3, "worst_mae": -0.07331518039482643, "win": 0.5, "score": -0.14868187023806514}, "elapsed": 0.9976143836975098}