{"job": {"strategy": "scalpx", "mode": "spot", "method": "volume3", "window": "all", "fold_idx": 0, "n_samples": 350, "seed": 979180}, "status": "ok", "n_feasible": 165, "cand": {"strategy": "scalpx", "tpL": [0.0111, 0.0135, 0.0137], "tpS": [0.0117, 0.013, 0.0135], "rsiOB": [64.3183, 66.5383, 60.9738], "rsiOS": [32.6886, 40.7671, 39.1187], "useCvd": [1.0, 1.0, 1.0], "useEma": [1.0, 1.0, 1.0], "eL": [1.0, 1.0, 1.0], "eS": [0.0, 0.0, 0.0], "lev": [1.0, 1.0, 1.0], "sl": 0.08, "slOn": 1.0}, "train": {"n": 42, "months": 6.024328399122807, "eq": 1395.8870030113135, "growth": 0.05536385727428367, "liq": false, "maxdd": 0.08115241599386191, "tpm": 6.971731488959923, "sl_hits": 2, "worst_mae": -0.10295220325387555, "win": 0.9523809523809523, "score": 0.02629949726759921}, "oos": {"n": 8, "months": 0.9209155701754386, "eq": 1003.2689343613393, "growth": 0.003543867773009036, "liq": false, "maxdd": 0.08092184481327801, "tpm": 8.687006995088556, "sl_hits": 1, "worst_mae": -0.08012448132780081, "win": 0.875, "score": 0.003543867773009036}, "elapsed": 0.8456401824951172}