{"job": {"strategy": "scalpx", "mode": "spot", "method": "volume3", "window": "all", "fold_idx": 5, "n_samples": 350, "seed": 979180}, "status": "ok", "n_feasible": 147, "cand": {"strategy": "scalpx", "tpL": [0.007, 0.0066, 0.0067], "tpS": [0.0111, 0.013, 0.0112], "rsiOB": [58.751, 58.6098, 55.3231], "rsiOS": [31.2678, 41.6129, 33.6762], "useCvd": [1.0, 1.0, 1.0], "useEma": [1.0, 1.0, 1.0], "eL": [1.0, 1.0, 1.0], "eS": [0.0, 0.0, 0.0], "lev": [1.0, 1.0, 1.0], "sl": 0.05, "slOn": 1.0}, "train": {"n": 71, "months": 10.610128837719298, "eq": 1176.7582795861122, "growth": 0.015340382736247708, "liq": false, "maxdd": 0.06966688376640368, "tpm": 6.691718930649839, "sl_hits": 4, "worst_mae": -0.08001144553534711, "win": 0.9436619718309859, "score": 0.005748278783211678}, "oos": {"n": 3, "months": 0.9084429824561403, "eq": 959.9971814256678, "growth": -0.04493945280871342, "liq": false, "maxdd": 0.05097499999999995, "tpm": 3.302353651176826, "sl_hits": 1, "worst_mae": -0.053492513686432375, "win": 0.6666666666666666, "score": -0.04493945280871342}, "elapsed": 0.9390401840209961}