{
 "cand": {
  "strategy": "v7",
  "mode": "lev",
  "regs": [
   {
    "zS": 2.750714013292051,
    "eS3": 1.0,
    "xApt1Short": 0.005037864005960296,
    "vEmaUp": 2.0,
    "apt2Long": 0.008511277286211963,
    "leverage": 9.0,
    "dur1Long": 41.62138519127366,
    "xCdPctShort": 0.007166856195559052,
    "cdPeriodShort": 44.32192233558786,
    "zXS": 1.7505442258889057,
    "bbValShort": 0.8232264918709405,
    "zL": -0.8,
    "vEmaDn": 3.0,
    "requireHistPos": 0.0,
    "apt1Long": 0.00828414603892263,
    "ptShort": 0.012030797336344249,
    "xDur1Long": 13.925637242765083,
    "dur2Short": 122.43726961801441,
    "dur1Short": 29.08054950214226,
    "slLong": 0.10035428046351932,
    "xMinBetween": 12.478853263709077,
    "xDur2Short": 182.5926589248263,
    "cdPctShort": 0.008854759574380852,
    "ptLong": 0.02307313747125043,
    "trendBlockZ": 1.5,
    "rsiValLong": 83.3804127259583,
    "cdPctLong": 0.009920830768026287,
    "xApt1Long": 0.011713841716794134,
    "eXL": 1.0,
    "xApt2Short": 0.01,
    "xTpLong": 0.017822158102750212,
    "vX": 3.0,
    "dur2Long": 304.76997917228084,
    "cdPeriodLong": 203.28089414030043,
    "vRsi": 1.0,
    "vHistN": 2.0,
    "xTpShort": 0.01065258391231138,
    "apt1Short": 0.005584368556017113,
    "apt2Short": 0.0004536933033495775,
    "xDur1Short": 129.6068705202552,
    "bbValLong": 0.26343309856241287,
    "eXS": 1.0,
    "rsiValShort": 52.34315458353996,
    "vBB": 4.0,
    "vMacd": 1.0,
    "eL3": 1.0,
    "zXLmax": 0.31200649969559213,
    "slShort": 0.05985776826048709,
    "xDur2Long": 561.0387610072885,
    "xCdPeriodShort": 120.0,
    "xApt2Long": 0.009245626114235624
   },
   {
    "zS": 1.5604151434466988,
    "eS3": 0.0,
    "xApt1Short": 0.00675208130041731,
    "vEmaUp": 1.0,
    "apt2Long": 0.014235304731843219,
    "leverage": 9.0,
    "dur1Long": 40.19648978285868,
    "xCdPctShort": 0.005653135387721758,
    "cdPeriodShort": 10.182519713273559,
    "zXS": 1.901648077632017,
    "bbValShort": 1.1479070636190163,
    "zL": -1.7429221916178894,
    "vEmaDn": 4.0,
    "requireHistPos": 0.0,
    "apt1Long": 0.010833093437254943,
    "ptShort": 0.022391031717834204,
    "xDur1Long": 130.95888947404265,
    "dur2Short": 245.37666934745164,
    "dur1Short": 0.6,
    "slLong": 0.057570311996947086,
    "xMinBetween": 8.347030654308261,
    "xDur2Short": 455.5078436879891,
    "cdPctShort": 0.006941239278557347,
    "ptLong": 0.011735494994640897,
    "trendBlockZ": 3.0,
    "rsiValLong": 60.98361174120293,
    "cdPctLong": 0.005489800192678567,
    "xApt1Long": 0.0120774011730649,
    "eXL": 1.0,
    "xApt2Short": 0.00424251001791408,
    "xTpLong": 0.016823208349414306,
    "vX": 2.0,
    "dur2Long": 214.8211419796183,
    "cdPeriodLong": 46.76402376616574,
    "vRsi": 4.0,
    "vHistN": 1.0,
    "xTpShort": 0.01191341644682574,
    "apt1Short": 0.014756268689726688,
    "apt2Short": 0.002622439654132328,
    "xDur1Short": 51.76757628070237,
    "bbValLong": -0.35,
    "eXS": 1.0,
    "rsiValShort": 57.53984428126494,
    "vBB": 4.0,
    "vMacd": 2.0,
    "eL3": 0.0,
    "zXLmax": -2.254638591870537,
    "slShort": 0.03836531584438875,
    "xDur2Long": 650.7244465259795,
    "xCdPeriodShort": 27.75613484655677,
    "xApt2Long": 0.00503984353696282
   },
   {
    "zS": 3.0,
    "eS3": 1.0,
    "xApt1Short": 0.013343953865477666,
    "vEmaUp": 4.0,
    "apt2Long": 0.002514794081999114,
    "leverage": 9.0,
    "dur1Long": 80.05319463821664,
    "xCdPctShort": 0.007625666313178596,
    "cdPeriodShort": 181.6459482309873,
    "zXS": 1.4071019290068678,
    "bbValShort": 1.1409952206534613,
    "zL": -0.9663816683525439,
    "vEmaDn": 2.0,
    "requireHistPos": 1.0,
    "apt1Long": 0.01959638718725686,
    "ptShort": 0.003312329344431848,
    "xDur1Long": 157.99532226269983,
    "dur2Short": 326.7746554819987,
    "dur1Short": 76.0800425822803,
    "slLong": 0.07066370203414336,
    "xMinBetween": 20.911815165797503,
    "xDur2Short": 449.04769142384265,
    "cdPctShort": 0.012,
    "ptLong": 0.00389024494500602,
    "trendBlockZ": 99.0,
    "rsiValLong": 57.34386372378597,
    "cdPctLong": 0.008910234817005014,
    "xApt1Long": 0.01046820765126233,
    "eXL": 1.0,
    "xApt2Short": 0.008941899191538042,
    "xTpLong": 0.0110059408113233,
    "vX": 2.0,
    "dur2Long": 295.0778712632365,
    "cdPeriodLong": 97.8697057951573,
    "vRsi": 2.0,
    "vHistN": 2.0,
    "xTpShort": 0.02,
    "apt1Short": 0.013498771127497769,
    "apt2Short": 0.0,
    "xDur1Short": 144.7995402767196,
    "bbValLong": 0.12535346674889525,
    "eXS": 1.0,
    "rsiValShort": 67.5748116639171,
    "vBB": 0.0,
    "vMacd": 2.0,
    "eL3": 1.0,
    "zXLmax": -2.2087013807065032,
    "slShort": 0.08003305912774861,
    "xDur2Long": 30.0,
    "xCdPeriodShort": 18.451566248074013,
    "xApt2Long": 0.01
   }
  ]
 },
 "metrics": {
  "n": 178,
  "months": 6.633155153508772,
  "eq": 3124230483.4042187,
  "growth": 2.25453773045064,
  "liq": false,
  "maxdd": 0.5597785425707013,
  "tpm": 26.834891673812646,
  "sl_hits": 0,
  "worst_mae": -0.06113794954374652,
  "win": 1.0,
  "max_hold_days": 3.5416666666666665,
  "in_market": 0.3074356086826254,
  "score": 2.084770136631187
 },
 "strategy": "v7",
 "mode": "lev",
 "method": "vol3",
 "algo": "genetic",
 "per_regime": true,
 "train_end": "2026-04-01",
 "holdout_days": null,
 "max_dd": null,
 "max_hold_days": 5.0,
 "gap_mode": "skip_contaminated",
 "scoring": "classic",
 "anchor": null,
 "anchor_strength": 0.0,
 "evaluated": 100800,
 "generated": "2026-07-20 21:40",
 "holdout": {
  "n": 5,
  "months": 3.0235060307017543,
  "eq": 0.0,
  "growth": -9.13873524158819,
  "liq": true,
  "maxdd": 1.0,
  "tpm": 1.6537092862485552,
  "sl_hits": 0,
  "worst_mae": -0.1031111111111111,
  "win": 0.8,
  "max_hold_days": 80.27083333333333,
  "in_market": 1.0253178902513655,
  "score": -9.13873524158819
 },
 "holdout_scan": {
  "scanned": 354,
  "pool": 593,
  "reservoir": 293,
  "survivors": 7
 },
 "holdout_survivors": [
  {
   "rank": 303,
   "train_score": 0.3231718237511719,
   "holdout": {
    "n": 36,
    "months": 3.0235060307017543,
    "eq": 4004.213744708518,
    "growth": 0.458853803741379,
    "liq": false,
    "maxdd": 0.5392247232973272,
    "tpm": 11.906706860989598,
    "sl_hits": 0,
    "worst_mae": -0.07684573398448702,
    "win": 0.9444444444444444,
    "max_hold_days": 3.5145833333333334,
    "in_market": 0.17391599990933612,
    "score": 0.5008433949986079
   }
  },
  {
   "rank": 301,
   "train_score": 0.5516866850260406,
   "holdout": {
    "n": 30,
    "months": 3.0235060307017543,
    "eq": 3813.9138946040753,
    "growth": 0.442749548765813,
    "liq": false,
    "maxdd": 0.5765164162493048,
    "tpm": 9.92225571749133,
    "sl_hits": 0,
    "worst_mae": -0.07247602932882113,
    "win": 1.0,
    "max_hold_days": 3.089583333333333,
    "in_market": 0.12831206509667037,
    "score": 0.45416654124930544
   }
  },
  {
   "rank": 329,
   "train_score": 0.36254269761189706,
   "holdout": {
    "n": 32,
    "months": 3.0235060307017543,
    "eq": 2641.951142323062,
    "growth": 0.321321572828963,
    "liq": false,
    "maxdd": 0.4016580992777707,
    "tpm": 10.583739431990752,
    "sl_hits": 0,
    "worst_mae": -0.04997648165569135,
    "win": 0.90625,
    "max_hold_days": 2.127083333333333,
    "in_market": 0.13903306965253065,
    "score": 0.3276652403059226
   }
  },
  {
   "rank": 313,
   "train_score": 0.236495672650739,
   "holdout": {
    "n": 31,
    "months": 3.0235060307017543,
    "eq": 2610.369376540989,
    "growth": 0.317344078416576,
    "liq": false,
    "maxdd": 0.5522192044671935,
    "tpm": 10.252997574741041,
    "sl_hits": 0,
    "worst_mae": -0.07684573398448702,
    "win": 1.0,
    "max_hold_days": 3.870833333333333,
    "in_market": 0.23989664316960946,
    "score": 0.30968229561060506
   }
  },
  {
   "rank": 315,
   "train_score": 0.04966818315002852,
   "holdout": {
    "n": 7,
    "months": 3.0235060307017543,
    "eq": 1156.437694331899,