{
 "cand": {
  "strategy": "macdx",
  "tpL": [
   0.09267332106796448,
   0.1,
   0.08625315590941672
  ],
  "tpS": [
   0.023798964927744266,
   0.02905888420231102,
   0.023540243075641808
  ],
  "slL": [
   0.03601651192667695,
   0.02587048531121813,
   0.09525756742266037
  ],
  "slS": [
   0.09339608050883406,
   0.01607842877094203,
   0.1
  ],
  "minT": [
   95.27701951739886,
   100.0,
   93.42640636822559
  ],
  "mMinS": [
   0.43083983463508374,
   0.46773598156608154,
   0.5561421477600179
  ],
  "mMaxL": [
   -0.2345351361950419,
   -0.2607082311689698,
   -0.4081303174158919
  ],
  "hrb": [
   3.0,
   3.0,
   8.0
  ],
  "reqH": [
   0.0,
   1.0,
   0.0
  ],
  "a1L": [
   0.0,
   0.01911622498777691,
   0.002149673011756952
  ],
  "a2L": [
   0.0,
   0.006019487806904009,
   0.0
  ],
  "d1L": [
   13.977765135261883,
   14.843023628097622,
   22.61969119402448
  ],
  "d2L": [
   21.54777668863242,
   22.0091536953884,
   24.0
  ],
  "cdPL": [
   0.05011016556739727,
   0.08378053463862076,
   0.07812844016492371
  ],
  "cdTL": [
   21.504931153572098,
   16.276756819174814,
   21.70591774420687
  ],
  "a1S": [
   0.0,
   0.010160373476332042,
   0.017464187153644475
  ],
  "a2S": [
   0.0,
   0.0,
   0.010478512292186685
  ],
  "d1S": [
   19.08886333848882,
   14.21095251810289,
   3.9260312915004802
  ],
  "d2S": [
   23.73653309051192,
   19.204027514286846,
   19.12087478269235
  ],
  "cdPS": [
   0.054334163201188695,
   0.05260242031081995,
   0.028022386659333126
  ],
  "cdTS": [
   146.2193884113275,
   167.72846733082233,
   143.09335455992394
  ],
  "eL": [
   1.0,
   1.0,
   1.0
  ],
  "eS": [
   1.0,
   1.0,
   1.0
  ],
  "lev": [
   6.0,
   6.0,
   6.0
  ]
 },
 "metrics": {
  "n": 82,
  "months": 12.310032894736842,
  "eq": 10220600.57101947,
  "growth": 0.7499704269893523,
  "liq": false,
  "maxdd": 0.550719509526182,
  "tpm": 6.661233215311644,
  "sl_hits": 8,
  "worst_mae": -0.08734810578984997,
  "win": 0.8536585365853658,
  "max_hold_days": 3.7333333333333334,
  "in_market": 0.13236243792727193,
  "score": 0.4044723732829082
 },
 "strategy": "macdx",
 "mode": "lev",
 "method": "vol3",
 "algo": "genetic",
 "per_regime": true,
 "train_end": null,
 "holdout_days": 42.0,
 "max_dd": null,
 "max_hold_days": 5.0,
 "gap_mode": "skip_contaminated",
 "scoring": "classic",
 "anchor": null,
 "anchor_strength": 0.0,
 "evaluated": 100800,
 "generated": "2026-07-20 21:44",
 "holdout": {
  "n": 81,
  "months": 12.163034539473683,
  "eq": 479.7649483013821,
  "growth": -0.06038451865553795,
  "liq": false,
  "maxdd": 0.7556025601073456,
  "tpm": 6.659522320447593,
  "sl_hits": 25,
  "worst_mae": -0.10323014051391133,
  "win": 0.6172839506172839,
  "max_hold_days": 3.654166666666667,
  "in_market": 0.16051678188896965,
  "score": -0.13353142218489375
 },
 "holdout_scan": {
  "scanned": 10,
  "pool": 600,
  "reservoir": 300,
  "survivors": 9
 },
 "holdout_survivors": [
  {
   "rank": 8,
   "train_score": 0.3894646149940301,
   "holdout": {
    "n": 81,
    "months": 12.163034539473683,
    "eq": 728.1553867756647,
    "growth": -0.02608237353585685,
    "liq": false,
    "maxdd": 0.856277973285622,
    "tpm": 6.659522320447593,
    "sl_hits": 23,
    "worst_mae": -0.09037006747086496,
    "win": 0.6172839506172839,
    "max_hold_days": 3.654166666666667,
    "in_market": 0.15605438267327013,
    "score": -0.1348468515905369
   }
  },
  {
   "rank": 10,
   "train_score": 0.3884738776405263,
   "holdout": {
    "n": 83,
    "months": 12.163034539473683,
    "eq": 709.1497064446461,
    "growth": -0.028256815524121806,
    "liq": false,
    "maxdd": 0.7629607008844366,
    "tpm": 6.823954970335188,
    "sl_hits": 25,
    "worst_mae": -0.09499637418419149,
    "win": 0.6144578313253012,
    "max_hold_days": 3.70625,
    "in_market": 0.17741980922116485,
    "score": -0.11428238551561574
   }
  },
  {
   "rank": 1,
   "train_score": 0.4044723732829082,
   "holdout": {
    "n": 81,
    "months": 12.163034539473683,
    "eq": 479.7649483013821,
    "growth": -0.06038451865553795,
    "liq": false,
    "maxdd": 0.7556025601073456,
    "tpm": 6.659522320447593,
    "sl_hits": 25,
    "worst_mae": -0.10323014051391133,
    "win": 0.6172839506172839,
    "max_hold_days": 3.654166666666667,
    "in_market": 0.16051678188896965,
    "score": -0.13353142218489375
   }
  },
  {
   "rank": 7,
   "train_score": 0.3898554076627837,
   "holdout": {
    "n": 82,
    "months": 12.163034539473683,
    "eq": 359.622660275696,
    "growth": -0.08408263248976322,
    "liq": false,
    "maxdd": 0.8509440653115636,
    "tpm": 6.74173864539139,
    "sl_hits": 22,
    "worst_mae": -0.10323014051391133,
    "win": 0.6097560975609756,
    "max_hold_days": 3.654166666666667,
    "in_market": 0.16922747530749424,
    "score": -0.15083644889800846
   }
  },
  {
   "rank": 4,
   "train_score": 0.3917890489677208,
   "holdout": {
    "n": 82,
    "months": 12.163034539473683,
    "eq": 307.3876371470682,
    "growth": -0.09698613140796562,
    "liq": false,
    "maxdd": 0.8903057618233966,
    "tpm": 6.74173864539139,
    "sl_hits": 27,
    "worst_mae": -0.09037006747086496,
    "win": 0.5975609756097561,
    "max_hold_days": 3.43125,
    "in_market": 0.15180608847044505,
    "score": -0.16017394789826728
   }
  },
  {
   "rank": 2,
   "train_score": 0.3989895296759091,
   "holdout": {
    "n": 82,
    "months": 12.163034539473683,
    "eq": 253.6699825620894,
    "growth": -0.11277787081514708,
    "liq": false,
    "maxdd": 0.8309464936200815,
    "tpm": 6.74173864539139,
    "sl_hits": 24,
    "worst_mae": -0.10323014051391133,
    "win": 0.6097560975609756,
    "max_hold_days": 3.654166666666667,
    "in_market": 0.1698303499490092,
    "score": -0.20034207096010515
   }
  },
  {
   "rank": 5,
   "train_score": 0.3911288035443023,
   "holdout": {
    "n": 82,
    "months": 12.163034539473683,
    "eq": 171.98108740745033,
    "growth": -0.14473121484895443,
    "liq": false,
    "maxdd": 0.8975669884162797,
    "tpm": 6.74173864539139,
    "sl_hits": 27,
    "worst_mae": -0.09499637418419149,
    "win": 0.5975609756097561,
    "max_hold_days": 3.654166666666667,
    "in_market": 0.16184085236332493,
    "score": -0.21124340379918383
   }
  },
  {
   "rank": 6,
   "train_score": 0.3900390083037083,
   "holdout": {
    "n": 79,
    "months": 12.163034539473683,
    "eq": 135.92344362871347,
    "growth": -0.1640761160185805,
    "liq": false,
    "maxdd": 0.8900112873506724,
    "tpm": 6.495089670559998,
    "sl_hits": 23,
    "worst_mae": -0.10323014051391133,
    "win": 0.6075949367088608,
    "max_hold_days": 3.654166666666667,
    "in_market": 0.171024830547151,
    "score": -0.22227787058666137
   }
  },
  {
   "rank": 9,
   "train_score": 0.38934822960077964,
   "holdout": {
    "n": 81,
    "months": 12.163034539473683,
    "eq": 53.911676908708785,
    "growth": -0.24010522824848277,
    "liq": false,
    "maxdd": 0.9777410133145576,
    "tpm": 6.659522320447593,
    "sl_hits": 28,
    "worst_mae": -0.10584412481483252,
    "win": 0.6172839506172839,
    "max_hold_days": 3.43125,
    "in_market": 0.1531245246023563,
    "score": -0.329770150672247
   }
  }
 ],
 "holdout_top10": [
  {
   "rank": 8,
   "train_score": 0.3894646149940301,
   "holdout": {
    "n": 81,
    "months": 12.163034539473683,
    "eq": 728.1553867756647,
    "growth": -0.02608237353585685,
    "liq": false,
    "maxdd": 0.856277973285622,
    "tpm": 6.659522320447593,
    "sl_hits": 23,
    "worst_mae": -0.09037006747086496,
    "win": 0.6172839506172839,
    "max_hold_days": 3.654166666666667,
    "in_market": 0.15605438267327013,
    "score": -0.1348468515905369
   }
  },
  {
   "rank": 10,
   "train_score": 0.3884738776405263,
   "holdout": {
    "n": 83,
    "months": 12.163034539473683,
    "eq": 709.1497064446461,
    "growth": -0.028256815524121806,
    "liq": false,
    "maxdd": 0.7629607008844366,
    "tpm": 6.823954970335188,
    "sl_hits": 25,