{
 "cand": {
  "strategy": "macdx",
  "tpL": [
   0.1,
   0.07799321056508453,
   0.1
  ],
  "tpS": [
   0.02921509643172377,
   0.02319642336268329,
   0.02654377073166673
  ],
  "slL": [
   0.03411347293976601,
   0.07758465372291205,
   0.053414804728826454
  ],
  "slS": [
   0.0428806544885974,
   0.038664102184778726,
   0.010158636344443667
  ],
  "minT": [
   79.5253713154817,
   54.05423033475584,
   45.9650305190245
  ],
  "mMinS": [
   0.6,
   0.3316678077765756,
   0.21540602037549092
  ],
  "mMaxL": [
   -0.16364710834401783,
   -0.320541693388987,
   -0.5
  ],
  "hrb": [
   1.0,
   2.0,
   6.0
  ],
  "reqH": [
   1.0,
   1.0,
   1.0
  ],
  "a1L": [
   0.016723535554832785,
   0.007624011212707973,
   0.012883792786820366
  ],
  "a2L": [
   0.007276581212323732,
   0.00198693847295119,
   0.004562241389542341
  ],
  "d1L": [
   0.0,
   30.81688556740491,
   25.61491154818362
  ],
  "d2L": [
   24.0,
   33.341586489691416,
   27.474242823731608
  ],
  "cdPL": [
   0.006159348011845148,
   0.03285640743368802,
   0.07049855641494554
  ],
  "cdTL": [
   7.8885189583882624,
   11.818513480883944,
   5.991056419542006
  ],
  "a1S": [
   0.014570254273872155,
   0.012417519724759225,
   0.017269265897199355
  ],
  "a2S": [
   0.01075824210287226,
   0.01159630646792837,
   0.005732900505256044
  ],
  "d1S": [
   15.471112537608619,
   11.82759715573747,
   15.252146615062678
  ],
  "d2S": [
   23.282282514154744,
   21.96530113323668,
   16.760339926174197
  ],
  "cdPS": [
   0.09,
   0.07551112735648953,
   0.015817218979935013
  ],
  "cdTS": [
   48.85230591418325,
   26.485295661771396,
   10.0
  ],
  "eL": [
   1.0,
   1.0,
   1.0
  ],
  "eS": [
   0.0,
   1.0,
   1.0
  ],
  "lev": [
   8.0,
   8.0,
   8.0
  ]
 },
 "metrics": {
  "n": 141,
  "months": 12.555235745614036,
  "eq": 155015684.525145,
  "growth": 0.9518962306575375,
  "liq": false,
  "maxdd": 0.6466065696982969,
  "tpm": 11.23037455105182,
  "sl_hits": 36,
  "worst_mae": -0.06641855138849129,
  "win": 0.7446808510638298,
  "max_hold_days": 4.052083333333333,
  "in_market": 0.23642784624957697,
  "score": 0.6707857866083848
 },
 "strategy": "macdx",
 "mode": "lev",
 "method": "vol3",
 "algo": "genetic",
 "per_regime": true,
 "train_end": null,
 "holdout_days": 21.0,
 "max_dd": null,
 "max_hold_days": 5.0,
 "gap_mode": "skip_contaminated",
 "scoring": "recent",
 "anchor": null,
 "anchor_strength": 0.0,
 "evaluated": 100800,
 "generated": "2026-07-20 20:52",
 "holdout": {
  "n": 132,
  "months": 11.91467927631579,
  "eq": 1.2204845891660825,
  "growth": -0.563045562477077,
  "liq": false,
  "maxdd": 0.9998704099478114,
  "tpm": 11.078770728003727,
  "sl_hits": 61,
  "worst_mae": -0.10385888945491595,
  "win": 0.5303030303030303,
  "max_hold_days": 5.979166666666667,
  "in_market": 0.24678618880817213,
  "score": -0.47816006843850856
 },
 "holdout_scan": {
  "scanned": 10,
  "pool": 595,
  "reservoir": 295,
  "survivors": 7
 },
 "holdout_survivors": [
  {
   "rank": 6,
   "train_score": 0.6515434095469738,
   "holdout": {
    "n": 135,
    "months": 11.91467927631579,
    "eq": 3.9781467439778067,
    "growth": -0.4638764571140386,
    "liq": false,
    "maxdd": 0.9998364054719585,
    "tpm": 11.330560971821994,
    "sl_hits": 54,
    "worst_mae": -0.0994282651420404,
    "win": 0.5777777777777777,
    "max_hold_days": 2.908333333333333,
    "in_market": 0.23041085017169086,
    "score": -0.4673886351816883
   }
  },
  {
   "rank": 4,
   "train_score": 0.6549765486021548,
   "holdout": {
    "n": 135,
    "months": 11.91467927631579,
    "eq": 3.419106827638357,
    "growth": -0.4765865527587517,
    "liq": false,
    "maxdd": 0.9998598664016174,
    "tpm": 11.330560971821994,
    "sl_hits": 58,
    "worst_mae": -0.0994282651420404,
    "win": 0.5555555555555556,
    "max_hold_days": 2.908333333333333,
    "in_market": 0.21695166773074734,
    "score": -0.47980675010546636
   }
  },
  {
   "rank": 8,
   "train_score": 0.6513013652308983,
   "holdout": {
    "n": 136,
    "months": 11.91467927631579,
    "eq": 2.4983112533810345,
    "growth": -0.5029208201952072,
    "liq": false,
    "maxdd": 0.9997378603566717,
    "tpm": 11.41449105309475,
    "sl_hits": 56,
    "worst_mae": -0.10385888945491595,
    "win": 0.5661764705882353,
    "max_hold_days": 2.908333333333333,
    "in_market": 0.2102278282976435,
    "score": -0.49243367637796287
   }
  },
  {
   "rank": 9,
   "train_score": 0.6483380378956841,
   "holdout": {
    "n": 134,
    "months": 11.91467927631579,
    "eq": 1.0156034434873222,
    "growth": -0.578468975765552,
    "liq": false,
    "maxdd": 0.9998088154569171,
    "tpm": 11.246630890549238,
    "sl_hits": 54,
    "worst_mae": -0.0994282651420404,
    "win": 0.5671641791044776,
    "max_hold_days": 2.908333333333333,
    "in_market": 0.2197297810294549,
    "score": -0.5514827086323135
   }
  },
  {
   "rank": 7,
   "train_score": 0.6515043571830739,
   "holdout": {
    "n": 135,
    "months": 11.91467927631579,
    "eq": 0.6766260229506275,
    "growth": -0.612554620376006,
    "liq": false,
    "maxdd": 0.9999135931156814,
    "tpm": 11.330560971821994,
    "sl_hits": 55,
    "worst_mae": -0.10385888945491595,
    "win": 0.5777777777777777,
    "max_hold_days": 2.908333333333333,
    "in_market": 0.20373406035925665,
    "score": -0.5354350022617929
   }
  },
  {
   "rank": 10,
   "train_score": 0.6477968880101508,
   "holdout": {
    "n": 134,
    "months": 11.91467927631579,
    "eq": 0.5218134166843992,
    "growth": -0.6343603799981868,
    "liq": false,
    "maxdd": 0.9999509140425458,
    "tpm": 11.246630890549238,
    "sl_hits": 58,
    "worst_mae": -0.1146272412708399,
    "win": 0.5447761194029851,
    "max_hold_days": 2.908333333333333,
    "in_market": 0.2237962946985776,
    "score": -0.6474356688171367
   }
  },
  {
   "rank": 3,
   "train_score": 0.6564121267384742,
   "holdout": {
    "n": 135,
    "months": 11.91467927631579,
    "eq": 0.08898819243305667,
    "growth": -0.7828164443222043,
    "liq": false,
    "maxdd": 0.9999571687469505,
    "tpm": 11.330560971821994,
    "sl_hits": 63,
    "worst_mae": -0.10385888945491595,
    "win": 0.5111111111111111,
    "max_hold_days": 3.504166666666667,
    "in_market": 0.235967076769106,
    "score": -0.4158962228105314
   }
  }
 ],
 "holdout_top10": [
  {
   "rank": 6,
   "train_score": 0.6515434095469738,
   "holdout": {
    "n": 135,
    "months": 11.91467927631579,
    "eq": 3.9781467439778067,
    "growth": -0.4638764571140386,
    "liq": false,
    "maxdd": 0.9998364054719585,
    "tpm": 11.330560971821994,
    "sl_hits": 54,
    "worst_mae": -0.0994282651420404,
    "win": 0.5777777777777777,
    "max_hold_days": 2.908333333333333,
    "in_market": 0.23041085017169086,
    "score": -0.4673886351816883
   }
  },
  {
   "rank": 2,
   "train_score": 0.6571442476740674,
   "holdout": {
    "n": 134,
    "months": 11.91467927631579,
    "eq": 3.6935717557673318,
    "growth": -0.47010592595120204,
    "liq": false,
    "maxdd": 0.9997507131421737,
    "tpm": 11.246630890549238,
    "sl_hits": 54,
    "worst_mae": -0.10385888945491595,
    "win": 0.5746268656716418,
    "max_hold_days": 5.979166666666667,
    "in_market": 0.22079386169252094,
    "score": -0.5094088669839069
   }
  },
  {
   "rank": 4,
   "train_score": 0.6549765486021548,
   "holdout": {
    "n": 135,
    "months": 11.91467927631579,
    "eq": 3.419106827638357,
    "growth": -0.4765865527587517,
    "liq": false,
    "maxdd": 0.9998598664016174,
    "tpm": 11.330560971821994,
    "sl_hits": 58,
    "worst_mae": -0.0994282651420404,
    "win": 0.5555555555555556,
    "max_hold_days": 2.908333333333333,
    "in_market": 0.21695166773074734,
    "score": -0.47980675010546636
   }
  },
  {
   "rank": 8,
   "train_score": 0.6513013652308983,
   "holdout": {
    "n": 136,
    "months": 11.91467927631579,
    "eq": 2.4983112533810345,
    "growth": -0.5029208201952072,
    "liq": false,
    "maxdd": 0.9997378603566717,