{
 "cand": {
  "strategy": "macdx",
  "tpL": [
   0.012053018864639716,
   0.011548298564071585,
   0.017438908550251087
  ],
  "tpS": [
   0.006820478898183763,
   0.017513453876249887,
   0.011816284303232776
  ],
  "slL": [
   0.012912914599250487,
   0.03068332540798822,
   0.03527263870703758
  ],
  "slS": [
   0.00677250566764139,
   0.004309439922911214,
   0.008025408552147636
  ],
  "minT": [
   53.804311694593,
   77.40271901553473,
   73.41502993269931
  ],
  "mMinS": [
   0.6,
   0.6,
   0.6
  ],
  "mMaxL": [
   -0.4492692157695457,
   -0.4937183599862302,
   -0.5
  ],
  "hrb": [
   1.0,
   4.0,
   2.0
  ],
  "reqH": [
   1.0,
   0.0,
   1.0
  ],
  "a1L": [
   0.0059800850749250015,
   0.006999999999999999,
   0.012707162691603612
  ],
  "a2L": [
   0.0,
   0.0015994865785856755,
   0.0
  ],
  "d1L": [
   24.0,
   18.670034130305275,
   14.583848766955345
  ],
  "d2L": [
   24.698277504611866,
   24.0,
   23.26437387528167
  ],
  "cdPL": [
   0.060270775917478994,
   0.01699377001657095,
   0.055964541951710675
  ],
  "cdTL": [
   21.068878530826375,
   23.71799981739082,
   17.867910936013693
  ],
  "a1S": [
   0.0,
   0.0039373256213369795,
   0.006097372044888013
  ],
  "a2S": [
   0.0,
   0.0,
   0.0
  ],
  "d1S": [
   2.858398696232046,
   2.552556037460245,
   0.0
  ],
  "d2S": [
   10.46751824831884,
   7.154982181509113,
   12.808642461204508
  ],
  "cdPS": [
   0.006305178281802188,
   0.004591480244038473,
   0.0017683280535191828
  ],
  "cdTS": [
   185.12993286309893,
   152.56798974848036,
   227.2031122450307
  ],
  "eL": [
   0.0,
   0.0,
   1.0
  ],
  "eS": [
   1.0,
   1.0,
   1.0
  ],
  "lev": [
   1.0,
   4.0,
   4.0
  ]
 },
 "metrics": {
  "n": 112,
  "months": 21.44956140350877,
  "eq": 4952.721595047776,
  "growth": 0.07459067402684327,
  "liq": false,
  "maxdd": 0.6487117375935739,
  "tpm": 5.221551988549228,
  "sl_hits": 35,
  "worst_mae": -0.04543129504766341,
  "win": 0.6696428571428571,
  "max_hold_days": 1.85625,
  "in_market": 0.03768147428688273,
  "score": 0.026109663039306133
 },
 "strategy": "macdx",
 "mode": "lev",
 "method": "vol3",
 "algo": "crossfit",
 "per_regime": true,
 "train_end": null,
 "holdout_days": 21.0,
 "lockbox": "2026-04-01..",
 "max_dd": 0.4,
 "max_hold_days": 5.0,
 "gap_mode": "skip_contaminated",
 "scoring": "classic",
 "anchor": null,
 "anchor_strength": 0.0,
 "evaluated": 93800,
 "holdout": {
  "n": 4,
  "months": 3.0235060307017543,
  "eq": 1272.3304085398283,
  "growth": 0.07965923794531939,
  "liq": false,
  "maxdd": 0.08576137432467593,
  "tpm": 1.322967428998844,
  "sl_hits": 0,
  "worst_mae": -0.023102815177478586,
  "win": 1.0,
  "max_hold_days": 0.25625,
  "in_market": 0.007094449103560824,
  "score": 0.07965923794531939
 },
 "holdout_scan": {
  "scanned": 600,
  "pool": 600,
  "survivors": 1199
 },
 "crossfit": {
  "fold_days": 21.0,
  "lockboxes": [
   [
    "2026-04-01",
    null
   ]
  ],
  "foldA": {
   "feasible": 300,
   "survivors": 600
  },
  "foldB": {
   "feasible": 300,
   "survivors": 599
  },
  "merged": 300,
  "finalists": [
   {
    "origin": "fold A rank #321",
    "cross": {
     "n": 60,
     "months": 10.50185032894737,
     "eq": 2175.834012046861,
     "growth": 0.07402619733713085,
     "liq": false,
     "maxdd": 0.5346714921885967,
     "tpm": 5.713278909966523,
     "sl_hits": 20,
     "worst_mae": -0.04394535051185244,
     "win": 0.65,
     "max_hold_days": 1.1354166666666667,
     "in_market": 0.033822099541251475,
     "score": -0.0008320174761741322
    },
    "lockboxes": [
     {
      "range": [
       "2026-04-01",
       null
      ],
      "liq": false,
      "growth": 0.07965923794531939,
      "maxdd": 0.08576137432467593
     }
    ]
   },
   {
    "origin": "fold A rank #519",
    "cross": {
     "n": 43,
     "months": 10.50185032894737,
     "eq": 1702.8930623998222,
     "growth": 0.050689029968678787,
     "liq": false,
     "maxdd": 0.2374078031411419,
     "tpm": 4.094516552142675,
     "sl_hits": 12,
     "worst_mae": -0.04084918599797238,
     "win": 0.7209302325581395,
     "max_hold_days": 1.0,
     "in_market": 0.03018734950372937,
     "score": 0.0034583064964920085
    },
    "lockboxes": [
     {
      "range": [
       "2026-04-01",
       null
      ],
      "liq": false,
      "growth": 0.06228766993553993,
      "maxdd": 0.0644163870765487
     }
    ]
   },
   {
    "origin": "fold A rank #374",
    "cross": {
     "n": 63,
     "months": 10.50185032894737,
     "eq": 1603.0274886330633,
     "growth": 0.04493436936749747,
     "liq": false,
     "maxdd": 0.41865344900078433,
     "tpm": 5.998942855464849,
     "sl_hits": 12,
     "worst_mae": -0.04963205672235049,
     "win": 0.8095238095238095,
     "max_hold_days": 1.1354166666666667,
     "in_market": 0.03757431008267914,
     "score": -0.014420848729795533
    },
    "lockboxes": [
     {
      "range": [
       "2026-04-01",
       null
      ],
      "liq": false,
      "growth": 0.07525802289398663,
      "maxdd": 0.08536125677988865
     }
    ]
   },
   {
    "origin": "fold A rank #310",
    "cross": {
     "n": 65,
     "months": 10.50185032894737,
     "eq": 1565.6967059262363,
     "growth": 0.042690658349883344,
     "liq": false,
     "maxdd": 0.43285987329251696,
     "tpm": 6.189385485797066,
     "sl_hits": 13,
     "worst_mae": -0.04394535051185244,
     "win": 0.7846153846153846,
     "max_hold_days": 1.1354166666666667,
     "in_market": 0.04342775852730631,
     "score": -0.007095303742206412
    },
    "lockboxes": [
     {
      "range": [
       "2026-04-01",
       null
      ],
      "liq": false,
      "growth": 0.060202778754972534,
      "maxdd": 0.0644163870765487
     }
    ]
   },
   {
    "origin": "fold A rank #561",
    "cross": {
     "n": 45,
     "months": 10.50185032894737,
     "eq": 1450.888296681735,
     "growth": 0.03543908698010695,
     "liq": false,
     "maxdd": 0.2949449099319161,
     "tpm": 4.284959182474892,
     "sl_hits": 11,
     "worst_mae": -0.06353048641242287,
     "win": 0.7555555555555555,
     "max_hold_days": 0.9979166666666667,
     "in_market": 0.02633072962549676,
     "score": -0.010490469192614526
    },
    "lockboxes": [
     {
      "range": [
       "2026-04-01",
       null
      ],
      "liq": false,
      "growth": 0.05638667980207029,
      "maxdd": 0.06477285491361032
     }
    ]
   },
   {
    "origin": "fold B rank #490",
    "cross": {
     "n": 94,
     "months": 10.944558662280702,
     "eq": 1884.9131794927791,
     "growth": 0.057917526030476785,
     "liq": false,
     "maxdd": 0.28572708576448813,
     "tpm": 8.588742853922593,
     "sl_hits": 25,
     "worst_mae": -0.0447880954117732,
     "win": 0.7340425531914894,
     "max_hold_days": 1.66875,
     "in_market": 0.08552751044125659,
     "score": 0.0036252365477936095
    },
    "lockboxes": [
     {
      "range": [
       "2026-04-01",
       null
      ],
      "liq": false,
      "growth": 0.008978781439345808,
      "maxdd": 0.17993551934972637
     }
    ]
   },
   {
    "origin": "fold B rank #476",
    "cross": {
     "n": 94,
     "months": 10.944558662280702,
     "eq": 1765.3575795124898,
     "growth": 0.051930213179737596,
     "liq": false,
     "maxdd": 0.3392486575158506,
     "tpm": 8.588742853922593,
     "sl_hits": 26,
     "worst_mae": -0.03995909824410049,
     "win": 0.7127659574468085,
     "max_hold_days": 1.5291666666666666,
     "in_market": 0.0849514411125652,
     "score": 0.000498248977413164
    },
    "lockboxes": [
     {
      "range": [
       "2026-04-01",
       null
      ],
      "liq": false,
      "growth": -0.0313730351760114,
      "maxdd": 0.25418324882269105
     }
    ]
   },
   {
    "origin": "fold B rank #565",
    "cross": {
     "n": 94,
     "months": 10.944558662280702,
     "eq": 1738.9603328531034,
     "growth": 0.05055365336005694,
     "liq": false,
     "maxdd": 0.22004659237875107,
     "tpm": 8.588742853922593,
     "sl_hits": 26,