{"pool": [[0.026109663039306133, {"strategy": "macdx", "tpL": [0.012053018864639716, 0.011548298564071585, 0.017438908550251087], "tpS": [0.006820478898183763, 0.017513453876249887, 0.011816284303232776], "slL": [0.012912914599250487, 0.03068332540798822, 0.03527263870703758], "slS": [0.00677250566764139, 0.004309439922911214, 0.008025408552147636], "minT": [53.804311694593, 77.40271901553473, 73.41502993269931], "mMinS": [0.6, 0.6, 0.6], "mMaxL": [-0.4492692157695457, -0.4937183599862302, -0.5], "hrb": [1.0, 4.0, 2.0], "reqH": [1.0, 0.0, 1.0], "a1L": [0.0059800850749250015, 0.006999999999999999, 0.012707162691603612], "a2L": [0.0, 0.0015994865785856755, 0.0], "d1L": [24.0, 18.670034130305275, 14.583848766955345], "d2L": [24.698277504611866, 24.0, 23.26437387528167], "cdPL": [0.060270775917478994, 0.01699377001657095, 0.055964541951710675], "cdTL": [21.068878530826375, 23.71799981739082, 17.867910936013693], "a1S": [0.0, 0.0039373256213369795, 0.006097372044888013], "a2S": [0.0, 0.0, 0.0], "d1S": [2.858398696232046, 2.552556037460245, 0.0], "d2S": [10.46751824831884, 7.154982181509113, 12.808642461204508], "cdPS": [0.006305178281802188, 0.004591480244038473, 0.0017683280535191828], "cdTS": [185.12993286309893, 152.56798974848036, 227.2031122450307], "eL": [0.0, 0.0, 1.0], "eS": [1.0, 1.0, 1.0], "lev": [1.0, 4.0, 4.0]}, {"n": 112, "months": 21.44956140350877, "eq": 4952.721595047776, "growth": 0.07459067402684327, "liq": false, "maxdd": 0.6487117375935739, "tpm": 5.221551988549228, "sl_hits": 35, "worst_mae": -0.04543129504766341, "win": 0.6696428571428571, "max_hold_days": 1.85625, "in_market": 0.03768147428688273, "score": 0.026109663039306133}]], "evaluated": 93800, "seed_base": 1005}