{
 "strategy": "metax",
 "mode": "spot",
 "method": "trend3",
 "algo": "router",
 "per_regime": true,
 "cand": {
  "strategy": "metax",
  "mode": "spot",
  "buckets": "trend3",
  "assign": [
   2,
   3,
   0
  ],
  "components": [
   {
    "run": "camp_c1_w2_merge_prime_spot_trend3",
    "file": "holdout_best_config.json",
    "strategy": "prime",
    "cand": {
     "strategy": "prime",
     "tv": 0,
     "zL": [
      -2.480359116890549,
      -1.6023661792921011,
      -1.7542200005571484
     ],
     "zS": [
      2.232187795132871,
      2.6296079514050117,
      1.5054022144789294
     ],
     "rsiL": [
      79.62920453434877,
      57.374799428835345,
      34.182629944722066
     ],
     "rsiS": [
      88.97040725167203,
      88.96830746428472,
      88.65242368642933
     ],
     "bbL": [
      0.1684276245979314,
      0.04851454545773001,
      0.03172194141903371
     ],
     "bbS": [
      1.537402442922382,
      1.6527630192231972,
      1.4534743234839786
     ],
     "ptL": [
      0.01331963145792495,
      0.012069417161626942,
      0.01033820467322976
     ],
     "a1L": [
      0.0023184237094124823,
      0.006385294056752913,
      0.007540568427504934
     ],
     "a2L": [
      0.0004640286225769222,
      0.0056623654385859565,
      0.006961724452473183
     ],
     "d1L": [
      24.17867515705278,
      61.99477360365322,
      76.04640592058675
     ],
     "d2L": [
      131.84202277813728,
      317.3486880014354,
      148.96304719301847
     ],
     "ptS": [
      0.0022939849472800823,
      0.003997834386870822,
      0.005500887658791025
     ],
     "a1S": [
      0.001,
      0.0028106413516841384,
      0.001
     ],
     "a2S": [
      0.0,
      0.0,
      0.0
     ],
     "d1S": [
      21.08984085922671,
      16.77633177074805,
      0.6
     ],
     "d2S": [
      203.4597892368761,
      194.0662266844747,
      234.4800302705347
     ],
     "cdPL": [
      0.010511987988869554,
      0.010051288162768516,
      0.009457509715770697
     ],
     "cdTL": [
      48.26759311718816,
      10.0,
      10.0
     ],
     "cdPS": [
      0.0017544811625105532,
      0.005063602911777726,
      0.0005
     ],
     "cdTS": [
      87.49415025773393,
      92.53129075910665,
      103.18706798068709
     ],
     "eL3": [
      0.0,
      1.0,
      1.0
     ],
     "eS3": [
      0.0,
      0.0,
      0.0
     ],
     "lev": [
      1.0,
      1.0,
      1.0
     ],
     "sl": 0.11069726232729582,
     "mode": "spot"
    }
   },
   {
    "run": "camp_c1_w1_34_prime_sp_tr3_t",
    "file": "holdout_best_config.json",
    "strategy": "prime",
    "cand": {
     "strategy": "prime",
     "tv": 0,
     "zL": [
      -2.6935082235271612,
      -1.5533023413569615,
      -1.7594607685690027
     ],
     "zS": [
      2.4168505854673388,
      2.4360678729961713,
      1.7654744696961406
     ],
     "rsiL": [
      82.63694390886076,
      75.42640047984547,
      41.79072090750598
     ],
     "rsiS": [
      87.92167746154183,
      90.0,
      86.72604188694888
     ],
     "bbL": [
      0.05533700393871801,
      0.10211354439886464,
      -0.0011115316448390327
     ],
     "bbS": [
      1.7,
      1.7,
      1.6610110186443223
     ],
     "ptL": [
      0.01491309358360891,
      0.010567531657332662,
      0.010773089661548456
     ],
     "a1L": [
      0.003148638557525336,
      0.0066284987847380124,
      0.0068007419016404835
     ],
     "a2L": [
      0.0026530830071232305,
      0.00657230391313424,
      0.006040605116807118
     ],
     "d1L": [
      43.33330038982893,
      38.271936473770204,
      90.0
     ],
     "d2L": [
      70.3001471302557,
      204.17449667734485,
      180.040294188268
     ],
     "ptS": [
      0.0029631910350010338,
      0.006492630811839497,
      0.0038607071274526167
     ],
     "a1S": [
      0.001249428022146393,
      0.005768936178943928,
      0.0028535639231421156
     ],
     "a2S": [
      0.0006,
      0.0023483130768762158,
      0.0
     ],
     "d1S": [
      27.720214616667736,
      21.516819241163436,
      0.6
     ],
     "d2S": [
      103.91753864879914,
      197.54640340610703,
      310.2869020581229
     ],
     "cdPL": [
      0.012,
      0.011371733941918455,
      0.010764154402067643
     ],
     "cdTL": [
      10.0,
      61.608875804711765,
      53.200670672254134
     ],
     "cdPS": [
      0.006053362661495528,
      0.004410327398136434,
      0.0013236724156501288
     ],
     "cdTS": [
      10.0,
      117.51002228493402,
      104.10779693624198
     ],
     "eL3": [
      1.0,
      0.0,
      1.0
     ],
     "eS3": [
      0.0,
      0.0,
      0.0
     ],
     "lev": [
      1.0,
      1.0,
      1.0
     ],
     "sl": 0.10339538138960547
    }
   },
   {
    "run": "ScalpX_spot_trend3_unified",
    "file": "holdout_best_config.json",
    "strategy": "scalpx",
    "cand": {
     "strategy": "scalpx",
     "tpL": [
      0.019383009279383686,
      0.018561488928524224,
      0.02
     ],
     "tpS": [
      0.016275719619392785,
      0.012306841990361327,
      0.00944151119244712
     ],
     "rsiOB": [
      50.0,
      50.0,
      63.56503929108395
     ],
     "rsiOS": [
      32.6033275253038,
      25.491321288081423,
      47.09203251135807
     ],
     "useCvd": [
      1.0,
      1.0,
      1.0
     ],
     "useEma": [
      1.0,
      0.0,
      0.0
     ],
     "eL": [
      1.0,
      0.0,
      1.0
     ],
     "eS": [
      1.0,
      0.0,
      0.0
     ],
     "lev": [
      2.6691120849601653,
      1.2,
      5.121145151841593
     ],
     "sl": 0.09135956669864595,
     "slOn": 1.0
    }
   },
   {
    "run": "camp_c1_w1_39_v7_sp_vol3_cl_t",
    "file": "holdout_best_config.json",
    "strategy": "v7",
    "cand": {
     "strategy": "v7",
     "mode": "spot",
     "regs": [
      {
       "zXLmax": -0.9286165064965068,
       "xTpShort": 0.017743161855107856,
       "eXS": 0.0,
       "vBB": 3.0,
       "xTpLong": 0.01569162156514602,
       "rsiValShort": 81.06370789893548,
       "ptShort": 0.01631018730439251,
       "apt1Long": 0.006383580599715063,
       "xApt2Long": 0.003467686320641582,
       "apt2Long": 0.005635094348103341,
       "xApt1Long": 0.010157488355748052,
       "xApt2Short": 0.003063719054752153,
       "cdPeriodLong": 48.94557980521539,
       "dur1Short": 73.65627510336827,
       "vEmaDn": 0.0,
       "cdPctLong": 0.0043051285830173,
       "apt1Short": 0.0031982478486506927,
       "eS3": 0.0,
       "vEmaUp": 0.0,
       "apt2Short": 0.0015348972811899076,
       "zL": -2.3619493248422034,
       "dur2Short": 79.75254192854527,
       "rsiValLong": 61.37028272393543,
       "requireHistPos": 0.0,
       "slShort": 0.044446030914810794,
       "dur1Long": 90.0,
       "zXS": 1.29417505340372,
       "xDur2Long": 569.6789512518155,
       "eXL": 0.0,
       "vHistN": 0.0,
       "xDur2Short": 194.7857419368626,
       "leverage": 1.0,
       "xApt1Short": 0.012720515185766666,
       "cdPctShort": 0.003553228495775572,
       "xCdPctShort": 0.00572315712672434,
       "ptLong": 0.005611826089457149,
       "trendBlockZ": 3.0,
       "zS": 1.0947325361506435,
       "bbValShort": 0.9106665958726644,
       "slLong": 0.09104786278963282,
       "cdPeriodShort": 135.17840806126102,
       "xMinBetween": 13.549003906090359,
       "xDur1Short": 80.82656311245552,
       "vRsi": 0.0,
       "eL3": 0.0,
       "dur2Long": 175.1455203372851,
       "xCdPeriodShort": 93.16578856564342,
       "bbValLong": 0.35,
       "xDur1Long": 187.85416082630763,
       "vMacd": 4.0,
       "vX": 4.0
      },
      {
       "zXLmax": -2.188806741133559,
       "xTpShort": 0.018878989312598612,
       "eXS": 0.0,
       "vBB": 2.0,
       "xTpLong": 0.011526736204561641,
       "rsiValShort": 59.67692373837461,
       "ptShort": 0.005170369725912058,
       "apt1Long": 0.007730120933193401,
       "xApt2Long": 0.007997710346040708,
       "apt2Long": 0.0035572286716608137,