{
 "verdict": "PASS",
 "oos_pct_mo": 1.0498768182538365,
 "maxdd": 0.26385125409043775,
 "n": 89,
 "folds": 14,
 "step_days": 42,
 "at": "2026-07-21 16:06"
}