{
 "cand": {
  "strategy": "v7",
  "mode": "spot",
  "regs": [
   {
    "rsiValShort": 50.0,
    "xMinBetween": 1.0,
    "ptShort": 0.01954313105645876,
    "vHistN": 3.0,
    "xCdPctShort": 0.0076035826553933795,
    "bbValShort": 1.0699144628509727,
    "dur2Long": 344.74572498727946,
    "vRsi": 4.0,
    "bbValLong": -0.06578419863069038,
    "eXL": 1.0,
    "xCdPeriodShort": 42.14852043005747,
    "zS": 2.0061654150982666,
    "xTpShort": 0.009104420733722142,
    "slShort": 0.02499213902265742,
    "zL": -2.2399577439467193,
    "apt1Short": 0.013684612290635514,
    "cdPeriodShort": 115.88544736626406,
    "xApt1Short": 0.0005,
    "vEmaDn": 0.0,
    "cdPctLong": 0.0026540559093758357,
    "xDur2Long": 646.1378509250119,
    "vBB": 1.0,
    "xDur1Short": 75.19542107701875,
    "rsiValLong": 75.34685469274996,
    "dur2Short": 251.23945343474256,
    "slLong": 0.07829232606751216,
    "ptLong": 0.00751460044031648,
    "dur1Long": 49.80877840851882,
    "xDur1Long": 195.52098058057416,
    "requireHistPos": 0.0,
    "xApt1Long": 0.015,
    "cdPctShort": 0.010329772797338847,
    "eXS": 0.0,
    "xTpLong": 0.012799313223283234,
    "apt2Short": 0.0,
    "xApt2Long": 0.0007455098421671543,
    "eL3": 0.0,
    "xApt2Short": 0.007544563628975173,
    "eS3": 0.0,
    "vEmaUp": 1.0,
    "apt2Long": 0.0016501830805274963,
    "dur1Short": 14.289035234519593,
    "cdPeriodLong": 13.130671322301923,
    "zXS": 1.487192045090469,
    "vX": 0.0,
    "xDur2Short": 425.17440761095736,
    "trendBlockZ": 2.0,
    "apt1Long": 0.02,
    "leverage": 1.0,
    "zXLmax": -0.9841902504533288,
    "vMacd": 0.0
   },
   {
    "rsiValShort": 84.8121997877495,
    "xMinBetween": 13.804203124673446,
    "ptShort": 0.027159133413261632,
    "vHistN": 1.0,
    "xCdPctShort": 0.005996005478324607,
    "bbValShort": 1.0033934454703781,
    "dur2Long": 357.4532720242401,
    "vRsi": 3.0,
    "bbValLong": 0.34463070944059027,
    "eXL": 0.0,
    "xCdPeriodShort": 3.0,
    "zS": 2.091226170193346,
    "xTpShort": 0.0013613332632786237,
    "slShort": 0.020086070506075304,
    "zL": -2.366258023460224,
    "apt1Short": 0.018860548815222616,
    "cdPeriodShort": 182.27454484993842,
    "xApt1Short": 0.008797770755410063,
    "vEmaDn": 2.0,
    "cdPctLong": 0.010393299034745394,
    "xDur2Long": 76.22172025216426,
    "vBB": 1.0,
    "xDur1Short": 177.32002884392278,
    "rsiValLong": 47.970282670827416,
    "dur2Short": 79.42535128724288,
    "slLong": 0.11476274390069544,
    "ptLong": 0.0045241880728373604,
    "dur1Long": 7.426702143429935,
    "xDur1Long": 10.0,
    "requireHistPos": 1.0,
    "xApt1Long": 0.013924074143443172,
    "cdPctShort": 0.0028974313021517,
    "eXS": 0.0,
    "xTpLong": 0.0070654508788595485,
    "apt2Short": 0.005045959137341204,
    "xApt2Long": 0.0002936515322528228,
    "eL3": 1.0,
    "xApt2Short": 0.002638032662635627,
    "eS3": 0.0,
    "vEmaUp": 2.0,
    "apt2Long": 0.012257407059149461,
    "dur1Short": 28.482047138691165,
    "cdPeriodLong": 115.7840271756649,
    "zXS": 1.9725165244204288,
    "vX": 3.0,
    "xDur2Short": 568.2931830190447,
    "trendBlockZ": 99.0,
    "apt1Long": 0.019987299223340436,
    "leverage": 1.0,
    "zXLmax": -2.5,
    "vMacd": 1.0
   },
   {
    "rsiValShort": 50.0,
    "xMinBetween": 12.616982833416193,
    "ptShort": 0.026410139979533124,
    "vHistN": 0.0,
    "xCdPctShort": 0.007337345708699415,
    "bbValShort": 0.6,
    "dur2Long": 58.553523866168405,
    "vRsi": 5.0,
    "bbValLong": 0.05083248004444827,
    "eXL": 0.0,
    "xCdPeriodShort": 120.0,
    "zS": 2.1938701734837562,
    "xTpShort": 0.011346536462207691,
    "slShort": 0.0572780806378918,
    "zL": -2.785855940577336,
    "apt1Short": 0.011332369891055044,
    "cdPeriodShort": 137.3409547486211,
    "xApt1Short": 0.0013501722387589243,
    "vEmaDn": 4.0,
    "cdPctLong": 0.012,
    "xDur2Long": 103.63491913671797,
    "vBB": 2.0,
    "xDur1Short": 45.063502998489966,
    "rsiValLong": 65.37162183706991,
    "dur2Short": 43.72475133130267,
    "slLong": 0.09786790809867513,
    "ptLong": 0.012350530729718128,
    "dur1Long": 14.385079519034159,
    "xDur1Long": 90.13261404439847,
    "requireHistPos": 1.0,
    "xApt1Long": 0.01431827195332039,
    "cdPctShort": 0.0030926534945107153,
    "eXS": 0.0,
    "xTpLong": 0.02,
    "apt2Short": 0.009011026513125719,
    "xApt2Long": 0.004191301952690921,
    "eL3": 1.0,
    "xApt2Short": 0.004064589334225534,
    "eS3": 0.0,
    "vEmaUp": 4.0,
    "apt2Long": 0.0139955554533929,
    "dur1Short": 40.0526628492088,
    "cdPeriodLong": 198.91391731699366,
    "zXS": 1.0908440303656979,
    "vX": 1.0,
    "xDur2Short": 501.7571865355944,
    "trendBlockZ": 1.5,
    "apt1Long": 0.009018463227082179,
    "leverage": 1.0,
    "zXLmax": -2.1278330443904867,
    "vMacd": 0.0
   }
  ]
 },
 "metrics": {
  "n": 45,
  "months": 14.81640625,
  "eq": 1872.6500792661998,
  "growth": 0.04234188586306442,
  "liq": false,
  "maxdd": 0.045052922610211925,
  "tpm": 3.03717374110203,
  "sl_hits": 0,
  "worst_mae": -0.06641466309173216,
  "win": 1.0,
  "max_hold_days": 0.4270833333333333,
  "in_market": 0.011211789029652962,
  "score": 0.06942268857918117
 },
 "strategy": "v7",
 "mode": "spot",
 "method": "vol3",
 "algo": "genetic",
 "per_regime": true,
 "train_end": "2025-09-01",
 "holdout_days": null,
 "max_dd": 0.05,
 "max_hold_days": 2.0,
 "gap_mode": "skip_contaminated",
 "scoring": "underwater",
 "anchor": null,
 "anchor_strength": 0.0,
 "evaluated": 100800,
 "generated": "2026-07-11 18:58",
 "holdout": {
  "n": 27,
  "months": 9.656661184210527,
  "eq": 964.959781787286,
  "growth": -0.0036937047635414496,
  "liq": false,
  "maxdd": 0.20788046941876498,
  "tpm": 2.7959974451777727,
  "sl_hits": 3,
  "worst_mae": -0.10563220990726085,
  "win": 0.8888888888888888,
  "max_hold_days": 21.004166666666666,
  "in_market": 0.2538925555318998,
  "score": -0.1577835815391024
 },
 "holdout_scan": {
  "scanned": 10,
  "pool": 595,
  "reservoir": 295,
  "survivors": 0
 },
 "holdout_survivors": [],
 "holdout_top10": [
  {
   "rank": 1,
   "train_score": 0.06942268857918117,
   "holdout": {
    "n": 27,
    "months": 9.656661184210527,
    "eq": 964.959781787286,
    "growth": -0.0036937047635414496,
    "liq": false,
    "maxdd": 0.20788046941876498,
    "tpm": 2.7959974451777727,
    "sl_hits": 3,
    "worst_mae": -0.10563220990726085,
    "win": 0.8888888888888888,
    "max_hold_days": 21.004166666666666,
    "in_market": 0.2538925555318998,
    "score": -0.1577835815391024
   }
  },
  {
   "rank": 4,
   "train_score": 0.06939984614220958,
   "holdout": {
    "n": 27,
    "months": 9.656661184210527,
    "eq": 911.9735338905217,
    "growth": -0.009542046410040545,
    "liq": false,
    "maxdd": 0.2665490090799434,
    "tpm": 2.7959974451777727,
    "sl_hits": 3,
    "worst_mae": -0.12010810810810812,
    "win": 0.8518518518518519,
    "max_hold_days": 21.002083333333335,
    "in_market": 0.2427790788446526,
    "score": -0.15547623942829228
   }
  },
  {
   "rank": 5,
   "train_score": 0.06939984614220958,
   "holdout": {
    "n": 28,
    "months": 9.656661184210527,
    "eq": 896.811953152506,
    "growth": -0.011278129838467842,
    "liq": false,
    "maxdd": 0.27886104218968544,
    "tpm": 2.8995529061102827,
    "sl_hits": 3,
    "worst_mae": -0.12736982643524708,
    "win": 0.8928571428571429,
    "max_hold_days": 21.002083333333335,
    "in_market": 0.2540628770136967,
    "score": -0.17189299126764945
   }
  },
  {
   "rank": 10,
   "train_score": 0.06939984614220958,
   "holdout": {
    "n": 27,
    "months": 9.656661184210527,
    "eq": 894.9597706649952,
    "growth": -0.011492223717720611,
    "liq": false,
    "maxdd": 0.28651544317955047,
    "tpm": 2.7959974451777727,
    "sl_hits": 3,
    "worst_mae": -0.12736982643524708,
    "win": 0.8888888888888888,
    "max_hold_days": 21.002083333333335,
    "in_market": 0.24500745156482862,
    "score": -0.1608872041803674
   }
  },
  {
   "rank": 2,