{"job": {"strategy": "scalpx", "mode": "lev", "method": "none", "window": "all", "fold_idx": 13, "n_samples": 350, "seed": 230519}, "status": "ok", "n_feasible": 17, "cand": {"strategy": "scalpx", "tpL": [0.0145], "tpS": [0.0115], "rsiOB": [66.8734], "rsiOS": [45.3538], "useCvd": [1.0], "useEma": [1.0], "eL": [1.0], "eS": [1.0], "lev": [1.5271], "sl": 0.05, "slOn": 0.0}, "train": {"n": 68, "months": 17.73266173245614, "eq": 3995.8822703844007, "growth": 0.07811937200330614, "liq": false, "maxdd": 0.0, "tpm": 3.8347316960058744, "sl_hits": 0, "worst_mae": -0.59704243642914, "win": 1.0, "score": 0.10014980137305282}, "oos": {"n": 5, "months": 0.920984100877193, "eq": 1108.1865646350884, "growth": 0.11153824880098169, "liq": false, "maxdd": 0.0, "tpm": 5.428975370191234, "sl_hits": 0, "worst_mae": -0.15038119885290624, "win": 1.0, "score": 0.11153824880098169}, "elapsed": 0.9465899467468262}