{"job": {"strategy": "scalpx", "mode": "lev", "method": "none", "window": "all", "fold_idx": 6, "n_samples": 350, "seed": 230519}, "status": "ok", "n_feasible": 24, "cand": {"strategy": "scalpx", "tpL": [0.002386572391888341], "tpS": [0.008468786020227584], "rsiOB": [60.26094859599968], "rsiOS": [28.698226154613106], "useCvd": [1.0], "useEma": [1.0], "eL": [1.0], "eS": [1.0], "lev": [5.256595396655019], "sl": 0.05, "slOn": 0.0}, "train": {"n": 89, "months": 11.518571820175438, "eq": 32696.88685608547, "growth": 0.30275279996823157, "liq": false, "maxdd": 0.0, "tpm": 7.7266523480030225, "sl_hits": 0, "worst_mae": -0.16619776064150882, "win": 1.0, "score": 0.25229137412160557}, "oos": {"n": 3, "months": 0.9139939692982456, "eq": 0.0, "growth": -30.23107596338227, "liq": true, "maxdd": 1.0, "tpm": 3.2822973682237384, "sl_hits": 0, "worst_mae": -0.18867795684239286, "win": 0.6666666666666666, "score": -30.23107596338227}, "elapsed": 0.7359070777893066}