{"job": {"strategy": "scalpx", "mode": "lev", "method": "none", "window": "all", "fold_idx": 1, "n_samples": 350, "seed": 230519}, "status": "ok", "n_feasible": 37, "cand": {"strategy": "scalpx", "tpL": [0.0128], "tpS": [0.0092], "rsiOB": [62.6152], "rsiOS": [45.2624], "useCvd": [1.0], "useEma": [1.0], "eL": [1.0], "eS": [1.0], "lev": [2.4482], "sl": 0.05, "slOn": 0.0}, "train": {"n": 58, "months": 6.951206140350878, "eq": 5219.588038061644, "growth": 0.23771679986248187, "liq": false, "maxdd": 0.0, "tpm": 8.343875699976339, "sl_hits": 0, "worst_mae": -0.3223933032368069, "win": 1.0, "score": 0.16973717902542632}, "oos": {"n": 1, "months": 0.9159813596491229, "eq": 1029.256161097679, "growth": 0.03148139135493125, "liq": false, "maxdd": 0.0, "tpm": 1.0917252730809517, "sl_hits": 0, "worst_mae": -0.0650644004780242, "win": 1.0, "score": 0.03148139135493125}, "elapsed": 0.8199877738952637}