{"job": {"strategy": "scalpx", "mode": "lev", "method": "none", "window": "all", "fold_idx": 10, "n_samples": 350, "seed": 230519}, "status": "ok", "n_feasible": 15, "cand": {"strategy": "scalpx", "tpL": [0.02], "tpS": [0.010243282991768507], "rsiOB": [80.2968080697789], "rsiOS": [50.0], "useCvd": [1.0], "useEma": [0.0], "eL": [1.0], "eS": [0.0], "lev": [1.562638239154282], "sl": 0.05, "slOn": 0.0}, "train": {"n": 59, "months": 15.185238486842106, "eq": 5711.8681647232315, "growth": 0.11475263598100437, "liq": false, "maxdd": 0.0, "tpm": 3.8853522156483122, "sl_hits": 0, "worst_mae": -0.35210346022093064, "win": 1.0, "score": 0.21250990379720175}, "oos": {"n": 10, "months": 0.8395696271929824, "eq": 1343.9732153994853, "growth": 0.3521212574977762, "liq": false, "maxdd": 0.0, "tpm": 11.910864419231084, "sl_hits": 0, "worst_mae": -0.09274928708335284, "win": 1.0, "score": 0.3521212574977762}, "elapsed": 0.7995858192443848}