{"job": {"strategy": "scalpx", "mode": "lev", "method": "none", "window": "all", "fold_idx": 0, "n_samples": 350, "seed": 230519}, "status": "ok", "n_feasible": 32, "cand": {"strategy": "scalpx", "tpL": [0.011565561288983185], "tpS": [0.010105764833208151], "rsiOB": [57.107121220064016], "rsiOS": [50.0], "useCvd": [1.0], "useEma": [1.0], "eL": [1.0], "eS": [1.0], "lev": [2.0908037800781734], "sl": 0.05, "slOn": 0.0}, "train": {"n": 136, "months": 6.024328399122807, "eq": 18285.99153732791, "growth": 0.4823998767016314, "liq": false, "maxdd": 0.0, "tpm": 22.57513053567975, "sl_hits": 0, "worst_mae": -0.24047849415076095, "win": 1.0, "score": 0.46077656890019897}, "oos": {"n": 12, "months": 0.9209155701754386, "eq": 1286.7309743649164, "growth": 0.2737546000965107, "liq": false, "maxdd": 0.0, "tpm": 13.030510492632832, "sl_hits": 0, "worst_mae": -0.04162237304767358, "win": 1.0, "score": 0.2737546000965107}, "elapsed": 0.7131030559539795}