{"job": {"strategy": "scalpx", "mode": "lev", "method": "none", "window": "all", "fold_idx": 8, "n_samples": 350, "seed": 230519}, "status": "ok", "n_feasible": 23, "cand": {"strategy": "scalpx", "tpL": [0.0135], "tpS": [0.0097], "rsiOB": [66.2602], "rsiOS": [43.1487], "useCvd": [1.0], "useEma": [1.0], "eL": [1.0], "eS": [1.0], "lev": [1.6543], "sl": 0.05, "slOn": 0.0}, "train": {"n": 61, "months": 13.347861842105264, "eq": 3454.6388542234827, "growth": 0.09287764122646176, "liq": false, "maxdd": 0.0, "tpm": 4.570020331464481, "sl_hits": 0, "worst_mae": -0.35299996156359303, "win": 1.0, "score": 0.11503129985846888}, "oos": {"n": 10, "months": 0.9194078947368421, "eq": 1208.6891720598094, "growth": 0.20615055036245789, "liq": false, "maxdd": 0.0, "tpm": 10.876565295169947, "sl_hits": 0, "worst_mae": -0.0452661359299954, "win": 1.0, "score": 0.20615055036245789}, "elapsed": 0.738670825958252}