{"job": {"strategy": "scalpx", "mode": "lev", "method": "none", "window": "all", "fold_idx": 5, "n_samples": 350, "seed": 230519}, "status": "ok", "n_feasible": 33, "cand": {"strategy": "scalpx", "tpL": [0.016420255824604872], "tpS": [0.0030322722455797227], "rsiOB": [50.0], "rsiOS": [50.0], "useCvd": [1.0], "useEma": [1.0], "eL": [1.0], "eS": [1.0], "lev": [1.7264649233677025], "sl": 0.05, "slOn": 0.0}, "train": {"n": 141, "months": 10.610128837719298, "eq": 8122.329388218415, "growth": 0.19741673409826543, "liq": false, "maxdd": 0.0, "tpm": 13.289188298896159, "sl_hits": 0, "worst_mae": -0.3406580493537015, "win": 1.0, "score": 0.24294434065489567}, "oos": {"n": 17, "months": 0.9084429824561403, "eq": 1339.922896249048, "growth": 0.3221028483301657, "liq": false, "maxdd": 0.0, "tpm": 18.713337356668678, "sl_hits": 0, "worst_mae": -0.21675759302988362, "win": 1.0, "score": 0.3221028483301657}, "elapsed": 0.7211170196533203}