{"job": {"strategy": "scalpx", "mode": "lev", "method": "none", "window": "all", "fold_idx": 15, "n_samples": 350, "seed": 230519}, "status": "ok", "n_feasible": 17, "cand": {"strategy": "scalpx", "tpL": [0.0112], "tpS": [0.0103], "rsiOB": [65.5749], "rsiOS": [42.5317], "useCvd": [1.0], "useEma": [1.0], "eL": [1.0], "eS": [1.0], "lev": [1.6872], "sl": 0.05, "slOn": 0.0}, "train": {"n": 62, "months": 19.574629934210527, "eq": 2943.999269779096, "growth": 0.05516165344932002, "liq": false, "maxdd": 0.0, "tpm": 3.167365115375324, "sl_hits": 0, "worst_mae": -0.5733232789212207, "win": 1.0, "score": 0.07754949597738492}, "oos": {"n": 1, "months": 0.9210526315789473, "eq": 1017.4791061684705, "growth": 0.018813369672383118, "liq": false, "maxdd": 0.0, "tpm": 1.0857142857142856, "sl_hits": 0, "worst_mae": -0.028317209236635943, "win": 1.0, "score": 0.018813369672383118}, "elapsed": 0.9519121646881104}