{"job": {"strategy": "scalpx", "mode": "lev", "method": "none", "window": "all", "fold_idx": 16, "n_samples": 350, "seed": 230519}, "status": "ok", "n_feasible": 13, "cand": {"strategy": "scalpx", "tpL": [0.008], "tpS": [0.0135], "rsiOB": [67.0858], "rsiOS": [47.7153], "useCvd": [1.0], "useEma": [1.0], "eL": [1.0], "eS": [1.0], "lev": [1.3343], "sl": 0.05, "slOn": 0.0}, "train": {"n": 96, "months": 20.495682565789473, "eq": 2570.188911752769, "growth": 0.0460574757485703, "liq": false, "maxdd": 0.0, "tpm": 4.683913292072504, "sl_hits": 0, "worst_mae": -0.35299996156359303, "win": 1.0, "score": 0.08174800073073578}, "oos": {"n": 19, "months": 0.9210526315789473, "eq": 1208.1488131074675, "growth": 0.20529693429109142, "liq": false, "maxdd": 0.0, "tpm": 20.62857142857143, "sl_hits": 0, "worst_mae": -0.15229337221038464, "win": 1.0, "score": 0.20529693429109142}, "elapsed": 0.9138979911804199}