{"job": {"strategy": "scalpx", "mode": "lev", "method": "none", "window": "all", "fold_idx": 9, "n_samples": 350, "seed": 230519}, "status": "ok", "n_feasible": 23, "cand": {"strategy": "scalpx", "tpL": [0.0137], "tpS": [0.0118], "rsiOB": [54.1188], "rsiOS": [43.6231], "useCvd": [1.0], "useEma": [1.0], "eL": [1.0], "eS": [1.0], "lev": [1.5451], "sl": 0.05, "slOn": 0.0}, "train": {"n": 136, "months": 14.267269736842106, "eq": 11679.391120786282, "growth": 0.172270230485991, "liq": false, "maxdd": 0.0, "tpm": 9.532307337598708, "sl_hits": 0, "worst_mae": -0.5650766242175695, "win": 1.0, "score": 0.2646640813587733}, "oos": {"n": 19, "months": 0.91796875, "eq": 1421.2831617262068, "growth": 0.3829761074102917, "liq": false, "maxdd": 0.0, "tpm": 20.697872340425533, "sl_hits": 0, "worst_mae": -0.0586803677663601, "win": 1.0, "score": 0.3829761074102917}, "elapsed": 0.7876870632171631}