{"job": {"strategy": "scalpx", "mode": "lev", "method": "none", "window": "all", "fold_idx": 14, "n_samples": 350, "seed": 230519}, "status": "ok", "n_feasible": 6, "cand": {"strategy": "scalpx", "tpL": [0.012709458912765365], "tpS": [0.012778682042599675], "rsiOB": [54.79099826557043], "rsiOS": [50.0], "useCvd": [1.0], "useEma": [1.0], "eL": [1.0], "eS": [1.0], "lev": [1.2119050557910156], "sl": 0.05, "slOn": 0.0}, "train": {"n": 156, "months": 18.653645833333336, "eq": 9443.938038941764, "growth": 0.12037180711869018, "liq": false, "maxdd": 0.0, "tpm": 8.362976406533575, "sl_hits": 0, "worst_mae": -0.6003905114037639, "win": 1.0, "score": 0.15638955883180564}, "oos": {"n": 7, "months": 0.920984100877193, "eq": 1106.0199834950222, "growth": 0.1094133667459092, "liq": false, "maxdd": 0.0, "tpm": 7.600565518267729, "sl_hits": 0, "worst_mae": -0.1545257060101375, "win": 1.0, "score": 0.1094133667459092}, "elapsed": 0.8832933902740479}