{"job": {"strategy": "scalpx", "mode": "lev", "method": "none", "window": "all", "fold_idx": 3, "n_samples": 350, "seed": 230519}, "status": "ok", "n_feasible": 35, "cand": {"strategy": "scalpx", "tpL": [0.009874854629716944], "tpS": [0.019603017471746562], "rsiOB": [58.760150786124235], "rsiOS": [47.4499941112242], "useCvd": [1.0], "useEma": [1.0], "eL": [1.0], "eS": [1.0], "lev": [2.384958097220247], "sl": 0.05, "slOn": 0.0}, "train": {"n": 125, "months": 8.777275219298247, "eq": 30425.44919806647, "growth": 0.38910474122609384, "liq": false, "maxdd": 0.0, "tpm": 14.241321694592356, "sl_hits": 0, "worst_mae": -0.40731098454681125, "win": 1.0, "score": 0.3510920188809475}, "oos": {"n": 7, "months": 0.9172149122807017, "eq": 1215.372546248617, "growth": 0.21265534348466325, "liq": false, "maxdd": 0.0, "tpm": 7.631799163179917, "sl_hits": 0, "worst_mae": -0.06356164383561635, "win": 1.0, "score": 0.21265534348466325}, "elapsed": 0.8592486381530762}