{"job": {"strategy": "scalpx", "mode": "lev", "method": "none", "window": "all", "fold_idx": 11, "n_samples": 350, "seed": 230519}, "status": "ok", "n_feasible": 10, "cand": {"strategy": "scalpx", "tpL": [0.0123], "tpS": [0.0141], "rsiOB": [69.145], "rsiOS": [36.6808], "useCvd": [1.0], "useEma": [1.0], "eL": [1.0], "eS": [1.0], "lev": [2.0947], "sl": 0.05, "slOn": 0.0}, "train": {"n": 62, "months": 16.02480811403509, "eq": 4529.480882500948, "growth": 0.09426679724987984, "liq": false, "maxdd": 0.0, "tpm": 3.869001086240666, "sl_hits": 0, "worst_mae": -0.34008938372275366, "win": 1.0, "score": 0.08810274130401681}, "oos": {"n": 1, "months": 0.9208470394736842, "eq": 1023.8864798804286, "growth": 0.025634725386825805, "liq": false, "maxdd": 0.0, "tpm": 1.0859566867604376, "sl_hits": 0, "worst_mae": -0.13488140051703024, "win": 1.0, "score": 0.025634725386825805}, "elapsed": 0.7744483947753906}