{"job": {"strategy": "scalpx", "mode": "lev", "method": "none", "window": "all", "fold_idx": 12, "n_samples": 350, "seed": 230519}, "status": "ok", "n_feasible": 14, "cand": {"strategy": "scalpx", "tpL": [0.0129], "tpS": [0.0086], "rsiOB": [67.1289], "rsiOS": [38.7132], "useCvd": [1.0], "useEma": [1.0], "eL": [1.0], "eS": [1.0], "lev": [2.0643], "sl": 0.05, "slOn": 0.0}, "train": {"n": 82, "months": 16.945655153508774, "eq": 7042.064654461147, "growth": 0.11518595086897895, "liq": false, "maxdd": 0.0, "tpm": 4.838998507710164, "sl_hits": 0, "worst_mae": -0.38973480522776305, "win": 1.0, "score": 0.09775405672237289}, "oos": {"n": 3, "months": 0.7870065789473684, "eq": 1067.5351097405055, "growth": 0.08303914733959976, "liq": false, "maxdd": 0.0, "tpm": 3.8119122257053295, "sl_hits": 0, "worst_mae": -0.06246925725528785, "win": 1.0, "score": 0.08303914733959976}, "elapsed": 0.77919602394104}