{"job": {"strategy": "scalpx", "mode": "lev", "method": "none", "window": "all", "fold_idx": 2, "n_samples": 350, "seed": 230519}, "status": "ok", "n_feasible": 38, "cand": {"strategy": "scalpx", "tpL": [0.012968542913942152], "tpS": [0.011856858681389882], "rsiOB": [50.0], "rsiOS": [50.0], "useCvd": [1.0], "useEma": [0.0], "eL": [1.0], "eS": [1.0], "lev": [1.74255160516897], "sl": 0.05, "slOn": 0.0}, "train": {"n": 125, "months": 7.8671875, "eq": 12408.422140211522, "growth": 0.32011127825687785, "liq": false, "maxdd": 0.0, "tpm": 15.888778550148958, "sl_hits": 0, "worst_mae": -0.5650766242175695, "win": 1.0, "score": 0.25141238846683234}, "oos": {"n": 5, "months": 0.9100877192982456, "eq": 0.0, "growth": -30.360832840634743, "liq": true, "maxdd": 1.0, "tpm": 5.493975903614458, "sl_hits": 0, "worst_mae": -0.5744885937667343, "win": 0.8, "score": -30.360832840634743}, "elapsed": 0.8317971229553223}