{"job": {"strategy": "scalpx", "mode": "lev", "method": "none", "window": "all", "fold_idx": 19, "n_samples": 350, "seed": 230519}, "status": "ok", "n_feasible": 8, "cand": {"strategy": "scalpx", "tpL": [0.015242220557235224], "tpS": [0.00461317305659166], "rsiOB": [71.40904940720472], "rsiOS": [50.0], "useCvd": [1.0], "useEma": [1.0], "eL": [1.0], "eS": [1.0], "lev": [1.3622451526632797], "sl": 0.05, "slOn": 0.0}, "train": {"n": 73, "months": 23.25870339912281, "eq": 4071.608479905438, "growth": 0.0603661391263509, "liq": false, "maxdd": 0.0, "tpm": 3.1386100397476655, "sl_hits": 0, "worst_mae": -0.35299996156359303, "win": 1.0, "score": 0.1675221985209681}, "oos": {"n": 8, "months": 0.9207785087719298, "eq": 1169.5877210569902, "growth": 0.17012920051198074, "liq": false, "maxdd": 0.0, "tpm": 8.688300089312296, "sl_hits": 0, "worst_mae": -0.01863647086577025, "win": 1.0, "score": 0.17012920051198074}, "elapsed": 0.9451606273651123}