{"job": {"strategy": "scalpx", "mode": "lev", "method": "none", "window": "all", "fold_idx": 18, "n_samples": 350, "seed": 230519}, "status": "ok", "n_feasible": 4, "cand": {"strategy": "scalpx", "tpL": [0.014859975783889827], "tpS": [0.007808840634993263], "rsiOB": [57.189490329028956], "rsiOS": [50.0], "useCvd": [1.0], "useEma": [1.0], "eL": [1.0], "eS": [1.0], "lev": [1.628637195288227], "sl": 0.05, "slOn": 0.0}, "train": {"n": 133, "months": 22.337719298245617, "eq": 12347.284982545747, "growth": 0.11251982200497841, "liq": false, "maxdd": 0.0, "tpm": 5.954054584724131, "sl_hits": 0, "worst_mae": -0.6003905114037639, "win": 1.0, "score": 0.17534352473152623}, "oos": {"n": 15, "months": 0.920984100877193, "eq": 1312.0784201985612, "growth": 0.2949154713634695, "liq": false, "maxdd": 0.0, "tpm": 16.286926110573702, "sl_hits": 0, "worst_mae": -0.05044258518249056, "win": 1.0, "score": 0.2949154713634695}, "elapsed": 0.8875820636749268}