{"job": {"strategy": "scalpx", "mode": "lev", "method": "none", "window": "all", "fold_idx": 17, "n_samples": 350, "seed": 230519}, "status": "ok", "n_feasible": 8, "cand": {"strategy": "scalpx", "tpL": [0.0111], "tpS": [0.008], "rsiOB": [66.6215], "rsiOS": [38.7987], "useCvd": [1.0], "useEma": [1.0], "eL": [1.0], "eS": [1.0], "lev": [1.5541], "sl": 0.05, "slOn": 0.0}, "train": {"n": 115, "months": 21.41673519736842, "eq": 5791.448054637184, "growth": 0.08200980868102808, "liq": false, "maxdd": 0.0, "tpm": 5.369632623282872, "sl_hits": 0, "worst_mae": -0.3406580493537015, "win": 1.0, "score": 0.0734575823673653}, "oos": {"n": 4, "months": 0.920984100877193, "eq": 1065.7177015921861, "growth": 0.06910919563318947, "liq": false, "maxdd": 0.0, "tpm": 4.343180296152988, "sl_hits": 0, "worst_mae": -0.032591232499426304, "win": 1.0, "score": 0.06910919563318947}, "elapsed": 0.8951427936553955}