{"job": {"strategy": "scalpx", "mode": "lev", "method": "none", "window": "all", "fold_idx": 20, "n_samples": 350, "seed": 230519}, "status": "ok", "n_feasible": 10, "cand": {"strategy": "scalpx", "tpL": [0.0135], "tpS": [0.0092], "rsiOB": [65.0306], "rsiOS": [42.9948], "useCvd": [1.0], "useEma": [1.0], "eL": [1.0], "eS": [1.0], "lev": [1.694], "sl": 0.05, "slOn": 0.0}, "train": {"n": 66, "months": 24.179481907894736, "eq": 3905.8793969703297, "growth": 0.05634872412966228, "liq": false, "maxdd": 0.0, "tpm": 2.7295870214014233, "sl_hits": 0, "worst_mae": -0.5733232789212207, "win": 1.0, "score": 0.08925781734962071}, "oos": null, "elapsed": 0.9085323810577393}