{
 "cand": {
  "strategy": "prime",
  "tv": 1,
  "zL": [
   -1.0137251244486154,
   -0.8693105819943346,
   -1.1753044667311103
  ],
  "zS": [
   1.107210811668037,
   0.8,
   1.0372965787623314
  ],
  "rsiL": [
   54.12477146838846,
   36.277979267328725,
   58.80217936180315
  ],
  "rsiS": [
   77.94154299717596,
   78.42234459806673,
   68.3761701998515
  ],
  "bbL": [
   -0.21348477032666754,
   -0.2512182669734777,
   -0.2522309790135256
  ],
  "bbS": [
   1.7,
   1.7,
   1.1060877769380186
  ],
  "ptL": [
   0.027475922437624804,
   0.015311217931334341,
   0.027750561528949284
  ],
  "a1L": [
   0.017748491551457014,
   0.010717852551934038,
   0.011102910021464173
  ],
  "a2L": [
   0.001466347630208143,
   0.002222449185688943,
   0.001692094968487869
  ],
  "d1L": [
   48.60423334636685,
   46.3279681315977,
   50.62526833987603
  ],
  "d2L": [
   123.65974182054714,
   90.1198952708025,
   130.128700243433
  ],
  "ptS": [
   0.01924569762079999,
   0.015516334050115226,
   0.020226826453982043
  ],
  "a1S": [
   0.006260161515801026,
   0.00357847947978674,
   0.004065529014913956
  ],
  "a2S": [
   0.004985383973727607,
   0.002147087687872044,
   0.0033193806857562107
  ],
  "d1S": [
   9.381122959737027,
   13.406390942185306,
   12.948150418135787
  ],
  "d2S": [
   137.14236883006416,
   84.6857719000411,
   117.52917970918776
  ],
  "cdPL": [
   0.0011996673189782633,
   0.0014009089232254043,
   0.0013814326996638663
  ],
  "cdTL": [
   23.60191450782415,
   21.23600401756376,
   13.477701155091884
  ],
  "cdPS": [
   0.0078037234119445326,
   0.00793695206480739,
   0.006100278422656562
  ],
  "cdTS": [
   132.99053357391477,
   219.25360201282535,
   134.27608657003822
  ],
  "eL3": [
   1.0,
   1.0,
   1.0
  ],
  "eS3": [
   1.0,
   1.0,
   1.0
  ],
  "lev": [
   9.132888989874774,
   6.0263604147879155,
   5.094925509737828
  ],
  "sl": 0.0
 },
 "metrics": {
  "n": 162,
  "months": 24.473067434210524,
  "eq": 93796.28812202375,
  "growth": 0.18555603195949733,
  "liq": false,
  "maxdd": 0.7660746335450137,
  "tpm": 6.619521661332191,
  "sl_hits": 0,
  "worst_mae": -0.1533822219176204,
  "win": 1.0,
  "score": 0.17384187706525142
 },
 "strategy": "prime",
 "mode": "lev",
 "method": "vol3",
 "evaluated": 28800,
 "generated": "2026-07-06 12:38"
}