{
 "cand": {
  "strategy": "v7",
  "mode": "lev",
  "regs": [
   {
    "xDur1Long": 33.332086082432255,
    "dur2Short": 26.32969284909628,
    "eXL": 1.0,
    "bbValShort": 0.7029049820837777,
    "vRsi": 3.0,
    "vX": 0.0,
    "dur2Long": 72.46746328318947,
    "zS": 1.5938294495445975,
    "xDur2Short": 38.03276809550792,
    "eL3": 1.0,
    "xApt2Long": 0.008441567776352332,
    "rsiValLong": 79.51688979804875,
    "bbValLong": -0.23915028937502553,
    "xCdPctShort": 0.0002,
    "eS3": 1.0,
    "xApt2Short": 0.006038521138147843,
    "xApt1Long": 0.008996502680408263,
    "trendBlockZ": 1.5,
    "cdPctShort": 0.003505263022560341,
    "apt1Short": 0.008992564410689194,
    "xDur1Short": 25.84687332026273,
    "dur1Long": 6.145244812403535,
    "xTpShort": 0.0019475183674678887,
    "xCdPeriodShort": 35.79066788845499,
    "zL": -0.8403933723412981,
    "apt1Long": 0.008260335443406463,
    "vBB": 1.0,
    "vEmaUp": 3.0,
    "xDur2Long": 347.85528416556946,
    "apt2Long": 0.012444100976289525,
    "dur1Short": 8.936554952094285,
    "cdPeriodLong": 37.41496651546753,
    "xApt1Short": 0.006804441345666062,
    "vEmaDn": 4.0,
    "xTpLong": 0.013834214598100606,
    "vMacd": 0.0,
    "slShort": 0.029820641047293876,
    "vHistN": 3.0,
    "xMinBetween": 7.932209111028269,
    "rsiValShort": 79.48626794327062,
    "apt2Short": 0.00491498545961955,
    "zXLmax": -0.38829674259830127,
    "slLong": 0.09563413468271707,
    "ptShort": 0.00899480817812142,
    "leverage": 10.0,
    "requireHistPos": 1.0,
    "cdPctLong": 0.005165461594431412,
    "ptLong": 0.0045485854781271064,
    "eXS": 1.0,
    "zXS": 2.7017244670093987,
    "cdPeriodShort": 24.61220668960512
   },
   {
    "xDur1Long": 11.823454981468464,
    "dur2Short": 38.28366889227541,
    "eXL": 1.0,
    "bbValShort": 0.745166130431918,
    "vRsi": 3.0,
    "vX": 0.0,
    "dur2Long": 173.07501094340938,
    "zS": 1.591222678975991,
    "xDur2Short": 164.3488900894787,
    "eL3": 1.0,
    "xApt2Long": 0.009008083285559729,
    "rsiValLong": 60.09754969418235,
    "bbValLong": 0.33686846463747794,
    "xCdPctShort": 0.005073649244243316,
    "eS3": 1.0,
    "xApt2Short": 0.0020454426770001952,
    "xApt1Long": 0.010283241739199294,
    "trendBlockZ": 99.0,
    "cdPctShort": 0.006643308909422092,
    "apt1Short": 0.01714508741781003,
    "xDur1Short": 66.6930242228808,
    "dur1Long": 82.30330407724531,
    "xTpShort": 0.008140071243857369,
    "xCdPeriodShort": 74.63431436316003,
    "zL": -2.3888601208189995,
    "apt1Long": 0.02,
    "vBB": 2.0,
    "vEmaUp": 3.0,
    "xDur2Long": 327.64019924611534,
    "apt2Long": 0.0003071807586697958,
    "dur1Short": 1.9070367184894592,
    "cdPeriodLong": 85.169851578514,
    "xApt1Short": 0.010063490472031984,
    "vEmaDn": 4.0,
    "xTpLong": 0.01221312790244558,
    "vMacd": 1.0,
    "slShort": 0.11001934914189025,
    "vHistN": 3.0,
    "xMinBetween": 20.74740970456499,
    "rsiValShort": 77.66752879828215,
    "apt2Short": 0.004671920027100001,
    "zXLmax": -0.19952184456526037,
    "slLong": 0.08362766530788673,
    "ptShort": 0.02092377150363348,
    "leverage": 10.0,
    "requireHistPos": 1.0,
    "cdPctLong": 0.012,
    "ptLong": 0.027613393881017287,
    "eXS": 1.0,
    "zXS": 2.0773935149376226,
    "cdPeriodShort": 41.239551204623574
   },
   {
    "xDur1Long": 104.24986003123428,
    "dur2Short": 249.29530279548123,
    "eXL": 0.0,
    "bbValShort": 0.6,
    "vRsi": 2.0,
    "vX": 1,
    "dur2Long": 39.68444559199577,
    "zS": 0.8442767195301791,
    "xDur2Short": 158.75868833206232,
    "eL3": 1.0,
    "xApt2Long": 0.0023258197272362936,
    "rsiValLong": 63.9711334936663,
    "bbValLong": 0.35,
    "xCdPctShort": 0.0002,
    "eS3": 1.0,
    "xApt2Short": 0.0,
    "xApt1Long": 0.003127890732862792,
    "trendBlockZ": 99.0,
    "cdPctShort": 0.0005,
    "apt1Short": 0.012393586278191574,
    "xDur1Short": 73.74984335041748,
    "dur1Long": 30.263857516762048,
    "xTpShort": 0.001,
    "xCdPeriodShort": 3.0,
    "zL": -1.4165913710484477,
    "apt1Long": 0.007095432582315616,
    "vBB": 0.0,
    "vEmaUp": 2.0,
    "xDur2Long": 44.52266664913074,
    "apt2Long": 0.008497368611268598,
    "dur1Short": 15.701749035366063,
    "cdPeriodLong": 62.55613552705727,
    "xApt1Short": 0.0009077361029945352,
    "vEmaDn": 4.0,
    "xTpLong": 0.0012879509988344966,
    "vMacd": 1.0,
    "slShort": 0.0788643646025383,
    "vHistN": 0.0,
    "xMinBetween": 9.074981313042601,
    "rsiValShort": 56.33067541216905,
    "apt2Short": 0.0011674074909235358,
    "zXLmax": -2.2783107330225247,
    "slLong": 0.11400567666040554,
    "ptShort": 0.010168701269508328,
    "leverage": 10.0,
    "requireHistPos": 1.0,
    "cdPctLong": 0.004891207189752843,
    "ptLong": 0.026582005885786946,
    "eXS": 1.0,
    "zXS": 1.92356499453328,
    "cdPeriodShort": 10.0
   }
  ]
 },
 "metrics": {
  "n": 340,
  "months": 14.81640625,
  "eq": 246570450669327.97,
  "growth": 1.7703964882528351,
  "liq": false,
  "maxdd": 0.4631765749778164,
  "tpm": 22.947534932770893,
  "sl_hits": 0,
  "worst_mae": -0.04834886496724611,
  "win": 0.9823529411764705,
  "max_hold_days": 4.233333333333333,
  "in_market": 0.11278856249508559,
  "score": 1.6001055499901156
 },
 "strategy": "v7",
 "mode": "lev",
 "method": "vol3",
 "algo": "genetic",
 "per_regime": true,
 "train_end": "2025-09-01",
 "holdout_days": null,
 "max_dd": 0.5,
 "max_hold_days": 7.0,
 "gap_mode": "skip_contaminated",
 "scoring": "underwater",
 "anchor": "defaults",
 "anchor_strength": 0.3,
 "evaluated": 5000800,
 "generated": "2026-07-10 10:37",
 "holdout": {
  "n": 9,
  "months": 2.1842105263157894,
  "eq": 0.0,
  "growth": -12.650347016931143,
  "liq": true,
  "maxdd": 1.0,
  "tpm": 4.120481927710844,
  "sl_hits": 0,
  "worst_mae": -0.092,
  "win": 0.7777777777777778,
  "max_hold_days": 60.6375,
  "in_market": 0.9730798192771084,
  "score": -13.136886926569696
 },
 "holdout_scan": {
  "scanned": 600,
  "pool": 600,
  "reservoir": 300,
  "survivors": 1
 },
 "holdout_survivors": [
  {
   "rank": 590,
   "train_score": 0.0476164760645266,
   "holdout": {
    "n": 59,
    "months": 9.656661184210527,
    "eq": 2952.7068501033314,
    "growth": 0.11212180952485808,
    "liq": false,
    "maxdd": 0.597423340255469,
    "tpm": 6.109772195018096,
    "sl_hits": 0,
    "worst_mae": -0.06186587478346928,
    "win": 0.9661016949152542,
    "max_hold_days": 5.091666666666667,
    "in_market": 0.04489390391029735,
    "score": 0.07454985388635128
   }
  }
 ],
 "holdout_top10": [
  {
   "rank": 590,
   "train_score": 0.0476164760645266,
   "holdout": {
    "n": 59,
    "months": 9.656661184210527,
    "eq": 2952.7068501033314,
    "growth": 0.11212180952485808,
    "liq": false,
    "maxdd": 0.597423340255469,
    "tpm": 6.109772195018096,
    "sl_hits": 0,
    "worst_mae": -0.06186587478346928,
    "win": 0.9661016949152542,
    "max_hold_days": 5.091666666666667,
    "in_market": 0.04489390391029735,
    "score": 0.07454985388635128
   }
  },
  {
   "rank": 1,
   "train_score": 1.5131411906623924,
   "holdout": {
    "n": 9,
    "months": 2.1842105263157894,
    "eq": 0.0,
    "growth": -12.650347016931143,
    "liq": true,
    "maxdd": 1.0,
    "tpm": 4.120481927710844,
    "sl_hits": 0,
    "worst_mae": -0.092,
    "win": 0.7777777777777778,
    "max_hold_days": 60.6375,
    "in_market": 0.9730798192771084,
    "score": -13.136886926569696
   }
  },
  {
   "rank": 2,
   "train_score": 1.5084418793278023,
   "holdout": {
    "n": 9,
    "months": 2.1842105263157894,
    "eq": 0.0,
    "growth": -12.650347016931143,
    "liq": true,
    "maxdd": 1.0,
    "tpm": 4.120481927710844,
    "sl_hits": 0,
    "worst_mae": -0.092,
    "win": 0.8888888888888888,
    "max_hold_days": 60.6375,
    "in_market": 0.9657693273092369,
    "score": -13.13323168058576
   }
  },
  {
   "rank": 3,
   "train_score": 1.5011810318428829,
   "holdout": {
    "n": 9,
    "months": 2.1842105263157894,
    "eq": 0.0,
    "growth": -12.650347016931143,