{"job": {"strategy": "scalpx", "mode": "lev", "method": "volXtrend9", "window": "all", "fold_idx": 12, "n_samples": 350, "seed": 486418}, "status": "ok", "n_feasible": 14, "cand": {"strategy": "scalpx", "tpL": [0.0195085241164643, 0.02, 0.02, 0.02, 0.01758324285476824, 0.016783700219823974, 0.014849716710841248, 0.02, 0.01744601991061457], "tpS": [0.003994438177133453, 0.005852390988778327, 0.0033534767945537507, 0.0038653811719410428, 0.004776389688889637, 0.0036558617819519366, 0.003494178370150387, 0.006174317141275653, 0.005313215816679497], "rsiOB": [63.38384562757075, 63.6257354117556, 50.0, 57.093063213934045, 52.141921082948194, 53.60083564119026, 66.08384277016022, 50.0, 50.0], "rsiOS": [36.52272833812115, 42.99231702979024, 50.0, 50.0, 47.039441362061396, 50.0, 35.87968735467818, 48.390633927309494, 28.41737430367027], "useCvd": [1.0, 1.0, 1.0, 1.0, 1.0, 1.0, 1.0, 1.0, 1.0], "useEma": [1.0, 1.0, 1.0, 1.0, 1.0, 1.0, 1.0, 1.0, 1.0], "eL": [1.0, 1.0, 1.0, 1.0, 1.0, 1.0, 1.0, 1.0, 1.0], "eS": [1.0, 1.0, 1.0, 1.0, 1.0, 1.0, 1.0, 1.0, 1.0], "lev": [1.2, 1.5932159552826615, 1.5172292784256938, 1.6035276079968277, 1.2, 1.2, 1.4578809619035222, 1.6362050379430784, 1.6713037581267776], "sl": 0.05, "slOn": 0.0}, "train": {"n": 177, "months": 16.945655153508774, "eq": 17804.661690948687, "growth": 0.1699232215972378, "liq": false, "maxdd": 0.0, "tpm": 10.445155315423158, "sl_hits": 0, "worst_mae": -0.5044051728579525, "win": 1.0, "score": 0.18563670335634738}, "oos": {"n": 13, "months": 0.7870065789473684, "eq": 1201.8695587085463, "growth": 0.2336426593295006, "liq": false, "maxdd": 0.0, "tpm": 16.518286311389762, "sl_hits": 0, "worst_mae": -0.08906965968182046, "win": 1.0, "score": 0.2336426593295006}, "elapsed": 0.851776123046875}