{"job": {"strategy": "scalpx", "mode": "lev", "method": "volXtrend9", "window": "all", "fold_idx": 4, "n_samples": 350, "seed": 486418}, "status": "ok", "n_feasible": 38, "cand": {"strategy": "scalpx", "tpL": [0.0040549726168462325, 0.006668490290120204, 0.004509091069187196, 0.0035484736234688103, 0.004652374420964128, 0.004838260616002666, 0.0035468068898968402, 0.006491279216074998, 0.006684804382948167], "tpS": [0.006818390201986104, 0.008275550078717732, 0.007581981497298227, 0.007255200835126704, 0.010934314492877888, 0.008354232770295284, 0.010681273292564216, 0.007691374181974862, 0.007351074852557685], "rsiOB": [85.0, 76.52907755356566, 53.01027948430943, 85.0, 85.0, 85.0, 69.20248538068196, 59.58132244703031, 85.0], "rsiOS": [15.0, 19.291844270244816, 17.32997551346217, 21.497286058219704, 15.0, 15.090902143779301, 16.827464995177973, 22.853947193262222, 15.731222892892667], "useCvd": [1.0, 1.0, 1.0, 1.0, 1.0, 1.0, 1.0, 1.0, 1.0], "useEma": [1.0, 1.0, 1.0, 1.0, 1.0, 1.0, 1.0, 1.0, 1.0], "eL": [1.0, 1.0, 1.0, 1.0, 1.0, 1.0, 1.0, 1.0, 1.0], "eS": [1.0, 1.0, 1.0, 1.0, 1.0, 0.0, 1.0, 1.0, 1.0], "lev": [8.20365478129628, 6.97970692025369, 10.0, 8.938130504429425, 6.90777964812963, 6.354951273295606, 10.0, 10.0, 10.0], "sl": 0.05, "slOn": 0.0}, "train": {"n": 40, "months": 9.694490131578949, "eq": 14529.204976228317, "growth": 0.2760496657114316, "liq": false, "maxdd": 0.0, "tpm": 4.126055053653984, "sl_hits": 0, "worst_mae": -0.08427330481006079, "win": 1.0, "score": 0.2384734590426184}, "oos": {"n": 5, "months": 0.9156387061403509, "eq": 1384.415439763995, "growth": 0.35524708950270817, "liq": false, "maxdd": 0.0, "tpm": 5.460669111593443, "sl_hits": 0, "worst_mae": -0.04459216175045033, "win": 1.0, "score": 0.35524708950270817}, "elapsed": 0.7804992198944092}