{"job": {"strategy": "scalpx", "mode": "lev", "method": "volXtrend9", "window": "all", "fold_idx": 11, "n_samples": 350, "seed": 486418}, "status": "ok", "n_feasible": 21, "cand": {"strategy": "scalpx", "tpL": [0.0074786330109283625, 0.00559550316981938, 0.006795393497361425, 0.007361001507946648, 0.005963906423680783, 0.005012263335982162, 0.006650380769795634, 0.0064250826747596305, 0.005182581459220823], "tpS": [0.018520753525931855, 0.01153026696463864, 0.017700351558522315, 0.016994471122202297, 0.009708323610527512, 0.010739219872140776, 0.014494766447744235, 0.012117157543584767, 0.011157517627561985], "rsiOB": [68.92946292632391, 65.69492481758186, 67.88810842904968, 69.14582176929035, 64.09127715753932, 79.38400904899522, 50.0, 62.36836776440749, 80.62507458216733], "rsiOS": [17.7851774117656, 19.92061270321741, 19.642911847365774, 21.164417026452345, 15.0, 17.301500642027232, 18.631227028992114, 20.867482336961192, 18.02178587062894], "useCvd": [1.0, 1.0, 1.0, 1.0, 1.0, 1.0, 1.0, 1.0, 1.0], "useEma": [1.0, 1.0, 1.0, 1.0, 1.0, 1.0, 1.0, 1.0, 1.0], "eL": [1.0, 1.0, 1.0, 1.0, 1.0, 0.0, 0.0, 1.0, 1.0], "eS": [1.0, 0.0, 1.0, 0.0, 1.0, 0.0, 0.0, 1.0, 1.0], "lev": [5.384035979109089, 9.940908126482245, 6.293439286053812, 10.0, 5.681309998548049, 10.0, 8.446043701054979, 10.0, 10.0], "sl": 0.05, "slOn": 0.0}, "train": {"n": 34, "months": 16.02480811403509, "eq": 21039.321588940536, "growth": 0.19010481260052522, "liq": false, "maxdd": 0.0, "tpm": 2.12171027309972, "sl_hits": 0, "worst_mae": -0.0631015399422521, "win": 1.0, "score": 0.17048594000065162}, "oos": {"n": 3, "months": 0.9208470394736842, "eq": 1377.0276297411344, "growth": 0.34742717411521024, "liq": false, "maxdd": 0.0, "tpm": 3.257870060281313, "sl_hits": 0, "worst_mae": -0.030346392973453096, "win": 1.0, "score": 0.34742717411521024}, "elapsed": 0.8223395347595215}