{"job": {"strategy": "scalpx", "mode": "lev", "method": "volXtrend9", "window": "all", "fold_idx": 20, "n_samples": 350, "seed": 486418}, "status": "ok", "n_feasible": 21, "cand": {"strategy": "scalpx", "tpL": [0.018756097481202074, 0.01729647721285271, 0.02, 0.01351928224279825, 0.01114128989850351, 0.019627364722378523, 0.0188448338240406, 0.016256511422369946, 0.01559142785473973], "tpS": [0.02, 0.02, 0.018750879006857565, 0.02, 0.015777524575493227, 0.019583095733866834, 0.02, 0.01626835678209097, 0.0149567270470482], "rsiOB": [69.77820738199814, 54.66327409962057, 85.0, 85.0, 63.3897106039396, 85.0, 60.743874376666376, 85.0, 85.0], "rsiOS": [31.014309265745194, 29.694008410869166, 30.071678218521154, 46.05460359941754, 37.66253362319189, 35.926429768443136, 43.21281383388542, 50.0, 50.0], "useCvd": [1.0, 1.0, 1.0, 1.0, 1.0, 1.0, 1.0, 1.0, 1.0], "useEma": [1.0, 1.0, 1.0, 1.0, 1.0, 1.0, 1.0, 1.0, 1.0], "eL": [1.0, 1.0, 1.0, 0.0, 0.0, 0.0, 1.0, 1.0, 0.0], "eS": [1.0, 1.0, 1.0, 1.0, 1.0, 1.0, 1.0, 1.0, 1.0], "lev": [1.9888458939433473, 1.970702989981456, 2.0152633872023964, 1.822242171661377, 1.2720375706774427, 1.897049896436178, 1.9985037377394503, 1.2, 1.781177660928338], "sl": 0.05, "slOn": 0.0}, "train": {"n": 135, "months": 24.179481907894736, "eq": 30416.323090688955, "growth": 0.14123459804021288, "liq": false, "maxdd": 0.0, "tpm": 5.583246180139275, "sl_hits": 0, "worst_mae": -0.6003905114037639, "win": 1.0, "score": 0.21243782637420314}, "oos": null, "elapsed": 0.9000375270843506}