{"job": {"strategy": "scalpx", "mode": "lev", "method": "volXtrend9", "window": "all", "fold_idx": 16, "n_samples": 350, "seed": 486418}, "status": "ok", "n_feasible": 16, "cand": {"strategy": "scalpx", "tpL": [0.0176, 0.0171, 0.0145, 0.0155, 0.0146, 0.0137, 0.0157, 0.0158, 0.0138], "tpS": [0.0108, 0.0096, 0.0095, 0.0095, 0.0093, 0.0115, 0.0107, 0.0118, 0.0087], "rsiOB": [64.3267, 66.8562, 66.3767, 56.4691, 61.4538, 58.7103, 57.353, 66.3608, 70.2193], "rsiOS": [37.9975, 39.6559, 36.3979, 45.7284, 42.1485, 42.3352, 43.43, 43.7505, 41.1259], "useCvd": [1.0, 1.0, 1.0, 1.0, 1.0, 1.0, 1.0, 1.0, 1.0], "useEma": [1.0, 1.0, 1.0, 1.0, 1.0, 1.0, 1.0, 1.0, 1.0], "eL": [1.0, 1.0, 1.0, 1.0, 1.0, 1.0, 1.0, 1.0, 1.0], "eS": [1.0, 1.0, 1.0, 1.0, 1.0, 1.0, 1.0, 1.0, 1.0], "lev": [1.7678, 1.7681, 1.706, 1.7786, 1.3646, 1.8916, 1.6216, 1.6299, 1.8391], "sl": 0.05, "slOn": 0.0}, "train": {"n": 120, "months": 20.495682565789473, "eq": 13218.778693503975, "growth": 0.1259601108001314, "liq": false, "maxdd": 0.0, "tpm": 5.85489161509063, "sl_hits": 0, "worst_mae": -0.38973480522776305, "win": 1.0, "score": 0.12774829842914132}, "oos": {"n": 10, "months": 0.9210526315789473, "eq": 1262.3416094480244, "growth": 0.25293713784255356, "liq": false, "maxdd": 0.0, "tpm": 10.857142857142858, "sl_hits": 0, "worst_mae": -0.117032935340601, "win": 1.0, "score": 0.25293713784255356}, "elapsed": 0.8900892734527588}