{"job": {"strategy": "scalpx", "mode": "lev", "method": "volXtrend9", "window": "all", "fold_idx": 18, "n_samples": 350, "seed": 486418}, "status": "ok", "n_feasible": 6, "cand": {"strategy": "scalpx", "tpL": [0.0153, 0.0147, 0.0114, 0.0137, 0.0147, 0.015, 0.014, 0.013, 0.015], "tpS": [0.0081, 0.0113, 0.0111, 0.0097, 0.0118, 0.0113, 0.0091, 0.0123, 0.0115], "rsiOB": [61.6614, 81.1385, 76.88, 69.404, 69.0065, 65.7741, 74.5304, 79.2736, 69.6333], "rsiOS": [34.3253, 41.8913, 37.3898, 36.9512, 41.8201, 37.4257, 39.457, 41.5645, 41.1764], "useCvd": [1.0, 1.0, 1.0, 1.0, 1.0, 1.0, 1.0, 1.0, 1.0], "useEma": [1.0, 1.0, 1.0, 1.0, 1.0, 1.0, 1.0, 1.0, 1.0], "eL": [1.0, 1.0, 1.0, 1.0, 1.0, 1.0, 1.0, 1.0, 1.0], "eS": [1.0, 1.0, 1.0, 1.0, 1.0, 1.0, 1.0, 1.0, 1.0], "lev": [1.3871, 1.5156, 1.3998, 1.3395, 1.3895, 1.5928, 1.5111, 1.5925, 1.468], "sl": 0.05, "slOn": 0.0}, "train": {"n": 58, "months": 22.337719298245617, "eq": 3096.978105700106, "growth": 0.0506061884095752, "liq": false, "maxdd": 0.0, "tpm": 2.596505006872177, "sl_hits": 0, "worst_mae": -0.5044051728579525, "win": 1.0, "score": 0.07597139282991494}, "oos": {"n": 6, "months": 0.920984100877193, "eq": 1129.478673856861, "growth": 0.13220225580899345, "liq": false, "maxdd": 0.0, "tpm": 6.514770444229481, "sl_hits": 0, "worst_mae": -0.03562281722933647, "win": 1.0, "score": 0.13220225580899345}, "elapsed": 0.8556742668151855}