{"job": {"strategy": "scalpx", "mode": "lev", "method": "volXtrend9", "window": "all", "fold_idx": 0, "n_samples": 350, "seed": 486418}, "status": "ok", "n_feasible": 51, "cand": {"strategy": "scalpx", "tpL": [0.006718720710461913, 0.00904964982746132, 0.009680871429194044, 0.007087038277257971, 0.006449882589170585, 0.006180008442258948, 0.005382153534673396, 0.007178198379294239, 0.006461819724429802], "tpS": [0.009975833452749425, 0.012614283040187704, 0.013006397997942037, 0.014464336279330437, 0.011005489497371745, 0.014396319862680026, 0.010463951491329511, 0.008383328635912802, 0.011410291086193226], "rsiOB": [85.0, 50.0, 54.93479161664412, 60.42253414532642, 85.0, 53.83585589524128, 85.0, 85.0, 73.22294717000845], "rsiOS": [42.57566812169768, 50.0, 41.476750328256756, 50.0, 49.029261289959514, 35.17775333462271, 36.342608156401774, 50.0, 50.0], "useCvd": [1.0, 1.0, 1.0, 1.0, 1.0, 1.0, 1.0, 1.0, 1.0], "useEma": [0.0, 1.0, 1.0, 1.0, 1.0, 1.0, 1.0, 1.0, 0.0], "eL": [1.0, 1.0, 1.0, 1.0, 1.0, 1.0, 1.0, 1.0, 1.0], "eS": [1.0, 1.0, 1.0, 1.0, 1.0, 1.0, 1.0, 1.0, 0.0], "lev": [2.6810828942231217, 2.5074873439257725, 3.8361486571658956, 3.935730554762079, 2.578015332798491, 2.708678752242893, 3.2103265648765915, 3.7657224441485178, 3.8211042316409887], "sl": 0.05, "slOn": 0.0}, "train": {"n": 150, "months": 6.024328399122807, "eq": 29110.638147169826, "growth": 0.5595816589166707, "liq": false, "maxdd": 0.0, "tpm": 24.899041031999726, "sl_hits": 0, "worst_mae": -0.3260622800711339, "win": 1.0, "score": 0.5050464015307412}, "oos": {"n": 6, "months": 0.9209155701754386, "eq": 1146.098730932365, "growth": 0.14807412497291855, "liq": false, "maxdd": 0.0, "tpm": 6.515255246316416, "sl_hits": 0, "worst_mae": -0.036342275308400174, "win": 1.0, "score": 0.14807412497291855}, "elapsed": 0.849764347076416}