{"job": {"strategy": "scalpx", "mode": "lev", "method": "volXtrend9", "window": "all", "fold_idx": 13, "n_samples": 350, "seed": 486418}, "status": "ok", "n_feasible": 16, "cand": {"strategy": "scalpx", "tpL": [0.011829295869347735, 0.014975337445562661, 0.014705025487824713, 0.013938434659587873, 0.009696984423127967, 0.016913923843737987, 0.014212662235086446, 0.010625185119096336, 0.017147447775503883], "tpS": [0.01222910384736234, 0.014278015594642837, 0.016234912221667834, 0.018547302886274493, 0.017885099023496522, 0.014648724569178293, 0.0186092977175262, 0.014264696371949801, 0.011972299809918619], "rsiOB": [58.503200151975335, 81.166877451782, 50.480148791032576, 50.0, 50.0737145714934, 69.53321267723122, 68.38477699112217, 63.7302309466981, 50.0], "rsiOS": [34.18992443287539, 43.552931283852075, 50.0, 50.0, 50.0, 50.0, 42.95471843624992, 41.24583820901835, 43.78640126313885], "useCvd": [1.0, 1.0, 1.0, 1.0, 1.0, 1.0, 1.0, 1.0, 1.0], "useEma": [1.0, 0.0, 0.0, 1.0, 1.0, 1.0, 1.0, 1.0, 0.0], "eL": [1.0, 1.0, 1.0, 1.0, 1.0, 1.0, 1.0, 1.0, 1.0], "eS": [1.0, 1.0, 1.0, 1.0, 1.0, 1.0, 1.0, 1.0, 1.0], "lev": [1.741863216503405, 1.4420210514118192, 2.5317695115767616, 2.0894924756904603, 1.7289104486035203, 2.4105929833975512, 1.43949060109058, 2.468671592061315, 1.7076952283946876], "sl": 0.05, "slOn": 0.0}, "train": {"n": 83, "months": 17.73266173245614, "eq": 8188.257606536888, "growth": 0.11857786273157565, "liq": false, "maxdd": 0.0, "tpm": 4.680628393654229, "sl_hits": 0, "worst_mae": -0.5745311394196745, "win": 1.0, "score": 0.16779254725333997}, "oos": {"n": 11, "months": 0.920984100877193, "eq": 1321.7098773188138, "growth": 0.30285675906973075, "liq": false, "maxdd": 0.0, "tpm": 11.943745814420716, "sl_hits": 0, "worst_mae": -0.15221943048576214, "win": 1.0, "score": 0.30285675906973075}, "elapsed": 0.8753941059112549}