{"job": {"strategy": "scalpx", "mode": "lev", "method": "volXtrend9", "window": "all", "fold_idx": 1, "n_samples": 350, "seed": 486418}, "status": "ok", "n_feasible": 52, "cand": {"strategy": "scalpx", "tpL": [0.0095942054717178, 0.013318918700118733, 0.009186498845343317, 0.010974973238246985, 0.014278537340231398, 0.012375865082704498, 0.010539173022741245, 0.013024263500646425, 0.008952044589773838], "tpS": [0.007846457628933006, 0.0073781171610179325, 0.0080200736822695, 0.0061484584933487515, 0.010757578454771814, 0.009051525254912492, 0.006129887168397465, 0.01058564748024475, 0.007653813414386361], "rsiOB": [85.0, 54.387411196896984, 85.0, 85.0, 85.0, 61.65819245520063, 85.0, 73.14577947447258, 68.82740809536193], "rsiOS": [43.62687300256093, 37.51446904744951, 50.0, 43.82162728014881, 43.616878188082374, 32.782780688266705, 49.65809434733722, 47.125025829318474, 39.52092518473429], "useCvd": [1.0, 1.0, 1.0, 1.0, 1.0, 1.0, 1.0, 1.0, 1.0], "useEma": [0.0, 1.0, 1.0, 0.0, 1.0, 1.0, 0.0, 0.0, 1.0], "eL": [1.0, 1.0, 1.0, 1.0, 1.0, 1.0, 1.0, 1.0, 1.0], "eS": [1.0, 1.0, 1.0, 1.0, 1.0, 1.0, 1.0, 1.0, 1.0], "lev": [2.8271161256398503, 2.3305252322326746, 2.971791798073124, 3.826830836537523, 2.6850851944308305, 3.264382453584831, 2.9885899761866694, 3.9603455109421457, 2.4817263922368302], "sl": 0.05, "slOn": 0.0}, "train": {"n": 96, "months": 6.951206140350878, "eq": 22412.738224873032, "growth": 0.44735106472117225, "liq": false, "maxdd": 0.0, "tpm": 13.810552882719456, "sl_hits": 0, "worst_mae": -0.3201566052033341, "win": 1.0, "score": 0.35201849223545456}, "oos": {"n": 2, "months": 0.9159813596491229, "eq": 1051.9385744760805, "growth": 0.05527920715428271, "liq": false, "maxdd": 0.0, "tpm": 2.1834505461619034, "sl_hits": 0, "worst_mae": -0.04508686460152567, "win": 1.0, "score": 0.05527920715428271}, "elapsed": 0.8991281986236572}