{"job": {"strategy": "scalpx", "mode": "lev", "method": "volXtrend9", "window": "all", "fold_idx": 9, "n_samples": 350, "seed": 486418}, "status": "ok", "n_feasible": 22, "cand": {"strategy": "scalpx", "tpL": [0.0097, 0.0086, 0.0082, 0.0112, 0.0093, 0.0107, 0.0087, 0.0091, 0.0086], "tpS": [0.0153, 0.0145, 0.0146, 0.0128, 0.0145, 0.0166, 0.0156, 0.0136, 0.0163], "rsiOB": [73.8547, 66.4053, 74.209, 64.7852, 66.7339, 78.3309, 68.4998, 66.2972, 61.7879], "rsiOS": [37.6808, 41.4958, 35.8823, 34.1599, 42.0836, 37.0178, 35.8622, 40.2704, 41.9253], "useCvd": [1.0, 1.0, 1.0, 1.0, 1.0, 1.0, 1.0, 1.0, 1.0], "useEma": [1.0, 1.0, 1.0, 1.0, 1.0, 1.0, 1.0, 1.0, 1.0], "eL": [1.0, 1.0, 1.0, 1.0, 1.0, 1.0, 1.0, 1.0, 1.0], "eS": [1.0, 1.0, 1.0, 1.0, 1.0, 1.0, 1.0, 1.0, 1.0], "lev": [2.2795, 2.4044, 2.1939, 2.3563, 2.3923, 2.5058, 2.0069, 2.399, 2.0326], "sl": 0.05, "slOn": 0.0}, "train": {"n": 76, "months": 14.267269736842106, "eq": 4785.073390114211, "growth": 0.10972676561105897, "liq": false, "maxdd": 0.0, "tpm": 5.326877629834573, "sl_hits": 0, "worst_mae": -0.44507903542171456, "win": 1.0, "score": 0.10320330394651846}, "oos": {"n": 11, "months": 0.91796875, "eq": 1237.1226912190086, "growth": 0.23180339525265756, "liq": false, "maxdd": 0.0, "tpm": 11.982978723404255, "sl_hits": 0, "worst_mae": -0.05060795267827811, "win": 1.0, "score": 0.23180339525265756}, "elapsed": 0.84004807472229}