{"job": {"strategy": "scalpx", "mode": "lev", "method": "volXtrend9", "window": "all", "fold_idx": 7, "n_samples": 350, "seed": 486418}, "status": "ok", "n_feasible": 23, "cand": {"strategy": "scalpx", "tpL": [0.007205647444657572, 0.014362335435829895, 0.012512608712388833, 0.01050720554866139, 0.010585472662491349, 0.0076895598666743455, 0.008620227141185806, 0.011003245028836409, 0.014035968316354423], "tpS": [0.016552679052552116, 0.011536565096502992, 0.017993143375474283, 0.019804935689634977, 0.011725661007756896, 0.010578150053895424, 0.01691942519745957, 0.01992619687591391, 0.015586199076237562], "rsiOB": [84.86523817459594, 59.260253853771765, 85.0, 85.0, 85.0, 52.201795174112114, 85.0, 68.63061911585226, 73.06862587524972], "rsiOS": [33.229148389465855, 33.58909992094788, 43.97888468886562, 43.78862635018641, 23.77858561495768, 30.640242494269245, 35.59890909160719, 44.10722848787877, 25.938095714144854], "useCvd": [1.0, 1.0, 1.0, 1.0, 1.0, 1.0, 1.0, 1.0, 1.0], "useEma": [1.0, 0.0, 1.0, 0.0, 1.0, 1.0, 0.0, 1.0, 1.0], "eL": [1.0, 1.0, 1.0, 1.0, 1.0, 1.0, 1.0, 1.0, 1.0], "eS": [0.0, 1.0, 1.0, 1.0, 1.0, 0.0, 0.0, 0.0, 1.0], "lev": [3.0246192979621864, 2.405103783039038, 3.222120577530346, 3.0014539023005016, 3.235958409697102, 2.770968114394304, 3.0226234116191133, 2.286468480006808, 1.8767740244773385], "sl": 0.05, "slOn": 0.0}, "train": {"n": 88, "months": 12.432565789473685, "eq": 8769.282516538242, "growth": 0.17464254995237086, "liq": false, "maxdd": 0.0, "tpm": 7.078184945098558, "sl_hits": 0, "worst_mae": -0.38355549859010507, "win": 1.0, "score": 0.16165780594368365}, "oos": {"n": 10, "months": 0.915296052631579, "eq": 1306.7420521987342, "growth": 0.29229565200256263, "liq": false, "maxdd": 0.0, "tpm": 10.925426774483379, "sl_hits": 0, "worst_mae": -0.051753033451766406, "win": 1.0, "score": 0.29229565200256263}, "elapsed": 0.8054852485656738}