{"job": {"strategy": "scalpx", "mode": "lev", "method": "volXtrend9", "window": "all", "fold_idx": 8, "n_samples": 350, "seed": 486418}, "status": "ok", "n_feasible": 26, "cand": {"strategy": "scalpx", "tpL": [0.01694507750471556, 0.010686091588792133, 0.012858078399979316, 0.009022761228810504, 0.014940653770327404, 0.018000229075348498, 0.013682118589674157, 0.014811679099288468, 0.010699624244252692], "tpS": [0.010770839134744876, 0.006664651284952504, 0.009110598303651135, 0.0061530006584738055, 0.008766152325849366, 0.00929210958366282, 0.005830171929035142, 0.010851521808187076, 0.006251618230314687], "rsiOB": [73.5060972876691, 78.63386800146048, 69.46987150150416, 53.90292574570056, 52.78609460312061, 58.445347318557346, 70.29326727837832, 50.0, 54.08807728121615], "rsiOS": [50.0, 45.15203177174362, 42.507487127902685, 42.18232401526069, 42.54675257502495, 45.59276735470939, 50.0, 37.484046991049944, 50.0], "useCvd": [1.0, 1.0, 1.0, 1.0, 1.0, 1.0, 1.0, 1.0, 1.0], "useEma": [1.0, 1.0, 1.0, 1.0, 1.0, 1.0, 1.0, 1.0, 1.0], "eL": [1.0, 1.0, 0.0, 0.0, 0.0, 1.0, 1.0, 1.0, 1.0], "eS": [1.0, 1.0, 1.0, 1.0, 1.0, 1.0, 1.0, 1.0, 1.0], "lev": [2.243319866328608, 1.5391958308360185, 1.4194520107723856, 1.364805194305778, 2.1125773100318495, 1.5390547207123693, 1.5402554497000114, 1.397890471670177, 2.117665242950438], "sl": 0.05, "slOn": 0.0}, "train": {"n": 116, "months": 13.347861842105264, "eq": 6526.064233076268, "growth": 0.14053217383826336, "liq": false, "maxdd": 0.0, "tpm": 8.690530466391472, "sl_hits": 0, "worst_mae": -0.5650766242175695, "win": 1.0, "score": 0.19555996868175352}, "oos": {"n": 6, "months": 0.9194078947368421, "eq": 1120.4641409528701, "growth": 0.12371332863077625, "liq": false, "maxdd": 0.0, "tpm": 6.525939177101968, "sl_hits": 0, "worst_mae": -0.06398761530026442, "win": 1.0, "score": 0.12371332863077625}, "elapsed": 0.8103494644165039}