{"job": {"strategy": "scalpx", "mode": "lev", "method": "volXtrend9", "window": "all", "fold_idx": 10, "n_samples": 350, "seed": 486418}, "status": "ok", "n_feasible": 17, "cand": {"strategy": "scalpx", "tpL": [0.01594442999946171, 0.01960812545235708, 0.011238111810081526, 0.012301096668145618, 0.01601196649642505, 0.017786070991041694, 0.019050187057848767, 0.012451816434978705, 0.014577943376571555], "tpS": [0.02, 0.010655455066999997, 0.02, 0.02, 0.02, 0.019675594860092994, 0.01566888452529725, 0.011945321761810877, 0.017357767076094842], "rsiOB": [56.785167288116945, 50.0, 75.07921597004054, 61.857189107500304, 65.53815413183649, 50.37547791716826, 69.52691528889295, 59.41938335685056, 50.0], "rsiOS": [36.09273841398449, 42.27429181255378, 26.523908135975265, 32.75148929754645, 41.693787761325716, 42.025727477872195, 34.89421151424213, 22.96696238977621, 42.349276184887444], "useCvd": [1.0, 1.0, 1.0, 1.0, 1.0, 1.0, 1.0, 1.0, 1.0], "useEma": [1.0, 1.0, 1.0, 1.0, 1.0, 1.0, 1.0, 1.0, 1.0], "eL": [1.0, 1.0, 1.0, 0.0, 1.0, 1.0, 1.0, 1.0, 1.0], "eS": [1.0, 1.0, 1.0, 1.0, 1.0, 1.0, 1.0, 1.0, 1.0], "lev": [2.09014939685354, 1.785862688644743, 3.1673863434821503, 3.0910888491581896, 2.8128658635663784, 2.2494373422087475, 2.656019187579777, 3.174699511128903, 1.9479402913722343], "sl": 0.05, "slOn": 0.0}, "train": {"n": 106, "months": 15.185238486842106, "eq": 29958.743002188956, "growth": 0.2238898786375053, "liq": false, "maxdd": 0.0, "tpm": 6.980463302690188, "sl_hits": 0, "worst_mae": -0.5044051728579525, "win": 1.0, "score": 0.2719062467871361}, "oos": null, "elapsed": 0.8063523769378662}