{"job": {"strategy": "scalpx", "mode": "lev", "method": "volXtrend9", "window": "all", "fold_idx": 14, "n_samples": 350, "seed": 486418}, "status": "ok", "n_feasible": 20, "cand": {"strategy": "scalpx", "tpL": [0.011728616862525024, 0.016815444230470596, 0.009081353060391572, 0.013902411687096205, 0.010882978505276867, 0.01645261945445121, 0.01235320567769994, 0.00889622443202668, 0.014124766992864447], "tpS": [0.0023906396995300857, 0.003303189589254995, 0.0026910158177490162, 0.0035670467501276288, 0.0029342751476098034, 0.0035851023731251017, 0.0024726876249382434, 0.0022438891282745904, 0.002546228762208036], "rsiOB": [85.0, 53.35959141441634, 72.03917762081848, 52.6815594350782, 62.187699902844, 83.24243925108752, 85.0, 69.37135029232105, 57.629504573782526], "rsiOS": [50.0, 49.457973013243276, 44.129327558071004, 28.576497151627358, 42.392004032491215, 41.66703272972273, 45.43001414073466, 50.0, 49.19975661402637], "useCvd": [1.0, 1.0, 1.0, 1.0, 1.0, 1.0, 1.0, 1.0, 1.0], "useEma": [0.0, 1.0, 1.0, 0.0, 1.0, 0.0, 0.0, 1.0, 0.0], "eL": [1.0, 1.0, 1.0, 1.0, 1.0, 1.0, 1.0, 1.0, 1.0], "eS": [1.0, 1.0, 1.0, 1.0, 1.0, 1.0, 1.0, 1.0, 1.0], "lev": [1.5337886643266017, 1.2, 1.5117476474072673, 1.2, 1.9970545797694783, 1.5088356280286446, 1.2, 1.457116727736025, 1.2739848367733686], "sl": 0.05, "slOn": 0.0}, "train": {"n": 155, "months": 18.653645833333336, "eq": 5434.130732296617, "growth": 0.09074363178360197, "liq": false, "maxdd": 0.0, "tpm": 8.309367583414769, "sl_hits": 0, "worst_mae": -0.6003905114037639, "win": 1.0, "score": 0.1473616879806341}, "oos": {"n": 1, "months": 0.920984100877193, "eq": 1019.2104616633341, "growth": 0.0206608022313217, "liq": false, "maxdd": 0.0, "tpm": 1.085795074038247, "sl_hits": 0, "worst_mae": -0.1545257060101375, "win": 1.0, "score": 0.0206608022313217}, "elapsed": 0.8975014686584473}