{"job": {"strategy": "scalpx", "mode": "lev", "method": "volXtrend9", "window": "all", "fold_idx": 2, "n_samples": 350, "seed": 486418}, "status": "ok", "n_feasible": 46, "cand": {"strategy": "scalpx", "tpL": [0.013572307176701957, 0.008060242406306796, 0.013888103726983821, 0.014563487545709995, 0.010979845370367655, 0.00837070498824508, 0.011691613447281705, 0.007620570251472189, 0.009155709110640734], "tpS": [0.008610400997908147, 0.008674109327968197, 0.005677393062798749, 0.010190870065484577, 0.00573942425462848, 0.005913736939419706, 0.007684583616068938, 0.009687393639683337, 0.00995259077227353], "rsiOB": [79.1476429359697, 50.0, 70.91634711015593, 66.22447876366294, 50.0, 50.0, 55.66675101100138, 58.03654648209643, 57.863440646588195], "rsiOS": [50.0, 50.0, 36.00429903314683, 43.726249431314194, 50.0, 47.81824380350991, 39.21612041199083, 50.0, 36.83028197411818], "useCvd": [1.0, 1.0, 1.0, 1.0, 1.0, 1.0, 1.0, 1.0, 1.0], "useEma": [1.0, 0.0, 1.0, 1.0, 0.0, 1.0, 0.0, 1.0, 1.0], "eL": [1.0, 1.0, 1.0, 1.0, 1.0, 1.0, 1.0, 1.0, 1.0], "eS": [1.0, 1.0, 1.0, 1.0, 1.0, 1.0, 1.0, 1.0, 1.0], "lev": [2.8257592628265655, 3.561909402339932, 2.308872804834385, 2.9780060457030415, 2.2530176937913855, 2.741246020935132, 3.728233443815279, 3.309090110270295, 3.402108876721462], "sl": 0.05, "slOn": 0.0}, "train": {"n": 183, "months": 7.8671875, "eq": 57028.66458141506, "growth": 0.5139770761561624, "liq": false, "maxdd": 0.0, "tpm": 23.261171797418072, "sl_hits": 0, "worst_mae": -0.32978561942705364, "win": 1.0, "score": 0.4417453028783166}, "oos": {"n": 34, "months": 0.9100877192982456, "eq": 2283.1907067569437, "growth": 0.9071366198607789, "liq": false, "maxdd": 0.0, "tpm": 37.35903614457831, "sl_hits": 0, "worst_mae": -0.1129255892774611, "win": 1.0, "score": 0.9071366198607789}, "elapsed": 0.8951258659362793}