{"job": {"strategy": "scalpx", "mode": "lev", "method": "volXtrend9", "window": "all", "fold_idx": 19, "n_samples": 350, "seed": 486418}, "status": "ok", "n_feasible": 10, "cand": {"strategy": "scalpx", "tpL": [0.02, 0.015974771595867326, 0.012673215229216226, 0.02, 0.02, 0.02, 0.02, 0.013424695569460804, 0.01509255834510631], "tpS": [0.004699327940571397, 0.008212789870700342, 0.0043391562269636695, 0.004990364535214024, 0.00512738566792605, 0.006851145275282717, 0.008506210267428994, 0.006107252697854895, 0.007463423842799029], "rsiOB": [64.11972348312358, 52.58363151420968, 50.0, 50.0, 71.76516413624037, 72.81131542327914, 53.65359906080972, 67.3994502073135, 72.2819918040981], "rsiOS": [34.98695866002489, 29.965237084631564, 50.0, 38.33716338100359, 35.783087818707735, 50.0, 29.65743971652236, 45.53456434943533, 42.50331987726434], "useCvd": [1.0, 1.0, 1.0, 1.0, 1.0, 1.0, 1.0, 1.0, 1.0], "useEma": [1.0, 1.0, 1.0, 1.0, 1.0, 1.0, 1.0, 1.0, 1.0], "eL": [1.0, 1.0, 1.0, 1.0, 1.0, 1.0, 1.0, 1.0, 1.0], "eS": [1.0, 1.0, 1.0, 1.0, 1.0, 1.0, 1.0, 1.0, 1.0], "lev": [2.200951204699964, 2.2897781286146057, 1.6876781292611278, 2.1446131735823344, 1.708950298351699, 1.5459518392544913, 2.5325177365150364, 1.926656291649086, 1.7315042430411294], "sl": 0.05, "slOn": 0.0}, "train": {"n": 174, "months": 23.25870339912281, "eq": 33275.75773126081, "growth": 0.15068893031855504, "liq": false, "maxdd": 0.0, "tpm": 7.481070505699915, "sl_hits": 0, "worst_mae": -0.44673875532037277, "win": 1.0, "score": 0.16099492711413302}, "oos": {"n": 4, "months": 0.9207785087719298, "eq": 1081.5535095901407, "growth": 0.08514364924747034, "liq": false, "maxdd": 0.0, "tpm": 4.344150044656148, "sl_hits": 0, "worst_mae": -0.17505078265025698, "win": 1.0, "score": 0.08514364924747034}, "elapsed": 0.8504478931427002}