{"job": {"strategy": "scalpx", "mode": "lev", "method": "volXtrend9", "window": "all", "fold_idx": 17, "n_samples": 350, "seed": 486418}, "status": "ok", "n_feasible": 11, "cand": {"strategy": "scalpx", "tpL": [0.019418225657448718, 0.013069117032245609, 0.01513460939530364, 0.016412700608075162, 0.01789230197349454, 0.015731074688858572, 0.019920194440494546, 0.016466353607462347, 0.01557288615197836], "tpS": [0.0030673099953718863, 0.003019092984686845, 0.003987846831258382, 0.0053725732849926825, 0.0059089606188603965, 0.0055408208098074955, 0.003938581082810411, 0.005726040617369153, 0.0034968091816566277], "rsiOB": [63.092363259470325, 50.0, 50.0, 50.0, 50.0, 54.04999566951013, 50.0, 62.018409995087445, 50.0], "rsiOS": [43.215010979332874, 50.0, 46.00080272860284, 50.0, 32.97176385814672, 50.0, 33.63440323895366, 50.0, 33.230558938865414], "useCvd": [1.0, 1.0, 1.0, 1.0, 1.0, 1.0, 1.0, 1.0, 1.0], "useEma": [1.0, 0.0, 1.0, 1.0, 0.0, 0.0, 0.0, 1.0, 1.0], "eL": [1.0, 1.0, 1.0, 1.0, 1.0, 1.0, 1.0, 1.0, 1.0], "eS": [1.0, 1.0, 1.0, 1.0, 1.0, 1.0, 1.0, 1.0, 1.0], "lev": [1.256665396862727, 1.2, 1.4848803979285625, 1.2, 1.2, 1.43109393100325, 1.3055590241851514, 1.5094615944006566, 1.2931854900089044], "sl": 0.05, "slOn": 0.0}, "train": {"n": 164, "months": 21.41673519736842, "eq": 6773.268987948974, "growth": 0.0893219165553031, "liq": false, "maxdd": 0.0, "tpm": 7.657563045377312, "sl_hits": 0, "worst_mae": -0.6003905114037639, "win": 1.0, "score": 0.13102263119756716}, "oos": {"n": 14, "months": 0.920984100877193, "eq": 1177.4201096859495, "growth": 0.17733823749038585, "liq": false, "maxdd": 0.0, "tpm": 15.201131036535457, "sl_hits": 0, "worst_mae": -0.048227262717463026, "win": 1.0, "score": 0.17733823749038585}, "elapsed": 0.864166259765625}