{"job": {"strategy": "scalpx", "mode": "lev", "method": "volXtrend9", "window": "all", "fold_idx": 15, "n_samples": 350, "seed": 486418}, "status": "ok", "n_feasible": 21, "cand": {"strategy": "scalpx", "tpL": [0.014624160800844565, 0.02, 0.02, 0.014596779193785606, 0.02, 0.012984962272636447, 0.02, 0.019434033487976378, 0.018541039386351217], "tpS": [0.014535322099939104, 0.010832388102007632, 0.009906749563107097, 0.011230637638778714, 0.013268353103897885, 0.007980595133122412, 0.007427144038600871, 0.00727477049503763, 0.009893942447808118], "rsiOB": [66.78708146794226, 50.0, 55.450798761180764, 51.87927399228341, 50.0, 61.03317617062938, 53.613926301232404, 65.02853233258867, 63.970781921634796], "rsiOS": [42.74571994225661, 36.40839050638618, 41.52085148724971, 50.0, 49.78727983825078, 50.0, 47.7995719293719, 28.656715531949956, 43.469190082961006], "useCvd": [1.0, 1.0, 1.0, 1.0, 1.0, 1.0, 1.0, 1.0, 1.0], "useEma": [1.0, 1.0, 1.0, 1.0, 1.0, 1.0, 1.0, 1.0, 1.0], "eL": [0.0, 1.0, 1.0, 1.0, 1.0, 1.0, 1.0, 1.0, 0.0], "eS": [1.0, 1.0, 1.0, 1.0, 1.0, 1.0, 1.0, 1.0, 1.0], "lev": [1.558187212116556, 1.5329389465378513, 1.304629222518082, 1.5651286686261194, 1.715169524622732, 1.4263923047766485, 1.2, 1.2, 1.6919922574786073], "sl": 0.05, "slOn": 0.0}, "train": {"n": 166, "months": 19.574629934210527, "eq": 31680.11552686024, "growth": 0.17653918491614862, "liq": false, "maxdd": 0.0, "tpm": 8.480364663746835, "sl_hits": 0, "worst_mae": -0.6201585069666369, "win": 1.0, "score": 0.1689260583954223}, "oos": {"n": 2, "months": 0.9210526315789473, "eq": 1055.40188402515, "growth": 0.05854348086971235, "liq": false, "maxdd": 0.0, "tpm": 2.1714285714285713, "sl_hits": 0, "worst_mae": -0.09350191120258744, "win": 1.0, "score": 0.05854348086971235}, "elapsed": 0.9066500663757324}