{"job": {"strategy": "scalpx", "mode": "lev", "method": "volXtrend9", "window": "all", "fold_idx": 3, "n_samples": 350, "seed": 486418}, "status": "ok", "n_feasible": 47, "cand": {"strategy": "scalpx", "tpL": [0.013858105764246726, 0.013526866123397594, 0.011243743509017676, 0.017094596482817453, 0.012656317431001271, 0.019864351122326027, 0.014875665748452898, 0.01986432070799199, 0.02], "tpS": [0.009730449913386903, 0.009206239849866052, 0.00725758847059644, 0.009478266626675759, 0.009333372176919392, 0.009872313247244942, 0.0105094933710743, 0.007078845335792252, 0.006069433521487491], "rsiOB": [51.001153014377365, 77.6667874174585, 79.20996667840396, 85.0, 65.04381736836234, 75.7068246716504, 51.07047497469739, 73.65963387567155, 85.0], "rsiOS": [50.0, 35.29819321943624, 46.99542544118745, 44.381210046721, 50.0, 34.561907918861635, 50.0, 49.99502490235984, 44.41737739016027], "useCvd": [1.0, 1.0, 1.0, 1.0, 1.0, 1.0, 1.0, 1.0, 1.0], "useEma": [1.0, 1.0, 1.0, 1.0, 1.0, 1.0, 1.0, 1.0, 1.0], "eL": [0.0, 1.0, 1.0, 1.0, 1.0, 1.0, 0.0, 1.0, 1.0], "eS": [1.0, 1.0, 1.0, 1.0, 1.0, 1.0, 1.0, 1.0, 1.0], "lev": [3.31108475286455, 2.2000404047310087, 2.1319263277432534, 3.369665100841173, 2.3555852169556357, 2.5255229326515956, 3.0035731892368474, 3.6446299282742407, 2.0525299588545916], "sl": 0.05, "slOn": 0.0}, "train": {"n": 77, "months": 8.777275219298247, "eq": 35931.20154906326, "growth": 0.408054430614108, "liq": false, "maxdd": 0.0, "tpm": 8.772654163868891, "sl_hits": 0, "worst_mae": -0.34008938372275366, "win": 1.0, "score": 0.3851323255771766}, "oos": {"n": 15, "months": 0.9172149122807017, "eq": 1678.500772115587, "growth": 0.5646451998402294, "liq": false, "maxdd": 0.0, "tpm": 16.35385534967125, "sl_hits": 0, "worst_mae": -0.128151698270473, "win": 1.0, "score": 0.5646451998402294}, "elapsed": 0.9067561626434326}