{
 "cand": {
  "strategy": "v7",
  "mode": "lev",
  "regs": [
   {
    "cdPctShort": 0.012,
    "zL": -1.4396735251345105,
    "eS3": 1.0,
    "zXS": 1.0,
    "vX": 1.0,
    "ptLong": 0.007598056021315756,
    "xApt1Short": 0.0036470128347829817,
    "ptShort": 0.007687906167001107,
    "slShort": 0.02,
    "zXLmax": -1.1388621043042608,
    "apt2Short": 0.010743503285652196,
    "bbValLong": -0.005385829108268847,
    "xDur1Long": 16.432566115884345,
    "cdPeriodShort": 32.881972850465544,
    "eL3": 0.0,
    "vMacd": 1.0,
    "rsiValLong": 43.65126673359125,
    "eXS": 1.0,
    "vBB": 1.0,
    "cdPctLong": 0.008234538899286712,
    "trendBlockZ": 3.0,
    "xDur1Short": 239.53447696608794,
    "xCdPeriodShort": 7.478706715790148,
    "apt1Short": 0.018101569294074048,
    "xDur2Long": 492.2728788490691,
    "vRsi": 0.0,
    "cdPeriodLong": 107.40373485883009,
    "xTpLong": 0.013704117231943575,
    "xApt2Short": 0.00872898923828247,
    "bbValShort": 1.0817677857745711,
    "dur2Long": 360.0,
    "leverage": 10.0,
    "dur1Short": 81.0218167975867,
    "eXL": 0.0,
    "vHistN": 3.0,
    "requireHistPos": 1.0,
    "apt1Long": 0.013738451900724782,
    "zS": 1.5553612877273908,
    "vEmaDn": 4.0,
    "xDur2Short": 324.6175330280583,
    "xApt2Long": 0.00785897432226183,
    "dur1Long": 57.40879715961949,
    "dur2Short": 360.0,
    "apt2Long": 0.003291606962215553,
    "xTpShort": 0.01831149862624723,
    "xApt1Long": 0.003558181723083754,
    "slLong": 0.06472318615645617,
    "xMinBetween": 14.336261319050893,
    "rsiValShort": 72.42117856768532,
    "xCdPctShort": 0.01,
    "vEmaUp": 3.0
   },
   {
    "cdPctShort": 0.009940330163515834,
    "zL": -0.9394838582612647,
    "eS3": 1.0,
    "zXS": 1.5615378137371319,
    "vX": 0.0,
    "ptLong": 0.02,
    "xApt1Short": 0.007972713674499107,
    "ptShort": 0.00937373758507976,
    "slShort": 0.08841735459803984,
    "zXLmax": 0.5,
    "apt2Short": 0.011571098970680843,
    "bbValLong": 0.019435339638477954,
    "xDur1Long": 132.25385203659926,
    "cdPeriodShort": 20.96708985687172,
    "eL3": 1.0,
    "vMacd": 1.0,
    "rsiValLong": 66.2976190510341,
    "eXS": 0.0,
    "vBB": 1.0,
    "cdPctLong": 0.012,
    "trendBlockZ": 3.0,
    "xDur1Short": 109.24652808025844,
    "xCdPeriodShort": 93.64767501453281,
    "apt1Short": 0.019615511949408394,
    "xDur2Long": 585.311188902164,
    "vRsi": 5.0,
    "cdPeriodLong": 115.60848305461593,
    "xTpLong": 0.014840250623701326,
    "xApt2Short": 0.008848155306152593,
    "bbValShort": 0.8888968739935055,
    "dur2Long": 321.5808618701448,
    "leverage": 10.0,
    "dur1Short": 34.81717509510001,
    "eXL": 1.0,
    "vHistN": 3.0,
    "requireHistPos": 1.0,
    "apt1Long": 0.0031987828396525487,
    "zS": 1.6645329285944215,
    "vEmaDn": 1.0,
    "xDur2Short": 229.88539394117126,
    "xApt2Long": 0.01,
    "dur1Long": 84.51223636289505,
    "dur2Short": 36.931339389306935,
    "apt2Long": 0.009902531304651447,
    "xTpShort": 0.005264954746551637,
    "xApt1Long": 0.01287495891113275,
    "slLong": 0.11071777014779154,
    "xMinBetween": 1.0,
    "rsiValShort": 50.0,
    "xCdPctShort": 0.0002,
    "vEmaUp": 1.0
   },
   {
    "cdPctShort": 0.006738894031258486,
    "zL": -3.0,
    "eS3": 1.0,
    "zXS": 2.1436266497527923,
    "vX": 2.0,
    "ptLong": 0.016050486003058584,
    "xApt1Short": 0.008135231183411279,
    "ptShort": 0.02,
    "slShort": 0.12,
    "zXLmax": 0.5,
    "apt2Short": 0.0015472619747238052,
    "bbValLong": -0.04335310132713335,
    "xDur1Long": 159.57358635833884,
    "cdPeriodShort": 94.50458791535091,
    "eL3": 1.0,
    "vMacd": 3.0,
    "rsiValLong": 74.39156922684852,
    "eXS": 0.0,
    "vBB": 1.0,
    "cdPctLong": 0.004776681523785127,
    "trendBlockZ": 99.0,
    "xDur1Short": 75.57730829660636,
    "xCdPeriodShort": 86.54996256830141,
    "apt1Short": 0.009657124074861991,
    "xDur2Long": 401.9994832585327,
    "vRsi": 3.0,
    "cdPeriodLong": 10.0,
    "xTpLong": 0.019256358197039674,
    "xApt2Short": 0.0023901312949393076,
    "bbValShort": 1.050661568578762,
    "dur2Long": 187.2746292997021,
    "leverage": 6.0,
    "dur1Short": 26.192451565343884,
    "eXL": 1.0,
    "vHistN": 3.0,
    "requireHistPos": 1.0,
    "apt1Long": 0.019225506487311934,
    "zS": 1.6826909479880328,
    "vEmaDn": 2.0,
    "xDur2Short": 375.2311390984968,
    "xApt2Long": 0.01,
    "dur1Long": 32.85147439201482,
    "dur2Short": 348.4732398014173,
    "apt2Long": 0.01226961729822863,
    "xTpShort": 0.0033851550822237347,
    "xApt1Long": 0.01443125857348446,
    "slLong": 0.10617101383666042,
    "xMinBetween": 26.759690934130983,
    "rsiValShort": 76.99081556185754,
    "xCdPctShort": 0.006433697873055336,
    "vEmaUp": 0.0
   }
  ]
 },
 "metrics": {
  "n": 120,
  "months": 14.81640625,
  "eq": 1043013801.860993,
  "growth": 0.9352892147340968,
  "liq": false,
  "maxdd": 0.5535738036120516,
  "tpm": 8.09912997627208,
  "sl_hits": 0,
  "worst_mae": -0.05259349264209534,
  "win": 1.0,
  "max_hold_days": 2.3020833333333335,
  "in_market": 0.06818192330285244,
  "score": 0.9449275722462717
 },
 "strategy": "v7",
 "mode": "lev",
 "method": "trend3",
 "algo": "genetic",
 "per_regime": true,
 "train_end": "2025-09-01",
 "holdout_days": null,
 "max_dd": null,
 "max_hold_days": 5.0,
 "gap_mode": "skip_contaminated",
 "scoring": "classic",
 "anchor": null,
 "anchor_strength": 0.0,
 "evaluated": 100800,
 "generated": "2026-07-20 15:19",
 "holdout": {
  "n": 4,
  "months": 2.1842105263157894,
  "eq": 0.0,
  "growth": -12.650347016931143,
  "liq": true,
  "maxdd": 1.0,
  "tpm": 1.8313253012048194,
  "sl_hits": 0,
  "worst_mae": -0.092,
  "win": 0.75,
  "max_hold_days": 60.6375,
  "in_market": 0.964828062248996,
  "score": -12.650347016931143
 },
 "holdout_scan": {
  "scanned": 596,
  "pool": 596,
  "reservoir": 296,
  "survivors": 0
 },
 "holdout_survivors": [],
 "holdout_top10": [
  {
   "rank": 353,
   "train_score": 0.01613824634481046,
   "holdout": {
    "n": 48,
    "months": 9.656661184210527,
    "eq": 2565.8006620124324,
    "growth": 0.09757726411565587,
    "liq": false,
    "maxdd": 0.5744729512059396,
    "tpm": 4.9706621247604845,
    "sl_hits": 0,
    "worst_mae": -0.10903458692813817,
    "win": 1.0,
    "max_hold_days": 9.904166666666667,
    "in_market": 0.10772124050812576,
    "score": 0.044488242203824135
   }
  },
  {
   "rank": 1,
   "train_score": 0.9449275722462717,
   "holdout": {
    "n": 4,
    "months": 2.1842105263157894,
    "eq": 0.0,
    "growth": -12.650347016931143,
    "liq": true,
    "maxdd": 1.0,
    "tpm": 1.8313253012048194,
    "sl_hits": 0,
    "worst_mae": -0.092,
    "win": 0.75,
    "max_hold_days": 60.6375,
    "in_market": 0.964828062248996,
    "score": -12.650347016931143
   }
  },
  {
   "rank": 2,
   "train_score": 0.9436595913708112,
   "holdout": {
    "n": 4,
    "months": 2.1842105263157894,
    "eq": 0.0,
    "growth": -12.650347016931143,
    "liq": true,
    "maxdd": 1.0,
    "tpm": 1.8313253012048194,
    "sl_hits": 0,
    "worst_mae": -0.092,
    "win": 0.75,
    "max_hold_days": 60.6375,
    "in_market": 0.9646398092369478,
    "score": -12.650347016931143
   }
  },
  {
   "rank": 3,
   "train_score": 0.9434728188213389,
   "holdout": {
    "n": 4,
    "months": 2.1842105263157894,
    "eq": 0.0,
    "growth": -12.650347016931143,
    "liq": true,
    "maxdd": 1.0,
    "tpm": 1.8313253012048194,
    "sl_hits": 0,
    "worst_mae": -0.092,
    "win": 0.75,
    "max_hold_days": 60.6375,
    "in_market": 0.9646711847389559,
    "score": -12.650347016931143
   }
  },
  {
   "rank": 4,
   "train_score": 0.9431369827369301,
   "holdout": {
    "n": 3,
    "months": 2.1842105263157894,
    "eq": 0.0,
    "growth": -12.650347016931143,
    "liq": true,
    "maxdd": 1.0,
    "tpm": 1.3734939759036144,
    "sl_hits": 0,
    "worst_mae": -0.092,
    "win": 0.6666666666666666,
    "max_hold_days": 60.6375,
    "in_market": 0.9892068273092369,
    "score": -12.650347016931143
   }
  },
  {
   "rank": 5,