{
 "cand": {
  "strategy": "v7",
  "mode": "spot",
  "regs": [
   {
    "xCdPeriodShort": 22.3521598388685,
    "apt2Long": 0.005346642243452263,
    "vX": 0.0,
    "dur2Long": 117.85433949143815,
    "slShort": 0.09543714263745164,
    "xTpLong": 0.018163165501300062,
    "xCdPctShort": 0.0002967207169601166,
    "cdPctLong": 0.0013744034148109687,
    "xApt1Short": 0.007332861962895716,
    "eXS": 0.0,
    "vBB": 1.0,
    "dur1Long": 11.027674599905177,
    "eL3": 0.0,
    "slLong": 0.02,
    "xApt2Long": 0.005877331774259393,
    "xDur1Long": 81.5565133729135,
    "bbValLong": 0.18090820678442382,
    "trendBlockZ": 3.0,
    "ptShort": 0.03,
    "vRsi": 1.0,
    "cdPctShort": 0.004854820179995416,
    "cdPeriodShort": 97.12026336735711,
    "xDur2Short": 529.9640592372198,
    "ptLong": 0.006735047068976529,
    "eS3": 0.0,
    "eXL": 1.0,
    "xTpShort": 0.011858117907180443,
    "vEmaUp": 3.0,
    "apt1Long": 0.0026240822684889743,
    "zL": -3.0,
    "zXS": 2.407597669811545,
    "xApt1Long": 0.012963935325179725,
    "bbValShort": 1.0462260201612394,
    "vEmaDn": 2.0,
    "xApt2Short": 0.008370339128618318,
    "dur2Short": 100.53791545242642,
    "vHistN": 3.0,
    "zS": 2.4843376976249636,
    "apt2Short": 0.0022852195249763864,
    "xDur1Short": 108.30065152138411,
    "vMacd": 0.0,
    "cdPeriodLong": 213.0745240544189,
    "dur1Short": 68.20052178382667,
    "xMinBetween": 21.282563215603496,
    "leverage": 1.0,
    "rsiValShort": 59.40699666598942,
    "rsiValLong": 58.81527646889328,
    "xDur2Long": 462.7696645683824,
    "requireHistPos": 1.0,
    "zXLmax": 0.20060984552332173,
    "apt1Short": 0.001
   },
   {
    "xCdPeriodShort": 78.11749835746875,
    "apt2Long": 0.009556267510279036,
    "vX": 3.0,
    "dur2Long": 96.6034901451786,
    "slShort": 0.034272461508786364,
    "xTpLong": 0.010975993962277273,
    "xCdPctShort": 0.000897979664391751,
    "cdPctLong": 0.00961600118573822,
    "xApt1Short": 0.0109754447526227,
    "eXS": 0.0,
    "vBB": 4.0,
    "dur1Long": 72.94730189883693,
    "eL3": 1.0,
    "slLong": 0.10078159277926398,
    "xApt2Long": 0.007349874988735713,
    "xDur1Long": 150.03908943685343,
    "bbValLong": -0.09832707055164458,
    "trendBlockZ": 1.5,
    "ptShort": 0.03,
    "vRsi": 0.0,
    "cdPctShort": 0.007708774940539638,
    "cdPeriodShort": 123.11313751412634,
    "xDur2Short": 648.5993821098264,
    "ptLong": 0.01216981316983919,
    "eS3": 0.0,
    "eXL": 0.0,
    "xTpShort": 0.019558045046117356,
    "vEmaUp": 4.0,
    "apt1Long": 0.005004246000899066,
    "zL": -2.582131867995052,
    "zXS": 1.5269489863952794,
    "xApt1Long": 0.010282680713683639,
    "bbValShort": 1.25,
    "vEmaDn": 2.0,
    "xApt2Short": 0.0014815533314641582,
    "dur2Short": 283.83783427606687,
    "vHistN": 0.0,
    "zS": 2.4057311063859848,
    "apt2Short": 0.0,
    "xDur1Short": 53.105610811056344,
    "vMacd": 1.0,
    "cdPeriodLong": 61.73913125831869,
    "dur1Short": 0.6,
    "xMinBetween": 9.694791998350738,
    "leverage": 1.0,
    "rsiValShort": 90.0,
    "rsiValLong": 73.01923305476113,
    "xDur2Long": 720.0,
    "requireHistPos": 1.0,
    "zXLmax": -1.7114284150516483,
    "apt1Short": 0.0010710203268701189
   },
   {
    "xCdPeriodShort": 83.5231890187528,
    "apt2Long": 0.007171602934623361,
    "vX": 2.0,
    "dur2Long": 274.0875859061974,
    "slShort": 0.06517907009991153,
    "xTpLong": 0.005740947729467896,
    "xCdPctShort": 0.005164820396310232,
    "cdPctLong": 0.010642934486515541,
    "xApt1Short": 0.003679037208131534,
    "eXS": 0.0,
    "vBB": 2.0,
    "dur1Long": 19.921296686003675,
    "eL3": 1.0,
    "slLong": 0.10710313749810879,
    "xApt2Long": 0.006406615466485429,
    "xDur1Long": 10.0,
    "bbValLong": 0.26303038769301396,
    "trendBlockZ": 99.0,
    "ptShort": 0.011833140574544633,
    "vRsi": 4.0,
    "cdPctShort": 0.0030099932988169632,
    "cdPeriodShort": 91.98759472005297,
    "xDur2Short": 366.80843286161166,
    "ptLong": 0.02949983355981964,
    "eS3": 0.0,
    "eXL": 1.0,
    "xTpShort": 0.0014042414093627968,
    "vEmaUp": 2.0,
    "apt1Long": 0.004105332592978448,
    "zL": -1.1705427716201169,
    "zXS": 2.133429444773521,
    "xApt1Long": 0.012007970037077938,
    "bbValShort": 0.9602242407201532,
    "vEmaDn": 0.0,
    "xApt2Short": 0.004623652433599222,
    "dur2Short": 10.0,
    "vHistN": 2.0,
    "zS": 1.7358932810906185,
    "apt2Short": 0.005468171658560807,
    "xDur1Short": 30.679029154064395,
    "vMacd": 2.0,
    "cdPeriodLong": 91.00222770266953,
    "dur1Short": 56.77536782727575,
    "xMinBetween": 13.131256617514289,
    "leverage": 1.0,
    "rsiValShort": 81.21898276919416,
    "rsiValLong": 54.04292047412754,
    "xDur2Long": 582.7130337343851,
    "requireHistPos": 1.0,
    "zXLmax": -1.1893075988593618,
    "apt1Short": 0.001
   }
  ]
 },
 "metrics": {
  "n": 128,
  "months": 14.81640625,
  "eq": 2902.9781790067473,
  "growth": 0.07192953205570422,
  "liq": false,
  "maxdd": 0.04861275006915209,
  "tpm": 8.63907197469022,
  "sl_hits": 0,
  "worst_mae": -0.04569299779517988,
  "win": 1.0,
  "max_hold_days": 0.48541666666666666,
  "in_market": 0.025869445562231443,
  "score": 0.06396165783812963
 },
 "strategy": "v7",
 "mode": "spot",
 "method": "vol3",
 "algo": "genetic",
 "per_regime": true,
 "train_end": "2025-09-01",
 "holdout_days": null,
 "max_dd": 0.05,
 "max_hold_days": 0.5,
 "gap_mode": "skip_contaminated",
 "scoring": "classic",
 "anchor": null,
 "anchor_strength": 0.0,
 "evaluated": 100800,
 "generated": "2026-07-12 17:17",
 "holdout": {
  "n": 74,
  "months": 9.656661184210527,
  "eq": 780.6240350922986,
  "growth": -0.02564671468216378,
  "liq": false,
  "maxdd": 0.2706584441280119,
  "tpm": 7.663104109005747,
  "sl_hits": 10,
  "worst_mae": -0.1117948717948718,
  "win": 0.8648648648648649,
  "max_hold_days": 21.0125,
  "in_market": 0.2442622950819672,
  "score": -0.04574080665940365
 },
 "holdout_scan": {
  "scanned": 10,
  "pool": 596,
  "reservoir": 296,
  "survivors": 0
 },
 "holdout_survivors": [],
 "holdout_top10": [
  {
   "rank": 6,
   "train_score": 0.06261710035379602,
   "holdout": {
    "n": 75,
    "months": 9.656661184210527,
    "eq": 877.3157167758175,
    "growth": -0.013554203939915988,
    "liq": false,
    "maxdd": 0.20551635913898564,
    "tpm": 7.766659569938257,
    "sl_hits": 9,
    "worst_mae": -0.11099161109916122,
    "win": 0.88,
    "max_hold_days": 21.0125,
    "in_market": 0.23378042722305017,
    "score": -0.030653330414038595
   }
  },
  {
   "rank": 4,
   "train_score": 0.06278024709358075,
   "holdout": {
    "n": 74,
    "months": 9.656661184210527,
    "eq": 859.897581108381,
    "growth": -0.015630867199504853,
    "liq": false,
    "maxdd": 0.17042703319792987,
    "tpm": 7.663104109005747,
    "sl_hits": 9,
    "worst_mae": -0.10465867846666332,
    "win": 0.8783783783783784,
    "max_hold_days": 21.0125,
    "in_market": 0.2249379036264282,
    "score": -0.03169076411661089
   }
  },
  {
   "rank": 7,
   "train_score": 0.0625148420524451,
   "holdout": {
    "n": 75,
    "months": 9.656661184210527,
    "eq": 815.177133864409,
    "growth": -0.021161542617428836,
    "liq": false,
    "maxdd": 0.2406513701589824,
    "tpm": 7.766659569938257,
    "sl_hits": 11,
    "worst_mae": -0.10465867846666332,
    "win": 0.8533333333333334,
    "max_hold_days": 21.0125,
    "in_market": 0.1936413313462494,
    "score": -0.03924721803651972
   }
  },
  {
   "rank": 1,
   "train_score": 0.06396165783812963,
   "holdout": {
    "n": 74,
    "months": 9.656661184210527,
    "eq": 780.6240350922986,
    "growth": -0.02564671468216378,
    "liq": false,
    "maxdd": 0.2706584441280119,
    "tpm": 7.663104109005747,
    "sl_hits": 10,
    "worst_mae": -0.1117948717948718,
    "win": 0.8648648648648649,
    "max_hold_days": 21.0125,
    "in_market": 0.2442622950819672,
    "score": -0.04574080665940365
   }
  },
  {
   "rank": 3,
   "train_score": 0.0629705562250459,
   "holdout": {
    "n": 72,