{
 "cand": {
  "strategy": "macdx",
  "tpL": [
   0.061119628569908574,
   0.03532020772257728,
   0.0512696090280715
  ],
  "tpS": [
   0.061326852467763635,
   0.0561099957951659,
   0.038492856024533825
  ],
  "slL": [
   0.05821123352742109,
   0.08601242308336182,
   0.09706077754932999
  ],
  "slS": [
   0.022471883915164723,
   0.019849475507637413,
   0.008375533177199409
  ],
  "minT": [
   223.4194271902879,
   213.77433308947207,
   169.75544281514198
  ],
  "mMinS": [
   0.13708024339755862,
   -0.0022903874697020885,
   0.025118249342474273
  ],
  "mMaxL": [
   0.046745475404658045,
   0.05285070007322985,
   0.0643805905417367
  ],
  "hrb": [
   6.0,
   1.0,
   4.0
  ],
  "reqH": [
   1.0,
   1.0,
   1.0
  ],
  "a1L": [
   0.030614096159125477,
   0.024724145405804095,
   0.04479229593441482
  ],
  "a2L": [
   0.018368457695475286,
   0.018436066869127722,
   0.04286764062311491
  ],
  "d1L": [
   91.90481501519359,
   104.52640372154457,
   128.14283323357145
  ],
  "d2L": [
   362.8877619540578,
   304.1701983912701,
   283.72545478955334
  ],
  "cdPL": [
   0.0011963326652891502,
   0.0005,
   0.0017223715617877716
  ],
  "cdTL": [
   36.42800814376806,
   18.43731476418661,
   20.598172647782185
  ],
  "a1S": [
   0.04292879672743454,
   0.04467023128273581,
   0.026944999217173676
  ],
  "a2S": [
   0.023392989678366127,
   0.03819471853456441,
   0.016166999530304205
  ],
  "d1S": [
   67.49172697838122,
   76.89573864821972,
   27.307103820207264
  ],
  "d2S": [
   112.1066753355783,
   119.0627928791482,
   215.3371710775724
  ],
  "cdPS": [
   0.0034408238999321813,
   0.005613853791595454,
   0.0031647405427775595
  ],
  "cdTS": [
   216.69923288167323,
   217.68827461091422,
   130.06106913228825
  ],
  "eL": [
   1.0,
   1.0,
   1.0
  ],
  "eS": [
   0.0,
   0.0,
   0.0
  ],
  "lev": [
   1.0,
   1.0,
   2.6962089577960104
  ]
 },
 "metrics": {
  "n": 49,
  "months": 14.81640625,
  "eq": 9003.6997293922,
  "growth": 0.14832446794641133,
  "liq": false,
  "maxdd": 0.3009782009361237,
  "tpm": 3.307144740311099,
  "sl_hits": 10,
  "worst_mae": -0.13669756662804167,
  "win": 0.7959183673469388,
  "max_hold_days": 11.675,
  "in_market": 0.22365761490464892,
  "score": 0.09524313769326154
 },
 "strategy": "macdx",
 "mode": "spot",
 "method": "vol3",
 "algo": "genetic",
 "per_regime": true,
 "train_end": "2025-09-01",
 "holdout_days": null,
 "max_dd": null,
 "max_hold_days": null,
 "gap_mode": "skip_contaminated",
 "scoring": "classic",
 "anchor": null,
 "anchor_strength": 0.0,
 "evaluated": 600,
 "generated": "2026-07-12 17:23",
 "holdout": {
  "n": 33,
  "months": 9.656661184210527,
  "eq": 99.07883323895146,
  "growth": -0.23940359988601342,
  "liq": false,
  "maxdd": 0.9223934047409355,
  "tpm": 3.417330210772833,
  "sl_hits": 15,
  "worst_mae": -0.1529626637631274,
  "win": 0.5454545454545454,
  "max_hold_days": 13.483333333333333,
  "in_market": 0.30955929316585057,
  "score": -0.31058011075480163
 },
 "holdout_scan": {
  "scanned": 10,
  "pool": 354,
  "reservoir": 54,
  "survivors": 10
 },
 "holdout_survivors": [
  {
   "rank": 10,
   "train_score": 0.025265850361335905,
   "holdout": {
    "n": 41,
    "months": 9.656661184210527,
    "eq": 942.6543227243386,
    "growth": -0.006115533547093979,
    "liq": false,
    "maxdd": 0.0708563511345246,
    "tpm": 4.2457738982329145,
    "sl_hits": 34,
    "worst_mae": -0.018492036096454445,
    "win": 0.17073170731707318,
    "max_hold_days": 2.2625,
    "in_market": 0.057476403378042724,
    "score": -0.012370533012889002
   }
  },
  {
   "rank": 9,
   "train_score": 0.026047469817108083,
   "holdout": {
    "n": 40,
    "months": 9.656661184210527,
    "eq": 894.2220367609461,
    "growth": -0.011577621834884338,
    "liq": false,
    "maxdd": 0.18808599045007152,
    "tpm": 4.142218437300404,
    "sl_hits": 30,
    "worst_mae": -0.040440370191675123,
    "win": 0.25,
    "max_hold_days": 4.03125,
    "in_market": 0.12929529486906535,
    "score": -0.02907967071974955
   }
  },
  {
   "rank": 5,
   "train_score": 0.04831207282731782,
   "holdout": {
    "n": 42,
    "months": 9.656661184210527,
    "eq": 760.5524120497911,
    "growth": -0.028344191284494946,
    "liq": false,
    "maxdd": 0.27856990043130136,
    "tpm": 4.3493293591654245,
    "sl_hits": 37,
    "worst_mae": -0.021749371859296485,
    "win": 0.11904761904761904,
    "max_hold_days": 3.18125,
    "in_market": 0.053786104605776736,
    "score": -0.03587320676520149
   }
  },
  {
   "rank": 6,
   "train_score": 0.04533290982996284,
   "holdout": {
    "n": 54,
    "months": 9.656661184210527,
    "eq": 715.4099948230187,
    "growth": -0.0346806701517984,
    "liq": false,
    "maxdd": 0.4703975779774128,
    "tpm": 5.591994890355545,
    "sl_hits": 29,
    "worst_mae": -0.12878849767175882,
    "win": 0.48148148148148145,
    "max_hold_days": 19.708333333333332,
    "in_market": 0.614938613299269,
    "score": -0.05632316272092493
   }
  },
  {
   "rank": 3,
   "train_score": 0.0504442073227441,
   "holdout": {
    "n": 41,
    "months": 9.656661184210527,
    "eq": 677.6653469820079,
    "growth": -0.04029360604004439,
    "liq": false,
    "maxdd": 0.4316581644355206,
    "tpm": 4.2457738982329145,
    "sl_hits": 16,
    "worst_mae": -0.11493043376593004,
    "win": 0.6097560975609756,
    "max_hold_days": 12.554166666666667,
    "in_market": 0.40208643815201195,
    "score": -0.06241267949577524
   }
  },
  {
   "rank": 2,
   "train_score": 0.06345874901736956,
   "holdout": {
    "n": 40,
    "months": 9.656661184210527,
    "eq": 623.9533923575119,
    "growth": -0.04884499892242976,
    "liq": false,
    "maxdd": 0.3719472126011174,
    "tpm": 4.142218437300404,
    "sl_hits": 35,
    "worst_mae": -0.021249852704348204,
    "win": 0.125,
    "max_hold_days": 3.285416666666667,
    "in_market": 0.066155702221276,
    "score": -0.051997455829231584
   }
  },
  {
   "rank": 4,
   "train_score": 0.05040547986401392,
   "holdout": {
    "n": 36,
    "months": 9.656661184210527,
    "eq": 565.1177383124268,
    "growth": -0.05910129518519581,
    "liq": false,
    "maxdd": 0.541665564949763,
    "tpm": 3.7279965935703636,
    "sl_hits": 7,
    "worst_mae": -0.30949181739879417,
    "win": 0.8055555555555556,
    "max_hold_days": 20.947916666666668,
    "in_market": 0.46863246043573914,
    "score": -0.09594030683587529
   }
  },
  {
   "rank": 7,
   "train_score": 0.03402471414146603,
   "holdout": {
    "n": 37,
    "months": 9.656661184210527,
    "eq": 550.7401140011751,
    "growth": -0.061770029221079055,
    "liq": false,
    "maxdd": 0.5494034176760698,
    "tpm": 3.8315520545028736,
    "sl_hits": 18,
    "worst_mae": -0.12228039557882497,
    "win": 0.5135135135135135,
    "max_hold_days": 20.877083333333335,
    "in_market": 0.5581647860336385,
    "score": -0.09797251206550539
   }
  },
  {
   "rank": 8,
   "train_score": 0.03355053569510982,
   "holdout": {
    "n": 59,
    "months": 9.656661184210527,
    "eq": 127.40186273299801,
    "growth": -0.21336659488289555,
    "liq": false,
    "maxdd": 0.9226228289543742,
    "tpm": 6.109772195018096,
    "sl_hits": 34,
    "worst_mae": -0.12878849767175882,
    "win": 0.423728813559322,
    "max_hold_days": 17.320833333333333,
    "in_market": 0.6045206159960258,
    "score": -0.2707204366474668
   }
  },
  {
   "rank": 1,
   "train_score": 0.09524313769326154,
   "holdout": {
    "n": 33,
    "months": 9.656661184210527,
    "eq": 99.07883323895146,
    "growth": -0.23940359988601342,
    "liq": false,
    "maxdd": 0.9223934047409355,
    "tpm": 3.417330210772833,
    "sl_hits": 15,
    "worst_mae": -0.1529626637631274,
    "win": 0.5454545454545454,
    "max_hold_days": 13.483333333333333,
    "in_market": 0.30955929316585057,
    "score": -0.31058011075480163
   }
  }
 ],
 "holdout_top10": [
  {
   "rank": 10,
   "train_score": 0.025265850361335905,
   "holdout": {
    "n": 41,
    "months": 9.656661184210527,
    "eq": 942.6543227243386,