{
 "cand": {
  "strategy": "v7",
  "mode": "lev",
  "regs": [
   {
    "apt1Long": 0.004648519827482751,
    "apt1Short": 0.009965315214373901,
    "apt2Long": 0.003558257255191427,
    "apt2Short": 0.00852045961232324,
    "bbValLong": 0.059691126285326274,
    "bbValShort": 1.1755862288723242,
    "cdPctLong": 0.009936239668949756,
    "cdPctShort": 0.0014508986154943635,
    "cdPeriodLong": 80.92338224779927,
    "cdPeriodShort": 97.72975790666919,
    "dur1Long": 55.11456750725449,
    "dur1Short": 27.31275192875754,
    "dur2Long": 115.69754671198908,
    "dur2Short": 179.10667442714998,
    "leverage": 9.0,
    "ptLong": 0.026136442042989674,
    "ptShort": 0.016177850878374304,
    "rsiValLong": 39.07418450339771,
    "rsiValShort": 59.03339093745879,
    "slLong": 0.10164708179071008,
    "slShort": 0.038850717676533544,
    "xApt1Long": 0.0049787282614190504,
    "xApt1Short": 0.005783472401097098,
    "xApt2Long": 0.006865136596044395,
    "xApt2Short": 0.0018042383223766734,
    "xCdPctShort": 0.0017607527363170349,
    "xCdPeriodShort": 70.77630281651496,
    "xDur1Long": 206.14916256365214,
    "xDur1Short": 122.20546766526789,
    "xDur2Long": 554.4719808128948,
    "xDur2Short": 676.8510081682286,
    "xMinBetween": 18.06755107428571,
    "xTpLong": 0.014115865434311177,
    "xTpShort": 0.011018575726646275,
    "zL": -1.9464802178929843,
    "zS": 2.951159588946307,
    "zXLmax": -0.17705079115446065,
    "zXS": 1.0314899479363562,
    "trendBlockZ": 99.0,
    "vBB": 3.0,
    "vEmaDn": 4.0,
    "vEmaUp": 2.0,
    "vHistN": 3.0,
    "vMacd": 2.0,
    "vRsi": 2.0,
    "vX": 0.0,
    "eL3": 1.0,
    "eS3": 1.0,
    "eXL": 1.0,
    "eXS": 0.0,
    "requireHistPos": 1.0
   },
   {
    "apt1Long": 0.0029018401874958697,
    "apt1Short": 0.005603889967234597,
    "apt2Long": 0.0017411041124975218,
    "apt2Short": 0.003362333980340758,
    "bbValLong": 0.2688253291814658,
    "bbValShort": 0.8049383703308928,
    "cdPctLong": 0.0032987887079366424,
    "cdPctShort": 0.0027932030384072984,
    "cdPeriodLong": 146.44039010030457,
    "cdPeriodShort": 25.48450688238619,
    "dur1Long": 29.998297418032127,
    "dur1Short": 32.609584879026265,
    "dur2Long": 326.17801492342414,
    "dur2Short": 309.7752065458399,
    "leverage": 5.0,
    "ptLong": 0.004145485982136957,
    "ptShort": 0.008005557096049425,
    "rsiValLong": 61.527406790293625,
    "rsiValShort": 54.532297776457405,
    "slLong": 0.0932843090045127,
    "slShort": 0.09790442145173459,
    "xApt1Long": 0.008263524159715138,
    "xApt1Short": 0.008070541321690782,
    "xApt2Long": 0.00295047093015283,
    "xApt2Short": 0.009446221889014363,
    "xCdPctShort": 0.0006297598957145668,
    "xCdPeriodShort": 86.78349036114952,
    "xDur1Long": 231.8501979487022,
    "xDur1Short": 84.79900356271875,
    "xDur2Long": 653.9741324401049,
    "xDur2Short": 497.2814563159841,
    "xMinBetween": 3.16839213334724,
    "xTpLong": 0.017588269154110783,
    "xTpShort": 0.018060457929547975,
    "zL": -0.9307586524730692,
    "zS": 1.8539417249742787,
    "zXLmax": -0.9965881506024782,
    "zXS": 1.0660765611176781,
    "trendBlockZ": 1.0,
    "vBB": 3.0,
    "vEmaDn": 3.0,
    "vEmaUp": 3.0,
    "vHistN": 3.0,
    "vMacd": 1.0,
    "vRsi": 4.0,
    "vX": 1.0,
    "eL3": 0.0,
    "eS3": 1.0,
    "eXL": 0.0,
    "eXS": 1.0,
    "requireHistPos": 1.0
   },
   {
    "apt1Long": 0.010468282246418726,
    "apt1Short": 0.003238189474815706,
    "apt2Long": 0.005535545856303274,
    "apt2Short": 0.0014773384387623788,
    "bbValLong": 0.1782878964161041,
    "bbValShort": 0.7209137544832205,
    "cdPctLong": 0.004413185727882051,
    "cdPctShort": 0.009152782924856285,
    "cdPeriodLong": 207.42388070456195,
    "cdPeriodShort": 160.64131606003056,
    "dur1Long": 69.22144048217281,
    "dur1Short": 62.06637833119314,
    "dur2Long": 231.21223727926645,
    "dur2Short": 75.56315274146976,
    "leverage": 8.0,
    "ptLong": 0.019363726106525453,
    "ptShort": 0.0073224583389763466,
    "rsiValLong": 59.6449862892899,
    "rsiValShort": 77.09638780207474,
    "slLong": 0.09662234192998492,
    "slShort": 0.05919720743636436,
    "xApt1Long": 0.0025250479308509314,
    "xApt1Short": 0.005045020852819366,
    "xApt2Long": 0.000899108107901192,
    "xApt2Short": 0.005554321796887155,
    "xCdPctShort": 0.0012075048844649929,
    "xCdPeriodShort": 18.48104608428587,
    "xDur1Long": 71.84167138762739,
    "xDur1Short": 233.00640101970214,
    "xDur2Long": 232.47847310627054,
    "xDur2Short": 276.00902587391204,
    "xMinBetween": 16.766591009055652,
    "xTpLong": 0.01768747123145291,
    "xTpShort": 0.006637506881825308,
    "zL": -2.8354963681715573,
    "zS": 2.289120146543609,
    "zXLmax": -2.23054966528004,
    "zXS": 2.7474851010499366,
    "trendBlockZ": 2.0,
    "vBB": 2.0,
    "vEmaDn": 1.0,
    "vEmaUp": 4.0,
    "vHistN": 2.0,
    "vMacd": 1.0,
    "vRsi": 3.0,
    "vX": 2.0,
    "eL3": 1.0,
    "eS3": 1.0,
    "eXL": 0.0,
    "eXS": 1.0,
    "requireHistPos": 0.0
   }
  ]
 },
 "metrics": {
  "n": 33,
  "months": 14.81640625,
  "eq": 11099.858076894301,
  "growth": 0.16245048102478768,
  "liq": false,
  "maxdd": 0.3595128026036135,
  "tpm": 2.227260743474822,
  "sl_hits": 0,
  "worst_mae": -0.03714808043875695,
  "win": 1.0,
  "max_hold_days": 0.4875,
  "in_market": 0.00973631019282982,
  "score": 0.1493220431546614
 },
 "strategy": "v7",
 "mode": "lev",
 "method": "vol3",
 "algo": "genetic",
 "per_regime": true,
 "train_end": "2025-09-01",
 "holdout_days": null,
 "max_dd": null,
 "max_hold_days": 1.0,
 "gap_mode": "skip_contaminated",
 "scoring": "underwater",
 "anchor": null,
 "anchor_strength": 0.0,
 "evaluated": 100800,
 "generated": "2026-07-20 15:30",
 "holdout": {
  "n": 12,
  "months": 2.1842105263157894,
  "eq": 0.0,
  "growth": -12.650347016931143,
  "liq": true,
  "maxdd": 1.0,
  "tpm": 5.493975903614458,
  "sl_hits": 0,
  "worst_mae": -0.1031111111111111,
  "win": 0.9166666666666666,
  "max_hold_days": 10.15,
  "in_market": 0.24943524096385541,
  "score": -12.77506463741307
 },
 "holdout_scan": {
  "scanned": 6,
  "pool": 6,
  "reservoir": 0,
  "survivors": 0
 },
 "holdout_survivors": [],
 "holdout_top10": [
  {
   "rank": 4,
   "train_score": 0.04698994430243897,
   "holdout": {
    "n": 38,
    "months": 9.656661184210527,
    "eq": 1715.7448734862255,
    "growth": 0.055904137526399736,
    "liq": false,
    "maxdd": 0.17736042092955262,
    "tpm": 3.9351075154353836,
    "sl_hits": 0,
    "worst_mae": -0.05708078214497336,
    "win": 1.0,
    "max_hold_days": 3.127083333333333,
    "in_market": 0.021268895039386844,
    "score": 0.03775586662866237
   }
  },
  {
   "rank": 6,
   "train_score": 0.02200204754399293,
   "holdout": {
    "n": 28,
    "months": 9.656661184210527,
    "eq": 1620.7127002053674,
    "growth": 0.050003410256090515,
    "liq": false,
    "maxdd": 0.9279069767441854,
    "tpm": 2.8995529061102827,
    "sl_hits": 0,
    "worst_mae": -0.186248492159228,
    "win": 1.0,
    "max_hold_days": 23.40625,
    "in_market": 0.09411681214959904,
    "score": -0.004219288867849391
   }
  },
  {
   "rank": 1,
   "train_score": 0.1493220431546614,
   "holdout": {
    "n": 12,
    "months": 2.1842105263157894,
    "eq": 0.0,
    "growth": -12.650347016931143,
    "liq": true,
    "maxdd": 1.0,
    "tpm": 5.493975903614458,
    "sl_hits": 0,
    "worst_mae": -0.1031111111111111,
    "win": 0.9166666666666666,
    "max_hold_days": 10.15,
    "in_market": 0.24943524096385541,
    "score": -12.77506463741307
   }
  },
  {
   "rank": 2,
   "train_score": 0.13451103803978198,
   "holdout": {
    "n": 16,
    "months": 9.656661184210527,
    "eq": 0.0,
    "growth": -2.8613431276959003,
    "liq": true,
    "maxdd": 1.0,
    "tpm": 1.6568873749201616,
    "sl_hits": 0,
    "worst_mae": -0.13485714285714284,
    "win": 0.9375,
    "max_hold_days": 212.01458333333332,
    "in_market": 0.7350649350649351,
    "score": -13.688919069932608
   }
  },
  {
   "rank": 3,