{
 "cand": {
  "strategy": "v7",
  "mode": "spot",
  "regs": [
   {
    "dur2Short": 259.90041310323863,
    "vRsi": 5.0,
    "xApt1Short": 0.0005,
    "apt2Short": 0.0043426381001000405,
    "vX": 0.0,
    "vMacd": 4.0,
    "ptShort": 0.010887762200248704,
    "rsiValShort": 63.601588026668516,
    "zS": 2.667042023871042,
    "slShort": 0.0633281465769647,
    "vEmaDn": 4.0,
    "eXL": 1.0,
    "vEmaUp": 4.0,
    "zXLmax": -0.9613579263362879,
    "xApt2Long": 0.0015527815485542127,
    "cdPeriodShort": 223.85705529812273,
    "xTpShort": 0.010212968208119245,
    "dur2Long": 141.0920606322216,
    "dur1Short": 69.37271460055933,
    "xCdPeriodShort": 15.689700111348179,
    "xDur1Long": 175.90622867844678,
    "requireHistPos": 1.0,
    "eL3": 1.0,
    "cdPctShort": 0.012,
    "dur1Long": 27.818260733393398,
    "eS3": 0.0,
    "xDur2Long": 614.017137930357,
    "apt2Long": 0.005821100352804608,
    "leverage": 1.0,
    "cdPeriodLong": 40.76107628283995,
    "zL": -2.2086688001424855,
    "xTpLong": 0.013154342814237994,
    "apt1Short": 0.0035240288495243825,
    "slLong": 0.1057597207566216,
    "bbValShort": 0.6980759671383987,
    "trendBlockZ": 2.0,
    "bbValLong": 0.0031258513816793607,
    "zXS": 1.351605001456453,
    "xApt2Short": 0.005017202224161934,
    "rsiValLong": 66.21945476711888,
    "apt1Long": 0.005794167000791091,
    "xDur2Short": 337.6865242167643,
    "vHistN": 3.0,
    "vBB": 1.0,
    "xDur1Short": 240.0,
    "xMinBetween": 11.464546399406133,
    "ptLong": 0.01609519433694795,
    "eXS": 0.0,
    "xCdPctShort": 0.004530660385053155,
    "xApt1Long": 0.014807766724475684,
    "cdPctLong": 0.004803360154337943
   },
   {
    "dur2Short": 101.33540170438113,
    "vRsi": 1.0,
    "xApt1Short": 0.006971419281913466,
    "apt2Short": 0.011726996554649672,
    "vX": 3.0,
    "vMacd": 1.0,
    "ptShort": 0.02367273565245265,
    "rsiValShort": 64.45785770094636,
    "zS": 1.8879131635938597,
    "slShort": 0.0702502996221878,
    "vEmaDn": 2.0,
    "eXL": 1.0,
    "vEmaUp": 2.0,
    "zXLmax": -1.5069167538719717,
    "xApt2Long": 0.0018518141004933363,
    "cdPeriodShort": 215.79825566449864,
    "xTpShort": 0.001,
    "dur2Long": 229.35930542018363,
    "dur1Short": 89.52906808953063,
    "xCdPeriodShort": 95.61537108136821,
    "xDur1Long": 148.72792373966183,
    "requireHistPos": 0.0,
    "eL3": 1.0,
    "cdPctShort": 0.0024976117363516323,
    "dur1Long": 51.05485522266752,
    "eS3": 0.0,
    "xDur2Long": 371.2155639890302,
    "apt2Long": 0.006622688890797774,
    "leverage": 1.0,
    "cdPeriodLong": 81.44932044092386,
    "zL": -2.263940810508439,
    "xTpLong": 0.018562557288766785,
    "apt1Short": 0.00653877149548222,
    "slLong": 0.12,
    "bbValShort": 1.2112682923291902,
    "trendBlockZ": 3.0,
    "bbValLong": 0.35,
    "zXS": 1.3576276308846522,
    "xApt2Short": 0.01,
    "rsiValLong": 49.45014627124011,
    "apt1Long": 0.014968690340079794,
    "xDur2Short": 653.5998419740147,
    "vHistN": 2.0,
    "vBB": 4.0,
    "xDur1Short": 196.86258466364615,
    "xMinBetween": 13.901776060641819,
    "ptLong": 0.012624580579130374,
    "eXS": 0.0,
    "xCdPctShort": 0.0038429853209728184,
    "xApt1Long": 0.015,
    "cdPctLong": 0.00964014155452743
   },
   {
    "dur2Short": 161.76364541915166,
    "vRsi": 4.0,
    "xApt1Short": 0.008203643545285197,
    "apt2Short": 0.005679594545382872,
    "vX": 3.0,
    "vMacd": 1.0,
    "ptShort": 0.027431147518471914,
    "rsiValShort": 75.82294224249281,
    "zS": 0.8,
    "slShort": 0.0633228259729447,
    "vEmaDn": 0.0,
    "eXL": 0.0,
    "vEmaUp": 4.0,
    "zXLmax": -2.4580030527788765,
    "xApt2Long": 0.00930853810869522,
    "cdPeriodShort": 67.69560595975729,
    "xTpShort": 0.014821002769962227,
    "dur2Long": 339.3875281207571,
    "dur1Short": 55.46458585474963,
    "xCdPeriodShort": 3.013318209886048,
    "xDur1Long": 78.06023853638442,
    "requireHistPos": 1.0,
    "eL3": 1.0,
    "cdPctShort": 0.009124048335873415,
    "dur1Long": 14.7012560585614,
    "eS3": 0.0,
    "xDur2Long": 248.34749443980644,
    "apt2Long": 0.013813984946041831,
    "leverage": 1.0,
    "cdPeriodLong": 65.28048125306182,
    "zL": -2.7315817659342962,
    "xTpLong": 0.0031110475890174117,
    "apt1Short": 0.002160552231883463,
    "slLong": 0.10545331764693926,
    "bbValShort": 0.6136525561183118,
    "trendBlockZ": 99.0,
    "bbValLong": 0.3046836800103056,
    "zXS": 2.8632187643267657,
    "xApt2Short": 0.0006713921943977192,
    "rsiValLong": 64.18448426771106,
    "apt1Long": 0.01592815235384797,
    "xDur2Short": 717.4858075992602,
    "vHistN": 3.0,
    "vBB": 4.0,
    "xDur1Short": 132.46144580298727,
    "xMinBetween": 26.08160628763263,
    "ptLong": 0.010229939789569048,
    "eXS": 0.0,
    "xCdPctShort": 0.0002,
    "xApt1Long": 0.006313508784038983,
    "cdPctLong": 0.009357936448046496
   }
  ]
 },
 "metrics": {
  "n": 42,
  "months": 14.81640625,
  "eq": 1911.5599091677377,
  "growth": 0.043729876474324296,
  "liq": false,
  "maxdd": 0.04691455251167236,
  "tpm": 2.834695491695228,
  "sl_hits": 0,
  "worst_mae": -0.04019502239355954,
  "win": 1.0,
  "max_hold_days": 1.4854166666666666,
  "in_market": 0.014329258421561417,
  "score": 0.06938055692321335
 },
 "strategy": "v7",
 "mode": "spot",
 "method": "vol3",
 "algo": "genetic",
 "per_regime": true,
 "train_end": "2025-09-01",
 "holdout_days": null,
 "max_dd": 0.05,
 "max_hold_days": 7.0,
 "gap_mode": "skip_contaminated",
 "scoring": "underwater",
 "anchor": null,
 "anchor_strength": 0.0,
 "evaluated": 100800,
 "generated": "2026-07-12 15:29",
 "holdout": {
  "n": 20,
  "months": 9.656661184210527,
  "eq": 951.86497427552,
  "growth": -0.005108607111016004,
  "liq": false,
  "maxdd": 0.18215053689411745,
  "tpm": 2.071109218650202,
  "sl_hits": 2,
  "worst_mae": -0.11848803205891911,
  "win": 0.9,
  "max_hold_days": 18.745833333333334,
  "in_market": 0.17643886168476333,
  "score": -0.11216461517814526
 },
 "holdout_scan": {
  "scanned": 10,
  "pool": 593,
  "reservoir": 293,
  "survivors": 0
 },
 "holdout_survivors": [],
 "holdout_top10": [
  {
   "rank": 6,
   "train_score": 0.06907264583000212,
   "holdout": {
    "n": 22,
    "months": 9.656661184210527,
    "eq": 1024.4114657865048,
    "growth": 0.002497578356070112,
    "liq": false,
    "maxdd": 0.15951235685361306,
    "tpm": 2.2782201405152223,
    "sl_hits": 2,
    "worst_mae": -0.10563220990726085,
    "win": 0.9090909090909091,
    "max_hold_days": 18.745833333333334,
    "in_market": 0.1792065857639628,
    "score": -0.10106002240804063
   }
  },
  {
   "rank": 5,
   "train_score": 0.06908020207975453,
   "holdout": {
    "n": 22,
    "months": 9.656661184210527,
    "eq": 1017.3873866842935,
    "growth": 0.0017850844513787511,
    "liq": false,
    "maxdd": 0.1598778495414418,
    "tpm": 2.2782201405152223,
    "sl_hits": 2,
    "worst_mae": -0.10563220990726085,
    "win": 0.9090909090909091,
    "max_hold_days": 18.74375,
    "in_market": 0.18340784898161946,
    "score": -0.10399084029408978
   }
  },
  {
   "rank": 9,
   "train_score": 0.06897995288777269,
   "holdout": {
    "n": 22,
    "months": 9.656661184210527,
    "eq": 994.6516675748571,
    "growth": -0.0005553354160292051,
    "liq": false,
    "maxdd": 0.16393264290604168,
    "tpm": 2.2782201405152223,
    "sl_hits": 2,
    "worst_mae": -0.10563220990726085,
    "win": 0.9090909090909091,
    "max_hold_days": 18.704166666666666,
    "in_market": 0.2012916045702931,
    "score": -0.11633407248507566
   }
  },
  {
   "rank": 2,
   "train_score": 0.06925380395613219,
   "holdout": {
    "n": 20,
    "months": 9.656661184210527,
    "eq": 958.6351114028693,
    "growth": -0.0043746761254231615,
    "liq": false,
    "maxdd": 0.18215053689411737,
    "tpm": 2.071109218650202,
    "sl_hits": 2,
    "worst_mae": -0.11848803205891911,
    "win": 0.9,
    "max_hold_days": 18.745833333333334,
    "in_market": 0.17905045773898232,
    "score": -0.11238252637301102
   }
  },
  {
   "rank": 8,