{"job": {"strategy": "v6", "mode": "spot", "method": "none", "window": 182, "fold_idx": 7, "n_samples": 350, "seed": 772053}, "status": "ok", "n_feasible": 350, "cand": {"strategy": "v6", "tv": 1, "zL": [-1.8241], "zS": [1.6319], "zXS": [1.9859], "zXLmax": [-99.0], "ptScale": [1.7987], "eS3": [0.0], "eXS": [0.0], "lev": [1.0], "sl": 0.08}, "train": {"n": 42, "months": 5.941885964912281, "eq": 1211.9112228610193, "growth": 0.032346402747339645, "liq": false, "maxdd": 0.12128185646032281, "tpm": 7.068462816017715, "sl_hits": 2, "worst_mae": -0.08330395366406451, "win": 0.9523809523809523, "score": 0.011596570748255104}, "oos": {"n": 2, "months": 0.915296052631579, "eq": 1018.6625222470794, "growth": 0.02020167584029256, "liq": false, "maxdd": 0.0, "tpm": 2.1850853548966755, "sl_hits": 0, "worst_mae": -0.011957423278960544, "win": 1.0, "score": 0.02020167584029256}, "elapsed": 0.7188763618469238}