{"job": {"strategy": "v6", "mode": "spot", "method": "none", "window": 182, "fold_idx": 12, "n_samples": 350, "seed": 772053}, "status": "ok", "n_feasible": 350, "cand": {"strategy": "v6", "tv": 0, "zL": [-1.7772], "zS": [1.6628], "zXS": [2.3891], "zXLmax": [-20.3779], "ptScale": [1.5715], "eS3": [0.0], "eXS": [0.0], "lev": [1.0], "sl": 0.08}, "train": {"n": 44, "months": 5.8803453947368425, "eq": 1355.495638909411, "growth": 0.05172607256944747, "liq": false, "maxdd": 0.0, "tpm": 7.482553667575694, "sl_hits": 0, "worst_mae": -0.05756034074775196, "win": 1.0, "score": 0.0428564364947105}, "oos": {"n": 10, "months": 0.7870065789473684, "eq": 883.5515549683743, "growth": -0.1573120722641646, "liq": false, "maxdd": 0.13901392267691556, "tpm": 12.706374085684432, "sl_hits": 2, "worst_mae": -0.11090275917492642, "win": 0.8, "score": -0.1573120722641646}, "elapsed": 0.7208890914916992}