{"job": {"strategy": "v6", "mode": "spot", "method": "none", "window": 182, "fold_idx": 1, "n_samples": 350, "seed": 772053}, "status": "ok", "n_feasible": 90, "cand": {"strategy": "v6", "tv": 0, "zL": [-1.0561], "zS": [1.3969], "zXS": [1.7075], "zXLmax": [-99.0], "ptScale": [1.7345], "eS3": [0.0], "eXS": [0.0], "lev": [1.0], "sl": 0.06}, "train": {"n": 19, "months": 0.9268777412280702, "eq": 1079.4127912329513, "growth": 0.08244580493287691, "liq": false, "maxdd": 0.058211612062076784, "tpm": 20.498927911275416, "sl_hits": 1, "worst_mae": -0.061191016906384066, "win": 0.9473684210526315, "score": 0.08244580493287691}, "oos": {"n": 19, "months": 0.9159813596491229, "eq": 1081.1473492465423, "growth": 0.08517950373357168, "liq": false, "maxdd": 0.058879480400630325, "tpm": 20.74278018853808, "sl_hits": 1, "worst_mae": -0.06370106761565841, "win": 0.9473684210526315, "score": 0.08517950373357168}, "elapsed": 0.5329208374023438}