{"job": {"strategy": "v6", "mode": "spot", "method": "none", "window": 182, "fold_idx": 15, "n_samples": 350, "seed": 772053}, "status": "ok", "n_feasible": 350, "cand": {"strategy": "v6", "tv": 1, "zL": [-1.3141], "zS": [1.6095], "zXS": [1.7751], "zXLmax": [-40.3978], "ptScale": [1.2744], "eS3": [0.0], "eXS": [0.0], "lev": [1.0], "sl": 0.08}, "train": {"n": 81, "months": 5.76733826754386, "eq": 1209.6562533533745, "growth": 0.033002439302267976, "liq": false, "maxdd": 0.10255743619165754, "tpm": 14.044607103390092, "sl_hits": 3, "worst_mae": -0.08268961584322665, "win": 0.9629629629629629, "score": 0.02499633574477249}, "oos": {"n": 4, "months": 0.9210526315789473, "eq": 1024.0619101337816, "growth": 0.025815011096594905, "liq": false, "maxdd": 0.0, "tpm": 4.3428571428571425, "sl_hits": 0, "worst_mae": -0.047367135997395726, "win": 1.0, "score": 0.025815011096594905}, "elapsed": 1.0240976810455322}