{"job": {"strategy": "v6", "mode": "spot", "method": "none", "window": 182, "fold_idx": 6, "n_samples": 350, "seed": 772053}, "status": "ok", "n_feasible": 350, "cand": {"strategy": "v6", "tv": 1, "zL": [-1.8669], "zS": [2.2902], "zXS": [1.8096], "zXLmax": [-0.7006], "ptScale": [1.6613], "eS3": [0.0], "eXS": [0.0], "lev": [1.0], "sl": 0.1}, "train": {"n": 39, "months": 5.494243421052632, "eq": 1350.3601182820128, "growth": 0.054670186255265193, "liq": false, "maxdd": 0.0, "tpm": 7.098338572070049, "sl_hits": 0, "worst_mae": -0.060660570629091026, "win": 1.0, "score": 0.04978018252012857}, "oos": {"n": 10, "months": 0.9139939692982456, "eq": 1069.8115421171833, "growth": 0.07383254853494486, "liq": false, "maxdd": 0.0, "tpm": 10.94099122741246, "sl_hits": 0, "worst_mae": -0.05756034074775196, "win": 1.0, "score": 0.07383254853494486}, "elapsed": 0.6863479614257812}