{"job": {"strategy": "v6", "mode": "spot", "method": "none", "window": 182, "fold_idx": 20, "n_samples": 350, "seed": 772053}, "status": "ok", "n_feasible": 350, "cand": {"strategy": "v6", "tv": 1, "zL": [-1.2935], "zS": [1.7299], "zXS": [2.1203], "zXLmax": [-99.0], "ptScale": [2.0005], "eS3": [0.0], "eXS": [0.0], "lev": [1.0], "sl": 0.08}, "train": {"n": 60, "months": 5.986362390350878, "eq": 1280.758431807743, "growth": 0.04133602531424494, "liq": false, "maxdd": 0.14175490294672155, "tpm": 10.022781129440316, "sl_hits": 3, "worst_mae": -0.08526526972804283, "win": 0.95, "score": 0.020441323953798524}, "oos": {"n": 7, "months": 0.9185855263157895, "eq": 878.0942363522953, "growth": -0.1415234147337097, "liq": false, "maxdd": 0.08674397802507401, "tpm": 7.62041181736795, "sl_hits": 2, "worst_mae": -0.08577464788732403, "win": 0.7142857142857143, "score": -0.1415234147337097}, "elapsed": 0.6970794200897217}