{"job": {"strategy": "v6", "mode": "spot", "method": "none", "window": 182, "fold_idx": 10, "n_samples": 350, "seed": 772053}, "status": "ok", "n_feasible": 350, "cand": {"strategy": "v6", "tv": 0, "zL": [-1.8566], "zS": [1.6882], "zXS": [1.969], "zXLmax": [-40.3823], "ptScale": [1.9005], "eS3": [0.0], "eXS": [0.0], "lev": [1.0], "sl": 0.08}, "train": {"n": 38, "months": 5.9493558114035086, "eq": 1291.5305660990457, "growth": 0.04300095817329299, "liq": false, "maxdd": 0.08186902919357429, "tpm": 6.387246149770196, "sl_hits": 1, "worst_mae": -0.0811719500480308, "win": 0.9736842105263158, "score": 0.02918003468826824}, "oos": {"n": 5, "months": 0.8395696271929824, "eq": 1038.6314870221113, "growth": 0.045146903287977484, "liq": false, "maxdd": 0.0, "tpm": 5.955432209615542, "sl_hits": 0, "worst_mae": -0.042864007688611205, "win": 1.0, "score": 0.045146903287977484}, "elapsed": 0.7312169075012207}