{"job": {"strategy": "v6", "mode": "spot", "method": "none", "window": 182, "fold_idx": 18, "n_samples": 350, "seed": 772053}, "status": "ok", "n_feasible": 350, "cand": {"strategy": "v6", "tv": 0, "zL": [-1.4101], "zS": [1.4983], "zXS": [2.0559], "zXLmax": [-39.6116], "ptScale": [1.5868], "eS3": [0.0], "eXS": [0.0], "lev": [1.0], "sl": 0.06}, "train": {"n": 53, "months": 5.852453399122807, "eq": 1026.9483053563658, "growth": 0.004543666097475123, "liq": false, "maxdd": 0.20607142568985906, "tpm": 9.056031101066756, "sl_hits": 5, "worst_mae": -0.06650306748466261, "win": 0.9056603773584906, "score": 0.01378346679240299}, "oos": {"n": 9, "months": 0.920984100877193, "eq": 924.4821682759199, "growth": -0.08525827561155301, "liq": false, "maxdd": 0.12056892760123063, "tpm": 9.772155666344222, "sl_hits": 2, "worst_mae": -0.06353098528756129, "win": 0.7777777777777778, "score": -0.08525827561155301}, "elapsed": 1.0256056785583496}