{"job": {"strategy": "v6", "mode": "spot", "method": "none", "window": 182, "fold_idx": 0, "n_samples": 350, "seed": 772053}, "status": "ok", "n_feasible": 174, "cand": {"strategy": "v6", "tv": 1, "zL": [-0.9417], "zS": [1.3835], "zXS": [2.0675], "zXLmax": [-99.0], "ptScale": [2.1743], "eS3": [0.0], "eXS": [0.0], "lev": [1.0], "sl": 0.1}, "train": {"n": 14, "months": 0.6162280701754386, "eq": 1144.797591522214, "growth": 0.2194444751240556, "liq": false, "maxdd": 0.0, "tpm": 22.718861209964412, "sl_hits": 0, "worst_mae": -0.06330849166748953, "win": 1.0, "score": 0.2194444751240556}, "oos": {"n": 19, "months": 0.9209155701754386, "eq": 952.8384080045148, "growth": -0.052458610376464786, "liq": false, "maxdd": 0.15730270449044637, "tpm": 20.63164161333532, "sl_hits": 2, "worst_mae": -0.10609947860630631, "win": 0.8947368421052632, "score": -0.052458610376464786}, "elapsed": 0.5251576900482178}