{"job": {"strategy": "v6", "mode": "spot", "method": "none", "window": 182, "fold_idx": 11, "n_samples": 350, "seed": 772053}, "status": "ok", "n_feasible": 350, "cand": {"strategy": "v6", "tv": 0, "zL": [-1.5462], "zS": [1.7486], "zXS": [2.2597], "zXLmax": [-39.7211], "ptScale": [1.8909], "eS3": [0.0], "eXS": [0.0], "lev": [1.0], "sl": 0.08}, "train": {"n": 57, "months": 5.875205592105263, "eq": 1388.6768319278044, "growth": 0.0558876398715887, "liq": false, "maxdd": 0.08116946648001241, "tpm": 9.701788151310495, "sl_hits": 2, "worst_mae": -0.08268961584322665, "win": 0.9649122807017544, "score": 0.048443062601998155}, "oos": {"n": 14, "months": 0.9208470394736842, "eq": 1013.6418757663643, "growth": 0.014714347212867534, "liq": false, "maxdd": 0.08794535439430992, "tpm": 15.203393614646126, "sl_hits": 1, "worst_mae": -0.08751542344363428, "win": 0.9285714285714286, "score": 0.014714347212867534}, "elapsed": 0.7237129211425781}