{"job": {"strategy": "v6", "mode": "spot", "method": "none", "window": 182, "fold_idx": 9, "n_samples": 350, "seed": 772053}, "status": "ok", "n_feasible": 350, "cand": {"strategy": "v6", "tv": 1, "zL": [-2.15], "zS": [1.9934], "zXS": [2.0656], "zXLmax": [-1.1731], "ptScale": [2.2755], "eS3": [0.0], "eXS": [0.0], "lev": [1.0], "sl": 0.08}, "train": {"n": 34, "months": 5.945792214912281, "eq": 1455.8080209632396, "growth": 0.06316417960336146, "liq": false, "maxdd": 0.0, "tpm": 5.718329664250066, "sl_hits": 0, "worst_mae": -0.05756034074775196, "win": 1.0, "score": 0.052098722659258204}, "oos": {"n": 6, "months": 0.91796875, "eq": 960.6101624423567, "growth": -0.043777754462729954, "liq": false, "maxdd": 0.0, "tpm": 6.536170212765957, "sl_hits": 1, "worst_mae": -0.0811719500480308, "win": 0.8333333333333334, "score": -0.043777754462729954}, "elapsed": 0.7252376079559326}