{"job": {"strategy": "v6", "mode": "spot", "method": "none", "window": 182, "fold_idx": 4, "n_samples": 350, "seed": 772053}, "status": "ok", "n_feasible": 350, "cand": {"strategy": "v6", "tv": 1, "zL": [-1.7648], "zS": [2.1104], "zXS": [2.2753], "zXLmax": [-20.7113], "ptScale": [1.5998], "eS3": [0.0], "eXS": [0.0], "lev": [1.0], "sl": 0.08}, "train": {"n": 26, "months": 3.6701617324561404, "eq": 1199.344961945883, "growth": 0.049527937993252044, "liq": false, "maxdd": 0.0, "tpm": 7.084156474652227, "sl_hits": 0, "worst_mae": -0.060660570629091026, "win": 1.0, "score": 0.04827778499735333}, "oos": {"n": 7, "months": 0.9156387061403509, "eq": 1084.2474653445092, "growth": 0.08833851767541327, "liq": false, "maxdd": 0.0, "tpm": 7.644936756230821, "sl_hits": 0, "worst_mae": -0.032169890664423884, "win": 1.0, "score": 0.08833851767541327}, "elapsed": 0.5860521793365479}