{"job": {"strategy": "v6", "mode": "spot", "method": "none", "window": 182, "fold_idx": 8, "n_samples": 350, "seed": 772053}, "status": "ok", "n_feasible": 350, "cand": {"strategy": "v6", "tv": 0, "zL": [-1.8772], "zS": [1.5668], "zXS": [2.0331], "zXLmax": [-40.0709], "ptScale": [1.6523], "eS3": [0.0], "eXS": [0.0], "lev": [1.0], "sl": 0.08}, "train": {"n": 37, "months": 5.936129385964913, "eq": 1336.2465416604148, "growth": 0.04883057231634392, "liq": false, "maxdd": 0.0, "tpm": 6.233017778803971, "sl_hits": 0, "worst_mae": -0.060660570629091026, "win": 1.0, "score": 0.04028515075978196}, "oos": {"n": 7, "months": 0.9194078947368421, "eq": 1063.2798802229956, "growth": 0.0667368181560975, "liq": false, "maxdd": 0.0, "tpm": 7.613595706618962, "sl_hits": 0, "worst_mae": -0.011605670952852143, "win": 1.0, "score": 0.0667368181560975}, "elapsed": 0.7286686897277832}