{"job": {"strategy": "v6", "mode": "spot", "method": "none", "window": 182, "fold_idx": 14, "n_samples": 350, "seed": 772053}, "status": "ok", "n_feasible": 350, "cand": {"strategy": "v6", "tv": 0, "zL": [-1.6619], "zS": [1.2643], "zXS": [1.9051], "zXLmax": [-0.5577], "ptScale": [1.414], "eS3": [0.0], "eXS": [0.0], "lev": [1.0], "sl": 0.06}, "train": {"n": 53, "months": 5.764117324561403, "eq": 1143.1380091720798, "growth": 0.023208604704574576, "liq": false, "maxdd": 0.08923224111785806, "tpm": 9.194816311972417, "sl_hits": 3, "worst_mae": -0.07691194559004422, "win": 0.9433962264150944, "score": 0.011206641463976156}, "oos": {"n": 10, "months": 0.920984100877193, "eq": 1063.300439168618, "growth": 0.06664359638841283, "liq": false, "maxdd": 0.0, "tpm": 10.857950740382469, "sl_hits": 0, "worst_mae": -0.057170542635658905, "win": 1.0, "score": 0.06664359638841283}, "elapsed": 1.0163538455963135}