{"job": {"strategy": "v6", "mode": "spot", "method": "none", "window": 182, "fold_idx": 5, "n_samples": 350, "seed": 772053}, "status": "ok", "n_feasible": 350, "cand": {"strategy": "v6", "tv": 1, "zL": [-1.9607], "zS": [2.1163], "zXS": [2.073], "zXLmax": [-20.6035], "ptScale": [1.4066], "eS3": [0.0], "eXS": [0.0], "lev": [1.0], "sl": 0.1}, "train": {"n": 29, "months": 4.5858004385964914, "eq": 1237.8536741322328, "growth": 0.04653036580290517, "liq": false, "maxdd": 0.0, "tpm": 6.323868730946261, "sl_hits": 0, "worst_mae": -0.05810220280032108, "win": 1.0, "score": 0.037240195344035186}, "oos": {"n": 5, "months": 0.9084429824561403, "eq": 1032.596028254378, "growth": 0.03530881708703903, "liq": false, "maxdd": 0.0, "tpm": 5.503922751961376, "sl_hits": 0, "worst_mae": -0.04222372651886963, "win": 1.0, "score": 0.03530881708703903}, "elapsed": 0.6393613815307617}