{"job": {"strategy": "v6", "mode": "spot", "method": "none", "window": 182, "fold_idx": 13, "n_samples": 350, "seed": 772053}, "status": "ok", "n_feasible": 350, "cand": {"strategy": "v6", "tv": 1, "zL": [-1.9124], "zS": [1.3361], "zXS": [2.2942], "zXLmax": [-0.3667], "ptScale": [1.4874], "eS3": [0.0], "eXS": [0.0], "lev": [1.0], "sl": 0.06}, "train": {"n": 46, "months": 5.755276864035088, "eq": 1181.9305674448306, "growth": 0.029042768857330706, "liq": false, "maxdd": 0.08512289560141702, "tpm": 7.992665007561233, "sl_hits": 2, "worst_mae": -0.06313131313131315, "win": 0.9565217391304348, "score": 0.0129515713898946}, "oos": {"n": 5, "months": 0.920984100877193, "eq": 1029.5187311939387, "growth": 0.03158734417882548, "liq": false, "maxdd": 0.0, "tpm": 5.428975370191234, "sl_hits": 0, "worst_mae": -0.07691194559004422, "win": 1.0, "score": 0.03158734417882548}, "elapsed": 1.0252890586853027}