{"job": {"strategy": "v6", "mode": "spot", "method": "none", "window": 182, "fold_idx": 17, "n_samples": 350, "seed": 772053}, "status": "ok", "n_feasible": 350, "cand": {"strategy": "v6", "tv": 1, "zL": [-1.497], "zS": [1.709], "zXS": [1.6557], "zXLmax": [-39.6138], "ptScale": [1.313], "eS3": [0.0], "eXS": [0.0], "lev": [1.0], "sl": 0.08}, "train": {"n": 58, "months": 5.852179276315789, "eq": 1279.4280195238, "growth": 0.04210621491213994, "liq": false, "maxdd": 0.07853820038494426, "tpm": 9.910837871069734, "sl_hits": 1, "worst_mae": -0.08174721984602218, "win": 0.9827586206896551, "score": 0.01826426819426389}, "oos": {"n": 4, "months": 0.920984100877193, "eq": 1023.4863294717264, "growth": 0.025206482240928984, "liq": false, "maxdd": 0.0, "tpm": 4.343180296152988, "sl_hits": 0, "worst_mae": -0.03887812108083455, "win": 1.0, "score": 0.025206482240928984}, "elapsed": 1.0360107421875}