{"job": {"strategy": "v6", "mode": "spot", "method": "none", "window": 182, "fold_idx": 3, "n_samples": 350, "seed": 772053}, "status": "ok", "n_feasible": 260, "cand": {"strategy": "v6", "tv": 0, "zL": [-1.3769], "zS": [1.7195], "zXS": [2.5896], "zXLmax": [-99.0], "ptScale": [1.8105], "eS3": [0.0], "eXS": [0.0], "lev": [1.0], "sl": 0.06}, "train": {"n": 28, "months": 2.752946820175439, "eq": 1186.6892926448033, "growth": 0.06217603681812494, "liq": false, "maxdd": 0.06336674672935413, "tpm": 10.170919319907394, "sl_hits": 1, "worst_mae": -0.06264370752644233, "win": 0.9642857142857143, "score": 0.033785888535699915}, "oos": {"n": 13, "months": 0.9172149122807017, "eq": 961.6111147893178, "growth": -0.042678281941056405, "liq": false, "maxdd": 0.060886326681448624, "tpm": 14.173341303048417, "sl_hits": 2, "worst_mae": -0.06419984233346476, "win": 0.8461538461538461, "score": -0.042678281941056405}, "elapsed": 0.6500108242034912}