{"job": {"strategy": "v6", "mode": "spot", "method": "none", "window": 182, "fold_idx": 19, "n_samples": 350, "seed": 772053}, "status": "ok", "n_feasible": 350, "cand": {"strategy": "v6", "tv": 0, "zL": [-2.2998], "zS": [1.4549], "zXS": [2.3269], "zXLmax": [-99.0], "ptScale": [2.1964], "eS3": [0.0], "eXS": [0.0], "lev": [1.0], "sl": 0.08}, "train": {"n": 14, "months": 5.853892543859649, "eq": 917.9286923650143, "growth": -0.014628824820297311, "liq": false, "maxdd": 0.07985884842550785, "tpm": 2.391571060641536, "sl_hits": 2, "worst_mae": -0.11090275917492642, "win": 0.8571428571428571, "score": 0.01965487501338906}, "oos": {"n": 5, "months": 0.9207785087719298, "eq": 1044.9872435559507, "growth": 0.047790731212292235, "liq": false, "maxdd": 0.0, "tpm": 5.430187555820185, "sl_hits": 0, "worst_mae": -0.01973536667414222, "win": 1.0, "score": 0.047790731212292235}, "elapsed": 1.0239531993865967}