{"job": {"strategy": "v6", "mode": "spot", "method": "none", "window": 182, "fold_idx": 2, "n_samples": 350, "seed": 772053}, "status": "ok", "n_feasible": 259, "cand": {"strategy": "v6", "tv": 1, "zL": [-1.2618], "zS": [1.9305], "zXS": [2.5195], "zXLmax": [-99.0], "ptScale": [1.8826], "eS3": [0.0], "eXS": [0.0], "lev": [1.0], "sl": 0.08}, "train": {"n": 23, "months": 1.842859100877193, "eq": 1222.9612686195817, "growth": 0.10921897770133379, "liq": false, "maxdd": 0.0, "tpm": 12.480606894500019, "sl_hits": 0, "worst_mae": -0.05810220280032108, "win": 1.0, "score": 0.06616238192772148}, "oos": {"n": 9, "months": 0.9100877192982456, "eq": 1082.2810579648178, "growth": 0.086882728817992, "liq": false, "maxdd": 0.0, "tpm": 9.889156626506024, "sl_hits": 0, "worst_mae": -0.026105263157894742, "win": 1.0, "score": 0.086882728817992}, "elapsed": 0.5997135639190674}