{
 "cand": {
  "strategy": "v7",
  "mode": "lev",
  "regs": [
   {
    "ptShort": 0.0029358544370204033,
    "eL3": 1.0,
    "vHistN": 3.0,
    "apt2Long": 0.015,
    "xTpLong": 0.02,
    "cdPctLong": 0.002245944716534473,
    "requireHistPos": 1.0,
    "cdPeriodLong": 134.1616511621621,
    "vEmaUp": 3.0,
    "cdPctShort": 0.0027635785275756846,
    "dur1Short": 37.85535249480777,
    "xApt2Long": 0.01,
    "eXL": 1.0,
    "dur1Long": 76.64222905191666,
    "vRsi": 4.0,
    "rsiValShort": 76.96883180526791,
    "slLong": 0.05497711651981658,
    "xMinBetween": 27.58405672590764,
    "leverage": 6.0,
    "dur2Short": 321.9096584936871,
    "eS3": 0.0,
    "vMacd": 0.0,
    "ptLong": 0.017781208835757574,
    "xApt1Long": 0.010801550810092328,
    "xCdPctShort": 0.004046398599678897,
    "vX": 4.0,
    "xTpShort": 0.009786879591896286,
    "apt2Short": 0.0027330448002298247,
    "bbValShort": 1.0199453014079038,
    "vBB": 0.0,
    "zXS": 3.0,
    "rsiValLong": 60.76483576811246,
    "trendBlockZ": 1.0,
    "apt1Long": 0.016886527646948462,
    "xDur2Long": 203.83033578928143,
    "apt1Short": 0.007826036424681023,
    "zXLmax": -1.1827734593287251,
    "xDur1Long": 112.45206000896779,
    "zL": -1.6473387313411676,
    "xApt2Short": 0.0015631913975395581,
    "cdPeriodShort": 187.44295940827195,
    "vEmaDn": 3.0,
    "xDur1Short": 95.58757603978695,
    "bbValLong": 0.2210687312027409,
    "zS": 2.352826981665301,
    "dur2Long": 254.6572913347505,
    "xDur2Short": 569.7388926797954,
    "xApt1Short": 0.015,
    "eXS": 1.0,
    "slShort": 0.10606325035590965,
    "xCdPeriodShort": 95.44401884161684
   },
   {
    "ptShort": 0.002,
    "eL3": 1.0,
    "vHistN": 3.0,
    "apt2Long": 0.004606476042827089,
    "xTpLong": 0.013818568213420044,
    "cdPctLong": 0.012,
    "requireHistPos": 0.0,
    "cdPeriodLong": 84.87601952002437,
    "vEmaUp": 3.0,
    "cdPctShort": 0.007589826062334232,
    "dur1Short": 8.432550665170707,
    "xApt2Long": 0.01,
    "eXL": 1.0,
    "dur1Long": 57.25141700307789,
    "vRsi": 0.0,
    "rsiValShort": 63.50588844065638,
    "slLong": 0.06620956483065052,
    "xMinBetween": 29.327137275927885,
    "leverage": 6.0,
    "dur2Short": 297.1437261283527,
    "eS3": 1.0,
    "vMacd": 0.0,
    "ptLong": 0.013741615986784727,
    "xApt1Long": 0.01380344892484772,
    "xCdPctShort": 0.0002,
    "vX": 0.0,
    "xTpShort": 0.002561665945689957,
    "apt2Short": 0.001180373638662421,
    "bbValShort": 0.7173960111295092,
    "vBB": 0.0,
    "zXS": 2.7468684740442244,
    "rsiValLong": 30.0,
    "trendBlockZ": 3.0,
    "apt1Long": 0.010401962074583593,
    "xDur2Long": 716.9917386974682,
    "apt1Short": 0.005911542976765454,
    "zXLmax": 0.1479953933879672,
    "xDur1Long": 225.9468109924011,
    "zL": -1.5710024644513036,
    "xApt2Short": 0.005941108735522129,
    "cdPeriodShort": 41.06488639323403,
    "vEmaDn": 3.0,
    "xDur1Short": 25.551840754555812,
    "bbValLong": 0.16416710150337768,
    "zS": 2.0400931419116124,
    "dur2Long": 328.02665027775754,
    "xDur2Short": 353.2439067767889,
    "xApt1Short": 0.0005,
    "eXS": 1.0,
    "slShort": 0.08394989274892087,
    "xCdPeriodShort": 94.4784791538526
   },
   {
    "ptShort": 0.01746396466780042,
    "eL3": 0.0,
    "vHistN": 2.0,
    "apt2Long": 0.008879297429627158,
    "xTpLong": 0.0089649637166327,
    "cdPctLong": 0.010679810726595882,
    "requireHistPos": 0.0,
    "cdPeriodLong": 106.87280118168987,
    "vEmaUp": 0.0,
    "cdPctShort": 0.009429448904062174,
    "dur1Short": 64.24505911882757,
    "xApt2Long": 0.0006137297596436441,
    "eXL": 1.0,
    "dur1Long": 28.654290568129635,
    "vRsi": 2.0,
    "rsiValShort": 50.0,
    "slLong": 0.11118468859950845,
    "xMinBetween": 8.190384881352395,
    "leverage": 6.0,
    "dur2Short": 316.31483424773654,
    "eS3": 1.0,
    "vMacd": 0.0,
    "ptLong": 0.003153082250846723,
    "xApt1Long": 0.003672815130862057,
    "xCdPctShort": 0.006312036489388811,
    "vX": 1.0,
    "xTpShort": 0.009786159409266516,
    "apt2Short": 0.013189665502830118,
    "bbValShort": 0.6561643568544977,
    "vBB": 2.0,
    "zXS": 2.5922171629455586,
    "rsiValLong": 52.2048912709024,
    "trendBlockZ": 1.5,
    "apt1Long": 0.011217477979634077,
    "xDur2Long": 389.19270363949033,
    "apt1Short": 0.01250325390912315,
    "zXLmax": -0.920271388706737,
    "xDur1Long": 135.10605135777132,
    "zL": -2.202567855267263,
    "xApt2Short": 0.007723050416488407,
    "cdPeriodShort": 189.25218633495993,
    "vEmaDn": 4.0,
    "xDur1Short": 99.44131036418693,
    "bbValLong": 0.04041347099450933,
    "zS": 2.5373409619417746,
    "dur2Long": 107.30222742529213,
    "xDur2Short": 588.3473424971287,
    "xApt1Short": 0.012862782316862933,
    "eXS": 1.0,
    "slShort": 0.06197042781955671,
    "xCdPeriodShort": 6.2812790806994165
   }
  ]
 },
 "metrics": {
  "n": 239,
  "months": 12.555235745614036,
  "eq": 4533179496.156704,
  "growth": 1.220760361440865,
  "liq": false,
  "maxdd": 0.5021232323933779,
  "tpm": 19.035883104265142,
  "sl_hits": 0,
  "worst_mae": -0.0833087512291052,
  "win": 1.0,
  "max_hold_days": 4.1125,
  "in_market": 0.2694562405161403,
  "score": 0.5914441148254909
 },
 "strategy": "v7",
 "mode": "lev",
 "method": "vol3",
 "algo": "genetic",
 "per_regime": true,
 "train_end": null,
 "holdout_days": 21.0,
 "max_dd": null,
 "max_hold_days": 5.0,
 "gap_mode": "skip_contaminated",
 "scoring": "classic",
 "anchor": null,
 "anchor_strength": 0.0,
 "evaluated": 100800,
 "generated": "2026-07-20 21:07",
 "holdout": {
  "n": 27,
  "months": 2.4594298245614037,
  "eq": 0.0,
  "growth": -11.234726374376653,
  "liq": true,
  "maxdd": 1.0,
  "tpm": 10.978154257690592,
  "sl_hits": 0,
  "worst_mae": -0.15866666666666665,
  "win": 0.9629629629629629,
  "max_hold_days": 16.764583333333334,
  "in_market": 0.5399855104770397,
  "score": -10.61584804895448
 },
 "holdout_scan": {
  "scanned": 595,
  "pool": 595,
  "reservoir": 295,
  "survivors": 1
 },
 "holdout_survivors": [
  {
   "rank": 479,
   "train_score": 0.015290644761134465,
   "holdout": {
    "n": 25,
    "months": 11.91467927631579,
    "eq": 1167.0902248066047,
    "growth": 0.012968344358374063,
    "liq": false,
    "maxdd": 0.08609374192548187,
    "tpm": 2.0982520318188875,
    "sl_hits": 0,
    "worst_mae": -0.08639420589756841,
    "win": 0.92,
    "max_hold_days": 4.78125,
    "in_market": 0.02914430659327386,
    "score": 0.007860075233909181
   }
  }
 ],
 "holdout_top10": [
  {
   "rank": 539,
   "train_score": 0.04046799938982443,
   "holdout": {
    "n": 38,
    "months": 11.91467927631579,
    "eq": 3167.8248398698133,
    "growth": 0.0967751758346123,
    "liq": false,
    "maxdd": 0.4967061188030372,
    "tpm": 3.1893430883647094,
    "sl_hits": 0,
    "worst_mae": -0.0930668332292317,
    "win": 1.0,
    "max_hold_days": 8.016666666666667,
    "in_market": 0.07235748508849126,
    "score": 0.044547085180817125
   }
  },
  {
   "rank": 444,
   "train_score": 0.03800825268818619,
   "holdout": {
    "n": 29,
    "months": 11.91467927631579,
    "eq": 1891.7864437529984,
    "growth": 0.05350723894395033,
    "liq": false,
    "maxdd": 0.3729565623540401,
    "tpm": 2.43397235690991,
    "sl_hits": 0,
    "worst_mae": -0.09570802919708021,
    "win": 1.0,
    "max_hold_days": 17.6375,
    "in_market": 0.08616752655887817,
    "score": 0.03366677313658014
   }
  },
  {
   "rank": 479,
   "train_score": 0.015290644761134465,
   "holdout": {
    "n": 25,
    "months": 11.91467927631579,
    "eq": 1167.0902248066047,
    "growth": 0.012968344358374063,
    "liq": false,
    "maxdd": 0.08609374192548187,
    "tpm": 2.0982520318188875,
    "sl_hits": 0,
    "worst_mae": -0.08639420589756841,
    "win": 0.92,
    "max_hold_days": 4.78125,
    "in_market": 0.02914430659327386,
    "score": 0.007860075233909181
   }
  },
  {
   "rank": 1,
   "train_score": 0.5914441148254909,
   "holdout": {
    "n": 27,
    "months": 2.4594298245614037,
    "eq": 0.0,