{
  "candidate": {
    "tv": 0,
    "sl": 0.1,
    "zL": [
      -1.572,
      -1.762,
      -1.846
    ],
    "zS": [
      2.23,
      1.94,
      1.414
    ],
    "zXS": [
      2.382,
      2.306,
      2.048
    ],
    "ptScale": [
      1.204,
      0.778,
      1.164
    ],
    "lev": [
      2.18,
      2.38,
      2.16
    ]
  },
  "metrics": {
    "n": 335.0,
    "months": 25.262541118421055,
    "eq": 7877.1410136638015,
    "growth": 0.0817006101182118,
    "liq": 0.0,
    "sl_hits": 4.0,
    "worst_mae": -0.11090275917492642,
    "tpm": 13.26074041521196,
    "score": -0.1399298191544885,
    "maxdd": 0.24998704418832546,
    "win": 0.9552238805970149
  }
}