{"pool": [[0.0718452709436847, {"strategy": "v7", "mode": "lev", "regs": [{"apt1Long": 0.010616378454433771, "apt1Short": 0.008442221158221627, "apt2Long": 0.004444375470457783, "apt2Short": 0.0005918296705985055, "bbValLong": 0.3121937177091084, "bbValShort": 1.011075086357118, "cdPctLong": 0.012, "cdPctShort": 0.006499892284946638, "cdPeriodLong": 216.60634531574178, "cdPeriodShort": 151.89245622287848, "dur1Long": 72.78184333901858, "dur1Short": 46.37569316175021, "dur2Long": 105.65515904170229, "dur2Short": 50.07257209984904, "leverage": 6.511343025227759, "ptLong": 0.006044787574094274, "ptShort": 0.016950909255470603, "rsiValLong": 45.49596969813649, "rsiValShort": 58.329386229790884, "slLong": 0.041535006495652164, "slShort": 0.07816694666415698, "xApt1Long": 0.008736877066072504, "xApt1Short": 0.007533910437256467, "xApt2Long": 0.001514655740298706, "xApt2Short": 0.009468963794360205, "xCdPctShort": 0.0006822445151657644, "xCdPeriodShort": 38.787693964000276, "xDur1Long": 25.522024025719965, "xDur1Short": 123.10849318642262, "xDur2Long": 538.6129949927183, "xDur2Short": 257.248744028711, "xMinBetween": 30.0, "xTpLong": 0.00931151144005376, "xTpShort": 0.019844017058240602, "zL": -2.7277143778199155, "zS": 1.6768465373696433, "zXLmax": 0.1834918034147407, "zXS": 2.421489250026501, "trendBlockZ": 99.0, "vBB": 1.0, "vEmaDn": 3.0, "vEmaUp": 1.0, "vHistN": 1.0, "vMacd": 1.0, "vRsi": 0.0, "vX": 3.0, "eL3": 0.0, "eS3": 1.0, "eXL": 0.0, "eXS": 1.0, "requireHistPos": 1.0}, {"apt1Long": 0.004133172359776058, "apt1Short": 0.013222454023432906, "apt2Long": 0.00022077508741144723, "apt2Short": 0.001567832754883876, "bbValLong": -0.11739545113114036, "bbValShort": 1.1000934941610954, "cdPctLong": 0.01129244938110818, "cdPctShort": 0.003831812326835903, "cdPeriodLong": 129.43629625319923, "cdPeriodShort": 14.852871892822805, "dur1Long": 18.18416763688736, "dur1Short": 24.824721028447808, "dur2Long": 299.11572735164367, "dur2Short": 267.9853678250449, "leverage": 7.961717256604679, "ptLong": 0.013230239109860353, "ptShort": 0.02235118687208352, "rsiValLong": 52.15077823432301, "rsiValShort": 56.384344547166855, "slLong": 0.07993664300061752, "slShort": 0.08196875568954183, "xApt1Long": 0.010236884948017649, "xApt1Short": 0.013140455401168103, "xApt2Long": 0.007333138389731347, "xApt2Short": 0.004446880077054398, "xCdPctShort": 0.0018698489085460877, "xCdPeriodShort": 100.32145093941361, "xDur1Long": 153.6547162546269, "xDur1Short": 39.91871455066464, "xDur2Long": 558.3172044878895, "xDur2Short": 232.03001062783568, "xMinBetween": 9.33295042889193, "xTpLong": 0.018969151265997363, "xTpShort": 0.018420485450883095, "zL": -2.4145640331953295, "zS": 1.08519040614677, "zXLmax": -1.8976420038019461, "zXS": 2.3140812739067487, "trendBlockZ": 99.0, "vBB": 0.0, "vEmaDn": 0.0, "vEmaUp": 2.0, "vHistN": 2.0, "vMacd": 0.0, "vRsi": 5.0, "vX": 3.0, "eL3": 1.0, "eS3": 0.0, "eXL": 0.0, "eXS": 1.0, "requireHistPos": 0.0}, {"apt1Long": 0.0029730172876912576, "apt1Short": 0.0025380706430098263, "apt2Long": 0.001704412061580218, "apt2Short": 0.0014025720198554295, "bbValLong": -0.037322184477662494, "bbValShort": 1.25, "cdPctLong": 0.008969747072088368, "cdPctShort": 0.010464705272305754, "cdPeriodLong": 123.53794707694097, "cdPeriodShort": 167.74145001268434, "dur1Long": 14.642483227768345, "dur1Short": 56.593439376062896, "dur2Long": 121.88335364453445, "dur2Short": 152.4145224842021, "leverage": 5.088598183084654, "ptLong": 0.0040581239561433766, "ptShort": 0.02456646958405139, "rsiValLong": 30.0, "rsiValShort": 52.27547962299972, "slLong": 0.05154375914821488, "slShort": 0.04755908040898905, "xApt1Long": 0.009043200417775139, "xApt1Short": 0.006155446957380589, "xApt2Long": 0.008312534441173134, "xApt2Short": 0.0017210630014626342, "xCdPctShort": 0.0006297792039779143, "xCdPeriodShort": 113.85574515315122, "xDur1Long": 140.32282550914076, "xDur1Short": 61.271894069103894, "xDur2Long": 233.66178475214605, "xDur2Short": 234.16977266344125, "xMinBetween": 4.60057560190101, "xTpLong": 0.01657787726045087, "xTpShort": 0.009945317884147084, "zL": -1.9430722375341491, "zS": 1.9438415793718797, "zXLmax": -2.5, "zXS": 2.7552758209778805, "trendBlockZ": 2.0, "vBB": 3.0, "vEmaDn": 0.0, "vEmaUp": 4.0, "vHistN": 2.0, "vMacd": 3.0, "vRsi": 0.0, "vX": 0.0, "eL3": 1.0, "eS3": 0.0, "eXL": 0.0, "eXS": 1.0, "requireHistPos": 1.0}]}, {"n": 37, "months": 14.81640625, "eq": 3139.8239002389287, "growth": 0.07722295786949086, "liq": false, "maxdd": 0.2942179540750464, "tpm": 2.4972317426838915, "sl_hits": 0, "worst_mae": -0.06148924512628362, "win": 0.9459459459459459, "max_hold_days": 0.48333333333333334, "score": 0.0718452709436847}]], "evaluated": 11200, "seed_base": 120}