{"pool": [[-18.829819884156645, {"strategy": "v7", "mode": "lev", "regs": [{"apt1Long": 0.01139083062379374, "apt1Short": 0.010985666384364953, "apt2Long": 0.00983891293722679, "apt2Short": 0.008432242279562206, "bbValLong": -0.16563321855099922, "bbValShort": 0.9806293329549709, "cdPctLong": 0.009075948265172194, "cdPctShort": 0.00438885453618224, "cdPeriodLong": 192.9712009109641, "cdPeriodShort": 85.42741950311834, "dur1Long": 39.6312717680051, "dur1Short": 18.858959097494136, "dur2Long": 248.50045024493076, "dur2Short": 33.70400235908504, "leverage": 6.106615671139563, "ptLong": 0.014221597850651708, "ptShort": 0.01859610255334859, "rsiValLong": 40.94139551000734, "rsiValShort": 77.4441461407042, "slLong": 0.02, "slShort": 0.03282041776553105, "xApt1Long": 0.0005, "xApt1Short": 0.0007691133491634894, "xApt2Long": 0.007667967888205672, "xApt2Short": 0.0006240704390419174, "xCdPctShort": 0.005400990599787525, "xCdPeriodShort": 45.292350543809015, "xDur1Long": 112.42955372656026, "xDur1Short": 88.41492512463311, "xDur2Long": 492.07478483011363, "xDur2Short": 544.1059415133496, "xMinBetween": 28.61253175897555, "xTpLong": 0.009725647740509576, "xTpShort": 0.0029013016636341344, "zL": -2.289784681707242, "zS": 1.980369503007555, "zXLmax": -0.4751226567221327, "zXS": 2.7129266831916072, "trendBlockZ": 1.5, "vBB": 1.0, "vEmaDn": 4.0, "vEmaUp": 3.0, "vHistN": 3.0, "vMacd": 3.0, "vRsi": 1.0, "vX": 2.0, "eL3": 0.0, "eS3": 1.0, "eXL": 0.0, "eXS": 1.0, "requireHistPos": 1.0}, {"apt1Long": 0.016274232004767717, "apt1Short": 0.004079511683217293, "apt2Long": 0.010610812303580273, "apt2Short": 0.008797088859772607, "bbValLong": 0.139534529799627, "bbValShort": 1.1404459463614265, "cdPctLong": 0.007871538210238208, "cdPctShort": 0.009409063530536398, "cdPeriodLong": 131.9130544544992, "cdPeriodShort": 24.687381215162482, "dur1Long": 50.02644263064663, "dur1Short": 17.970644007388966, "dur2Long": 253.1312214220372, "dur2Short": 75.84603179038925, "leverage": 4.7199641273091455, "ptLong": 0.01867519839585629, "ptShort": 0.01601376560203676, "rsiValLong": 32.18267581946942, "rsiValShort": 63.93374846239928, "slLong": 0.062237128693528224, "slShort": 0.048864744469868375, "xApt1Long": 0.010236884948017649, "xApt1Short": 0.0061563886147187104, "xApt2Long": 0.007333138389731347, "xApt2Short": 0.00821975963302684, "xCdPctShort": 0.0047023635186904215, "xCdPeriodShort": 3.220191931886794, "xDur1Long": 58.885982813605956, "xDur1Short": 45.10212152505091, "xDur2Long": 407.9690089137454, "xDur2Short": 213.161023688564, "xMinBetween": 22.59577484480176, "xTpLong": 0.0173034517552216, "xTpShort": 0.007104601945162743, "zL": -2.9218538129892315, "zS": 0.8663357718755402, "zXLmax": -0.8459132884783017, "zXS": 1.9106784915658448, "trendBlockZ": 1.5, "vBB": 2.0, "vEmaDn": 1.0, "vEmaUp": 0.0, "vHistN": 0.0, "vMacd": 0.0, "vRsi": 5.0, "vX": 3.0, "eL3": 1.0, "eS3": 0.0, "eXL": 0.0, "eXS": 1.0, "requireHistPos": 1.0}, {"apt1Long": 0.0025098828713410208, "apt1Short": 0.016535961059120006, "apt2Long": 0.007268517320098031, "apt2Short": 0.0016206260272541026, "bbValLong": 0.013007429295251338, "bbValShort": 1.1567253079688877, "cdPctLong": 0.001724125755583647, "cdPctShort": 0.010291672942760975, "cdPeriodLong": 211.90222416321967, "cdPeriodShort": 240.0, "dur1Long": 69.40933156219627, "dur1Short": 5.756096845789971, "dur2Long": 75.34762239249791, "dur2Short": 60.9240843380438, "leverage": 8.073761090231187, "ptLong": 0.010750803050606127, "ptShort": 0.005205622543665128, "rsiValLong": 45.94705758394569, "rsiValShort": 58.19625347435154, "slLong": 0.03735635723468102, "slShort": 0.07575422241976142, "xApt1Long": 0.003290369628185633, "xApt1Short": 0.008575714293506762, "xApt2Long": 0.003491696575367822, "xApt2Short": 0.00901442762394042, "xCdPctShort": 0.0010854285766116604, "xCdPeriodShort": 9.647058778536849, "xDur1Long": 124.24094428941281, "xDur1Short": 145.28080424988556, "xDur2Long": 111.18318604415991, "xDur2Short": 453.18945871772877, "xMinBetween": 15.71059134460021, "xTpLong": 0.01184333392649348, "xTpShort": 0.009945317884147084, "zL": -2.158961026384905, "zS": 1.085453419902271, "zXLmax": -1.5669687128305736, "zXS": 2.1963851748129555, "trendBlockZ": 3.0, "vBB": 3.0, "vEmaDn": 4.0, "vEmaUp": 0.0, "vHistN": 2.0, "vMacd": 2.0, "vRsi": 0.0, "vX": 2.0, "eL3": 1.0, "eS3": 0.0, "eXL": 1.0, "eXS": 0.0, "requireHistPos": 1.0}]}, {"n": 13, "months": 5.613144188596491, "eq": 0.0, "growth": -4.922556803736303, "liq": true, "maxdd": 1.0151241793216732, "tpm": 2.315992528111151, "sl_hits": 0, "worst_mae": -0.20386601699240045, "win": 0.8461538461538461, "max_hold_days": 98.93333333333334, "score": -18.829819884156645}]], "evaluated": 11200, "seed_base": 120}