{
 "cand": {
  "strategy": "v7",
  "mode": "lev",
  "regs": [
   {
    "vX": 1.0,
    "apt1Long": 0.011305486799388269,
    "dur2Short": 344.64326643589675,
    "cdPeriodShort": 178.95699505584432,
    "xApt2Long": 0.002969827409610372,
    "apt2Long": 0.006231145753834485,
    "dur2Long": 97.50540807486524,
    "requireHistPos": 1.0,
    "xDur2Short": 206.53245079582877,
    "xApt1Long": 0.015,
    "slShort": 0.03383580806959062,
    "cdPeriodLong": 10.0,
    "bbValLong": 0.06163244495399609,
    "eXL": 0.0,
    "apt1Short": 0.004265925045898945,
    "zL": -2.5612264553847996,
    "xDur1Short": 240.0,
    "xApt2Short": 0.00908772832563962,
    "cdPctLong": 0.0005752232132091242,
    "zS": 2.2245359335828256,
    "dur1Short": 90.0,
    "apt2Short": 0.008105849595570503,
    "vHistN": 0.0,
    "xTpLong": 0.01688552237338531,
    "ptLong": 0.01557052451986602,
    "leverage": 1.0,
    "rsiValShort": 60.409833352292246,
    "vEmaUp": 0.0,
    "xCdPeriodShort": 7.003852288866531,
    "cdPctShort": 0.0069766858538102255,
    "eL3": 0.0,
    "xMinBetween": 8.700812563904488,
    "bbValShort": 0.6093222297157571,
    "vEmaDn": 4.0,
    "zXS": 2.047358374641593,
    "ptShort": 0.013650935298473126,
    "xDur1Long": 138.24257673554442,
    "trendBlockZ": 1.0,
    "xCdPctShort": 0.009687315976874587,
    "vBB": 4.0,
    "eXS": 0.0,
    "rsiValLong": 65.29804735670926,
    "slLong": 0.04,
    "eS3": 1.0,
    "zXLmax": -0.06357136168011174,
    "vMacd": 1.0,
    "xTpShort": 0.002,
    "dur1Long": 27.40490485240374,
    "xApt1Short": 0.014863676043866382,
    "vRsi": 1.0,
    "xDur2Long": 714.1049725690427
   },
   {
    "vX": 2.0,
    "apt1Long": 0.01006556161031903,
    "dur2Short": 130.21863296671438,
    "cdPeriodShort": 123.63743548860839,
    "xApt2Long": 0.009171620499851086,
    "apt2Long": 0.0023981310401597193,
    "dur2Long": 347.050576840504,
    "requireHistPos": 1.0,
    "xDur2Short": 720.0,
    "xApt1Long": 0.015,
    "slShort": 0.03820487155086618,
    "cdPeriodLong": 48.87386294491153,
    "bbValLong": 0.35,
    "eXL": 1.0,
    "apt1Short": 0.017646022302348376,
    "zL": -2.1318230085155423,
    "xDur1Short": 114.36147257069037,
    "xApt2Short": 0.005925064563482968,
    "cdPctLong": 0.0010549420400181224,
    "zS": 0.8,
    "dur1Short": 12.834235368918204,
    "apt2Short": 0.005611063577075264,
    "vHistN": 1.0,
    "xTpLong": 0.012821221650185306,
    "ptLong": 0.010206832692082238,
    "leverage": 3.0,
    "rsiValShort": 63.570245856163254,
    "vEmaUp": 4.0,
    "xCdPeriodShort": 22.000917655769214,
    "cdPctShort": 0.007517374493176105,
    "eL3": 0.0,
    "xMinBetween": 16.497528941763473,
    "bbValShort": 0.7434750819489578,
    "vEmaDn": 3.0,
    "zXS": 2.219948011289403,
    "ptShort": 0.006033062892649149,
    "xDur1Long": 207.3576116668389,
    "trendBlockZ": 2.0,
    "xCdPctShort": 0.01,
    "vBB": 1.0,
    "eXS": 1.0,
    "rsiValLong": 32.061149718300285,
    "slLong": 0.038502739744646894,
    "eS3": 1.0,
    "zXLmax": -2.26295519275938,
    "vMacd": 2.0,
    "xTpShort": 0.012932204610016762,
    "dur1Long": 14.987207127241293,
    "xApt1Short": 0.005241159088932259,
    "vRsi": 4.0,
    "xDur2Long": 645.0335430913088
   },
   {
    "vX": 2.0,
    "apt1Long": 0.00374150571544034,
    "dur2Short": 305.42308124120075,
    "cdPeriodShort": 10.0,
    "xApt2Long": 0.007525404609668998,
    "apt2Long": 0.007827690358009693,
    "dur2Long": 50.31652209549078,
    "requireHistPos": 0.0,
    "xDur2Short": 463.32646238117957,
    "xApt1Long": 0.005509096431976527,
    "slShort": 0.03756671817599931,
    "cdPeriodLong": 240.0,
    "bbValLong": 0.35,
    "eXL": 0.0,
    "apt1Short": 0.017591740476377654,
    "zL": -0.8,
    "xDur1Short": 27.26212559637993,
    "xApt2Short": 0.0011831259409536138,
    "cdPctLong": 0.004548484208110097,
    "zS": 1.4011172237805705,
    "dur1Short": 45.03766836617906,
    "apt2Short": 0.0,
    "vHistN": 2.0,
    "xTpLong": 0.002,
    "ptLong": 0.01976721841892566,
    "leverage": 3.0,
    "rsiValShort": 54.0036132568176,
    "vEmaUp": 2.0,
    "xCdPeriodShort": 120.0,
    "cdPctShort": 0.010290649039815124,
    "eL3": 1.0,
    "xMinBetween": 23.620786464743436,
    "bbValShort": 0.6130747957879717,
    "vEmaDn": 3.0,
    "zXS": 2.780324984079121,
    "ptShort": 0.009109601068795943,
    "xDur1Long": 10.0,
    "trendBlockZ": 3.0,
    "xCdPctShort": 0.01,
    "vBB": 0.0,
    "eXS": 0.0,
    "rsiValLong": 85.0,
    "slLong": 0.02250104289739735,
    "eS3": 1.0,
    "zXLmax": 0.5,
    "vMacd": 0.0,
    "xTpShort": 0.00971733031566346,
    "dur1Long": 22.711356148448083,
    "xApt1Short": 0.015,
    "vRsi": 4.0,
    "xDur2Long": 217.35826808073273
   }
  ],
  "lev_stops": true
 },
 "metrics": {
  "n": 547,
  "months": 13.47046326754386,
  "eq": 2890591.3563277065,
  "growth": 0.5916067044956271,
  "liq": false,
  "maxdd": 0.363125815563295,
  "tpm": 40.60736361740121,
  "sl_hits": 50,
  "worst_mae": -0.05214794394670341,
  "win": 0.8976234003656307,
  "max_hold_days": 3.720833333333333,
  "in_market": 0.25522865675286555,
  "score": 0.5734155985962868
 },
 "strategy": "v7",
 "mode": "lev",
 "method": "vol3",
 "algo": "genetic",
 "per_regime": true,
 "train_end": "2026-03-01",
 "holdout_days": null,
 "max_dd": 0.4,
 "max_hold_days": 5.0,
 "gap_mode": "skip_contaminated",
 "scoring": "classic",
 "anchor": null,
 "anchor_strength": 0.0,
 "evaluated": 100800,
 "generated": "2026-07-21 00:01",
 "holdout": {
  "n": 127,
  "months": 4.043174342105263,
  "eq": 546.44862922991,
  "growth": -0.1494654754482889,
  "liq": false,
  "maxdd": 0.5890931991118531,
  "tpm": 31.41096308349436,
  "sl_hits": 28,
  "worst_mae": -0.04580883358402854,
  "win": 0.7480314960629921,
  "max_hold_days": 2.314583333333333,
  "in_market": 0.30784094376080545,
  "score": -0.05586316518186901
 },
 "holdout_scan": {
  "scanned": 10,
  "pool": 597,
  "reservoir": 297,
  "survivors": 10
 },
 "holdout_survivors": [
  {
   "rank": 9,
   "train_score": 0.5344954776496824,
   "holdout": {
    "n": 131,
    "months": 4.043174342105263,
    "eq": 640.9780638937739,
    "growth": -0.11000268766793729,
    "liq": false,
    "maxdd": 0.5850196229599478,
    "tpm": 32.40028475541544,
    "sl_hits": 28,
    "worst_mae": -0.04580883358402854,
    "win": 0.7786259541984732,
    "max_hold_days": 2.314583333333333,
    "in_market": 0.298993186209702,
    "score": -0.006192719205354386
   }
  },
  {
   "rank": 1,
   "train_score": 0.5734155985962868,
   "holdout": {
    "n": 127,
    "months": 4.043174342105263,
    "eq": 546.44862922991,
    "growth": -0.1494654754482889,
    "liq": false,
    "maxdd": 0.5890931991118531,
    "tpm": 31.41096308349436,
    "sl_hits": 28,
    "worst_mae": -0.04580883358402854,
    "win": 0.7480314960629921,
    "max_hold_days": 2.314583333333333,
    "in_market": 0.30784094376080545,
    "score": -0.05586316518186901
   }
  },
  {
   "rank": 6,
   "train_score": 0.5370868468276933,
   "holdout": {
    "n": 120,
    "months": 4.043174342105263,
    "eq": 495.2808779900395,
    "growth": -0.17378183269049222,
    "liq": false,
    "maxdd": 0.6007433763874231,
    "tpm": 29.679650157632466,
    "sl_hits": 26,
    "worst_mae": -0.04580883358402854,
    "win": 0.75,
    "max_hold_days": 2.314583333333333,
    "in_market": 0.29216244618461645,
    "score": -0.06915195493776369
   }
  },
  {
   "rank": 10,
   "train_score": 0.5341824152719336,
   "holdout": {
    "n": 130,
    "months": 4.043174342105263,
    "eq": 453.48223209081095,
    "growth": -0.19558869412883476,
    "liq": false,
    "maxdd": 0.6333074979959163,
    "tpm": 32.15295433743517,
    "sl_hits": 28,
    "worst_mae": -0.04580883358402854,
    "win": 0.7307692307692307,
    "max_hold_days": 2.314583333333333,
    "in_market": 0.2943659107088376,
    "score": -0.0884404292136318
   }
  },
  {
   "rank": 5,
   "train_score": 0.5396512575332821,
   "holdout": {
    "n": 124,
    "months": 4.043174342105263,
    "eq": 423.0091945635922,
    "growth": -0.21279353567700787,