{
 "cand": {
  "strategy": "v7",
  "mode": "lev",
  "regs": [
   {
    "vX": 1.0,
    "eS3": 1.0,
    "xTpShort": 0.001,
    "vEmaDn": 2.0,
    "dur2Short": 51.26126889265173,
    "zL": -1.8927610491593292,
    "apt1Long": 0.018336505750266248,
    "zXLmax": -2.0835769253142074,
    "apt1Short": 0.008518513274366075,
    "rsiValLong": 69.23088649426406,
    "xApt1Short": 0.009643022058447177,
    "ptLong": 0.024660145556421376,
    "vEmaUp": 2.0,
    "eL3": 1.0,
    "vHistN": 0.0,
    "requireHistPos": 1.0,
    "xDur1Long": 76.92361841135448,
    "bbValLong": 0.001020102713579208,
    "xDur2Short": 30.0,
    "xCdPeriodShort": 20.93504899782929,
    "zS": 0.8,
    "xApt1Long": 0.0016940500243981154,
    "eXL": 1.0,
    "xDur2Long": 57.32832920549579,
    "zXS": 2.0506420326969095,
    "cdPeriodLong": 10.0,
    "trendBlockZ": 99.0,
    "bbValShort": 1.1197704924871852,
    "vBB": 1.0,
    "vMacd": 0.0,
    "xTpLong": 0.0020415337230301213,
    "rsiValShort": 81.35829443477323,
    "ptShort": 0.02183396539590962,
    "leverage": 8.605164805252436,
    "eXS": 0.0,
    "apt2Short": 0.00740546502411365,
    "cdPctLong": 0.008044117292874428,
    "cdPeriodShort": 75.84108321053162,
    "xMinBetween": 10.353306062380543,
    "xDur1Short": 30.05409584149166,
    "dur2Long": 158.34836755804758,
    "vRsi": 0.0,
    "cdPctShort": 0.010333403541252562,
    "slLong": 0.0874773689978854,
    "apt2Long": 0.008452466114644671,
    "xApt2Long": 0.006895977980598127,
    "dur1Short": 60.89374511624512,
    "dur1Long": 57.183247707968576,
    "xCdPctShort": 0.0013262173397383399,
    "xApt2Short": 0.005129768623107093,
    "slShort": 0.10396319139194189
   },
   {
    "vX": 1.0,
    "eS3": 1.0,
    "xTpShort": 0.013665233983145997,
    "vEmaDn": 4.0,
    "dur2Short": 273.27730331653976,
    "zL": -1.6895937484034507,
    "apt1Long": 0.02,
    "zXLmax": -1.554838159718905,
    "apt1Short": 0.017532309168058615,
    "rsiValLong": 54.1075506519441,
    "xApt1Short": 0.00595622774846955,
    "ptLong": 0.008795948479677953,
    "vEmaUp": 2,
    "eL3": 1.0,
    "vHistN": 2.0,
    "requireHistPos": 1.0,
    "xDur1Long": 10.0,
    "bbValLong": 0.09599323963429662,
    "xDur2Short": 292.2934459897225,
    "xCdPeriodShort": 22.408419433916027,
    "zS": 2.064601791068382,
    "xApt1Long": 0.0013703533058021162,
    "eXL": 1.0,
    "xDur2Long": 428.8618887445216,
    "zXS": 1.236537442002445,
    "cdPeriodLong": 71.59952959132568,
    "trendBlockZ": 3.0,
    "bbValShort": 0.6169132901398399,
    "vBB": 1.0,
    "vMacd": 1.0,
    "xTpLong": 0.005977931048360366,
    "rsiValShort": 69.56499868259878,
    "ptShort": 0.01615366291736257,
    "leverage": 8.085816819816596,
    "eXS": 1.0,
    "apt2Short": 0.004815308734350453,
    "cdPctLong": 0.010116643227786586,
    "cdPeriodShort": 43.28765131154269,
    "xMinBetween": 13.323368939175941,
    "xDur1Short": 10.0,
    "dur2Long": 310.49958238144524,
    "vRsi": 1.0,
    "cdPctShort": 0.007210097765435483,
    "slLong": 0.050864844979840625,
    "apt2Long": 0.01308584066465488,
    "xApt2Long": 0.00017580467469562662,
    "dur1Short": 0.6,
    "dur1Long": 0.6,
    "xCdPctShort": 0.0017624021804134235,
    "xApt2Short": 0.0028679109728783733,
    "slShort": 0.020306336700168882
   },
   {
    "vX": 1,
    "eS3": 1.0,
    "xTpShort": 0.001,
    "vEmaDn": 4.0,
    "dur2Short": 197.82254265578635,
    "zL": -1.2507172656826742,
    "apt1Long": 0.009145248655115087,
    "zXLmax": -2.0772441860295707,
    "apt1Short": 0.0159372849114203,
    "rsiValLong": 30.0,
    "xApt1Short": 0.0058125538740683835,
    "ptLong": 0.010034524732713667,
    "vEmaUp": 2.0,
    "eL3": 1.0,
    "vHistN": 3.0,
    "requireHistPos": 1.0,
    "xDur1Long": 83.23469243317179,
    "bbValLong": -0.019960693790241592,
    "xDur2Short": 130.72290867079352,
    "xCdPeriodShort": 3.0,
    "zS": 1.673902892837478,
    "xApt1Long": 0.013327896696060904,
    "eXL": 1.0,
    "xDur2Long": 131.26751710332928,
    "zXS": 1.9134499353100967,
    "cdPeriodLong": 40.03906383253435,
    "trendBlockZ": 3.0,
    "bbValShort": 0.6092568302869579,
    "vBB": 1.0,
    "vMacd": 0.0,
    "xTpLong": 0.007411880764517253,
    "rsiValShort": 51.84673151005376,
    "ptShort": 0.007701446131598892,
    "leverage": 9.437346786258221,
    "eXS": 1.0,
    "apt2Short": 0.0069351900213518464,
    "cdPctLong": 0.009402897223581402,
    "cdPeriodShort": 67.09638605754162,
    "xMinBetween": 3.292569573588402,
    "xDur1Short": 162.19158754740025,
    "dur2Long": 10.0,
    "vRsi": 2.0,
    "cdPctShort": 0.0048511802231438386,
    "slLong": 0.11507992739844929,
    "apt2Long": 0.005396561462780563,
    "xApt2Long": 0.00019020147717407183,
    "dur1Short": 0.7725793971834714,
    "dur1Long": 9.167892807249693,
    "xCdPctShort": 0.0002,
    "xApt2Short": 0.004558075543981431,
    "slShort": 0.08904801889118204
   }
  ]
 },
 "metrics": {
  "n": 429,
  "months": 14.81640625,
  "eq": 2214874612992564.0,
  "growth": 1.9185635457109296,
  "liq": false,
  "maxdd": 0.4998980098907499,
  "tpm": 28.954389665172688,
  "sl_hits": 0,
  "worst_mae": -0.05816399469008471,
  "win": 0.9883449883449883,
  "max_hold_days": 4.235416666666667,
  "in_market": 0.15511954153773572,
  "score": 1.6695372409785643
 },
 "strategy": "v7",
 "mode": "lev",
 "method": "vol3",
 "algo": "genetic",
 "per_regime": true,
 "train_end": "2025-09-01",
 "holdout_days": null,
 "max_dd": 0.5,
 "max_hold_days": 7.0,
 "gap_mode": "skip_contaminated",
 "scoring": "underwater",
 "anchor": "defaults",
 "anchor_strength": 0.3,
 "evaluated": 36574500,
 "generated": "2026-07-10 05:16",
 "holdout": {
  "n": 9,
  "months": 2.1842105263157894,
  "eq": 0.0,
  "growth": -12.650347016931143,
  "liq": true,
  "maxdd": 1.0,
  "tpm": 4.120481927710844,
  "sl_hits": 0,
  "worst_mae": -0.1156733433719665,
  "win": 0.8888888888888888,
  "max_hold_days": 55.5125,
  "in_market": 1.0430785642570282,
  "score": -13.171886299059658
 },
 "holdout_scan": {
  "scanned": 600,
  "pool": 600,
  "reservoir": 300,
  "survivors": 3
 },
 "holdout_survivors": [
  {
   "rank": 452,
   "train_score": 0.0779610550648016,
   "holdout": {
    "n": 59,
    "months": 9.656661184210527,
    "eq": 3666.351463511778,
    "growth": 0.13453894582763376,
    "liq": false,
    "maxdd": 0.8980864527534924,
    "tpm": 6.109772195018096,
    "sl_hits": 0,
    "worst_mae": -0.09907195371821143,
    "win": 0.9661016949152542,
    "max_hold_days": 5.091666666666667,
    "in_market": 0.05739124263714428,
    "score": 0.0782782309080462
   }
  },
  {
   "rank": 547,
   "train_score": -0.051392754241058686,
   "holdout": {
    "n": 24,
    "months": 9.656661184210527,
    "eq": 2267.599444813876,
    "growth": 0.08478310909079231,
    "liq": false,
    "maxdd": 0.271228672092843,
    "tpm": 2.4853310623802423,
    "sl_hits": 0,
    "worst_mae": -0.08533139236170584,
    "win": 0.9583333333333334,
    "max_hold_days": 6.08125,
    "in_market": 0.084018167624725,
    "score": 0.015239131456892041
   }
  },
  {
   "rank": 418,
   "train_score": -0.08481812148215345,
   "holdout": {
    "n": 21,
    "months": 9.656661184210527,
    "eq": 1450.5319749706835,
    "growth": 0.03851542073848435,
    "liq": false,
    "maxdd": 0.27322188732861014,
    "tpm": 2.1746646795827123,
    "sl_hits": 0,
    "worst_mae": -0.06505043795923449,
    "win": 1.0,
    "max_hold_days": 3.58125,
    "in_market": 0.02213469590518771,
    "score": 0.022260294716739362
   }
  }
 ],
 "holdout_top10": [
  {
   "rank": 452,
   "train_score": 0.0779610550648016,
   "holdout": {
    "n": 59,
    "months": 9.656661184210527,
    "eq": 3666.351463511778,
    "growth": 0.13453894582763376,
    "liq": false,
    "maxdd": 0.8980864527534924,
    "tpm": 6.109772195018096,
    "sl_hits": 0,
    "worst_mae": -0.09907195371821143,
    "win": 0.9661016949152542,
    "max_hold_days": 5.091666666666667,
    "in_market": 0.05739124263714428,
    "score": 0.0782782309080462
   }
  },
  {
   "rank": 547,
   "train_score": -0.051392754241058686,