{
 "verdict": "PASS",
 "oos_pct_mo": 25.965837213267704,
 "maxdd": 0.49063577066678055,
 "n": 111,
 "folds": 13,
 "step_days": 42,
 "at": "2026-07-21 16:05"
}