{"job": {"strategy": "scalpx", "mode": "spot", "method": "volXtrend9", "window": "all", "fold_idx": 6, "n_samples": 350, "seed": 719206}, "status": "ok", "n_feasible": 138, "cand": {"strategy": "scalpx", "tpL": [0.0037858615181527075, 0.0034141060936871974, 0.004071774598553322, 0.004227272999447618, 0.0035031541420858774, 0.0036893504381324714, 0.004128333181347679, 0.0041583381464314765, 0.0026247793101844413], "tpS": [0.006258623007370489, 0.005785389621683051, 0.004649182563168516, 0.005988102283656993, 0.006450387853096654, 0.006293761625251365, 0.005118790705992489, 0.0048195978875231246, 0.003962334835412318], "rsiOB": [67.0373833018838, 56.948586532273644, 57.2313517827341, 63.44154295219269, 50.0, 50.0, 50.27450538986593, 58.78572439812347, 52.80402962955219], "rsiOS": [30.098002617956418, 35.07666050650461, 43.47304237845067, 41.34728819963736, 29.616270751416906, 33.81608393149202, 41.69344430586732, 32.349527246561415, 28.577600788331925], "useCvd": [1.0, 1.0, 1.0, 1.0, 1.0, 1.0, 1.0, 1.0, 1.0], "useEma": [1.0, 1.0, 1.0, 0.0, 1.0, 1.0, 1.0, 0.0, 1.0], "eL": [1.0, 1.0, 1.0, 1.0, 1.0, 1.0, 1.0, 1.0, 1.0], "eS": [0.0, 0.0, 0.0, 0.0, 0.0, 0.0, 0.0, 0.0, 0.0], "lev": [1.0, 1.0, 1.0, 1.0, 1.0, 1.0, 1.0, 1.0, 1.0], "sl": 0.08, "slOn": 1.0}, "train": {"n": 25, "months": 11.518571820175438, "eq": 1072.290521341926, "growth": 0.006059521591436517, "liq": false, "maxdd": 0.0, "tpm": 2.1704079629221975, "sl_hits": 0, "worst_mae": -0.05476713188019444, "win": 1.0, "score": 0.006006558133789655}, "oos": {"n": 2, "months": 0.9139939692982456, "eq": 1005.7618323540202, "growth": 0.006285923844687032, "liq": false, "maxdd": 0.0, "tpm": 2.1881982454824924, "sl_hits": 0, "worst_mae": -0.020810514786418488, "win": 1.0, "score": 0.006285923844687032}, "elapsed": 0.987119197845459}