{"job": {"strategy": "scalpx", "mode": "spot", "method": "volXtrend9", "window": "all", "fold_idx": 11, "n_samples": 350, "seed": 719206}, "status": "ok", "n_feasible": 119, "cand": {"strategy": "scalpx", "tpL": [0.014506766218886375, 0.012454559708718959, 0.011695588807541499, 0.01163614775253338, 0.01317845012661096, 0.011000551061234235, 0.01648400937253332, 0.00853426796601169, 0.012656468449537073], "tpS": [0.007011995545179228, 0.009620360088390822, 0.008622180325707583, 0.007284036860712508, 0.004964173924054575, 0.005222966436347113, 0.007777029783796791, 0.00956576075243137, 0.007586879123021255], "rsiOB": [50.0, 59.209928885673314, 50.0, 61.511818018829445, 69.22006190112418, 59.65709745013081, 50.0, 50.0, 52.280884715792574], "rsiOS": [31.492621705416795, 31.563550889939226, 44.37947351230295, 26.051380428153454, 43.59983309625012, 23.90042511211335, 37.370365494053466, 23.032253253856343, 26.319740760429116], "useCvd": [1.0, 1.0, 1.0, 1.0, 1.0, 1.0, 1.0, 1.0, 1.0], "useEma": [1.0, 1.0, 1.0, 1.0, 1.0, 1.0, 1.0, 1.0, 1.0], "eL": [1.0, 1.0, 1.0, 1.0, 1.0, 1.0, 1.0, 1.0, 1.0], "eS": [0.0, 0.0, 0.0, 0.0, 0.0, 0.0, 0.0, 0.0, 0.0], "lev": [1.0, 1.0, 1.0, 1.0, 1.0, 1.0, 1.0, 1.0, 1.0], "sl": 0.05, "slOn": 1.0}, "train": {"n": 90, "months": 16.02480811403509, "eq": 1349.4718356288392, "growth": 0.018703080929172996, "liq": false, "maxdd": 0.13516453111604837, "tpm": 5.616291899381612, "sl_hits": 12, "worst_mae": -0.07991271842750092, "win": 0.8666666666666667, "score": 0.0009987145922887297}, "oos": {"n": 5, "months": 0.9208470394736842, "eq": 933.6625805637677, "growth": -0.07454025029318287, "liq": false, "maxdd": 0.05099521126011074, "tpm": 5.429783433802188, "sl_hits": 2, "worst_mae": -0.05927706471948846, "win": 0.6, "score": -0.07454025029318287}, "elapsed": 1.1534903049468994}