{"job": {"strategy": "scalpx", "mode": "spot", "method": "volXtrend9", "window": "all", "fold_idx": 2, "n_samples": 350, "seed": 719206}, "status": "ok", "n_feasible": 180, "cand": {"strategy": "scalpx", "tpL": [0.0103, 0.0095, 0.0082, 0.0085, 0.0089, 0.0088, 0.0076, 0.0093, 0.0101], "tpS": [0.0147, 0.0157, 0.0135, 0.0144, 0.0147, 0.0134, 0.0141, 0.0162, 0.0118], "rsiOB": [70.3091, 66.1932, 68.633, 68.5672, 63.0647, 68.295, 70.8584, 57.6074, 72.2555], "rsiOS": [44.3406, 32.4785, 41.7636, 38.5577, 42.0733, 36.4288, 40.0768, 41.998, 38.9491], "useCvd": [1.0, 1.0, 1.0, 1.0, 1.0, 1.0, 1.0, 1.0, 1.0], "useEma": [1.0, 1.0, 1.0, 1.0, 1.0, 1.0, 1.0, 1.0, 1.0], "eL": [1.0, 1.0, 1.0, 1.0, 1.0, 1.0, 1.0, 1.0, 1.0], "eS": [0.0, 0.0, 0.0, 0.0, 0.0, 0.0, 0.0, 0.0, 0.0], "lev": [1.0, 1.0, 1.0, 1.0, 1.0, 1.0, 1.0, 1.0, 1.0], "sl": 0.05, "slOn": 1.0}, "train": {"n": 86, "months": 7.8671875, "eq": 1242.3042632678937, "growth": 0.02757884339041429, "liq": false, "maxdd": 0.0851472379696415, "tpm": 10.931479642502483, "sl_hits": 8, "worst_mae": -0.08001144553534711, "win": 0.9069767441860465, "score": 0.01322650734425104}, "oos": {"n": 9, "months": 0.9100877192982456, "eq": 954.2870727005836, "growth": -0.051413437437894595, "liq": false, "maxdd": 0.09234379351391887, "tpm": 9.889156626506024, "sl_hits": 2, "worst_mae": -0.051144428672817654, "win": 0.7777777777777778, "score": -0.051413437437894595}, "elapsed": 1.0391325950622559}