{"job": {"strategy": "scalpx", "mode": "spot", "method": "volXtrend9", "window": "all", "fold_idx": 9, "n_samples": 350, "seed": 719206}, "status": "ok", "n_feasible": 131, "cand": {"strategy": "scalpx", "tpL": [0.0105, 0.0099, 0.0113, 0.0096, 0.0108, 0.0106, 0.0101, 0.0106, 0.0109], "tpS": [0.0129, 0.0106, 0.0139, 0.0134, 0.0117, 0.0105, 0.0121, 0.0098, 0.0126], "rsiOB": [59.0802, 67.5204, 53.632, 60.7293, 74.6623, 63.1325, 69.3795, 62.5091, 61.9598], "rsiOS": [31.4634, 31.1543, 34.755, 34.8094, 38.0687, 33.2355, 36.217, 39.8737, 40.0456], "useCvd": [1.0, 1.0, 1.0, 1.0, 1.0, 1.0, 1.0, 1.0, 1.0], "useEma": [1.0, 1.0, 1.0, 1.0, 1.0, 1.0, 1.0, 1.0, 1.0], "eL": [1.0, 1.0, 1.0, 1.0, 1.0, 1.0, 1.0, 1.0, 1.0], "eS": [0.0, 0.0, 0.0, 0.0, 0.0, 0.0, 0.0, 0.0, 0.0], "lev": [1.0, 1.0, 1.0, 1.0, 1.0, 1.0, 1.0, 1.0, 1.0], "sl": 0.03, "slOn": 1.0}, "train": {"n": 84, "months": 14.267269736842106, "eq": 875.2936297976312, "growth": -0.009335764618112832, "liq": false, "maxdd": 0.2237673353451211, "tpm": 5.8876015908697905, "sl_hits": 23, "worst_mae": -0.03569963069347559, "win": 0.7261904761904762, "score": -0.02459237175178785}, "oos": {"n": 5, "months": 0.91796875, "eq": 965.883202636733, "growth": -0.03781431592650358, "liq": false, "maxdd": 0.0614854728121566, "tpm": 5.446808510638298, "sl_hits": 2, "worst_mae": -0.05546006066734077, "win": 0.6, "score": -0.03781431592650358}, "elapsed": 1.0644574165344238}