{"job": {"strategy": "scalpx", "mode": "spot", "method": "volXtrend9", "window": "all", "fold_idx": 5, "n_samples": 350, "seed": 719206}, "status": "ok", "n_feasible": 147, "cand": {"strategy": "scalpx", "tpL": [0.0104, 0.0095, 0.0103, 0.0115, 0.0113, 0.0116, 0.0088, 0.0102, 0.0112], "tpS": [0.0074, 0.0085, 0.0078, 0.0065, 0.0078, 0.0063, 0.0064, 0.0076, 0.0084], "rsiOB": [68.5081, 68.61, 69.1381, 71.5933, 63.574, 72.243, 70.4346, 67.6386, 70.4419], "rsiOS": [33.2258, 27.7137, 34.1463, 32.7367, 38.9104, 31.9541, 39.3157, 40.8291, 37.1038], "useCvd": [1.0, 1.0, 1.0, 1.0, 1.0, 1.0, 1.0, 1.0, 1.0], "useEma": [1.0, 1.0, 1.0, 1.0, 1.0, 1.0, 1.0, 1.0, 1.0], "eL": [1.0, 1.0, 1.0, 1.0, 1.0, 1.0, 1.0, 1.0, 1.0], "eS": [0.0, 0.0, 0.0, 0.0, 0.0, 0.0, 0.0, 0.0, 0.0], "lev": [1.0, 1.0, 1.0, 1.0, 1.0, 1.0, 1.0, 1.0, 1.0], "sl": 0.05, "slOn": 1.0}, "train": {"n": 61, "months": 10.610128837719298, "eq": 1090.44291869677, "growth": 0.008160500447903644, "liq": false, "maxdd": 0.0660546473262427, "tpm": 5.749223306614651, "sl_hits": 8, "worst_mae": -0.08001144553534711, "win": 0.8688524590163934, "score": -0.003798961236466512}, "oos": {"n": 5, "months": 0.9084429824561403, "eq": 925.6781705191056, "growth": -0.08501210782815961, "liq": false, "maxdd": 0.05116401035100539, "tpm": 5.503922751961376, "sl_hits": 2, "worst_mae": -0.05533806648530293, "win": 0.6, "score": -0.08501210782815961}, "elapsed": 0.9447169303894043}