{"job": {"strategy": "scalpx", "mode": "spot", "method": "volXtrend9", "window": "all", "fold_idx": 3, "n_samples": 350, "seed": 719206}, "status": "ok", "n_feasible": 185, "cand": {"strategy": "scalpx", "tpL": [0.0065, 0.0071, 0.0061, 0.0065, 0.0067, 0.0065, 0.0077, 0.0069, 0.0061], "tpS": [0.0107, 0.0076, 0.0117, 0.0116, 0.0097, 0.0094, 0.0102, 0.0113, 0.011], "rsiOB": [58.7117, 63.6607, 56.3093, 68.4445, 63.8887, 62.5344, 60.8034, 56.9008, 66.1434], "rsiOS": [37.182, 30.0413, 36.9515, 32.061, 37.4804, 36.6254, 33.7873, 35.2412, 40.6123], "useCvd": [1.0, 1.0, 1.0, 1.0, 1.0, 1.0, 1.0, 1.0, 1.0], "useEma": [1.0, 1.0, 1.0, 1.0, 1.0, 1.0, 1.0, 1.0, 1.0], "eL": [1.0, 1.0, 1.0, 1.0, 1.0, 1.0, 1.0, 1.0, 1.0], "eS": [0.0, 0.0, 0.0, 0.0, 0.0, 0.0, 0.0, 0.0, 0.0], "lev": [1.0, 1.0, 1.0, 1.0, 1.0, 1.0, 1.0, 1.0, 1.0], "sl": 0.08, "slOn": 1.0}, "train": {"n": 24, "months": 8.777275219298247, "eq": 956.3433309702177, "growth": -0.005085666846962866, "liq": false, "maxdd": 0.14015636397787565, "tpm": 2.7343337653617326, "sl_hits": 2, "worst_mae": -0.08203335479885909, "win": 0.9166666666666666, "score": -0.0179894783483507}, "oos": {"n": 5, "months": 0.9172149122807017, "eq": 1027.3863850057626, "growth": 0.029456659185419662, "liq": false, "maxdd": 0.0, "tpm": 5.4512851165570835, "sl_hits": 0, "worst_mae": -0.012135416666666732, "win": 1.0, "score": 0.029456659185419662}, "elapsed": 1.0708091259002686}