{"job": {"strategy": "scalpx", "mode": "spot", "method": "volXtrend9", "window": "all", "fold_idx": 0, "n_samples": 350, "seed": 719206}, "status": "ok", "n_feasible": 176, "cand": {"strategy": "scalpx", "tpL": [0.0082, 0.0085, 0.0077, 0.0095, 0.0079, 0.0103, 0.009, 0.0085, 0.0088], "tpS": [0.0115, 0.01, 0.0114, 0.0114, 0.0104, 0.0097, 0.0109, 0.0111, 0.0094], "rsiOB": [60.8665, 63.0227, 66.7948, 57.2136, 60.6485, 68.8382, 69.2955, 63.9974, 60.423], "rsiOS": [42.6489, 39.6329, 43.2837, 43.9228, 42.3924, 43.613, 48.0046, 41.9134, 44.2401], "useCvd": [1.0, 1.0, 1.0, 1.0, 1.0, 1.0, 1.0, 1.0, 1.0], "useEma": [1.0, 1.0, 1.0, 1.0, 1.0, 1.0, 1.0, 1.0, 1.0], "eL": [1.0, 1.0, 1.0, 1.0, 1.0, 1.0, 1.0, 1.0, 1.0], "eS": [0.0, 0.0, 0.0, 0.0, 0.0, 0.0, 0.0, 0.0, 0.0], "lev": [1.0, 1.0, 1.0, 1.0, 1.0, 1.0, 1.0, 1.0, 1.0], "sl": 0.08, "slOn": 1.0}, "train": {"n": 91, "months": 6.024328399122807, "eq": 1127.5486268730033, "growth": 0.019926855170976095, "liq": false, "maxdd": 0.23277156121183762, "tpm": 15.105418226079834, "sl_hits": 6, "worst_mae": -0.10295220325387555, "win": 0.9340659340659341, "score": -0.013105931914762912}, "oos": {"n": 15, "months": 0.9209155701754386, "eq": 1022.963016250795, "growth": 0.02465300273307777, "liq": false, "maxdd": 0.08092465618633969, "tpm": 16.288138115791043, "sl_hits": 1, "worst_mae": -0.08479071376407732, "win": 0.9333333333333333, "score": 0.02465300273307777}, "elapsed": 0.8749125003814697}