{"job": {"strategy": "scalpx", "mode": "spot", "method": "volXtrend9", "window": "all", "fold_idx": 17, "n_samples": 350, "seed": 719206}, "status": "ok", "n_feasible": 58, "cand": {"strategy": "scalpx", "tpL": [0.005170858707884114, 0.007833053824004559, 0.0040783188816136875, 0.004279582154199981, 0.005348032791187508, 0.005205712809871084, 0.005210075831966955, 0.007740409957196406, 0.007169339413862005], "tpS": [0.005021363100620789, 0.006747188329942548, 0.004238768017888417, 0.006909388966218803, 0.004327610227623416, 0.007875672853914738, 0.004468009409851694, 0.005010196869787133, 0.007751802392619555], "rsiOB": [85.0, 85.0, 85.0, 73.62169840159952, 85.0, 85.0, 63.86271699913077, 67.8587052432382, 76.72260342299717], "rsiOS": [34.50030900926653, 27.08808648494755, 35.70071854512408, 32.83725053776555, 36.44203324836612, 41.599549981982314, 42.57919730698419, 25.1691279317389, 46.86405535687082], "useCvd": [1.0, 1.0, 1.0, 1.0, 1.0, 1.0, 1.0, 1.0, 1.0], "useEma": [1.0, 0.0, 0.0, 1.0, 1.0, 1.0, 0.0, 0.0, 0.0], "eL": [1.0, 1.0, 1.0, 1.0, 1.0, 1.0, 1.0, 1.0, 1.0], "eS": [0.0, 0.0, 0.0, 0.0, 0.0, 0.0, 0.0, 0.0, 0.0], "lev": [1.0, 1.0, 1.0, 1.0, 1.0, 1.0, 1.0, 1.0, 1.0], "sl": 0.08, "slOn": 1.0}, "train": {"n": 76, "months": 21.41673519736842, "eq": 1124.9472158166652, "growth": 0.005497388570038969, "liq": false, "maxdd": 0.10147140619978101, "tpm": 3.5486267771260716, "sl_hits": 3, "worst_mae": -0.09823794382617923, "win": 0.9605263157894737, "score": -0.002852935104897099}, "oos": {"n": 3, "months": 0.920984100877193, "eq": 1013.4370775162928, "growth": 0.014492759022488044, "liq": false, "maxdd": 0.0, "tpm": 3.2573852221147406, "sl_hits": 0, "worst_mae": -0.032591232499426304, "win": 1.0, "score": 0.014492759022488044}, "elapsed": 1.6176033020019531}