{"job": {"strategy": "scalpx", "mode": "spot", "method": "volXtrend9", "window": "all", "fold_idx": 16, "n_samples": 350, "seed": 719206}, "status": "ok", "n_feasible": 82, "cand": {"strategy": "scalpx", "tpL": [0.0074, 0.0071, 0.0068, 0.0062, 0.0062, 0.0072, 0.008, 0.0083, 0.0079], "tpS": [0.0098, 0.0103, 0.0097, 0.0109, 0.011, 0.0105, 0.0099, 0.0085, 0.0105], "rsiOB": [69.3304, 62.3973, 72.3254, 67.2749, 61.201, 63.1111, 67.4732, 60.5188, 62.4006], "rsiOS": [30.2839, 35.8021, 36.498, 34.6677, 30.9451, 34.4091, 29.0778, 33.1224, 32.7548], "useCvd": [1.0, 1.0, 1.0, 1.0, 1.0, 1.0, 1.0, 1.0, 1.0], "useEma": [1.0, 1.0, 1.0, 1.0, 1.0, 1.0, 1.0, 1.0, 1.0], "eL": [1.0, 1.0, 1.0, 1.0, 1.0, 1.0, 1.0, 1.0, 1.0], "eS": [0.0, 0.0, 0.0, 0.0, 0.0, 0.0, 0.0, 0.0, 0.0], "lev": [1.0, 1.0, 1.0, 1.0, 1.0, 1.0, 1.0, 1.0, 1.0], "sl": 0.01, "slOn": 1.0}, "train": {"n": 44, "months": 20.495682565789473, "eq": 1007.263482134851, "growth": 0.0003531099815503264, "liq": false, "maxdd": 0.045722390854432506, "tpm": 2.1467935921998977, "sl_hits": 16, "worst_mae": -0.01967975206611572, "win": 0.6363636363636364, "score": -0.002171165372686311}, "oos": {"n": 1, "months": 0.9210526315789473, "eq": 988.7576546681664, "growth": -0.01227510543871827, "liq": false, "maxdd": 0.0, "tpm": 1.0857142857142856, "sl_hits": 1, "worst_mae": -0.014373203349581365, "win": 0.0, "score": -0.01227510543871827}, "elapsed": 1.3206167221069336}