{"job": {"strategy": "scalpx", "mode": "spot", "method": "volXtrend9", "window": "all", "fold_idx": 7, "n_samples": 350, "seed": 719206}, "status": "ok", "n_feasible": 145, "cand": {"strategy": "scalpx", "tpL": [0.013559415027919158, 0.016930768425900477, 0.018489839647750247, 0.0132713982268223, 0.014774308488640685, 0.0188360075911589, 0.019918181517483716, 0.015190382306822557, 0.017497651555130337], "tpS": [0.015133108225808383, 0.013029677264298902, 0.013004938812765732, 0.010958891540800837, 0.0130410594623249, 0.018262892862313727, 0.02, 0.02, 0.02], "rsiOB": [83.10962041050072, 52.5759241426818, 50.0, 81.99465312946174, 78.70776579620318, 72.9538582148327, 56.06226252750908, 63.441659891249316, 85.0], "rsiOS": [37.33010512505182, 31.602916025700303, 25.049257564564623, 33.499375928554436, 43.33444492361319, 43.423310626350506, 44.30715391186748, 30.386175154575145, 41.45948243142476], "useCvd": [1.0, 1.0, 1.0, 1.0, 1.0, 1.0, 1.0, 1.0, 1.0], "useEma": [0.0, 1.0, 0.0, 0.0, 0.0, 1.0, 0.0, 1.0, 0.0], "eL": [1.0, 1.0, 1.0, 1.0, 1.0, 1.0, 1.0, 1.0, 1.0], "eS": [0.0, 0.0, 0.0, 0.0, 0.0, 0.0, 0.0, 0.0, 0.0], "lev": [1.0, 1.0, 1.0, 1.0, 1.0, 1.0, 1.0, 1.0, 1.0], "sl": 0.05, "slOn": 1.0}, "train": {"n": 63, "months": 12.432565789473685, "eq": 1354.160357521321, "growth": 0.024386084501753454, "liq": false, "maxdd": 0.13983236016466374, "tpm": 5.067336949331922, "sl_hits": 9, "worst_mae": -0.05871680518953981, "win": 0.8571428571428571, "score": 0.0077440187897676194}, "oos": {"n": 7, "months": 0.915296052631579, "eq": 971.7605246057102, "growth": -0.03129684505554449, "liq": false, "maxdd": 0.08484648657826477, "tpm": 7.647798742138365, "sl_hits": 2, "worst_mae": -0.051309460181721, "win": 0.7142857142857143, "score": -0.03129684505554449}, "elapsed": 1.0594468116760254}