{"job": {"strategy": "scalpx", "mode": "spot", "method": "volXtrend9", "window": "all", "fold_idx": 15, "n_samples": 350, "seed": 719206}, "status": "ok", "n_feasible": 91, "cand": {"strategy": "scalpx", "tpL": [0.006288537084153744, 0.005562690625040253, 0.004029039580423896, 0.005224919866825035, 0.004317097396552008, 0.004414326518159184, 0.006813244430798797, 0.004357332676316407, 0.005666217563190155], "tpS": [0.005083733737276249, 0.0081854185659179, 0.008959708428148165, 0.008053635394575102, 0.009413982871953976, 0.006528699845492655, 0.008845223509967061, 0.008112113744044299, 0.009613708136947187], "rsiOB": [82.16072991747102, 72.34408961754373, 73.8819492868241, 85.0, 74.97006430966435, 85.0, 79.79596310411165, 56.463369686576954, 85.0], "rsiOS": [28.272248329846832, 38.306005247743215, 33.43585616135835, 33.556655093381764, 31.872544770387734, 26.79052663199706, 35.589415666997645, 29.405815536956993, 47.04470963725004], "useCvd": [1.0, 1.0, 1.0, 1.0, 1.0, 1.0, 1.0, 1.0, 1.0], "useEma": [1.0, 0.0, 0.0, 0.0, 0.0, 1.0, 0.0, 0.0, 0.0], "eL": [1.0, 1.0, 1.0, 1.0, 1.0, 1.0, 1.0, 1.0, 1.0], "eS": [0.0, 0.0, 0.0, 0.0, 0.0, 0.0, 0.0, 0.0, 0.0], "lev": [1.0, 1.0, 1.0, 1.0, 1.0, 1.0, 1.0, 1.0, 1.0], "sl": 0.03, "slOn": 1.0}, "train": {"n": 68, "months": 19.574629934210527, "eq": 986.5952182020316, "growth": -0.0006894350996133714, "liq": false, "maxdd": 0.09875921552557186, "tpm": 3.473884320089065, "sl_hits": 9, "worst_mae": -0.04032854817226572, "win": 0.8676470588235294, "score": -0.006443684766203785}, "oos": null, "elapsed": 1.618905782699585}