{"job": {"strategy": "scalpx", "mode": "spot", "method": "volXtrend9", "window": "all", "fold_idx": 12, "n_samples": 350, "seed": 719206}, "status": "ok", "n_feasible": 115, "cand": {"strategy": "scalpx", "tpL": [0.0109, 0.0078, 0.0099, 0.0092, 0.0087, 0.0098, 0.0089, 0.0105, 0.0094], "tpS": [0.0129, 0.012, 0.013, 0.0149, 0.0148, 0.014, 0.0146, 0.0141, 0.014], "rsiOB": [59.0075, 61.135, 64.7638, 64.6328, 64.7604, 72.2962, 68.6994, 58.7057, 60.3173], "rsiOS": [27.6194, 34.9611, 37.2137, 29.5086, 36.2497, 32.396, 32.3726, 33.141, 36.2221], "useCvd": [1.0, 1.0, 1.0, 1.0, 1.0, 1.0, 1.0, 1.0, 1.0], "useEma": [1.0, 1.0, 1.0, 1.0, 1.0, 1.0, 1.0, 1.0, 1.0], "eL": [1.0, 1.0, 1.0, 1.0, 1.0, 1.0, 1.0, 1.0, 1.0], "eS": [0.0, 0.0, 0.0, 0.0, 0.0, 0.0, 0.0, 0.0, 0.0], "lev": [1.0, 1.0, 1.0, 1.0, 1.0, 1.0, 1.0, 1.0, 1.0], "sl": 0.03, "slOn": 1.0}, "train": {"n": 49, "months": 16.945655153508774, "eq": 930.3893282788479, "growth": -0.0042578553160369246, "liq": false, "maxdd": 0.13726942925545071, "tpm": 2.891596669241439, "sl_hits": 12, "worst_mae": -0.03569963069347559, "win": 0.7551020408163265, "score": -0.016901240150730815}, "oos": {"n": 2, "months": 0.7870065789473684, "eq": 976.4767385864361, "growth": -0.03024669780145753, "liq": false, "maxdd": 0.0, "tpm": 2.541274817136886, "sl_hits": 1, "worst_mae": -0.03166561114629518, "win": 0.5, "score": -0.03024669780145753}, "elapsed": 1.1956987380981445}