{"job": {"strategy": "scalpx", "mode": "spot", "method": "volXtrend9", "window": "all", "fold_idx": 19, "n_samples": 350, "seed": 719206}, "status": "ok", "n_feasible": 61, "cand": {"strategy": "scalpx", "tpL": [0.0026072235583250516, 0.0020726830687299727, 0.0021078945181859424, 0.002, 0.002821902837989693, 0.002372528381584014, 0.0024189174237482032, 0.0022769723627543786, 0.002295200635692791], "tpS": [0.004368102769313168, 0.004202919926352142, 0.0053586898367914, 0.005228843601568215, 0.006495284849577718, 0.00517734462924807, 0.0064038965608218855, 0.006360542779499843, 0.005770393754255951], "rsiOB": [72.8596548798989, 50.0, 75.06891034358223, 75.28905181485185, 62.90587100436388, 50.0, 63.92631900883007, 50.0, 50.0], "rsiOS": [24.674077772352923, 35.65317582332837, 42.95926663685804, 34.76065502941918, 30.265147662227648, 31.673423097650414, 33.48089080613919, 26.440622791806632, 24.06582151116317], "useCvd": [1.0, 1.0, 1.0, 1.0, 1.0, 1.0, 1.0, 1.0, 1.0], "useEma": [1.0, 1.0, 1.0, 1.0, 1.0, 1.0, 1.0, 1.0, 1.0], "eL": [1.0, 1.0, 1.0, 1.0, 1.0, 1.0, 1.0, 1.0, 1.0], "eS": [0.0, 0.0, 0.0, 0.0, 0.0, 0.0, 0.0, 0.0, 0.0], "lev": [1.0, 1.0, 1.0, 1.0, 1.0, 1.0, 1.0, 1.0, 1.0], "sl": 0.05, "slOn": 1.0}, "train": {"n": 47, "months": 23.25870339912281, "eq": 950.7338929616463, "growth": -0.002172136290348995, "liq": false, "maxdd": 0.07683950828901392, "tpm": 2.020748929700552, "sl_hits": 2, "worst_mae": -0.07331518039482643, "win": 0.9574468085106383, "score": -0.005940649890537551}, "oos": null, "elapsed": 1.614518642425537}