{"job": {"strategy": "scalpx", "mode": "spot", "method": "volXtrend9", "window": "all", "fold_idx": 14, "n_samples": 350, "seed": 719206}, "status": "ok", "n_feasible": 90, "cand": {"strategy": "scalpx", "tpL": [0.00895562811389202, 0.009225366423042246, 0.00892614476083513, 0.005014270852808149, 0.005606690700155602, 0.0053275532594356965, 0.0080861462422162, 0.00940723961787093, 0.009093685434814055], "tpS": [0.014520769008531272, 0.012899647327636309, 0.012786954468631217, 0.01382644398175962, 0.019834949427006063, 0.015476774643611673, 0.02, 0.01877212558845141, 0.014980759780804853], "rsiOB": [55.96236914082045, 85.0, 50.0, 85.0, 80.10688147008311, 85.0, 81.04955779989689, 84.58822888889996, 79.8079004105393], "rsiOS": [27.640829393860997, 32.47650964208198, 42.741509122684725, 46.965605714602326, 25.044507737221032, 27.53129351942015, 44.39989960414371, 24.204030118067106, 34.26950252110658], "useCvd": [1.0, 1.0, 1.0, 1.0, 1.0, 1.0, 1.0, 1.0, 1.0], "useEma": [1.0, 1.0, 0.0, 0.0, 1.0, 1.0, 1.0, 0.0, 1.0], "eL": [1.0, 1.0, 1.0, 1.0, 1.0, 1.0, 1.0, 1.0, 1.0], "eS": [0.0, 0.0, 0.0, 0.0, 0.0, 0.0, 0.0, 0.0, 0.0], "lev": [1.0, 1.0, 1.0, 1.0, 1.0, 1.0, 1.0, 1.0, 1.0], "sl": 0.08, "slOn": 1.0}, "train": {"n": 42, "months": 18.653645833333336, "eq": 1085.8705666946757, "growth": 0.004416403721958301, "liq": false, "maxdd": 0.13049328278945363, "tpm": 2.2515705709898084, "sl_hits": 2, "worst_mae": -0.08910823689584757, "win": 0.9523809523809523, "score": -0.0026575267867547554}, "oos": {"n": 1, "months": 0.920984100877193, "eq": 1007.9760373997676, "growth": 0.008625987069892278, "liq": false, "maxdd": 0.0, "tpm": 1.085795074038247, "sl_hits": 0, "worst_mae": -0.005256348051107862, "win": 1.0, "score": 0.008625987069892278}, "elapsed": 1.5634279251098633}