{"job": {"strategy": "scalpx", "mode": "spot", "method": "volXtrend9", "window": "all", "fold_idx": 18, "n_samples": 350, "seed": 719206}, "status": "ok", "n_feasible": 57, "cand": {"strategy": "scalpx", "tpL": [0.0032121250764897396, 0.004158896391240004, 0.004367580872873703, 0.0034756861775650837, 0.004484372259782224, 0.0031402226784366196, 0.004595919009228785, 0.003940651579590759, 0.00446472707332778], "tpS": [0.013784685669072453, 0.02, 0.017180369950263126, 0.01530888738751787, 0.014518700913872766, 0.015334791315131453, 0.013194079106142467, 0.01895473984581619, 0.016316354473950852], "rsiOB": [81.46526547025154, 65.12548954113988, 60.49817967721346, 85.0, 79.24329701689172, 81.90589061871898, 57.8910856334782, 51.92467333376881, 56.58474822616514], "rsiOS": [26.72000067676231, 37.39271247964365, 38.200974176858985, 28.527510532724655, 27.90292193171185, 22.07558957169666, 27.930335548418856, 37.647003841094005, 21.787891847088485], "useCvd": [1.0, 1.0, 1.0, 1.0, 1.0, 1.0, 1.0, 1.0, 1.0], "useEma": [1.0, 1.0, 1.0, 1.0, 1.0, 1.0, 1.0, 1.0, 1.0], "eL": [1.0, 1.0, 1.0, 1.0, 1.0, 1.0, 1.0, 1.0, 1.0], "eS": [0.0, 0.0, 0.0, 0.0, 0.0, 0.0, 0.0, 0.0, 0.0], "lev": [1.0, 1.0, 1.0, 1.0, 1.0, 1.0, 1.0, 1.0, 1.0], "sl": 0.01, "slOn": 1.0}, "train": {"n": 88, "months": 22.337719298245617, "eq": 931.6760897335082, "growth": -0.0031681868217240203, "liq": false, "maxdd": 0.08879679008069083, "tpm": 3.9395248380129586, "sl_hits": 24, "worst_mae": -0.017325849442389685, "win": 0.7272727272727273, "score": -0.0057587091649999225}, "oos": {"n": 4, "months": 0.920984100877193, "eq": 1012.4770493918787, "growth": 0.013463698735472382, "liq": false, "maxdd": 0.0, "tpm": 4.343180296152988, "sl_hits": 0, "worst_mae": -0.009335978527249322, "win": 1.0, "score": 0.013463698735472382}, "elapsed": 1.5841660499572754}