{"job": {"strategy": "scalpx", "mode": "spot", "method": "volXtrend9", "window": "all", "fold_idx": 4, "n_samples": 350, "seed": 719206}, "status": "ok", "n_feasible": 161, "cand": {"strategy": "scalpx", "tpL": [0.008, 0.0077, 0.0086, 0.0074, 0.0091, 0.0101, 0.0089, 0.0088, 0.0087], "tpS": [0.0097, 0.0069, 0.009, 0.0087, 0.0084, 0.008, 0.0071, 0.0086, 0.007], "rsiOB": [59.5841, 67.6217, 64.8568, 67.0853, 81.8707, 69.3079, 62.9637, 75.4162, 74.7446], "rsiOS": [36.4029, 30.8561, 33.6983, 41.665, 36.3696, 38.4554, 37.3315, 34.769, 40.1297], "useCvd": [1.0, 1.0, 1.0, 1.0, 1.0, 1.0, 1.0, 1.0, 1.0], "useEma": [1.0, 1.0, 1.0, 1.0, 1.0, 1.0, 1.0, 1.0, 1.0], "eL": [1.0, 1.0, 1.0, 1.0, 1.0, 1.0, 1.0, 1.0, 1.0], "eS": [0.0, 0.0, 0.0, 0.0, 0.0, 0.0, 0.0, 0.0, 0.0], "lev": [1.0, 1.0, 1.0, 1.0, 1.0, 1.0, 1.0, 1.0, 1.0], "sl": 0.05, "slOn": 1.0}, "train": {"n": 29, "months": 9.694490131578949, "eq": 1103.7234241687308, "growth": 0.010179946912459317, "liq": false, "maxdd": 0.09322485057850895, "tpm": 2.9913899138991384, "sl_hits": 2, "worst_mae": -0.050993447474106945, "win": 0.9310344827586207, "score": 0.0016265026374194134}, "oos": {"n": 1, "months": 0.9156387061403509, "eq": 949.025, "growth": -0.05714059142414591, "liq": false, "maxdd": 0.0, "tpm": 1.0921338223186887, "sl_hits": 1, "worst_mae": -0.050602590014222626, "win": 0.0, "score": -0.05714059142414591}, "elapsed": 1.007519006729126}