{"job": {"strategy": "scalpx", "mode": "spot", "method": "volXtrend9", "window": "all", "fold_idx": 20, "n_samples": 350, "seed": 719206}, "status": "ok", "n_feasible": 71, "cand": {"strategy": "scalpx", "tpL": [0.003311232991145712, 0.003119500595373811, 0.0024166442811029754, 0.003126385616424097, 0.0036108659432418718, 0.003181806436932837, 0.004711930299414442, 0.0046312243344156295, 0.003996545726265483], "tpS": [0.007330048212431854, 0.009604778313609437, 0.009046297575700288, 0.009077143156598067, 0.008976574494079802, 0.008266561004006691, 0.007325377141465225, 0.007694037290074456, 0.010216880645273835], "rsiOB": [54.4862574363104, 75.65909962741217, 53.3870828058332, 77.47720899239967, 60.95617506131889, 51.02223900006452, 56.33565492552938, 50.553210068823276, 61.49611037766954], "rsiOS": [21.28328771763731, 23.706748254102678, 36.064583882207366, 23.663003573076544, 30.620113811012004, 31.70231686441448, 34.17238373296037, 37.86277216291617, 23.213811548183887], "useCvd": [1.0, 1.0, 1.0, 1.0, 1.0, 1.0, 1.0, 1.0, 1.0], "useEma": [1.0, 1.0, 1.0, 1.0, 1.0, 1.0, 1.0, 1.0, 1.0], "eL": [1.0, 1.0, 1.0, 1.0, 1.0, 1.0, 1.0, 1.0, 1.0], "eS": [0.0, 0.0, 0.0, 0.0, 0.0, 0.0, 0.0, 0.0, 0.0], "lev": [1.0, 1.0, 1.0, 1.0, 1.0, 1.0, 1.0, 1.0, 1.0], "sl": 0.01, "slOn": 1.0}, "train": {"n": 50, "months": 24.179481907894736, "eq": 971.7731778270679, "growth": -0.0011841799591711995, "liq": false, "maxdd": 0.04704275445999471, "tpm": 2.067868955607139, "sl_hits": 14, "worst_mae": -0.013635864363162775, "win": 0.72, "score": -0.0029760583380429194}, "oos": null, "elapsed": 1.40700101852417}