{"job": {"strategy": "scalpx", "mode": "spot", "method": "volXtrend9", "window": "all", "fold_idx": 13, "n_samples": 350, "seed": 719206}, "status": "ok", "n_feasible": 81, "cand": {"strategy": "scalpx", "tpL": [0.01731776613212849, 0.02, 0.01732111839434821, 0.016619266232845938, 0.011347314429101774, 0.016945543687717217, 0.011534305735830771, 0.019055285502761476, 0.01586529432083526], "tpS": [0.01375862313416617, 0.00797734483848493, 0.008221032405128986, 0.015234786575660382, 0.011732257324018986, 0.010879416771696385, 0.007996383043599951, 0.01488348352236701, 0.009314196515528964], "rsiOB": [68.54608218002072, 80.68335762031451, 69.51779120127259, 73.27101677371196, 83.32967198538911, 85.0, 85.0, 57.56867339327712, 55.318664956928735], "rsiOS": [29.445373226452674, 24.70267311289681, 45.9790006200682, 35.24705964182022, 27.164311915748705, 40.614202349260154, 46.728270509835056, 30.142981498091906, 46.63327490756746], "useCvd": [1.0, 1.0, 1.0, 1.0, 1.0, 1.0, 1.0, 1.0, 1.0], "useEma": [1.0, 1.0, 1.0, 1.0, 1.0, 1.0, 1.0, 1.0, 1.0], "eL": [1.0, 1.0, 1.0, 1.0, 1.0, 1.0, 1.0, 1.0, 1.0], "eS": [0.0, 0.0, 0.0, 0.0, 0.0, 0.0, 0.0, 0.0, 0.0], "lev": [1.0, 1.0, 1.0, 1.0, 1.0, 1.0, 1.0, 1.0, 1.0], "sl": 0.08, "slOn": 1.0}, "train": {"n": 62, "months": 17.73266173245614, "eq": 1489.226631847372, "growth": 0.02245894903935616, "liq": false, "maxdd": 0.1382388840785388, "tpm": 3.4963730169465324, "sl_hits": 5, "worst_mae": -0.08142911940380304, "win": 0.9193548387096774, "score": 0.009571667261673016}, "oos": {"n": 3, "months": 0.920984100877193, "eq": 943.8337872941428, "growth": -0.06276460263085981, "liq": false, "maxdd": 0.08086316554338661, "tpm": 3.2573852221147406, "sl_hits": 1, "worst_mae": -0.0829823083403538, "win": 0.6666666666666666, "score": -0.06276460263085981}, "elapsed": 1.4607112407684326}