{"job": {"strategy": "scalpx", "mode": "spot", "method": "volXtrend9", "window": "all", "fold_idx": 8, "n_samples": 350, "seed": 719206}, "status": "ok", "n_feasible": 115, "cand": {"strategy": "scalpx", "tpL": [0.0056, 0.0073, 0.0058, 0.0074, 0.0062, 0.0054, 0.0079, 0.0064, 0.0064], "tpS": [0.0131, 0.0163, 0.0147, 0.0159, 0.0138, 0.015, 0.0133, 0.0138, 0.0161], "rsiOB": [72.278, 66.6523, 68.9608, 77.7106, 72.0386, 69.1155, 63.4486, 77.7375, 74.9101], "rsiOS": [28.4427, 26.2339, 31.4035, 30.1651, 31.8348, 33.1335, 28.921, 37.5583, 27.8276], "useCvd": [1.0, 1.0, 1.0, 1.0, 1.0, 1.0, 1.0, 1.0, 1.0], "useEma": [1.0, 1.0, 1.0, 1.0, 1.0, 1.0, 1.0, 1.0, 1.0], "eL": [1.0, 1.0, 1.0, 1.0, 1.0, 1.0, 1.0, 1.0, 1.0], "eS": [0.0, 0.0, 0.0, 0.0, 0.0, 0.0, 0.0, 0.0, 0.0], "lev": [1.0, 1.0, 1.0, 1.0, 1.0, 1.0, 1.0, 1.0, 1.0], "sl": 0.05, "slOn": 1.0}, "train": {"n": 30, "months": 13.347861842105264, "eq": 933.4397543940871, "growth": -0.0051602913063320205, "liq": false, "maxdd": 0.13569487959747348, "tpm": 2.24755098268745, "sl_hits": 4, "worst_mae": -0.05138018076703854, "win": 0.8666666666666667, "score": -0.014438981731706962}, "oos": {"n": 3, "months": 0.9194078947368421, "eq": 1016.0756488327273, "growth": 0.01734573304002221, "liq": false, "maxdd": 0.0, "tpm": 3.262969588550984, "sl_hits": 0, "worst_mae": -0.024139638524387275, "win": 1.0, "score": 0.01734573304002221}, "elapsed": 1.090785026550293}