{"job": {"strategy": "scalpx", "mode": "spot", "method": "volXtrend9", "window": "all", "fold_idx": 1, "n_samples": 350, "seed": 719206}, "status": "ok", "n_feasible": 185, "cand": {"strategy": "scalpx", "tpL": [0.0095, 0.0102, 0.0103, 0.0106, 0.0093, 0.0104, 0.0101, 0.0122, 0.0108], "tpS": [0.0154, 0.0157, 0.0124, 0.0159, 0.0146, 0.0137, 0.0145, 0.0142, 0.0125], "rsiOB": [71.1532, 72.3961, 75.2671, 68.4083, 74.8177, 70.8264, 79.546, 76.0779, 69.2092], "rsiOS": [40.4169, 32.6661, 38.7256, 37.3223, 38.4425, 32.468, 29.9602, 37.6347, 39.4075], "useCvd": [1.0, 1.0, 1.0, 1.0, 1.0, 1.0, 1.0, 1.0, 1.0], "useEma": [1.0, 1.0, 0.0, 1.0, 1.0, 0.0, 1.0, 1.0, 1.0], "eL": [1.0, 1.0, 1.0, 1.0, 1.0, 1.0, 1.0, 1.0, 1.0], "eS": [0.0, 0.0, 0.0, 0.0, 0.0, 0.0, 0.0, 0.0, 0.0], "lev": [1.0, 1.0, 1.0, 1.0, 1.0, 1.0, 1.0, 1.0, 1.0], "sl": 0.08, "slOn": 1.0}, "train": {"n": 31, "months": 6.951206140350878, "eq": 1022.1468230175825, "growth": 0.0031512723784314156, "liq": false, "maxdd": 0.10672576571482086, "tpm": 4.459657701711492, "sl_hits": 3, "worst_mae": -0.08203335479885909, "win": 0.9032258064516129, "score": -0.015613704281682916}, "oos": {"n": 6, "months": 0.9159813596491229, "eq": 961.0694736971822, "growth": -0.043350859793539746, "liq": false, "maxdd": 0.0, "tpm": 6.55035163848571, "sl_hits": 1, "worst_mae": -0.08142334789975914, "win": 0.8333333333333334, "score": -0.043350859793539746}, "elapsed": 1.0035996437072754}