{
 "cand": {
  "strategy": "v7",
  "mode": "lev",
  "regs": [
   {
    "dur2Short": 118.77358323000344,
    "vEmaDn": 2.0,
    "ptShort": 0.017913326065818542,
    "vX": 4.0,
    "xTpShort": 0.01640890116957259,
    "vEmaUp": 3.0,
    "dur1Long": 79.20366365161188,
    "vBB": 2.0,
    "xApt1Long": 0.006457313172365382,
    "xApt2Long": 0.009567365376454452,
    "xTpLong": 0.01893659256406164,
    "xDur2Short": 599.5305403389516,
    "eL3": 1.0,
    "bbValLong": -0.26430713332139844,
    "leverage": 10.0,
    "cdPctLong": 0.007024743277339747,
    "eXS": 1.0,
    "rsiValShort": 70.39674198730725,
    "slLong": 0.03369407003767015,
    "vMacd": 1.0,
    "ptLong": 0.023801367794165914,
    "cdPeriodLong": 176.1654789265404,
    "dur1Short": 90.0,
    "cdPeriodShort": 168.90934623364694,
    "xDur1Short": 240.0,
    "xApt1Short": 0.0005,
    "vRsi": 2.0,
    "zL": -1.5880518033361883,
    "eS3": 1.0,
    "cdPctShort": 0.006003522630361167,
    "xCdPeriodShort": 44.43606612208375,
    "xApt2Short": 0.001661113350326291,
    "zXS": 1.9884310619595893,
    "requireHistPos": 1.0,
    "xDur2Long": 71.07717421536015,
    "xCdPctShort": 0.002831090217196093,
    "dur2Long": 360.0,
    "vHistN": 0.0,
    "xMinBetween": 7.989809115880966,
    "eXL": 0.0,
    "apt1Short": 0.013680429421767523,
    "zS": 2.4942278996125355,
    "apt1Long": 0.01617668111470603,
    "apt2Long": 0.0038233984600706183,
    "trendBlockZ": 1.0,
    "rsiValLong": 39.29404764340402,
    "slShort": 0.02,
    "zXLmax": 0.01919305161397869,
    "bbValShort": 0.9270185295427729,
    "apt2Short": 0.006867659301938817,
    "xDur1Long": 237.12143540140238
   },
   {
    "dur2Short": 342.706463402473,
    "vEmaDn": 4.0,
    "ptShort": 0.02478832092712508,
    "vX": 1.0,
    "xTpShort": 0.0010857172213822536,
    "vEmaUp": 1.0,
    "dur1Long": 52.87598701900884,
    "vBB": 1.0,
    "xApt1Long": 0.012974183349937628,
    "xApt2Long": 0.001310760108088544,
    "xTpLong": 0.009076208729921164,
    "xDur2Short": 338.7359610787333,
    "eL3": 1.0,
    "bbValLong": 0.35,
    "leverage": 10.0,
    "cdPctLong": 0.006799447625304241,
    "eXS": 0.0,
    "rsiValShort": 90.0,
    "slLong": 0.04764828591525053,
    "vMacd": 0.0,
    "ptLong": 0.0028026314551147227,
    "cdPeriodLong": 117.54812852486533,
    "dur1Short": 34.68295303904366,
    "cdPeriodShort": 240.0,
    "xDur1Short": 29.358450414977952,
    "xApt1Short": 0.011732961300566858,
    "vRsi": 5.0,
    "zL": -1.9542015007325253,
    "eS3": 0.0,
    "cdPctShort": 0.010438955545136228,
    "xCdPeriodShort": 40.69985493797766,
    "xApt2Short": 0.0030893086721402443,
    "zXS": 1.7493321418623793,
    "requireHistPos": 0.0,
    "xDur2Long": 648.5241673996171,
    "xCdPctShort": 0.0073691273363536,
    "dur2Long": 230.22410881290338,
    "vHistN": 0.0,
    "xMinBetween": 16.55021849416632,
    "eXL": 0.0,
    "apt1Short": 0.009131041333303794,
    "zS": 1.4581167336448957,
    "apt1Long": 0.018243056453197765,
    "apt2Long": 0.015,
    "trendBlockZ": 3.0,
    "rsiValLong": 63.2874266073911,
    "slShort": 0.02,
    "zXLmax": -1.025297095615474,
    "bbValShort": 1.2339605641992473,
    "apt2Short": 0.005473187791698784,
    "xDur1Long": 94.56399317908706
   },
   {
    "dur2Short": 10.0,
    "vEmaDn": 4.0,
    "ptShort": 0.010185788801739329,
    "vX": 4.0,
    "xTpShort": 0.019852856266562545,
    "vEmaUp": 3.0,
    "dur1Long": 23.164800357542855,
    "vBB": 2.0,
    "xApt1Long": 0.010928520680934552,
    "xApt2Long": 0.006162557741121607,
    "xTpLong": 0.019237638133952784,
    "xDur2Short": 275.268464071625,
    "eL3": 1.0,
    "bbValLong": 0.21835359791952305,
    "leverage": 10.0,
    "cdPctLong": 0.0044800315272671065,
    "eXS": 0.0,
    "rsiValShort": 59.550904414195415,
    "slLong": 0.09166672883927253,
    "vMacd": 0.0,
    "ptLong": 0.02737773914484812,
    "cdPeriodLong": 104.22979585413601,
    "dur1Short": 66.22752157197266,
    "cdPeriodShort": 143.20379400615997,
    "xDur1Short": 127.59300338117889,
    "xApt1Short": 0.015,
    "vRsi": 3.0,
    "zL": -1.790195091599049,
    "eS3": 1.0,
    "cdPctShort": 0.0068418559973695255,
    "xCdPeriodShort": 103.1167005668982,
    "xApt2Short": 0.003736260767049121,
    "zXS": 1.8497841719247161,
    "requireHistPos": 1.0,
    "xDur2Long": 674.1931988762268,
    "xCdPctShort": 0.001166415052799497,
    "dur2Long": 117.23726484106649,
    "vHistN": 3.0,
    "xMinBetween": 1.0,
    "eXL": 1.0,
    "apt1Short": 0.01705007186159088,
    "zS": 2.18525739622773,
    "apt1Long": 0.015369935915795873,
    "apt2Long": 0.006113337895918821,
    "trendBlockZ": 3.0,
    "rsiValLong": 54.05923445335687,
    "slShort": 0.09279070242541182,
    "zXLmax": -0.9289148654609919,
    "bbValShort": 0.9837350297469272,
    "apt2Short": 0.015,
    "xDur1Long": 232.14181428992322
   }
  ]
 },
 "metrics": {
  "n": 100,
  "months": 14.81640625,
  "eq": 86955111.7989682,
  "growth": 0.7676049857334163,
  "liq": false,
  "maxdd": 0.4538799414348466,
  "tpm": 6.749274980226733,
  "sl_hits": 0,
  "worst_mae": -0.047419958191220135,
  "win": 0.99,
  "max_hold_days": 2.7895833333333333,
  "in_market": 0.0497962544114042,
  "score": 0.9994207034465081
 },
 "strategy": "v7",
 "mode": "lev",
 "method": "vol3",
 "algo": "genetic",
 "per_regime": true,
 "train_end": "2025-09-01",
 "holdout_days": null,
 "max_dd": null,
 "max_hold_days": 7.0,
 "gap_mode": "skip_contaminated",
 "scoring": "underwater",
 "anchor": null,
 "anchor_strength": 0.0,
 "evaluated": 2002000,
 "generated": "2026-07-11 09:38",
 "holdout": {
  "n": 5,
  "months": 2.1842105263157894,
  "eq": 0.0,
  "growth": -12.650347016931143,
  "liq": true,
  "maxdd": 1.0,
  "tpm": 2.289156626506024,
  "sl_hits": 0,
  "worst_mae": -0.092,
  "win": 0.8,
  "max_hold_days": 40.9125,
  "in_market": 0.6864018574297188,
  "score": -12.993547945646002
 },
 "holdout_scan": {
  "scanned": 600,
  "pool": 600,
  "reservoir": 300,
  "survivors": 0
 },
 "holdout_survivors": [],
 "holdout_top10": [
  {
   "rank": 1,
   "train_score": 0.9994207034465081,
   "holdout": {
    "n": 5,
    "months": 2.1842105263157894,
    "eq": 0.0,
    "growth": -12.650347016931143,
    "liq": true,
    "maxdd": 1.0,
    "tpm": 2.289156626506024,
    "sl_hits": 0,
    "worst_mae": -0.092,
    "win": 0.8,
    "max_hold_days": 40.9125,
    "in_market": 0.6864018574297188,
    "score": -12.993547945646002
   }
  },
  {
   "rank": 2,
   "train_score": 0.9979378423636455,
   "holdout": {
    "n": 6,
    "months": 2.1842105263157894,
    "eq": 0.0,
    "growth": -12.650347016931143,
    "liq": true,
    "maxdd": 1.0,
    "tpm": 2.746987951807229,
    "sl_hits": 0,
    "worst_mae": -0.092,
    "win": 0.8333333333333334,
    "max_hold_days": 40.9125,
    "in_market": 0.6883157630522089,
    "score": -12.994504898457247
   }
  },
  {
   "rank": 3,
   "train_score": 0.996755910259108,
   "holdout": {
    "n": 5,
    "months": 2.1842105263157894,
    "eq": 0.0,
    "growth": -12.650347016931143,
    "liq": true,
    "maxdd": 1.0,
    "tpm": 2.289156626506024,
    "sl_hits": 0,
    "worst_mae": -0.092,
    "win": 0.8,
    "max_hold_days": 40.9125,
    "in_market": 0.6863077309236948,
    "score": -12.99350088239299
   }
  },
  {
   "rank": 4,
   "train_score": 0.9966087321082742,
   "holdout": {
    "n": 8,
    "months": 2.1842105263157894,
    "eq": 0.0,
    "growth": -12.650347016931143,
    "liq": true,
    "maxdd": 1.0,
    "tpm": 3.662650602409639,
    "sl_hits": 0,
    "worst_mae": -0.092,
    "win": 0.875,
    "max_hold_days": 40.9125,
    "in_market": 0.7213227911646586,
    "score": -13.011008412513473
   }
  },
  {
   "rank": 5,
   "train_score": 0.9963063446285937,
   "holdout": {
    "n": 5,
    "months": 2.1842105263157894,
    "eq": 0.0,
    "growth": -12.650347016931143,
    "liq": true,
    "maxdd": 1.0,
    "tpm": 2.289156626506024,
    "sl_hits": 0,
    "worst_mae": -0.092,
    "win": 0.8,
    "max_hold_days": 40.9125,
    "in_market": 0.6863704819277109,