{
 "cand": {
  "strategy": "v7",
  "mode": "lev",
  "regs": [
   {
    "zL": -0.9062572060850891,
    "zS": 1.1724443739812231,
    "zXS": 2.140201510796454,
    "zXLmax": 0.46217310061438166,
    "rsiValLong": 82.86235410405224,
    "rsiValShort": 56.27625762600226,
    "bbValLong": 0.008481577890590508,
    "bbValShort": 0.8219268381980165,
    "ptLong": 0.02499953008358699,
    "apt1Long": 0.007529775928916523,
    "apt2Long": 0.004517865557349914,
    "dur1Long": 56.206576118502305,
    "dur2Long": 88.24879592906636,
    "ptShort": 0.028057404936201118,
    "apt1Short": 0.011140177344372199,
    "apt2Short": 0.006684106406623319,
    "dur1Short": 89.90584020852465,
    "dur2Short": 216.24719398529376,
    "xTpLong": 0.010202578996414101,
    "xApt1Long": 0.009277099379325932,
    "xApt2Long": 0.009110772124154915,
    "xDur1Long": 70.89304964882237,
    "xDur2Long": 268.9882001045288,
    "xTpShort": 0.01803605047336576,
    "xApt1Short": 0.009911576651145178,
    "xApt2Short": 0.0009280686084529566,
    "xDur1Short": 72.04228014629064,
    "xDur2Short": 102.97954267323541,
    "cdPctLong": 0.003147829999372991,
    "cdPeriodLong": 230.24239036086678,
    "cdPctShort": 0.0009335326313635337,
    "cdPeriodShort": 190.0175831099959,
    "xCdPctShort": 0.007306401801178835,
    "xCdPeriodShort": 100.42475297601256,
    "xMinBetween": 23.68793164826287,
    "slLong": 0.09311627343749194,
    "slShort": 0.09190952232581782,
    "leverage": 1.2249011731603305,
    "vRsi": 2.0,
    "vMacd": 4.0,
    "vBB": 1.0,
    "vEmaUp": 0.0,
    "vEmaDn": 0.0,
    "vX": 2.0,
    "vHistN": 0.0,
    "trendBlockZ": 2.0,
    "eL3": 1.0,
    "eS3": 0.0,
    "eXL": 1.0,
    "eXS": 1.0,
    "requireHistPos": 1.0
   },
   {
    "zL": -0.8318525933870684,
    "zS": 2.4763161491866157,
    "zXS": 2.102227586360363,
    "zXLmax": -0.8982279188703224,
    "rsiValLong": 81.23663404266915,
    "rsiValShort": 85.79211741978813,
    "bbValLong": 0.1801986243619388,
    "bbValShort": 0.7325684154577412,
    "ptLong": 0.019477207215172397,
    "apt1Long": 0.008140663592531225,
    "apt2Long": 0.004884398155518735,
    "dur1Long": 41.83644868500717,
    "dur2Long": 84.54890638025883,
    "ptShort": 0.015733747973447836,
    "apt1Short": 0.007445414079672215,
    "apt2Short": 0.004467248447803329,
    "dur1Short": 66.04090281604776,
    "dur2Short": 303.04238002666415,
    "xTpLong": 0.007227655857588207,
    "xApt1Long": 0.0038099487926924205,
    "xApt2Long": 0.005648683050600243,
    "xDur1Long": 131.73723459154527,
    "xDur2Long": 572.7005393079811,
    "xTpShort": 0.0011222745004885791,
    "xApt1Short": 0.0010315670710498621,
    "xApt2Short": 0.0014663583336926446,
    "xDur1Short": 102.70679046682851,
    "xDur2Short": 139.18008548833245,
    "cdPctLong": 0.004235825282098708,
    "cdPeriodLong": 35.52830408957319,
    "cdPctShort": 0.004056436362602827,
    "cdPeriodShort": 231.72743344708712,
    "xCdPctShort": 0.0021000570340749267,
    "xCdPeriodShort": 119.17094740477036,
    "xMinBetween": 12.734431521705769,
    "slLong": 0.06802142892426126,
    "slShort": 0.06713786832574703,
    "leverage": 3.75185226320725,
    "vRsi": 4.0,
    "vMacd": 2.0,
    "vBB": 2.0,
    "vEmaUp": 0.0,
    "vEmaDn": 3.0,
    "vX": 0.0,
    "vHistN": 0.0,
    "trendBlockZ": 99.0,
    "eL3": 1.0,
    "eS3": 0.0,
    "eXL": 1.0,
    "eXS": 1.0,
    "requireHistPos": 1.0
   },
   {
    "zL": -2.33649658580434,
    "zS": 2.5546698953670104,
    "zXS": 1.2758391802459224,
    "zXLmax": -1.210063985920495,
    "rsiValLong": 33.19753684290699,
    "rsiValShort": 66.25166665276983,
    "bbValLong": -0.27694481046684843,
    "bbValShort": 1.0670855435255087,
    "ptLong": 0.019036432722373653,
    "apt1Long": 0.002551871340589131,
    "apt2Long": 0.0015311228043534786,
    "dur1Long": 35.71004931458697,
    "dur2Long": 85.83773234945045,
    "ptShort": 0.018199568209599615,
    "apt1Short": 0.012739697746719729,
    "apt2Short": 0.006829509560828662,
    "dur1Short": 12.298047175111945,
    "dur2Short": 118.17901845671555,
    "xTpLong": 0.01177928355124782,
    "xApt1Long": 0.007014289161780395,
    "xApt2Long": 0.0012117873861506156,
    "xDur1Long": 119.52135376778158,
    "xDur2Long": 670.9131712589924,
    "xTpShort": 0.007380325395022685,
    "xApt1Short": 0.010957063553863926,
    "xApt2Short": 0.006717353228509717,
    "xDur1Short": 124.58702262956423,
    "xDur2Short": 500.51577345271534,
    "cdPctLong": 0.005086715551702845,
    "cdPeriodLong": 89.92399403167883,
    "cdPctShort": 0.0074644326136199275,
    "cdPeriodShort": 11.279844851656547,
    "xCdPctShort": 0.004064423482546395,
    "xCdPeriodShort": 105.92463424466702,
    "xMinBetween": 29.462486004584687,
    "slLong": 0.03243446447705789,
    "slShort": 0.09882331565040992,
    "leverage": 7.517299852993852,
    "vRsi": 0.0,
    "vMacd": 0.0,
    "vBB": 3.0,
    "vEmaUp": 2.0,
    "vEmaDn": 1.0,
    "vX": 4.0,
    "vHistN": 0.0,
    "trendBlockZ": 1.0,
    "eL3": 0.0,
    "eS3": 1.0,
    "eXL": 1.0,
    "eXS": 1.0,
    "requireHistPos": 1.0
   }
  ]
 },
 "metrics": {
  "n": 98,
  "months": 14.81640625,
  "eq": 29098.948732748235,
  "growth": 0.2274979499500757,
  "liq": false,
  "maxdd": 0.46473514947485817,
  "tpm": 6.614289480622198,
  "sl_hits": 0,
  "worst_mae": -0.2980985739304478,
  "win": 1.0,
  "score": 0.40988232942561487
 },
 "strategy": "v7",
 "mode": "lev",
 "method": "vol3",
 "algo": "random",
 "per_regime": true,
 "train_end": "2025-09-01",
 "evaluated": 9680,
 "generated": "2026-07-02 06:24",
 "holdout": {
  "n": 47,
  "months": 9.656661184210527,
  "eq": 0.0,
  "growth": -2.8613431276959003,
  "liq": true,
  "maxdd": 1.0,
  "tpm": 4.8671066638279745,
  "sl_hits": 0,
  "worst_mae": -0.25853501519944055,
  "win": 0.9787234042553191,
  "score": -13.427409977260393
 }
}