{
 "cand": {
  "strategy": "v7",
  "mode": "lev",
  "regs": [
   {
    "zXLmax": -2.053949616143756,
    "xDur1Long": 28.774553452818168,
    "xCdPeriodShort": 3.0,
    "rsiValShort": 56.05985102419918,
    "xApt2Short": 0.007039675431353133,
    "vHistN": 0.0,
    "apt2Long": 0.015,
    "vEmaDn": 3.0,
    "vBB": 3.0,
    "ptShort": 0.006793630143374142,
    "cdPctLong": 0.0013817240797190098,
    "ptLong": 0.02512813753327594,
    "bbValLong": 0.1651492514864273,
    "requireHistPos": 0.0,
    "apt1Long": 0.006666058931943505,
    "xTpLong": 0.0020712145358443134,
    "eL3": 1.0,
    "dur2Short": 230.74190867591847,
    "xDur2Short": 159.34052113381682,
    "dur1Short": 20.235708787008658,
    "vEmaUp": 3.0,
    "cdPeriodShort": 35.78986565480314,
    "eS3": 1.0,
    "slLong": 0.07721292362029708,
    "bbValShort": 0.9152264093257765,
    "vX": 1.0,
    "xApt1Short": 0.0023423238612270154,
    "xCdPctShort": 0.002759824557753111,
    "xTpShort": 0.002749933459547794,
    "xMinBetween": 15.819014938761306,
    "slShort": 0.11598284303037505,
    "xApt1Long": 0.0005,
    "xDur1Short": 44.55556905561994,
    "eXS": 0.0,
    "trendBlockZ": 1.0,
    "eXL": 1.0,
    "dur1Long": 38.25675102303682,
    "vMacd": 0.0,
    "leverage": 10.0,
    "dur2Long": 30.390788655789255,
    "cdPeriodLong": 87.12034900934725,
    "xDur2Long": 381.0623542736678,
    "xApt2Long": 0.0,
    "vRsi": 4.0,
    "zL": -1.619960437100293,
    "apt1Short": 0.0036436518534317943,
    "zS": 1.254731593452458,
    "cdPctShort": 0.009795304899364211,
    "rsiValLong": 82.53155287403384,
    "apt2Short": 0.0,
    "zXS": 1.6555689183547835
   },
   {
    "zXLmax": -1.7070568817548497,
    "xDur1Long": 74.46662206351701,
    "xCdPeriodShort": 67.87453047093997,
    "rsiValShort": 65.1449386279832,
    "xApt2Short": 0.0017708674494448034,
    "vHistN": 2.0,
    "apt2Long": 0.011468643403310982,
    "vEmaDn": 2.0,
    "vBB": 0.0,
    "ptShort": 0.019267878293059496,
    "cdPctLong": 0.0070177708971770406,
    "ptLong": 0.020453738518561082,
    "bbValLong": 0.30577730288944033,
    "requireHistPos": 1.0,
    "apt1Long": 0.01819498101876974,
    "xTpLong": 0.006540967027480438,
    "eL3": 1.0,
    "dur2Short": 109.8502919054361,
    "xDur2Short": 202.68460167972196,
    "dur1Short": 39.059718874064984,
    "vEmaUp": 2.0,
    "cdPeriodShort": 94.25949996936353,
    "eS3": 1.0,
    "slLong": 0.0643852393735296,
    "bbValShort": 1.2287996240375734,
    "vX": 1,
    "xApt1Short": 0.008426692670515469,
    "xCdPctShort": 0.0002,
    "xTpShort": 0.0033416403884848705,
    "xMinBetween": 30.0,
    "slShort": 0.0932830675864583,
    "xApt1Long": 0.0016705305693031085,
    "xDur1Short": 88.67229445258361,
    "eXS": 0.0,
    "trendBlockZ": 99.0,
    "eXL": 1.0,
    "dur1Long": 4.469860720621393,
    "vMacd": 2.0,
    "leverage": 10.0,
    "dur2Long": 67.28552916279781,
    "cdPeriodLong": 29.651766429711945,
    "xDur2Long": 30.0,
    "xApt2Long": 0.0002759395535008603,
    "vRsi": 4.0,
    "zL": -1.6212477403499976,
    "apt1Short": 0.015987106636087052,
    "zS": 0.8,
    "cdPctShort": 0.0015510141074438586,
    "rsiValLong": 67.31915290558258,
    "apt2Short": 0.013104489664094053,
    "zXS": 1.3073187202943157
   },
   {
    "zXLmax": -1.4959204217505573,
    "xDur1Long": 240.0,
    "xCdPeriodShort": 3.0,
    "rsiValShort": 72.36621849436118,
    "xApt2Short": 0.0019713508157570355,
    "vHistN": 3.0,
    "apt2Long": 0.005028884957980928,
    "vEmaDn": 4.0,
    "vBB": 1.0,
    "ptShort": 0.016153188152654575,
    "cdPctLong": 0.004268755335198105,
    "ptLong": 0.01611136040625983,
    "bbValLong": -0.020100944693369423,
    "requireHistPos": 1.0,
    "apt1Long": 0.002627645911235569,
    "xTpLong": 0.003987812175731504,
    "eL3": 1.0,
    "dur2Short": 100.7009876623096,
    "xDur2Short": 151.71605283791592,
    "dur1Short": 0.6,
    "vEmaUp": 2,
    "cdPeriodShort": 81.0402312905293,
    "eS3": 1.0,
    "slLong": 0.1103178047421087,
    "bbValShort": 1.1970004220285926,
    "vX": 1,
    "xApt1Short": 0.0005,
    "xCdPctShort": 0.0002,
    "xTpShort": 0.0015277846388293942,
    "xMinBetween": 6.700738629298392,
    "slShort": 0.07172403131166008,
    "xApt1Long": 0.006014104080545873,
    "xDur1Short": 92.5139396696129,
    "eXS": 1.0,
    "trendBlockZ": 3.0,
    "eXL": 0.0,
    "dur1Long": 35.82226405348278,
    "vMacd": 0.0,
    "leverage": 10.0,
    "dur2Long": 10.0,
    "cdPeriodLong": 55.99190688901434,
    "xDur2Long": 606.1792348747986,
    "xApt2Long": 0.00041128037949308407,
    "vRsi": 3.0,
    "zL": -1.2510638690898486,
    "apt1Short": 0.0092575287140709,
    "zS": 2.516212183821394,
    "cdPctShort": 0.009435108363644945,
    "rsiValLong": 56.2274621484775,
    "apt2Short": 0.007821834872861123,
    "zXS": 1.9325068007563653
   }
  ]
 },
 "metrics": {
  "n": 352,
  "months": 14.81640625,
  "eq": 252938866315.0483,
  "growth": 1.3058941592111744,
  "liq": false,
  "maxdd": 0.481496422583382,
  "tpm": 23.7574479303981,
  "sl_hits": 0,
  "worst_mae": -0.04834886496724611,
  "win": 0.9659090909090909,
  "max_hold_days": 2.5458333333333334,
  "in_market": 0.09745560843844385,
  "score": 1.1527955545474893
 },
 "strategy": "v7",
 "mode": "lev",
 "method": "vol3",
 "algo": "genetic",
 "per_regime": true,
 "train_end": "2025-09-01",
 "holdout_days": null,
 "max_dd": 0.5,
 "max_hold_days": 7.0,
 "gap_mode": "skip_contaminated",
 "scoring": "underwater",
 "anchor": "defaults",
 "anchor_strength": 0.0,
 "evaluated": 1859200,
 "generated": "2026-07-10 12:06",
 "holdout": {
  "n": 19,
  "months": 2.1842105263157894,
  "eq": 0.0,
  "growth": -12.650347016931143,
  "liq": true,
  "maxdd": 1.0,
  "tpm": 8.698795180722891,
  "sl_hits": 0,
  "worst_mae": -0.092,
  "win": 0.7894736842105263,
  "max_hold_days": 42.44375,
  "in_market": 0.7479605923694779,
  "score": -13.024327313115881
 },
 "holdout_scan": {
  "scanned": 597,
  "pool": 597,
  "reservoir": 297,
  "survivors": 2
 },
 "holdout_survivors": [
  {
   "rank": 518,
   "train_score": 0.21208847842281553,
   "holdout": {
    "n": 65,
    "months": 9.656661184210527,
    "eq": 5684.871278377269,
    "growth": 0.17995955863727792,
    "liq": false,
    "maxdd": 0.597423340255469,
    "tpm": 6.731104960613156,
    "sl_hits": 0,
    "worst_mae": -0.06186587478346928,
    "win": 0.9846153846153847,
    "max_hold_days": 5.089583333333334,
    "in_market": 0.025860478319494715,
    "score": 0.13229830571810966
   }
  },
  {
   "rank": 419,
   "train_score": 0.14124915371073424,
   "holdout": {
    "n": 71,
    "months": 9.656661184210527,
    "eq": 2665.7388246723854,
    "growth": 0.10153418795738794,
    "liq": false,
    "maxdd": 0.7321070215067484,
    "tpm": 7.352437726208217,
    "sl_hits": 0,
    "worst_mae": -0.09629368988974907,
    "win": 0.9577464788732394,
    "max_hold_days": 5.089583333333334,
    "in_market": 0.02929529486906536,
    "score": 0.07628952589733579
   }
  }
 ],
 "holdout_top10": [
  {
   "rank": 518,
   "train_score": 0.21208847842281553,
   "holdout": {
    "n": 65,
    "months": 9.656661184210527,
    "eq": 5684.871278377269,
    "growth": 0.17995955863727792,
    "liq": false,
    "maxdd": 0.597423340255469,
    "tpm": 6.731104960613156,
    "sl_hits": 0,
    "worst_mae": -0.06186587478346928,
    "win": 0.9846153846153847,
    "max_hold_days": 5.089583333333334,
    "in_market": 0.025860478319494715,
    "score": 0.13229830571810966
   }
  },
  {
   "rank": 584,
   "train_score": 0.14438564140064147,
   "holdout": {
    "n": 65,
    "months": 9.656661184210527,
    "eq": 2738.9768317052885,
    "growth": 0.10434087024027898,
    "liq": false,
    "maxdd": 0.7670798264556022,
    "tpm": 6.731104960613156,
    "sl_hits": 0,
    "worst_mae": -0.09629368988974907,
    "win": 0.9538461538461539,
    "max_hold_days": 8.3,
    "in_market": 0.08254204811581861,
    "score": 0.050082287245791224
   }
  },
  {
   "rank": 419,
   "train_score": 0.14124915371073424,
   "holdout": {
    "n": 71,
    "months": 9.656661184210527,