{
 "cand": {
  "strategy": "prime",
  "tv": 0,
  "zL": [
   -1.7580981438044145,
   -1.9027523127115784,
   -2.4944714068539087
  ],
  "zS": [
   1.8753148429360555,
   1.192408443888338,
   1.1328474506137876
  ],
  "rsiL": [
   64.95582173430044,
   33.39644176679213,
   75.11403876179425
  ],
  "rsiS": [
   72.24163106354248,
   85.31828326929609,
   84.7259780002651
  ],
  "bbL": [
   0.020377205123283303,
   -0.051783950894813066,
   -0.01292336182398597
  ],
  "bbS": [
   1.5011999418352984,
   1.1954324527047693,
   1.1947217898188645
  ],
  "ptL": [
   0.01284676772274227,
   0.012518793550656888,
   0.010190463032916366
  ],
  "a1L": [
   0.006292414721392757,
   0.010775338756326504,
   0.0063261100401505515
  ],
  "a2L": [
   0.006188449154873934,
   0.009928197325097626,
   0.002674126154828166
  ],
  "d1L": [
   9.703791396484483,
   24.843015310226562,
   55.906094108411125
  ],
  "d2L": [
   269.4227921870199,
   338.6307912278622,
   175.0621044376934
  ],
  "ptS": [
   0.014285174399151074,
   0.02,
   0.004327623868549744
  ],
  "a1S": [
   0.007884332154718432,
   0.017736369046508688,
   0.003029336707984821
  ],
  "a2S": [
   0.004730599292831059,
   0.009601397560851937,
   0.0015152765750859824
  ],
  "d1S": [
   0.6,
   78.73726757147524,
   27.939969941200957
  ],
  "d2S": [
   66.64975968007835,
   301.7175245299145,
   30.772871624515762
  ],
  "cdPL": [
   0.010579185837703035,
   0.006773070403586621,
   0.008525809458467511
  ],
  "cdTL": [
   94.09043460625604,
   36.5745039783788,
   10.0
  ],
  "cdPS": [
   0.006511116952352259,
   0.009255174834703582,
   0.011070442936178676
  ],
  "cdTS": [
   95.72042013622581,
   73.40987885862032,
   141.37621349516587
  ],
  "eL3": [
   1.0,
   1.0,
   1.0
  ],
  "eS3": [
   1.0,
   1.0,
   1.0
  ],
  "lev": [
   8.0,
   8.0,
   8.0
  ],
  "sl": 0.0
 },
 "metrics": {
  "n": 183,
  "months": 14.81640625,
  "eq": 1178731163.187052,
  "growth": 0.9435452090464244,
  "liq": false,
  "maxdd": 0.5368893278957666,
  "tpm": 12.351173213814922,
  "sl_hits": 0,
  "worst_mae": -0.0692926624234419,
  "win": 1.0,
  "max_hold_days": 2.3520833333333333,
  "in_market": 0.08205789982470016,
  "score": 0.8078660806946649
 },
 "strategy": "prime",
 "mode": "lev",
 "method": "vol3",
 "algo": "genetic",
 "per_regime": true,
 "train_end": "2025-09-01",
 "holdout_days": null,
 "max_dd": null,
 "max_hold_days": 5.0,
 "gap_mode": "skip_contaminated",
 "scoring": "classic",
 "anchor": null,
 "anchor_strength": 0.0,
 "evaluated": 151200,
 "generated": "2026-07-20 15:40",
 "holdout": {
  "n": 9,
  "months": 2.1842105263157894,
  "eq": 0.0,
  "growth": -12.650347016931143,
  "liq": true,
  "maxdd": 1.0,
  "tpm": 4.120481927710844,
  "sl_hits": 0,
  "worst_mae": -0.11699999999999999,
  "win": 0.8888888888888888,
  "max_hold_days": 36.65416666666667,
  "in_market": 0.6335341365461847,
  "score": -12.650347016931143
 },
 "holdout_scan": {
  "scanned": 599,
  "pool": 599,
  "reservoir": 299,
  "survivors": 0
 },
 "holdout_survivors": [],
 "holdout_top10": [
  {
   "rank": 462,
   "train_score": 0.06318279328203387,
   "holdout": {
    "n": 47,
    "months": 9.656661184210527,
    "eq": 1734.7840130382879,
    "growth": 0.057046934440228576,
    "liq": false,
    "maxdd": 0.40852069876284486,
    "tpm": 4.8671066638279745,
    "sl_hits": 0,
    "worst_mae": -0.20531518392480952,
    "win": 1.0,
    "max_hold_days": 26.53125,
    "in_market": 0.2638776524022426,
    "score": 0.04880662939095562
   }
  },
  {
   "rank": 354,
   "train_score": 0.04568802029933373,
   "holdout": {
    "n": 30,
    "months": 9.656661184210527,
    "eq": 1308.5060864704735,
    "growth": 0.027844623450566337,
    "liq": false,
    "maxdd": 0.2000328039694731,
    "tpm": 3.106663827975303,
    "sl_hits": 0,
    "worst_mae": -0.0914048606994664,
    "win": 0.9666666666666667,
    "max_hold_days": 26.791666666666668,
    "in_market": 0.12724434035909446,
    "score": 0.0259850097094972
   }
  },
  {
   "rank": 1,
   "train_score": 0.8078660806946649,
   "holdout": {
    "n": 9,
    "months": 2.1842105263157894,
    "eq": 0.0,
    "growth": -12.650347016931143,
    "liq": true,
    "maxdd": 1.0,
    "tpm": 4.120481927710844,
    "sl_hits": 0,
    "worst_mae": -0.11699999999999999,
    "win": 0.8888888888888888,
    "max_hold_days": 36.65416666666667,
    "in_market": 0.6335341365461847,
    "score": -12.650347016931143
   }
  },
  {
   "rank": 2,
   "train_score": 0.8037712014645098,
   "holdout": {
    "n": 9,
    "months": 2.1842105263157894,
    "eq": 0.0,
    "growth": -12.650347016931143,
    "liq": true,
    "maxdd": 1.0000000000000002,
    "tpm": 4.120481927710844,
    "sl_hits": 0,
    "worst_mae": -0.11699999999999999,
    "win": 0.8888888888888888,
    "max_hold_days": 36.65416666666667,
    "in_market": 0.6341302710843374,
    "score": -12.650347016931143
   }
  },
  {
   "rank": 3,
   "train_score": 0.8011663304946747,
   "holdout": {
    "n": 9,
    "months": 2.1842105263157894,
    "eq": 0.0,
    "growth": -12.650347016931143,
    "liq": true,
    "maxdd": 1.0000000000000002,
    "tpm": 4.120481927710844,
    "sl_hits": 0,
    "worst_mae": -0.11699999999999999,
    "win": 0.8888888888888888,
    "max_hold_days": 36.65416666666667,
    "in_market": 0.6340675200803213,
    "score": -12.650347016931143
   }
  },
  {
   "rank": 4,
   "train_score": 0.8007787697319706,
   "holdout": {
    "n": 9,
    "months": 2.1842105263157894,
    "eq": 0.0,
    "growth": -12.650347016931143,
    "liq": true,
    "maxdd": 1.0000000000000002,
    "tpm": 4.120481927710844,
    "sl_hits": 0,
    "worst_mae": -0.11699999999999999,
    "win": 0.8888888888888888,
    "max_hold_days": 36.65416666666667,
    "in_market": 0.6341302710843374,
    "score": -12.650347016931143
   }
  },
  {
   "rank": 5,
   "train_score": 0.7970051040478967,
   "holdout": {
    "n": 8,
    "months": 2.1842105263157894,
    "eq": 0.0,
    "growth": -12.650347016931143,
    "liq": true,
    "maxdd": 1.0000000000000002,
    "tpm": 3.662650602409639,
    "sl_hits": 0,
    "worst_mae": -0.11699999999999999,
    "win": 0.875,
    "max_hold_days": 36.65416666666667,
    "in_market": 0.6335341365461847,
    "score": -12.650347016931143
   }
  },
  {
   "rank": 6,
   "train_score": 0.7968547955691367,
   "holdout": {
    "n": 9,
    "months": 2.1842105263157894,
    "eq": 0.0,
    "growth": -12.650347016931143,
    "liq": true,
    "maxdd": 1.0000000000000002,
    "tpm": 4.120481927710844,
    "sl_hits": 0,
    "worst_mae": -0.11699999999999999,
    "win": 0.8888888888888888,
    "max_hold_days": 36.65416666666667,
    "in_market": 0.6342871485943775,
    "score": -12.650347016931143
   }
  },
  {
   "rank": 7,
   "train_score": 0.794425067470191,
   "holdout": {
    "n": 9,
    "months": 2.1842105263157894,
    "eq": 0.0,
    "growth": -12.650347016931143,
    "liq": true,
    "maxdd": 1.0000000000000002,
    "tpm": 4.120481927710844,
    "sl_hits": 0,
    "worst_mae": -0.11699999999999999,
    "win": 0.8888888888888888,
    "max_hold_days": 36.65416666666667,
    "in_market": 0.6338792670682731,
    "score": -12.650347016931143
   }
  },
  {
   "rank": 8,
   "train_score": 0.7942016464493232,
   "holdout": {
    "n": 9,
    "months": 2.1842105263157894,
    "eq": 0.0,
    "growth": -12.650347016931143,
    "liq": true,
    "maxdd": 1.0000000000000002,
    "tpm": 4.120481927710844,
    "sl_hits": 0,
    "worst_mae": -0.11699999999999999,
    "win": 0.8888888888888888,
    "max_hold_days": 36.65416666666667,
    "in_market": 0.6340675200803213,
    "score": -12.650347016931143
   }
  }
 ]
}