{"job": {"strategy": "v6", "mode": "spot", "method": "none", "window": 42, "fold_idx": 6, "n_samples": 350, "seed": 44837}, "status": "ok", "n_feasible": 223, "cand": {"strategy": "v6", "tv": 0, "zL": [-1.8302], "zS": [1.6029], "zXS": [1.8389], "zXLmax": [-40.185], "ptScale": [2.2298], "eS3": [0.0], "eXS": [0.0], "lev": [1.0], "sl": 0.08}, "train": {"n": 10, "months": 1.368969298245614, "eq": 1142.4339167569738, "growth": 0.09727099166583952, "liq": false, "maxdd": 0.0, "tpm": 7.304765718862635, "sl_hits": 0, "worst_mae": -0.047974944835931455, "win": 1.0, "score": 0.09727099166583952}, "oos": {"n": 10, "months": 0.9139939692982456, "eq": 1103.4944930425263, "growth": 0.10774902194544207, "liq": false, "maxdd": 0.0, "tpm": 10.94099122741246, "sl_hits": 0, "worst_mae": -0.05756034074775196, "win": 1.0, "score": 0.10774902194544207}, "elapsed": 0.4525179862976074}