{"job": {"strategy": "v6", "mode": "spot", "method": "none", "window": 42, "fold_idx": 12, "n_samples": 350, "seed": 44837}, "status": "ok", "n_feasible": 282, "cand": {"strategy": "v6", "tv": 1, "zL": [-1.939], "zS": [1.324], "zXS": [2.0617], "zXLmax": [-20.1322], "ptScale": [2.1403], "eS3": [0.0], "eXS": [0.0], "lev": [1.0], "sl": 0.08}, "train": {"n": 12, "months": 1.3810992324561404, "eq": 1121.1721384967925, "growth": 0.08281424505528191, "liq": false, "maxdd": 0.0, "tpm": 8.688731206272019, "sl_hits": 0, "worst_mae": -0.0655644473331437, "win": 1.0, "score": 0.08281424505528191}, "oos": {"n": 5, "months": 0.7870065789473684, "eq": 709.7626404840745, "growth": -0.43560585538743396, "liq": false, "maxdd": 0.23458908463829634, "tpm": 6.353187042842216, "sl_hits": 4, "worst_mae": -0.11090275917492642, "win": 0.2, "score": -0.43560585538743396}, "elapsed": 0.4489004611968994}