{"job": {"strategy": "v6", "mode": "spot", "method": "none", "window": 42, "fold_idx": 13, "n_samples": 350, "seed": 44837}, "status": "ok", "n_feasible": 350, "cand": {"strategy": "v6", "tv": 1, "zL": [-1.4514], "zS": [2.0619], "zXS": [1.9195], "zXLmax": [-20.2069], "ptScale": [1.3437], "eS3": [0.0], "eXS": [0.0], "lev": [1.0], "sl": 0.02}, "train": {"n": 25, "months": 1.2473958333333333, "eq": 1034.954473868406, "growth": 0.027543333263755167, "liq": false, "maxdd": 0.024946030919998346, "tpm": 20.041753653444676, "sl_hits": 5, "worst_mae": -0.022120486051685706, "win": 0.8, "score": 0.027543333263755167}, "oos": {"n": 5, "months": 0.920984100877193, "eq": 1025.6462509969917, "growth": 0.027495483004820475, "liq": false, "maxdd": 0.0, "tpm": 5.428975370191234, "sl_hits": 0, "worst_mae": -0.012261793189628167, "win": 1.0, "score": 0.027495483004820475}, "elapsed": 0.7361578941345215}