{"job": {"strategy": "v6", "mode": "spot", "method": "none", "window": 42, "fold_idx": 8, "n_samples": 350, "seed": 44837}, "status": "ok", "n_feasible": 177, "cand": {"strategy": "v6", "tv": 1, "zL": [-1.599], "zS": [1.7775], "zXS": [2.1663], "zXLmax": [-20.5866], "ptScale": [2.1038], "eS3": [0.0], "eXS": [0.0], "lev": [1.0], "sl": 0.08}, "train": {"n": 10, "months": 1.3704769736842106, "eq": 1095.089401844283, "growth": 0.06628057763812811, "liq": false, "maxdd": 0.0, "tpm": 7.296729672967296, "sl_hits": 0, "worst_mae": -0.0757922247631494, "win": 1.0, "score": 0.06628057763812811}, "oos": {"n": 8, "months": 0.9194078947368421, "eq": 1079.7084568393666, "growth": 0.08341352925272892, "liq": false, "maxdd": 0.0, "tpm": 8.701252236135957, "sl_hits": 0, "worst_mae": -0.011605670952852143, "win": 1.0, "score": 0.08341352925272892}, "elapsed": 0.4542219638824463}