{"job": {"strategy": "v6", "mode": "spot", "method": "none", "window": 42, "fold_idx": 3, "n_samples": 350, "seed": 44837}, "status": "ok", "n_feasible": 175, "cand": {"strategy": "v6", "tv": 1, "zL": [-1.1656], "zS": [1.6527], "zXS": [2.1956], "zXLmax": [-40.2321], "ptScale": [1.8968], "eS3": [0.0], "eXS": [0.0], "lev": [1.0], "sl": 0.06}, "train": {"n": 19, "months": 1.3655427631578947, "eq": 1096.5905739852485, "growth": 0.06752325212055182, "liq": false, "maxdd": 0.06336674672935402, "tpm": 13.913881361035832, "sl_hits": 1, "worst_mae": -0.06264370752644233, "win": 0.9473684210526315, "score": 0.03232070022457979}, "oos": {"n": 15, "months": 0.9172149122807017, "eq": 907.5010558089093, "growth": -0.10582094568945312, "liq": false, "maxdd": 0.09747638461323556, "tpm": 16.35385534967125, "sl_hits": 3, "worst_mae": -0.06126902417188895, "win": 0.8, "score": -0.10582094568945312}, "elapsed": 0.5995678901672363}