{"job": {"strategy": "v6", "mode": "spot", "method": "none", "window": 42, "fold_idx": 11, "n_samples": 350, "seed": 44837}, "status": "ok", "n_feasible": 178, "cand": {"strategy": "v6", "tv": 1, "zL": [-1.0825], "zS": [1.7039], "zXS": [2.2832], "zXLmax": [0.0111], "ptScale": [2.3614], "eS3": [0.0], "eXS": [0.0], "lev": [1.0], "sl": 0.1}, "train": {"n": 23, "months": 1.2973547149122806, "eq": 1250.7225060273781, "growth": 0.1724442718588281, "liq": false, "maxdd": 0.0, "tpm": 17.728382018910782, "sl_hits": 0, "worst_mae": -0.06881755252398492, "win": 1.0, "score": 0.1724442718588281}, "oos": {"n": 14, "months": 0.9208470394736842, "eq": 912.1355965921699, "growth": -0.09987176538933701, "liq": false, "maxdd": 0.1357582401387744, "tpm": 15.203393614646126, "sl_hits": 2, "worst_mae": -0.10920187993109765, "win": 0.8571428571428571, "score": -0.09987176538933701}, "elapsed": 0.4411013126373291}