{"job": {"strategy": "v6", "mode": "spot", "method": "none", "window": 42, "fold_idx": 20, "n_samples": 350, "seed": 44837}, "status": "ok", "n_feasible": 216, "cand": {"strategy": "v6", "tv": 0, "zL": [-1.0078], "zS": [1.8318], "zXS": [2.1656], "zXLmax": [-99.0], "ptScale": [1.885], "eS3": [0.0], "eXS": [0.0], "lev": [1.0], "sl": 0.03}, "train": {"n": 27, "months": 1.3813048245614035, "eq": 1012.045518244246, "growth": 0.008668288232318739, "liq": false, "maxdd": 0.04826296045847671, "tpm": 19.546735463385595, "sl_hits": 5, "worst_mae": -0.04104699583581206, "win": 0.8148148148148148, "score": 0.008668288232318739}, "oos": {"n": 10, "months": 0.9185855263157895, "eq": 1001.0893342578256, "growth": 0.0011852367935337304, "liq": false, "maxdd": 0.030243916162610854, "tpm": 10.886302596239927, "sl_hits": 2, "worst_mae": -0.03372558534514136, "win": 0.8, "score": 0.0011852367935337304}, "elapsed": 0.42653918266296387}