{"job": {"strategy": "v6", "mode": "spot", "method": "none", "window": 42, "fold_idx": 5, "n_samples": 350, "seed": 44837}, "status": "ok", "n_feasible": 224, "cand": {"strategy": "v6", "tv": 1, "zL": [-1.7951374850912103], "zS": [1.1786258865279837], "zXS": [2.846228236024548], "zXLmax": [-0.007705057012864705], "ptScale": [2.229903649625541], "eS3": [0.0], "eXS": [0.0], "lev": [1.0], "sl": 0.1}, "train": {"n": 11, "months": 1.3742461622807018, "eq": 1133.7901105111405, "growth": 0.09137089401337095, "liq": false, "maxdd": 0.0, "tpm": 8.004388370817333, "sl_hits": 0, "worst_mae": -0.0468682192969766, "win": 1.0, "score": 0.0532084696317261}, "oos": {"n": 6, "months": 0.9084429824561403, "eq": 1075.883951979575, "growth": 0.08051424912256887, "liq": false, "maxdd": 0.0, "tpm": 6.604707302353652, "sl_hits": 0, "worst_mae": -0.047974944835931455, "win": 1.0, "score": 0.08051424912256887}, "elapsed": 0.4642014503479004}