{"job": {"strategy": "v6", "mode": "spot", "method": "none", "window": 42, "fold_idx": 19, "n_samples": 350, "seed": 44837}, "status": "ok", "n_feasible": 113, "cand": {"strategy": "v6", "tv": 1, "zL": [-0.9137], "zS": [1.4163], "zXS": [2.1416], "zXLmax": [-40.2087], "ptScale": [1.4401], "eS3": [0.0], "eXS": [0.0], "lev": [1.0], "sl": 0.1}, "train": {"n": 14, "months": 1.3814418859649122, "eq": 1107.9536914135933, "growth": 0.0742085452454539, "liq": false, "maxdd": 0.0, "tpm": 10.13433872407977, "sl_hits": 0, "worst_mae": -0.05675287356321834, "win": 1.0, "score": 0.0742085452454539}, "oos": {"n": 21, "months": 0.9207785087719298, "eq": 1023.3155356440519, "growth": 0.025030863211304426, "liq": false, "maxdd": 0.09214777131782945, "tpm": 22.806787734444775, "sl_hits": 1, "worst_mae": -0.10320705983641842, "win": 0.9523809523809523, "score": 0.025030863211304426}, "elapsed": 0.4270057678222656}