{"job": {"strategy": "v6", "mode": "spot", "method": "none", "window": 42, "fold_idx": 15, "n_samples": 350, "seed": 44837}, "status": "ok", "n_feasible": 177, "cand": {"strategy": "v6", "tv": 0, "zL": [-1.2076], "zS": [1.9043], "zXS": [2.0673], "zXLmax": [-99.0], "ptScale": [2.0983], "eS3": [0.0], "eXS": [0.0], "lev": [1.0], "sl": 0.08}, "train": {"n": 21, "months": 1.3815104166666667, "eq": 1107.2010750286431, "growth": 0.07371299962399609, "liq": false, "maxdd": 0.07939770635707182, "tpm": 15.20075400565504, "sl_hits": 1, "worst_mae": -0.0817641228939543, "win": 0.9523809523809523, "score": 0.03160347569722699}, "oos": {"n": 5, "months": 0.9210526315789473, "eq": 952.157977527332, "growth": -0.053226399334964584, "liq": false, "maxdd": 0.08016654373024244, "tpm": 5.428571428571429, "sl_hits": 1, "worst_mae": -0.08623414942569119, "win": 0.8, "score": -0.053226399334964584}, "elapsed": 0.43481969833374023}