{"job": {"strategy": "v6", "mode": "spot", "method": "none", "window": 42, "fold_idx": 7, "n_samples": 350, "seed": 44837}, "status": "ok", "n_feasible": 283, "cand": {"strategy": "v6", "tv": 1, "zL": [-1.4639], "zS": [1.7187], "zXS": [1.8572], "zXLmax": [-99.0], "ptScale": [2.1787], "eS3": [0.0], "eXS": [0.0], "lev": [1.0], "sl": 0.1}, "train": {"n": 20, "months": 1.3672560307017543, "eq": 1220.2375884154199, "growth": 0.1455803301782024, "liq": false, "maxdd": 0.0, "tpm": 14.627838203598818, "sl_hits": 0, "worst_mae": -0.07450178170779986, "win": 1.0, "score": 0.1455803301782024}, "oos": {"n": 5, "months": 0.915296052631579, "eq": 934.7385487981763, "growth": -0.07373397444044659, "liq": false, "maxdd": 0.09848506630313532, "tpm": 5.462713387241689, "sl_hits": 1, "worst_mae": -0.10713179255220273, "win": 0.8, "score": -0.07373397444044659}, "elapsed": 0.4518473148345947}