{"job": {"strategy": "v6", "mode": "spot", "method": "none", "window": 42, "fold_idx": 17, "n_samples": 350, "seed": 44837}, "status": "ok", "n_feasible": 150, "cand": {"strategy": "v6", "tv": 0, "zL": [-1.1766], "zS": [1.8738], "zXS": [2.4438], "zXLmax": [-19.9798], "ptScale": [2.2262], "eS3": [0.0], "eXS": [0.0], "lev": [1.0], "sl": 0.04}, "train": {"n": 15, "months": 1.381578947368421, "eq": 1093.9310075458693, "growth": 0.06498190912771683, "liq": false, "maxdd": 0.0, "tpm": 10.857142857142858, "sl_hits": 1, "worst_mae": -0.047367135997395726, "win": 0.9333333333333333, "score": 0.05310037526387857}, "oos": {"n": 7, "months": 0.920984100877193, "eq": 1020.2981437058318, "growth": 0.0218189242541656, "liq": false, "maxdd": 0.03992145938173984, "tpm": 7.600565518267729, "sl_hits": 1, "worst_mae": -0.04205103630046725, "win": 0.8571428571428571, "score": 0.0218189242541656}, "elapsed": 0.4464271068572998}