{"job": {"strategy": "v6", "mode": "spot", "method": "none", "window": 42, "fold_idx": 1, "n_samples": 350, "seed": 44837}, "status": "ok", "n_feasible": 90, "cand": {"strategy": "v6", "tv": 0, "zL": [-1.0494], "zS": [1.6107], "zXS": [1.9257], "zXLmax": [-20.9338], "ptScale": [1.6256], "eS3": [0.0], "eXS": [0.0], "lev": [1.0], "sl": 0.08}, "train": {"n": 20, "months": 0.9268777412280702, "eq": 1044.7786486787622, "growth": 0.047260864713038434, "liq": false, "maxdd": 0.08124757118223495, "tpm": 21.577818853974122, "sl_hits": 1, "worst_mae": -0.08251324753974265, "win": 0.95, "score": 0.047260864713038434}, "oos": {"n": 19, "months": 0.9159813596491229, "eq": 1050.8712889419523, "growth": 0.054170992178192115, "liq": false, "maxdd": 0.0772748741674716, "tpm": 20.74278018853808, "sl_hits": 1, "worst_mae": -0.08098627351296384, "win": 0.9473684210526315, "score": 0.054170992178192115}, "elapsed": 0.5691394805908203}