{"job": {"strategy": "v6", "mode": "spot", "method": "none", "window": 42, "fold_idx": 16, "n_samples": 350, "seed": 44837}, "status": "ok", "n_feasible": 201, "cand": {"strategy": "v6", "tv": 1, "zL": [-1.4874], "zS": [1.5904], "zXS": [1.8188], "zXLmax": [-99.0], "ptScale": [2.3786], "eS3": [0.0], "eXS": [0.0], "lev": [1.0], "sl": 0.08}, "train": {"n": 11, "months": 1.381578947368421, "eq": 1118.9443584240812, "growth": 0.08134584269128879, "liq": false, "maxdd": 0.0, "tpm": 7.961904761904762, "sl_hits": 0, "worst_mae": -0.047367135997395726, "win": 1.0, "score": 0.08134584269128879}, "oos": {"n": 8, "months": 0.9210526315789473, "eq": 1093.7604097628812, "growth": 0.0973035340969064, "liq": false, "maxdd": 0.0, "tpm": 8.685714285714285, "sl_hits": 0, "worst_mae": -0.009301187125198784, "win": 1.0, "score": 0.0973035340969064}, "elapsed": 0.43419623374938965}