{"job": {"strategy": "v6", "mode": "spot", "method": "none", "window": 42, "fold_idx": 2, "n_samples": 350, "seed": 44837}, "status": "ok", "n_feasible": 230, "cand": {"strategy": "v6", "tv": 1, "zL": [-1.309], "zS": [1.5408], "zXS": [2.075], "zXLmax": [-99.0], "ptScale": [2.0929], "eS3": [0.0], "eXS": [0.0], "lev": [1.0], "sl": 0.1}, "train": {"n": 14, "months": 1.3765076754385965, "eq": 1146.6472113922955, "growth": 0.09941260641399084, "liq": false, "maxdd": 0.0, "tpm": 10.170666135616846, "sl_hits": 0, "worst_mae": -0.05810220280032108, "win": 1.0, "score": 0.09941260641399084}, "oos": {"n": 9, "months": 0.9100877192982456, "eq": 1090.9145193016227, "growth": 0.09561314932458803, "liq": false, "maxdd": 0.0, "tpm": 9.889156626506024, "sl_hits": 0, "worst_mae": -0.026726172155535077, "win": 1.0, "score": 0.09561314932458803}, "elapsed": 0.5902259349822998}