{"job": {"strategy": "v6", "mode": "spot", "method": "none", "window": 42, "fold_idx": 14, "n_samples": 350, "seed": 44837}, "status": "ok", "n_feasible": 164, "cand": {"strategy": "v6", "tv": 0, "zL": [-1.3918], "zS": [1.2211], "zXS": [1.7109], "zXLmax": [-0.2185], "ptScale": [1.3446], "eS3": [0.0], "eXS": [0.0], "lev": [1.0], "sl": 0.03}, "train": {"n": 14, "months": 1.2488349780701755, "eq": 1047.3814836489307, "growth": 0.03706912852760011, "liq": false, "maxdd": 0.03145952737382376, "tpm": 11.210448334522306, "sl_hits": 1, "worst_mae": -0.07691194559004422, "win": 0.9285714285714286, "score": 0.01872431524646317}, "oos": {"n": 12, "months": 0.920984100877193, "eq": 1031.1688787269954, "growth": 0.03332630008575551, "liq": false, "maxdd": 0.03449701203262538, "tpm": 13.029540888458962, "sl_hits": 1, "worst_mae": -0.036175710594315236, "win": 0.9166666666666666, "score": 0.03332630008575551}, "elapsed": 0.7333786487579346}