{"job": {"strategy": "v6", "mode": "spot", "method": "none", "window": 42, "fold_idx": 10, "n_samples": 350, "seed": 44837}, "status": "ok", "n_feasible": 265, "cand": {"strategy": "v6", "tv": 0, "zL": [-0.941], "zS": [1.7438], "zXS": [1.4936], "zXLmax": [-99.0], "ptScale": [1.017], "eS3": [0.0], "eXS": [0.0], "lev": [1.0], "sl": 0.06}, "train": {"n": 29, "months": 1.3779468201754386, "eq": 1069.4136486944933, "growth": 0.04870326301020989, "liq": false, "maxdd": 0.0584712241406127, "tpm": 21.045804943551996, "sl_hits": 1, "worst_mae": -0.06241899528228523, "win": 0.9655172413793104, "score": 0.04870326301020989}, "oos": {"n": 18, "months": 0.8395696271929824, "eq": 1009.3523434852212, "growth": 0.011087682060792902, "liq": false, "maxdd": 0.060458728093359906, "tpm": 21.43955595461595, "sl_hits": 1, "worst_mae": -0.062294148741511735, "win": 0.9444444444444444, "score": 0.011087682060792902}, "elapsed": 0.4489421844482422}