{"job": {"strategy": "v6", "mode": "spot", "method": "none", "window": 42, "fold_idx": 4, "n_samples": 350, "seed": 44837}, "status": "ok", "n_feasible": 215, "cand": {"strategy": "v6", "tv": 0, "zL": [-1.6851], "zS": [2.1355], "zXS": [2.048], "zXLmax": [-39.947], "ptScale": [1.6973], "eS3": [0.0], "eXS": [0.0], "lev": [1.0], "sl": 0.08}, "train": {"n": 12, "months": 1.3730126096491229, "eq": 996.292068388931, "growth": -0.0027056000825674896, "liq": false, "maxdd": 0.0802410199556542, "tpm": 8.73990516595957, "sl_hits": 1, "worst_mae": -0.08026212061489957, "win": 0.9166666666666666, "score": -0.0027056000825674896}, "oos": {"n": 8, "months": 0.9156387061403509, "eq": 1012.5055757166991, "growth": 0.013573068482952389, "liq": false, "maxdd": 0.07299205421023688, "tpm": 8.73707057854951, "sl_hits": 1, "worst_mae": -0.0800082553659881, "win": 0.875, "score": 0.013573068482952389}, "elapsed": 0.5846388339996338}