{"job": {"strategy": "v6", "mode": "spot", "method": "none", "window": 42, "fold_idx": 18, "n_samples": 350, "seed": 44837}, "status": "ok", "n_feasible": 151, "cand": {"strategy": "v6", "tv": 1, "zL": [-1.424], "zS": [1.3815], "zXS": [2.3073], "zXLmax": [-39.8918], "ptScale": [2.4], "eS3": [0.0], "eXS": [0.0], "lev": [1.0], "sl": 0.04}, "train": {"n": 12, "months": 1.3815104166666667, "eq": 1155.3926066417853, "growth": 0.10455238240853014, "liq": false, "maxdd": 0.0, "tpm": 8.686145146088595, "sl_hits": 0, "worst_mae": -0.03887812108083455, "win": 1.0, "score": 0.10455238240853014}, "oos": {"n": 9, "months": 0.920984100877193, "eq": 892.5590342173575, "growth": -0.12341431586734386, "liq": false, "maxdd": 0.11738060542191821, "tpm": 9.772155666344222, "sl_hits": 4, "worst_mae": -0.04262574595055413, "win": 0.5555555555555556, "score": -0.12341431586734386}, "elapsed": 0.4140903949737549}