{"job": {"strategy": "v6", "mode": "spot", "method": "vol3", "window": 91, "fold_idx": 12, "n_samples": 350, "seed": 469823}, "status": "ok", "n_feasible": 350, "cand": {"strategy": "v6", "tv": 0, "zL": [-1.6084, -1.3906, -1.8402], "zS": [1.7313, 2.0138, 2.0727], "zXS": [2.1255, 2.2297, 2.1538], "zXLmax": [-19.9382, -19.9474, -20.042], "ptScale": [2.1098, 1.8187, 2.0182], "eS3": [0.0, 0.0, 0.0], "eXS": [0.0, 0.0, 0.0], "lev": [1.0, 1.0, 1.0], "sl": 0.08}, "train": {"n": 31, "months": 2.9086485745614037, "eq": 1202.148547344708, "growth": 0.06329757866552264, "liq": false, "maxdd": 0.0811694664800124, "tpm": 10.657870555804255, "sl_hits": 1, "worst_mae": -0.08268961584322665, "win": 0.967741935483871, "score": 0.07811883577617654}, "oos": {"n": 7, "months": 0.7870065789473684, "eq": 716.8390251951934, "growth": -0.4230002443143402, "liq": false, "maxdd": 0.28855091652745074, "tpm": 8.894461859979103, "sl_hits": 4, "worst_mae": -0.11090275917492642, "win": 0.42857142857142855, "score": -0.4230002443143402}, "elapsed": 0.5536959171295166}