{"job": {"strategy": "v6", "mode": "spot", "method": "vol3", "window": 91, "fold_idx": 20, "n_samples": 350, "seed": 469823}, "status": "ok", "n_feasible": 313, "cand": {"strategy": "v6", "tv": 1, "zL": [-1.5556, -1.5366, -1.4784], "zS": [1.6292, 1.3932, 1.4283], "zXS": [2.3866, 2.2141, 1.8724], "zXLmax": [-39.722, -39.8231, -39.9171], "ptScale": [1.9633, 2.1447, 1.9336], "eS3": [0.0, 0.0, 0.0], "eXS": [0.0, 0.0, 0.0], "lev": [1.0, 1.0, 1.0], "sl": 0.1}, "train": {"n": 26, "months": 2.9930098684210527, "eq": 1154.5720948139672, "growth": 0.04802182450675003, "liq": false, "maxdd": 0.09214777131782952, "tpm": 8.686907542244814, "sl_hits": 1, "worst_mae": -0.10320705983641842, "win": 0.9615384615384616, "score": 0.03592289162823556}, "oos": {"n": 5, "months": 0.9185855263157895, "eq": 927.5500445837456, "growth": -0.08187428102994496, "liq": false, "maxdd": 0.0, "tpm": 5.443151298119964, "sl_hits": 1, "worst_mae": -0.10311779691859757, "win": 0.8, "score": -0.08187428102994496}, "elapsed": 0.5451979637145996}