{"job": {"strategy": "v6", "mode": "spot", "method": "vol3", "window": 91, "fold_idx": 14, "n_samples": 350, "seed": 469823}, "status": "ok", "n_feasible": 350, "cand": {"strategy": "v6", "tv": 0, "zL": [-1.8711, -1.7789, -1.5647], "zS": [1.8466, 2.1101, 2.1967], "zXS": [2.0088, 1.8296, 2.032], "zXLmax": [-0.9018, -0.9319, -0.9462], "ptScale": [1.225, 1.1472, 1.4102], "eS3": [0.0, 0.0, 0.0], "eXS": [0.0, 0.0, 0.0], "lev": [1.0, 1.0, 1.0], "sl": 0.02}, "train": {"n": 34, "months": 2.8591008771929824, "eq": 1081.0804879744512, "growth": 0.02726766077679268, "liq": false, "maxdd": 0.03279544241771076, "tpm": 11.891850431447747, "sl_hits": 5, "worst_mae": -0.07691194559004422, "win": 0.8529411764705882, "score": 0.012153376286529379}, "oos": {"n": 7, "months": 0.920984100877193, "eq": 1006.9169240144312, "growth": 0.007484506877562349, "liq": false, "maxdd": 0.022712549462973415, "tpm": 7.600565518267729, "sl_hits": 1, "worst_mae": -0.02503229974160215, "win": 0.8571428571428571, "score": 0.007484506877562349}, "elapsed": 0.8414225578308105}