{"job": {"strategy": "v6", "mode": "spot", "method": "vol3", "window": 91, "fold_idx": 1, "n_samples": 350, "seed": 469823}, "status": "ok", "n_feasible": 142, "cand": {"strategy": "v6", "tv": 0, "zL": [-1.3158, -1.0765, -1.3117], "zS": [1.7886, 1.6571, 1.7014], "zXS": [2.0236, 2.2192, 1.9349], "zXLmax": [-99.0, -99.0, -99.0], "ptScale": [1.7118, 2.2186, 1.5802], "eS3": [0.0, 0.0, 0.0], "eXS": [0.0, 0.0, 0.0], "lev": [1.0, 1.0, 1.0], "sl": 0.06}, "train": {"n": 14, "months": 0.9268777412280702, "eq": 1127.935956672234, "growth": 0.1298870067855402, "liq": false, "maxdd": 0.0, "tpm": 15.104473197781886, "sl_hits": 0, "worst_mae": -0.029806431711266956, "win": 1.0, "score": 0.1298870067855402}, "oos": {"n": 14, "months": 0.9159813596491229, "eq": 1125.4082780262938, "growth": 0.12898284705870586, "liq": false, "maxdd": 0.0, "tpm": 15.284153823133323, "sl_hits": 0, "worst_mae": -0.05810220280032108, "win": 1.0, "score": 0.12898284705870586}, "elapsed": 0.5464980602264404}