{"job": {"strategy": "v6", "mode": "spot", "method": "vol3", "window": 91, "fold_idx": 6, "n_samples": 350, "seed": 469823}, "status": "ok", "n_feasible": 350, "cand": {"strategy": "v6", "tv": 1, "zL": [-2.0348, -1.9457, -1.4991], "zS": [1.4961, 1.5468, 1.651], "zXS": [1.9067, 1.8645, 1.8759], "zXLmax": [-20.4552, -20.3628, -20.3473], "ptScale": [1.7542, 1.9832, 2.0292], "eS3": [0.0, 0.0, 0.0], "eXS": [0.0, 0.0, 0.0], "lev": [1.0, 1.0, 1.0], "sl": 0.08}, "train": {"n": 24, "months": 2.96984649122807, "eq": 1282.467215382832, "growth": 0.08377057043741301, "liq": false, "maxdd": 0.0, "tpm": 8.081225770721801, "sl_hits": 0, "worst_mae": -0.056884822894675224, "win": 1.0, "score": 0.06598648374314314}, "oos": {"n": 10, "months": 0.9139939692982456, "eq": 1088.7203026682312, "growth": 0.09300167739497264, "liq": false, "maxdd": 0.0, "tpm": 10.94099122741246, "sl_hits": 0, "worst_mae": -0.05756034074775196, "win": 1.0, "score": 0.09300167739497264}, "elapsed": 0.5636215209960938}