{"job": {"strategy": "v6", "mode": "spot", "method": "vol3", "window": 91, "fold_idx": 11, "n_samples": 350, "seed": 469823}, "status": "ok", "n_feasible": 333, "cand": {"strategy": "v6", "tv": 0, "zL": [-1.1825, -1.1073, -1.36], "zS": [1.8646, 2.1947, 1.863], "zXS": [1.8664, 2.0255, 1.8272], "zXLmax": [-20.7624, -20.8563, -21.0661], "ptScale": [1.3513, 1.5876, 1.5264], "eS3": [0.0, 0.0, 0.0], "eXS": [0.0, 0.0, 0.0], "lev": [1.0, 1.0, 1.0], "sl": 0.08}, "train": {"n": 39, "months": 2.9060444078947367, "eq": 1073.0858468847189, "growth": 0.02427301753301385, "liq": false, "maxdd": 0.15132340854230325, "tpm": 13.420304209409268, "sl_hits": 2, "worst_mae": -0.08279628080877655, "win": 0.9487179487179487, "score": -0.007261983543090544}, "oos": {"n": 16, "months": 0.9208470394736842, "eq": 1020.4903094721958, "growth": 0.02202668466160126, "liq": false, "maxdd": 0.0813749469925231, "tpm": 17.375306988167, "sl_hits": 1, "worst_mae": -0.08110520912377805, "win": 0.9375, "score": 0.02202668466160126}, "elapsed": 0.5515139102935791}