{"job": {"strategy": "v6", "mode": "spot", "method": "vol3", "window": 91, "fold_idx": 3, "n_samples": 350, "seed": 469823}, "status": "ok", "n_feasible": 312, "cand": {"strategy": "v6", "tv": 1, "zL": [-1.3523, -1.6065, -1.6617], "zS": [1.5262, 1.6192, 1.4625], "zXS": [1.8407, 2.3069, 2.2142], "zXLmax": [-39.8348, -39.9225, -39.8541], "ptScale": [1.7618, 1.9518, 1.4389], "eS3": [0.0, 0.0, 0.0], "eXS": [0.0, 0.0, 0.0], "lev": [1.0, 1.0, 1.0], "sl": 0.06}, "train": {"n": 21, "months": 2.752946820175439, "eq": 1194.4541880114166, "growth": 0.06454513879703791, "liq": false, "maxdd": 0.0, "tpm": 7.628189489930547, "sl_hits": 0, "worst_mae": -0.05810220280032108, "win": 1.0, "score": 0.06310294488959657}, "oos": {"n": 11, "months": 0.9172149122807017, "eq": 953.4700802916437, "growth": -0.051947730700504985, "liq": false, "maxdd": 0.06128969249692493, "tpm": 11.992827256425583, "sl_hits": 2, "worst_mae": -0.06080881629440116, "win": 0.8181818181818182, "score": -0.051947730700504985}, "elapsed": 0.6595375537872314}