{"job": {"strategy": "v6", "mode": "spot", "method": "vol3", "window": 91, "fold_idx": 2, "n_samples": 350, "seed": 469823}, "status": "ok", "n_feasible": 280, "cand": {"strategy": "v6", "tv": 0, "zL": [-1.2691, -1.4507, -1.2664], "zS": [1.6933, 1.9383, 1.7036], "zXS": [1.812, 1.9418, 1.8887], "zXLmax": [-99.0, -99.0, -99.0], "ptScale": [1.7854, 1.9388, 1.6173], "eS3": [0.0, 0.0, 0.0], "eXS": [0.0, 0.0, 0.0], "lev": [1.0, 1.0, 1.0], "sl": 0.08}, "train": {"n": 24, "months": 1.842859100877193, "eq": 1217.642768315651, "growth": 0.1068539816796975, "liq": false, "maxdd": 0.0, "tpm": 13.023241976869585, "sl_hits": 0, "worst_mae": -0.05810220280032108, "win": 1.0, "score": 0.06962150753781599}, "oos": {"n": 9, "months": 0.9100877192982456, "eq": 1068.2283438387735, "growth": 0.07252215514821919, "liq": false, "maxdd": 0.0, "tpm": 9.889156626506024, "sl_hits": 0, "worst_mae": -0.026105263157894742, "win": 1.0, "score": 0.07252215514821919}, "elapsed": 0.6100802421569824}