{"job": {"strategy": "v6", "mode": "spot", "method": "vol3", "window": 91, "fold_idx": 17, "n_samples": 350, "seed": 469823}, "status": "ok", "n_feasible": 324, "cand": {"strategy": "v6", "tv": 0, "zL": [-1.4142, -1.1495, -1.4475], "zS": [1.741, 1.7906, 1.6608], "zXS": [1.8914, 2.0163, 2.0028], "zXLmax": [-20.3682, -20.2799, -20.3348], "ptScale": [1.9658, 2.0421, 1.955], "eS3": [0.0, 0.0, 0.0], "eXS": [0.0, 0.0, 0.0], "lev": [1.0, 1.0, 1.0], "sl": 0.06}, "train": {"n": 28, "months": 2.9933525219298245, "eq": 1283.6526523973032, "growth": 0.08342139687906408, "liq": false, "maxdd": 0.0, "tpm": 9.354060303578379, "sl_hits": 0, "worst_mae": -0.057170542635658905, "win": 1.0, "score": 0.05972688137198001}, "oos": {"n": 5, "months": 0.920984100877193, "eq": 1046.971654648017, "growth": 0.04984001195424782, "liq": false, "maxdd": 0.0, "tpm": 5.428975370191234, "sl_hits": 0, "worst_mae": -0.03887812108083455, "win": 1.0, "score": 0.04984001195424782}, "elapsed": 0.538100004196167}