{"job": {"strategy": "v6", "mode": "spot", "method": "vol3", "window": 91, "fold_idx": 16, "n_samples": 350, "seed": 469823}, "status": "ok", "n_feasible": 343, "cand": {"strategy": "v6", "tv": 1, "zL": [-1.4273, -1.0984, -1.3888], "zS": [1.9941, 1.87, 1.8035], "zXS": [1.887, 1.7788, 1.751], "zXLmax": [-40.3993, -40.2275, -40.2215], "ptScale": [1.6351, 1.7309, 1.6431], "eS3": [0.0, 0.0, 0.0], "eXS": [0.0, 0.0, 0.0], "lev": [1.0, 1.0, 1.0], "sl": 0.1}, "train": {"n": 22, "months": 2.8782894736842106, "eq": 934.9044382939292, "growth": -0.0233857506569043, "liq": false, "maxdd": 0.10014386718340848, "tpm": 7.643428571428571, "sl_hits": 2, "worst_mae": -0.1029287392325764, "win": 0.9090909090909091, "score": -0.004305732214460192}, "oos": {"n": 11, "months": 0.9210526315789473, "eq": 1083.4068604114525, "growth": 0.08697719736394952, "liq": false, "maxdd": 0.0, "tpm": 11.942857142857143, "sl_hits": 0, "worst_mae": -0.02610250297973793, "win": 1.0, "score": 0.08697719736394952}, "elapsed": 0.5368571281433105}