{"job": {"strategy": "v6", "mode": "spot", "method": "vol3", "window": 91, "fold_idx": 18, "n_samples": 350, "seed": 469823}, "status": "ok", "n_feasible": 300, "cand": {"strategy": "v6", "tv": 1, "zL": [-1.5225, -1.2214, -1.4232], "zS": [2.319, 2.0212, 1.9891], "zXS": [2.0457, 1.9442, 1.6584], "zXLmax": [-99.0, -99.0, -99.0], "ptScale": [1.8619, 2.245, 1.847], "eS3": [0.0, 0.0, 0.0], "eXS": [0.0, 0.0, 0.0], "lev": [1.0, 1.0, 1.0], "sl": 0.08}, "train": {"n": 26, "months": 2.9933525219298245, "eq": 1273.3783467048495, "growth": 0.08073672658677296, "liq": false, "maxdd": 0.0, "tpm": 8.685913139037066, "sl_hits": 0, "worst_mae": -0.047367135997395726, "win": 1.0, "score": 0.06789816078157974}, "oos": {"n": 7, "months": 0.920984100877193, "eq": 968.8375984648937, "growth": -0.03437440250122133, "liq": false, "maxdd": 0.08423617614269788, "tpm": 7.600565518267729, "sl_hits": 1, "worst_mae": -0.08526526972804283, "win": 0.8571428571428571, "score": -0.03437440250122133}, "elapsed": 0.5363941192626953}