{"job": {"strategy": "v6", "mode": "spot", "method": "vol3", "window": 91, "fold_idx": 10, "n_samples": 350, "seed": 469823}, "status": "ok", "n_feasible": 350, "cand": {"strategy": "v6", "tv": 0, "zL": [-1.1858, -1.761, -1.3146], "zS": [1.9213, 1.7761, 1.7991], "zXS": [2.1293, 2.3387, 2.2689], "zXLmax": [-19.9993, -20.0849, -20.1379], "ptScale": [1.2279, 1.0974, 0.9364], "eS3": [0.0, 0.0, 0.0], "eXS": [0.0, 0.0, 0.0], "lev": [1.0, 1.0, 1.0], "sl": 0.08}, "train": {"n": 36, "months": 2.9782072368421053, "eq": 1196.3850228268554, "growth": 0.06020552463373942, "liq": false, "maxdd": 0.0, "tpm": 12.087808918956233, "sl_hits": 0, "worst_mae": -0.0757922247631494, "win": 1.0, "score": 0.047911578202241775}, "oos": {"n": 7, "months": 0.8395696271929824, "eq": 1028.8710466975465, "growth": 0.033900857090294334, "liq": false, "maxdd": 0.0, "tpm": 8.33760509346176, "sl_hits": 0, "worst_mae": -0.06881755252398492, "win": 1.0, "score": 0.033900857090294334}, "elapsed": 0.5592854022979736}