{"job": {"strategy": "v6", "mode": "spot", "method": "vol3", "window": 91, "fold_idx": 8, "n_samples": 350, "seed": 469823}, "status": "ok", "n_feasible": 350, "cand": {"strategy": "v6", "tv": 1, "zL": [-1.2935, -1.5932, -1.6049], "zS": [1.6073, 1.8036, 1.8891], "zXS": [2.0433, 1.5194, 1.6243], "zXLmax": [-99.0, -99.0, -99.0], "ptScale": [1.9573, 1.9407, 1.6657], "eS3": [0.0, 0.0, 0.0], "eXS": [0.0, 0.0, 0.0], "lev": [1.0, 1.0, 1.0], "sl": 0.08}, "train": {"n": 31, "months": 2.9679961622807016, "eq": 1322.6326521390608, "growth": 0.09421312175155651, "liq": false, "maxdd": 0.0, "tpm": 10.44475744071671, "sl_hits": 0, "worst_mae": -0.0757922247631494, "win": 1.0, "score": 0.06295849623238461}, "oos": {"n": 10, "months": 0.9194078947368421, "eq": 1095.3628272077337, "growth": 0.0990699100519705, "liq": false, "maxdd": 0.0, "tpm": 10.876565295169947, "sl_hits": 0, "worst_mae": -0.012907474481396175, "win": 1.0, "score": 0.0990699100519705}, "elapsed": 0.5611059665679932}