{"job": {"strategy": "v6", "mode": "spot", "method": "vol3", "window": 91, "fold_idx": 7, "n_samples": 350, "seed": 469823}, "status": "ok", "n_feasible": 350, "cand": {"strategy": "v6", "tv": 1, "zL": [-1.3778, -1.8552, -1.8599], "zS": [1.3672, 1.3409, 1.5102], "zXS": [2.1436, 1.8048, 1.9017], "zXLmax": [-40.0224, -40.0928, -40.0005], "ptScale": [2.2093, 2.222, 2.1944], "eS3": [0.0, 0.0, 0.0], "eXS": [0.0, 0.0, 0.0], "lev": [1.0, 1.0, 1.0], "sl": 0.1}, "train": {"n": 26, "months": 2.9681332236842106, "eq": 1199.1029364482356, "growth": 0.061174384905717465, "liq": false, "maxdd": 0.09918973582828829, "tpm": 8.759714622151415, "sl_hits": 1, "worst_mae": -0.10044028618602108, "win": 0.9615384615384616, "score": 0.11051320295631027}, "oos": {"n": 4, "months": 0.915296052631579, "eq": 1036.107505907332, "growth": 0.03875348149091021, "liq": false, "maxdd": 0.0, "tpm": 4.370170709793351, "sl_hits": 0, "worst_mae": -0.0757922247631494, "win": 1.0, "score": 0.03875348149091021}, "elapsed": 0.5678813457489014}