{"job": {"strategy": "v6", "mode": "spot", "method": "vol3", "window": 91, "fold_idx": 9, "n_samples": 350, "seed": 469823}, "status": "ok", "n_feasible": 350, "cand": {"strategy": "v6", "tv": 0, "zL": [-1.4781, -1.7033, -1.6233], "zS": [1.9194, 1.773, 1.7002], "zXS": [1.9689, 1.9223, 2.3249], "zXLmax": [-99.0, -99.0, -99.0], "ptScale": [1.9127, 2.1949, 1.8341], "eS3": [0.0, 0.0, 0.0], "eXS": [0.0, 0.0, 0.0], "lev": [1.0, 1.0, 1.0], "sl": 0.08}, "train": {"n": 25, "months": 2.9727247807017543, "eq": 1259.3605401589195, "growth": 0.07757330440555975, "liq": false, "maxdd": 0.0, "tpm": 8.409792982617917, "sl_hits": 0, "worst_mae": -0.0757922247631494, "win": 1.0, "score": 0.06586273367754751}, "oos": {"n": 10, "months": 0.91796875, "eq": 986.6126408569669, "growth": -0.014682174877421818, "liq": false, "maxdd": 0.0, "tpm": 10.893617021276595, "sl_hits": 1, "worst_mae": -0.08268961584322665, "win": 0.9, "score": -0.014682174877421818}, "elapsed": 0.558863639831543}