{"job": {"strategy": "v6", "mode": "spot", "method": "vol3", "window": 91, "fold_idx": 13, "n_samples": 350, "seed": 469823}, "status": "ok", "n_feasible": 350, "cand": {"strategy": "v6", "tv": 0, "zL": [-1.9159, -1.6559, -1.9618], "zS": [1.8856, 1.6114, 1.8827], "zXS": [1.8789, 1.8397, 1.8359], "zXLmax": [-20.302, -20.3665, -20.488], "ptScale": [1.4699, 1.3027, 1.5901], "eS3": [0.0, 0.0, 0.0], "eXS": [0.0, 0.0, 0.0], "lev": [1.0, 1.0, 1.0], "sl": 0.02}, "train": {"n": 31, "months": 2.7758360745614032, "eq": 1046.6918871291791, "growth": 0.016439950241748824, "liq": false, "maxdd": 0.04474279488169816, "tpm": 11.167806443648933, "sl_hits": 6, "worst_mae": -0.03598738290957748, "win": 0.8064516129032258, "score": 0.015011858865609257}, "oos": {"n": 4, "months": 0.920984100877193, "eq": 1024.0791076612313, "growth": 0.025835166086114792, "liq": false, "maxdd": 0.0, "tpm": 4.343180296152988, "sl_hits": 0, "worst_mae": -0.011180609851446532, "win": 1.0, "score": 0.025835166086114792}, "elapsed": 0.8444085121154785}