{"job": {"strategy": "v6", "mode": "spot", "method": "vol3", "window": 91, "fold_idx": 15, "n_samples": 350, "seed": 469823}, "status": "ok", "n_feasible": 350, "cand": {"strategy": "v6", "tv": 0, "zL": [-1.1852, -1.6164, -1.2331], "zS": [1.7423, 1.9746, 1.869], "zXS": [2.3868, 2.3425, 2.4725], "zXLmax": [-20.4595, -20.58, -20.4479], "ptScale": [1.4125, 1.4472, 1.6499], "eS3": [0.0, 0.0, 0.0], "eXS": [0.0, 0.0, 0.0], "lev": [1.0, 1.0, 1.0], "sl": 0.06}, "train": {"n": 35, "months": 2.8591694078947367, "eq": 1095.8495985250024, "growth": 0.03201277658936428, "liq": false, "maxdd": 0.07811347693627765, "tpm": 12.241317322211836, "sl_hits": 2, "worst_mae": -0.06232213258139474, "win": 0.9428571428571428, "score": 0.02186847304654235}, "oos": {"n": 5, "months": 0.9210526315789473, "eq": 941.9664062325662, "growth": -0.06491015297648223, "liq": false, "maxdd": 0.08016654373024248, "tpm": 5.428571428571429, "sl_hits": 1, "worst_mae": -0.08623414942569119, "win": 0.8, "score": -0.06491015297648223}, "elapsed": 0.8496801853179932}