{"job": {"strategy": "v6", "mode": "spot", "method": "vol3", "window": 91, "fold_idx": 5, "n_samples": 350, "seed": 469823}, "status": "ok", "n_feasible": 350, "cand": {"strategy": "v6", "tv": 0, "zL": [-2.1715, -1.7496, -1.712], "zS": [1.644, 1.866, 1.638], "zXS": [1.7351, 1.7822, 2.0476], "zXLmax": [-20.1842, -20.1732, -20.2351], "ptScale": [1.8389, 2.2289, 1.8481], "eS3": [0.0, 0.0, 0.0], "eXS": [0.0, 0.0, 0.0], "lev": [1.0, 1.0, 1.0], "sl": 0.08}, "train": {"n": 18, "months": 2.9689555921052633, "eq": 1106.3892412850164, "growth": 0.034052977254498025, "liq": false, "maxdd": 0.0, "tpm": 6.062738037532027, "sl_hits": 1, "worst_mae": -0.08022073476061531, "win": 0.9444444444444444, "score": 0.0526064332453017}, "oos": {"n": 8, "months": 0.9084429824561403, "eq": 1073.5651041669032, "growth": 0.07813917274674287, "liq": false, "maxdd": 0.0, "tpm": 8.806276403138202, "sl_hits": 0, "worst_mae": -0.04222372651886963, "win": 1.0, "score": 0.07813917274674287}, "elapsed": 0.5599911212921143}