{"job": {"strategy": "v6", "mode": "spot", "method": "vol3", "window": 91, "fold_idx": 19, "n_samples": 350, "seed": 469823}, "status": "ok", "n_feasible": 254, "cand": {"strategy": "v6", "tv": 0, "zL": [-1.1798, -1.2785, -1.3772], "zS": [1.5957, 1.4933, 1.7095], "zXS": [2.2499, 2.1183, 2.2465], "zXLmax": [-20.458, -20.6226, -20.6681], "ptScale": [1.7154, 1.7589, 1.8549], "eS3": [0.0, 0.0, 0.0], "eXS": [0.0, 0.0, 0.0], "lev": [1.0, 1.0, 1.0], "sl": 0.1}, "train": {"n": 24, "months": 2.99328399122807, "eq": 1223.0459025300838, "growth": 0.06726538120733115, "liq": false, "maxdd": 0.0, "tpm": 8.017949539814094, "sl_hits": 0, "worst_mae": -0.04905889496053417, "win": 1.0, "score": 0.06836091639181861}, "oos": {"n": 18, "months": 0.9207785087719298, "eq": 1020.4571064809186, "growth": 0.021992987809387264, "liq": false, "maxdd": 0.09214777131782946, "tpm": 19.548675200952665, "sl_hits": 1, "worst_mae": -0.10320705983641842, "win": 0.9444444444444444, "score": 0.021992987809387264}, "elapsed": 0.5349552631378174}