{"job": {"strategy": "v6", "mode": "spot", "method": "vol3", "window": 91, "fold_idx": 4, "n_samples": 350, "seed": 469823}, "status": "ok", "n_feasible": 350, "cand": {"strategy": "v6", "tv": 0, "zL": [-1.9771, -1.6668, -1.645], "zS": [1.6967, 1.6488, 1.695], "zXS": [1.8978, 2.196, 2.0958], "zXLmax": [-99.0, -99.0, -99.0], "ptScale": [1.6253, 1.8718, 1.5112], "eS3": [0.0, 0.0, 0.0], "eXS": [0.0, 0.0, 0.0], "lev": [1.0, 1.0, 1.0], "sl": 0.08}, "train": {"n": 21, "months": 2.973547149122807, "eq": 1172.2741437508157, "growth": 0.053453188021239, "liq": false, "maxdd": 0.0, "tpm": 7.062272412998387, "sl_hits": 0, "worst_mae": -0.060660570629091026, "win": 1.0, "score": 0.05231418664677706}, "oos": {"n": 7, "months": 0.9156387061403509, "eq": 1093.64794616996, "growth": 0.09776656161121552, "liq": false, "maxdd": 0.0, "tpm": 7.644936756230821, "sl_hits": 0, "worst_mae": -0.07082743725329566, "win": 1.0, "score": 0.09776656161121552}, "elapsed": 0.676234245300293}