{
 "cand": {
  "strategy": "v7",
  "mode": "lev",
  "regs": [
   {
    "eS3": 1.0,
    "cdPeriodLong": 41.11291838485876,
    "vEmaDn": 1.0,
    "xDur2Short": 505.8030337191448,
    "xCdPeriodShort": 52.72377761365982,
    "slShort": 0.05932597243037488,
    "zL": -0.9564820101500547,
    "eXL": 0.0,
    "ptLong": 0.021299691583142,
    "vHistN": 2.0,
    "cdPctShort": 0.010808434479703454,
    "trendBlockZ": 2.0,
    "apt1Short": 0.013605432694182155,
    "vRsi": 2.0,
    "vEmaUp": 4.0,
    "zXS": 2.27786671937839,
    "xMinBetween": 24.655319090639935,
    "dur2Short": 257.87742426262804,
    "cdPctLong": 0.009512217352513336,
    "vMacd": 1.0,
    "eXS": 1.0,
    "xTpShort": 0.009918894974606615,
    "ptShort": 0.009433009177005614,
    "apt1Long": 0.008345141899147963,
    "xCdPctShort": 0.0018569098764806737,
    "xApt1Short": 0.002673506250104104,
    "bbValLong": -0.2659238098814463,
    "leverage": 8.0,
    "rsiValShort": 70.20356286862524,
    "apt2Short": 0.012113918362085335,
    "xDur1Short": 28.776347346510114,
    "xApt2Short": 0.003880344511690813,
    "zXLmax": 0.28914055438553354,
    "dur1Short": 32.37601539344352,
    "xDur2Long": 113.15008886629211,
    "xApt1Long": 0.0023145275726404566,
    "slLong": 0.03975947254060611,
    "dur2Long": 47.15653485287138,
    "xDur1Long": 212.9165250372322,
    "bbValShort": 1.017555700809345,
    "apt2Long": 0.011877030849504859,
    "vX": 3.0,
    "requireHistPos": 0.0,
    "vBB": 0.0,
    "eL3": 1.0,
    "rsiValLong": 65.22572855474206,
    "xApt2Long": 0.002128032891683785,
    "zS": 1.2940021860734467,
    "dur1Long": 45.40597609024151,
    "xTpLong": 0.013502793581170252,
    "cdPeriodShort": 86.36842619619772
   },
   {
    "eS3": 0.0,
    "cdPeriodLong": 240.0,
    "vEmaDn": 0.0,
    "xDur2Short": 203.5316697354072,
    "xCdPeriodShort": 109.83616802827653,
    "slShort": 0.07697211422579239,
    "zL": -1.1132191586887312,
    "eXL": 0.0,
    "ptLong": 0.01962511270897488,
    "vHistN": 3.0,
    "cdPctShort": 0.008057196165757341,
    "trendBlockZ": 1.0,
    "apt1Short": 0.006118208274447015,
    "vRsi": 0.0,
    "vEmaUp": 1.0,
    "zXS": 1.2359204654266338,
    "xMinBetween": 18.847506283167444,
    "dur2Short": 244.379114755922,
    "cdPctLong": 0.010410496409072767,
    "vMacd": 1.0,
    "eXS": 1.0,
    "xTpShort": 0.007230003862016648,
    "ptShort": 0.009297914316354062,
    "apt1Long": 0.014792010734747318,
    "xCdPctShort": 0.004164189055440227,
    "xApt1Short": 0.0107567720601236,
    "bbValLong": 0.32182433855430637,
    "leverage": 5.0,
    "rsiValShort": 75.44198512793056,
    "apt2Short": 0.003672695714081682,
    "xDur1Short": 66.86498676354076,
    "xApt2Short": 0.00021674548434080136,
    "zXLmax": -1.0657070871187377,
    "dur1Short": 59.89557949149486,
    "xDur2Long": 421.9802198918368,
    "xApt1Long": 0.009675829824555084,
    "slLong": 0.11793173287836292,
    "dur2Long": 174.54897423795106,
    "xDur1Long": 152.42566860389653,
    "bbValShort": 1.25,
    "apt2Long": 0.008417130258057633,
    "vX": 2.0,
    "requireHistPos": 0.0,
    "vBB": 3.0,
    "eL3": 1.0,
    "rsiValLong": 68.30934270150817,
    "xApt2Long": 0.009775308718470722,
    "zS": 2.6421558307464434,
    "dur1Long": 33.7710632079397,
    "xTpLong": 0.001,
    "cdPeriodShort": 18.905151539667653
   },
   {
    "eS3": 1.0,
    "cdPeriodLong": 155.93485695504575,
    "vEmaDn": 4.0,
    "xDur2Short": 502.4259146351769,
    "xCdPeriodShort": 93.11125616443144,
    "slShort": 0.09812141136568456,
    "zL": -2.337446755767926,
    "eXL": 1.0,
    "ptLong": 0.03,
    "vHistN": 3.0,
    "cdPctShort": 0.009686123250741061,
    "trendBlockZ": 1.5,
    "apt1Short": 0.009922696937966746,
    "vRsi": 5.0,
    "vEmaUp": 4.0,
    "zXS": 1.9812352966142106,
    "xMinBetween": 21.13780110851571,
    "dur2Short": 243.23203964294586,
    "cdPctLong": 0.008226531339180082,
    "vMacd": 3.0,
    "eXS": 0.0,
    "xTpShort": 0.004916200422872723,
    "ptShort": 0.02489391317216283,
    "apt1Long": 0.013104704430804916,
    "xCdPctShort": 0.0040112122580881066,
    "xApt1Short": 0.013345361382369293,
    "bbValLong": 0.2680860677547717,
    "leverage": 7.0,
    "rsiValShort": 61.140687567818574,
    "apt2Short": 0.0,
    "xDur1Short": 167.90150525027423,
    "xApt2Short": 0.008492600788987496,
    "zXLmax": -0.990228896985275,
    "dur1Short": 0.6,
    "xDur2Long": 139.17247248000035,
    "xApt1Long": 0.008092328488056978,
    "slLong": 0.055020196182521776,
    "dur2Long": 352.3419052475723,
    "xDur1Long": 138.42404075947564,
    "bbValShort": 0.6083384940849539,
    "apt2Long": 0.013224794184054662,
    "vX": 4.0,
    "requireHistPos": 1.0,
    "vBB": 4.0,
    "eL3": 1.0,
    "rsiValLong": 71.91155093764407,
    "xApt2Long": 0.01,
    "zS": 2.071597704008802,
    "dur1Long": 73.02501096186691,
    "xTpLong": 0.017955958173648458,
    "cdPeriodShort": 207.90541835159152
   }
  ]
 },
 "metrics": {
  "n": 136,
  "months": 14.81640625,
  "eq": 12109108.257870276,
  "growth": 0.6345474765175282,
  "liq": false,
  "maxdd": 0.3321254417751535,
  "tpm": 9.179013973108358,
  "sl_hits": 0,
  "worst_mae": -0.06356164383561635,
  "win": 0.9779411764705882,
  "max_hold_days": 2.65625,
  "in_market": 0.07968973316497148,
  "score": 0.5874770609504827
 },
 "strategy": "v7",
 "mode": "lev",
 "method": "vol3",
 "algo": "genetic",
 "per_regime": true,
 "train_end": "2025-09-01",
 "holdout_days": null,
 "max_dd": 0.35,
 "max_hold_days": 5.0,
 "gap_mode": "skip_contaminated",
 "scoring": "classic",
 "anchor": null,
 "anchor_strength": 0.0,
 "evaluated": 100800,
 "generated": "2026-07-20 15:34",
 "holdout": {
  "n": 15,
  "months": 2.1842105263157894,
  "eq": 0.0,
  "growth": -12.650347016931143,
  "liq": true,
  "maxdd": 1.0,
  "tpm": 6.867469879518072,
  "sl_hits": 0,
  "worst_mae": -0.13485714285714284,
  "win": 0.8666666666666667,
  "max_hold_days": 28.377083333333335,
  "in_market": 0.5945657630522089,
  "score": -12.650347016931143
 },
 "holdout_scan": {
  "scanned": 586,
  "pool": 586,
  "reservoir": 286,
  "survivors": 0
 },
 "holdout_survivors": [],
 "holdout_top10": [
  {
   "rank": 539,
   "train_score": 0.1437181271428384,
   "holdout": {
    "n": 35,
    "months": 9.656661184210527,
    "eq": 6777.767514655791,
    "growth": 0.1981686771545647,
    "liq": false,
    "maxdd": 0.7247254827716776,
    "tpm": 3.6244411326378536,
    "sl_hits": 0,
    "worst_mae": -0.12031237918503024,
    "win": 1.0,
    "max_hold_days": 8.0,
    "in_market": 0.1035341707472855,
    "score": 0.11303782456840417
   }
  },
  {
   "rank": 462,
   "train_score": 0.18959009504307492,
   "holdout": {
    "n": 47,
    "months": 9.656661184210527,
    "eq": 5281.81018452388,
    "growth": 0.17234413066722168,
    "liq": false,
    "maxdd": 0.47913536007397994,
    "tpm": 4.8671066638279745,
    "sl_hits": 0,
    "worst_mae": -0.09408983451536634,
    "win": 1.0,
    "max_hold_days": 6.702083333333333,
    "in_market": 0.12445532609467036,
    "score": 0.12335842632099751
   }
  },
  {
   "rank": 572,
   "train_score": 0.14951479113714916,
   "holdout": {
    "n": 32,
    "months": 9.656661184210527,
    "eq": 4064.515608040742,
    "growth": 0.14521526100333143,
    "liq": false,
    "maxdd": 0.8387169471153856,
    "tpm": 3.313774749840323,
    "sl_hits": 0,
    "worst_mae": -0.11961981299744995,
    "win": 1.0,
    "max_hold_days": 5.45625,
    "in_market": 0.07826272088567171,
    "score": 0.1098940274805405
   }
  },
  {
   "rank": 470,
   "train_score": 0.052695122628015345,
   "holdout": {
    "n": 68,
    "months": 9.656661184210527,
    "eq": 3908.7642148870464,
    "growth": 0.1411690066019808,
    "liq": false,
    "maxdd": 0.4533120454175119,
    "tpm": 7.041771343410687,
    "sl_hits": 0,
    "worst_mae": -0.09075809704591298,
    "win": 1.0,
    "max_hold_days": 6.295833333333333,
    "in_market": 0.12628628202398695,
    "score": 0.09972938405483552
   }
  },
  {
   "rank": 406,
   "train_score": 0.10677850381658852,