{
 "cand": {
  "strategy": "v7",
  "mode": "lev",
  "regs": [
   {
    "rsiValLong": 59.37150546363723,
    "vEmaUp": 2.0,
    "vEmaDn": 4.0,
    "xMinBetween": 6.145104561784747,
    "xApt1Short": 0.0005,
    "xDur1Short": 67.9845658625516,
    "xCdPctShort": 0.00247428521472526,
    "eXS": 0.0,
    "apt1Long": 0.01878802730379577,
    "vRsi": 1.0,
    "eXL": 1.0,
    "vHistN": 2.0,
    "bbValLong": 0.20877736012888523,
    "zS": 1.5098601774621292,
    "xTpShort": 0.002899806205071677,
    "xApt2Long": 0.003278731015564763,
    "xDur2Long": 233.49007808700188,
    "cdPeriodShort": 112.6613029596383,
    "zXS": 1.1394138536550207,
    "rsiValShort": 68.73807836167646,
    "cdPeriodLong": 152.88095462645788,
    "ptLong": 0.0189277925336588,
    "xApt1Long": 0.007351898579653647,
    "apt2Short": 0.005464149060625981,
    "vX": 1.0,
    "slShort": 0.10101976418416775,
    "vBB": 1.0,
    "xDur2Short": 286.4722329081778,
    "xTpLong": 0.001,
    "zXLmax": -1.9744022354074438,
    "cdPctShort": 0.0085920307303064,
    "trendBlockZ": 1.5,
    "dur1Short": 7.465681067960007,
    "cdPctLong": 0.011392433220016445,
    "slLong": 0.12,
    "bbValShort": 1.1393031958226978,
    "xCdPeriodShort": 3.0,
    "requireHistPos": 0.0,
    "dur2Long": 71.0709439665805,
    "ptShort": 0.008471677779938151,
    "eS3": 1.0,
    "apt2Long": 0.015,
    "zL": -2.4785065088737044,
    "xApt2Short": 0.0019685394373497598,
    "vMacd": 0,
    "dur2Short": 75.86213624050609,
    "xDur1Long": 64.39536990818314,
    "apt1Short": 0.01198445905978308,
    "eL3": 1.0,
    "dur1Long": 0.6,
    "leverage": 10.0
   },
   {
    "rsiValLong": 67.58581428476917,
    "vEmaUp": 1.0,
    "vEmaDn": 4.0,
    "xMinBetween": 11.063027617044469,
    "xApt1Short": 0.0042356660470096365,
    "xDur1Short": 196.737282975111,
    "xCdPctShort": 0.0009469087632795615,
    "eXS": 0.0,
    "apt1Long": 0.011614278835164044,
    "vRsi": 1.0,
    "eXL": 1.0,
    "vHistN": 2.0,
    "bbValLong": 0.27695942755779557,
    "zS": 1.3155277010804016,
    "xTpShort": 0.004254732897974629,
    "xApt2Long": 0.0,
    "xDur2Long": 59.93451415225017,
    "cdPeriodShort": 10.0,
    "zXS": 2.782097371230877,
    "rsiValShort": 63.13812316562884,
    "cdPeriodLong": 214.432657176356,
    "ptLong": 0.027476642573506578,
    "xApt1Long": 0.015,
    "apt2Short": 0.001118991019127299,
    "vX": 2.0,
    "slShort": 0.0405275303780728,
    "vBB": 0.0,
    "xDur2Short": 222.3954890403211,
    "xTpLong": 0.010364676972701534,
    "zXLmax": -1.373296865727818,
    "cdPctShort": 0.008376446637082273,
    "trendBlockZ": 1.0,
    "dur1Short": 22.746020245199244,
    "cdPctLong": 0.010026225149939654,
    "slLong": 0.07956922169486104,
    "bbValShort": 0.6,
    "xCdPeriodShort": 55.193762927327114,
    "requireHistPos": 0.0,
    "dur2Long": 104.6584855016941,
    "ptShort": 0.00680967479544139,
    "eS3": 1.0,
    "apt2Long": 5.2183346966798525e-05,
    "zL": -1.6190427525876527,
    "xApt2Short": 0.0076540040193462215,
    "vMacd": 3.0,
    "dur2Short": 22.828161609768927,
    "xDur1Long": 10.26389734839534,
    "apt1Short": 0.005239119451625876,
    "eL3": 0.0,
    "dur1Long": 81.47255131903076,
    "leverage": 10.0
   },
   {
    "rsiValLong": 66.28715973030062,
    "vEmaUp": 2.0,
    "vEmaDn": 4.0,
    "xMinBetween": 3.4554174319410587,
    "xApt1Short": 0.0007968739623471605,
    "xDur1Short": 103.23463597577155,
    "xCdPctShort": 0.0002,
    "eXS": 1.0,
    "apt1Long": 0.010852675494732959,
    "vRsi": 5.0,
    "eXL": 0.0,
    "vHistN": 3.0,
    "bbValLong": 0.301059021045921,
    "zS": 1.720953259565189,
    "xTpShort": 0.001,
    "xApt2Long": 0.003817422174733422,
    "xDur2Long": 258.5221193038141,
    "cdPeriodShort": 57.4185456885033,
    "zXS": 1.9536546402649952,
    "rsiValShort": 60.98749115906109,
    "cdPeriodLong": 79.32579542478764,
    "ptLong": 0.011333636120399202,
    "xApt1Long": 0.003966762114891694,
    "apt2Short": 0.005839645414440538,
    "vX": 1,
    "slShort": 0.0955591554194399,
    "vBB": 0.0,
    "xDur2Short": 501.1360924336729,
    "xTpLong": 0.0035135488701444374,
    "zXLmax": -2.5,
    "cdPctShort": 0.0044969812586343385,
    "trendBlockZ": 3.0,
    "dur1Short": 46.12194818340137,
    "cdPctLong": 0.004499453770534052,
    "slLong": 0.1060263891979511,
    "bbValShort": 0.8714742016437694,
    "xCdPeriodShort": 3.0,
    "requireHistPos": 1.0,
    "dur2Long": 135.83599204696725,
    "ptShort": 0.018347253035939644,
    "eS3": 1.0,
    "apt2Long": 0.006718157378365085,
    "zL": -1.5500129740087145,
    "xApt2Short": 0.0,
    "vMacd": 0,
    "dur2Short": 198.69256366634798,
    "xDur1Long": 75.19399842210512,
    "apt1Short": 0.013165796140045961,
    "eL3": 1.0,
    "dur1Long": 4.941215246039357,
    "leverage": 10.0
   }
  ]
 },
 "metrics": {
  "n": 336,
  "months": 14.81640625,
  "eq": 252534797102.03262,
  "growth": 1.3057862534978615,
  "liq": false,
  "maxdd": 0.4851117206143128,
  "tpm": 22.677563933561824,
  "sl_hits": 0,
  "worst_mae": -0.05103227099619145,
  "win": 0.9761904761904762,
  "max_hold_days": 4.233333333333333,
  "in_market": 0.08741865208764067,
  "score": 1.2249526519065121
 },
 "strategy": "v7",
 "mode": "lev",
 "method": "vol3",
 "algo": "genetic",
 "per_regime": true,
 "train_end": "2025-09-01",
 "holdout_days": null,
 "max_dd": 0.55,
 "max_hold_days": 7.0,
 "gap_mode": "skip_contaminated",
 "scoring": "classic",
 "anchor": null,
 "anchor_strength": 0.0,
 "evaluated": 100800,
 "generated": "2026-07-17 13:00",
 "holdout": {
  "n": 5,
  "months": 2.1842105263157894,
  "eq": 0.0,
  "growth": -12.650347016931143,
  "liq": true,
  "maxdd": 1.0,
  "tpm": 2.289156626506024,
  "sl_hits": 0,
  "worst_mae": -0.092,
  "win": 0.8,
  "max_hold_days": 60.6375,
  "in_market": 0.9516503514056225,
  "score": -12.650347016931143
 },
 "holdout_scan": {
  "scanned": 579,
  "pool": 579,
  "reservoir": 279,
  "survivors": 1
 },
 "holdout_survivors": [
  {
   "rank": 334,
   "train_score": 0.21146466878619655,
   "holdout": {
    "n": 41,
    "months": 9.656661184210527,
    "eq": 14383.761533075549,
    "growth": 0.27608920392975583,
    "liq": false,
    "maxdd": 0.7604622487274885,
    "tpm": 4.2457738982329145,
    "sl_hits": 0,
    "worst_mae": -0.09075809704591298,
    "win": 1.0,
    "max_hold_days": 6.177083333333333,
    "in_market": 0.07023632105599319,
    "score": 0.24420709254127546
   }
  }
 ],
 "holdout_top10": [
  {
   "rank": 519,
   "train_score": 0.5082185188590194,
   "holdout": {
    "n": 38,
    "months": 9.656661184210527,
    "eq": 14734.315062311976,
    "growth": 0.2785827399415153,
    "liq": false,
    "maxdd": 0.7357638602427604,
    "tpm": 3.9351075154353836,
    "sl_hits": 0,
    "worst_mae": -0.08803409218346991,
    "win": 0.9736842105263158,
    "max_hold_days": 19.125,
    "in_market": 0.16416861826697893,
    "score": 0.17492993867783208
   }
  },
  {
   "rank": 334,
   "train_score": 0.21146466878619655,
   "holdout": {
    "n": 41,
    "months": 9.656661184210527,
    "eq": 14383.761533075549,
    "growth": 0.27608920392975583,
    "liq": false,
    "maxdd": 0.7604622487274885,
    "tpm": 4.2457738982329145,
    "sl_hits": 0,
    "worst_mae": -0.09075809704591298,
    "win": 1.0,
    "max_hold_days": 6.177083333333333,
    "in_market": 0.07023632105599319,
    "score": 0.24420709254127546
   }
  },
  {
   "rank": 417,
   "train_score": 0.6710836266760478,
   "holdout": {
    "n": 32,
    "months": 9.656661184210527,
    "eq": 7568.5281686247035,
    "growth": 0.20959610992119482,
    "liq": false,
    "maxdd": 0.7357638602427606,
    "tpm": 3.313774749840323,
    "sl_hits": 0,
    "worst_mae": -0.08803409218346991,
    "win": 1.0,
    "max_hold_days": 18.74375,
    "in_market": 0.1189482648499042,
    "score": 0.13502934683745338
   }
  },
  {
   "rank": 328,
   "train_score": 0.578088243743558,
   "holdout": {
    "n": 34,
    "months": 9.656661184210527,
    "eq": 6018.893666543546,
    "growth": 0.18587205576239374,
    "liq": false,