{
 "cand": {
  "strategy": "v7",
  "mode": "lev",
  "regs": [
   {
    "xCdPeriodShort": 3.0,
    "cdPctShort": 0.008473976459319943,
    "requireHistPos": 1.0,
    "vRsi": 1.0,
    "vEmaUp": 4.0,
    "ptShort": 0.016075251415211565,
    "xCdPctShort": 0.009297615326034035,
    "cdPeriodShort": 153.52855289798006,
    "vEmaDn": 4.0,
    "apt1Long": 0.02,
    "zS": 2.886095288681809,
    "apt2Short": 0.012327673552389557,
    "eS3": 1.0,
    "vHistN": 2.0,
    "eXL": 1.0,
    "apt2Long": 0.0025647057228279147,
    "rsiValLong": 66.1223518369479,
    "dur2Long": 71.05352796856157,
    "ptLong": 0.009513531481656451,
    "dur2Short": 194.98609305983211,
    "eL3": 1.0,
    "xMinBetween": 1.0009019835877484,
    "xApt2Long": 0.0051160588001458425,
    "dur1Short": 40.65993906039604,
    "vBB": 2.0,
    "cdPeriodLong": 232.17798237342816,
    "slShort": 0.10529376386972687,
    "vX": 1.0,
    "xDur2Long": 513.7835443971277,
    "zXLmax": -0.3981014866141245,
    "xDur1Short": 240.0,
    "xTpShort": 0.0091187331645058,
    "eXS": 1.0,
    "slLong": 0.09053891236465647,
    "cdPctLong": 0.011355717840741575,
    "apt1Short": 0.00481504391192716,
    "xApt1Long": 0.014671181898237176,
    "zXS": 1.673191393128319,
    "xDur2Short": 494.06760291588785,
    "rsiValShort": 63.32744381266593,
    "bbValLong": -0.007353496541056534,
    "zL": -1.525665649632255,
    "dur1Long": 0.6,
    "xApt2Short": 0.0045643149785965205,
    "trendBlockZ": 2.0,
    "bbValShort": 1.2443143632307403,
    "vMacd": 0.0,
    "xTpLong": 0.013747975700647482,
    "xApt1Short": 0.0039760832909683675,
    "xDur1Long": 107.51802546982647,
    "leverage": 9.152760523450889
   },
   {
    "xCdPeriodShort": 63.68624024223291,
    "cdPctShort": 0.004783200868256579,
    "requireHistPos": 1.0,
    "vRsi": 4.0,
    "vEmaUp": 1.0,
    "ptShort": 0.02654954810312199,
    "xCdPctShort": 0.005389324915880832,
    "cdPeriodShort": 240.0,
    "vEmaDn": 4.0,
    "apt1Long": 0.005281869358765795,
    "zS": 1.9351028928548704,
    "apt2Short": 0.015,
    "eS3": 0.0,
    "vHistN": 1.0,
    "eXL": 0.0,
    "apt2Long": 0.009271352599873337,
    "rsiValLong": 39.19270064145373,
    "dur2Long": 41.11465584030117,
    "ptLong": 0.017715763914207226,
    "dur2Short": 144.12073978988556,
    "eL3": 1.0,
    "xMinBetween": 9.458106971422959,
    "xApt2Long": 0.009895383483471904,
    "dur1Short": 60.292981764721084,
    "vBB": 0.0,
    "cdPeriodLong": 56.44519239579603,
    "slShort": 0.08337704321999904,
    "vX": 4.0,
    "xDur2Long": 720.0,
    "zXLmax": 0.3402303246856143,
    "xDur1Short": 10.0,
    "xTpShort": 0.00680052598187039,
    "eXS": 0.0,
    "slLong": 0.02,
    "cdPctLong": 0.009284261386550115,
    "apt1Short": 0.017508791754569663,
    "xApt1Long": 0.013516754060597365,
    "zXS": 1.5463431646648633,
    "xDur2Short": 575.728845352388,
    "rsiValShort": 83.10548222867016,
    "bbValLong": 0.05473142196100154,
    "zL": -1.7062199949707384,
    "dur1Long": 85.49611525530703,
    "xApt2Short": 0.004952059569844094,
    "trendBlockZ": 99.0,
    "bbValShort": 0.6149350979510038,
    "vMacd": 0.0,
    "xTpLong": 0.01570728792558128,
    "xApt1Short": 0.015,
    "xDur1Long": 136.5766692635969,
    "leverage": 8.376628262769573
   },
   {
    "xCdPeriodShort": 42.43796925279132,
    "cdPctShort": 0.0023217005275588875,
    "requireHistPos": 0.0,
    "vRsi": 1.0,
    "vEmaUp": 4.0,
    "ptShort": 0.015172474313297374,
    "xCdPctShort": 0.007384453310622412,
    "cdPeriodShort": 18.741207025305627,
    "vEmaDn": 4.0,
    "apt1Long": 0.013963633285083033,
    "zS": 0.8,
    "apt2Short": 0.006877307344603353,
    "eS3": 1.0,
    "vHistN": 1.0,
    "eXL": 1.0,
    "apt2Long": 0.0019178898410030897,
    "rsiValLong": 41.515626775394274,
    "dur2Long": 53.934163888447706,
    "ptLong": 0.023561183130081938,
    "dur2Short": 337.54299941906663,
    "eL3": 1.0,
    "xMinBetween": 1.0,
    "xApt2Long": 0.00917010744569608,
    "dur1Short": 60.767670592015065,
    "vBB": 4.0,
    "cdPeriodLong": 94.00804123183245,
    "slShort": 0.07702897362509524,
    "vX": 1.0,
    "xDur2Long": 505.87447878787657,
    "zXLmax": -0.7075929033864967,
    "xDur1Short": 30.482104540764624,
    "xTpShort": 0.011906065082489817,
    "eXS": 1.0,
    "slLong": 0.08811241111786768,
    "cdPctLong": 0.008726111378083986,
    "apt1Short": 0.01798683306609095,
    "xApt1Long": 0.009606470337512881,
    "zXS": 2.4152851929938706,
    "xDur2Short": 571.0589873020341,
    "rsiValShort": 68.86248837549896,
    "bbValLong": 0.029306469382010578,
    "zL": -2.3923918433559814,
    "dur1Long": 0.6,
    "xApt2Short": 0.0013747184347210944,
    "trendBlockZ": 99.0,
    "bbValShort": 0.6,
    "vMacd": 0.0,
    "xTpLong": 0.02,
    "xApt1Short": 0.005826354209355157,
    "xDur1Long": 124.44206774807682,
    "leverage": 9.15625107619704
   }
  ]
 },
 "metrics": {
  "n": 209,
  "months": 12.555235745614036,
  "eq": 10264602869578.42,
  "growth": 1.8360441544800685,
  "liq": false,
  "maxdd": 0.578826747835839,
  "tpm": 16.64644171042433,
  "sl_hits": 0,
  "worst_mae": -0.0606169296987088,
  "win": 1.0,
  "max_hold_days": 5.227083333333334,
  "in_market": 0.22945209218038712,
  "score": 0.8411314484984506
 },
 "strategy": "v7",
 "mode": "lev",
 "method": "trend3",
 "algo": "genetic",
 "per_regime": true,
 "train_end": null,
 "holdout_days": 21.0,
 "max_dd": 0.6,
 "max_hold_days": 7.0,
 "gap_mode": "skip_contaminated",
 "scoring": "underwater",
 "anchor": "defaults",
 "anchor_strength": 0.3,
 "evaluated": 500640,
 "generated": "2026-07-09 22:33",
 "holdout": {
  "n": 1,
  "months": 0.38843201754385964,
  "eq": 0.0,
  "growth": -71.13476713543214,
  "liq": true,
  "maxdd": 1.0,
  "tpm": 2.574453069865914,
  "sl_hits": 0,
  "worst_mae": -0.10121500422805577,
  "win": 0.0,
  "max_hold_days": 7.447916666666667,
  "in_market": 0.7110091743119266,
  "score": -71.4902717225881
 },
 "holdout_scan": {
  "scanned": 598,
  "pool": 598,
  "reservoir": 298,
  "survivors": 3
 },
 "holdout_survivors": [
  {
   "rank": 492,
   "train_score": -0.072872039370121,
   "holdout": {
    "n": 33,
    "months": 11.91467927631579,
    "eq": 2966.4156157008124,
    "growth": 0.09126173985476607,
    "liq": false,
    "maxdd": 0.38136145752059214,
    "tpm": 2.7696926820009318,
    "sl_hits": 0,
    "worst_mae": -0.055110463704782786,
    "win": 0.8787878787878788,
    "max_hold_days": 2.316666666666667,
    "in_market": 0.02617063252405685,
    "score": 0.04380724605166598
   }
  },
  {
   "rank": 443,
   "train_score": -0.08727801514920122,
   "holdout": {
    "n": 35,
    "months": 11.91467927631579,
    "eq": 2824.815744378786,
    "growth": 0.0871566170737608,
    "liq": false,
    "maxdd": 0.5625465551912178,
    "tpm": 2.9375528445464427,
    "sl_hits": 0,
    "worst_mae": -0.087575741882024,
    "win": 0.9714285714285714,
    "max_hold_days": 4.766666666666667,
    "in_market": 0.0447604092971891,
    "score": 0.020579524846884998
   }
  },
  {
   "rank": 313,
   "train_score": -0.11221005855875772,
   "holdout": {
    "n": 33,
    "months": 11.91467927631579,
    "eq": 1738.3646234429784,
    "growth": 0.046408701976968454,
    "liq": false,
    "maxdd": 0.4101402193690235,
    "tpm": 2.7696926820009318,
    "sl_hits": 0,
    "worst_mae": -0.09090909090909083,
    "win": 0.9090909090909091,
    "max_hold_days": 4.766666666666667,
    "in_market": 0.036029196072679584,
    "score": 0.007001940753208966
   }
  }
 ],
 "holdout_top10": [
  {
   "rank": 492,
   "train_score": -0.072872039370121,
   "holdout": {
    "n": 33,
    "months": 11.91467927631579,
    "eq": 2966.4156157008124,
    "growth": 0.09126173985476607,
    "liq": false,
    "maxdd": 0.38136145752059214,
    "tpm": 2.7696926820009318,
    "sl_hits": 0,
    "worst_mae": -0.055110463704782786,
    "win": 0.8787878787878788,
    "max_hold_days": 2.316666666666667,
    "in_market": 0.02617063252405685,
    "score": 0.04380724605166598
   }
  },
  {
   "rank": 443,
   "train_score": -0.08727801514920122,