{
 "cand": {
  "strategy": "v7",
  "mode": "lev",
  "regs": [
   {
    "cdPctLong": 0.010259356985240605,
    "eL3": 1.0,
    "vX": 0.0,
    "cdPctShort": 0.005799826180594844,
    "cdPeriodShort": 129.4822898390072,
    "slLong": 0.06750340170249174,
    "dur1Short": 75.98858303821814,
    "xApt1Short": 0.0022351789538148526,
    "xDur2Long": 181.55417854037628,
    "apt2Short": 0.0047306872245686344,
    "slShort": 0.0654576420361914,
    "rsiValShort": 81.9659388870763,
    "xTpLong": 0.01354458376883996,
    "dur2Short": 259.3352338458607,
    "ptShort": 0.0248112514759559,
    "vRsi": 4.0,
    "vMacd": 0.0,
    "vHistN": 3.0,
    "eS3": 1.0,
    "ptLong": 0.010630109212136894,
    "zXLmax": 0.37328971894825624,
    "dur1Long": 40.97534403113041,
    "xApt2Short": 0.00016751145120586238,
    "zL": -1.2183393902915503,
    "bbValLong": -0.09341207010989985,
    "apt2Long": 0.008658797020162281,
    "vBB": 4.0,
    "zXS": 2.461979762407185,
    "eXS": 1.0,
    "apt1Long": 0.0010652218009711198,
    "xCdPctShort": 0.0019955446211805503,
    "trendBlockZ": 2.0,
    "dur2Long": 143.110198362269,
    "xTpShort": 0.001,
    "rsiValLong": 39.686249062524645,
    "xDur1Short": 200.06835214243404,
    "vEmaUp": 3.0,
    "vEmaDn": 2.0,
    "xCdPeriodShort": 104.44338753521018,
    "apt1Short": 0.008854710453349698,
    "eXL": 1.0,
    "requireHistPos": 1.0,
    "xDur1Long": 188.1801541226119,
    "leverage": 9.0,
    "zS": 2.6509167176427777,
    "xApt2Long": 0.00881912563281763,
    "xMinBetween": 20.60668286260209,
    "xDur2Short": 128.0639975457088,
    "xApt1Long": 0.009463521953617065,
    "bbValShort": 0.9225723709887138,
    "cdPeriodLong": 225.1243561600061
   },
   {
    "cdPctLong": 0.009477883071719132,
    "eL3": 1.0,
    "vX": 0.0,
    "cdPctShort": 0.006795928300901768,
    "cdPeriodShort": 67.8754440221283,
    "slLong": 0.06825261257922677,
    "dur1Short": 79.46814888230088,
    "xApt1Short": 0.012564409780316522,
    "xDur2Long": 650.248102336271,
    "apt2Short": 0.009730220708976155,
    "slShort": 0.10187309069895817,
    "rsiValShort": 59.63281811042474,
    "xTpLong": 0.01866723609511667,
    "dur2Short": 226.03026725508164,
    "ptShort": 0.016562103445387145,
    "vRsi": 4.0,
    "vMacd": 0.0,
    "vHistN": 3.0,
    "eS3": 1.0,
    "ptLong": 0.013836577077012802,
    "zXLmax": -0.39634265889988335,
    "dur1Long": 0.6,
    "xApt2Short": 0.007528023952543755,
    "zL": -1.7696187110965196,
    "bbValLong": 0.18303955638168945,
    "apt2Long": 0.011067001774103311,
    "vBB": 2.0,
    "zXS": 2.4516487347060623,
    "eXS": 0.0,
    "apt1Long": 0.02,
    "xCdPctShort": 0.005839855209945027,
    "trendBlockZ": 2.0,
    "dur2Long": 270.9302055537159,
    "xTpShort": 0.001,
    "rsiValLong": 65.74386051678579,
    "xDur1Short": 81.15913247235875,
    "vEmaUp": 2.0,
    "vEmaDn": 4.0,
    "xCdPeriodShort": 13.106787534727578,
    "apt1Short": 0.01193486020758422,
    "eXL": 1.0,
    "requireHistPos": 0.0,
    "xDur1Long": 172.01222242144436,
    "leverage": 6.0,
    "zS": 1.6453076708878707,
    "xApt2Long": 0.009869421682724502,
    "xMinBetween": 22.75999493357118,
    "xDur2Short": 609.3199000306097,
    "xApt1Long": 0.007855720292495079,
    "bbValShort": 0.8156145582606321,
    "cdPeriodLong": 80.27250626005117
   },
   {
    "cdPctLong": 0.006701003111465823,
    "eL3": 0.0,
    "vX": 0.0,
    "cdPctShort": 0.012,
    "cdPeriodShort": 124.4031152262697,
    "slLong": 0.06281479025806734,
    "dur1Short": 10.59020437882954,
    "xApt1Short": 0.005296673794855389,
    "xDur2Long": 30.0,
    "apt2Short": 0.0035164868498754756,
    "slShort": 0.09315272975807601,
    "rsiValShort": 78.84093602410853,
    "xTpLong": 0.001,
    "dur2Short": 360.0,
    "ptShort": 0.002,
    "vRsi": 4.0,
    "vMacd": 3.0,
    "vHistN": 3.0,
    "eS3": 0.0,
    "ptLong": 0.018611357785984422,
    "zXLmax": -1.4143816977593247,
    "dur1Long": 71.16685433056874,
    "xApt2Short": 0.0,
    "zL": -0.8356997421774157,
    "bbValLong": -0.11078741248861113,
    "apt2Long": 0.01463165143367372,
    "vBB": 2.0,
    "zXS": 2.7974759667132814,
    "eXS": 0.0,
    "apt1Long": 0.014730426577398145,
    "xCdPctShort": 0.005273504451536199,
    "trendBlockZ": 99.0,
    "dur2Long": 100.1224987856986,
    "xTpShort": 0.01459604632866717,
    "rsiValLong": 70.23564510480566,
    "xDur1Short": 88.18794794251183,
    "vEmaUp": 4.0,
    "vEmaDn": 3.0,
    "xCdPeriodShort": 102.2716268928586,
    "apt1Short": 0.011725145952834639,
    "eXL": 1.0,
    "requireHistPos": 1.0,
    "xDur1Long": 229.09492923557553,
    "leverage": 3.0,
    "zS": 2.2988362095830785,
    "xApt2Long": 0.0,
    "xMinBetween": 3.857740533830272,
    "xDur2Short": 620.3168009939141,
    "xApt1Long": 0.0005,
    "bbValShort": 1.0871166061435007,
    "cdPeriodLong": 80.17683062977652
   }
  ]
 },
 "metrics": {
  "n": 154,
  "months": 14.81640625,
  "eq": 76500501.29010677,
  "growth": 0.7589595197961727,
  "liq": false,
  "maxdd": 0.33824244043627216,
  "tpm": 10.39388346954917,
  "sl_hits": 0,
  "worst_mae": -0.05679594601374738,
  "win": 0.987012987012987,
  "max_hold_days": 1.65625,
  "in_market": 0.07785810426408758,
  "score": 0.6260189944509683
 },
 "strategy": "v7",
 "mode": "lev",
 "method": "vol3",
 "algo": "genetic",
 "per_regime": true,
 "train_end": "2025-09-01",
 "holdout_days": null,
 "max_dd": 0.35,
 "max_hold_days": 5.0,
 "gap_mode": "skip_contaminated",
 "scoring": "underwater",
 "anchor": null,
 "anchor_strength": 0.0,
 "evaluated": 100800,
 "generated": "2026-07-20 15:33",
 "holdout": {
  "n": 24,
  "months": 9.656661184210527,
  "eq": 0.0,
  "growth": -2.8613431276959003,
  "liq": true,
  "maxdd": 1.0,
  "tpm": 2.4853310623802423,
  "sl_hits": 0,
  "worst_mae": -0.15290238106784337,
  "win": 0.9583333333333334,
  "max_hold_days": 216.53333333333333,
  "in_market": 0.8311830246256475,
  "score": -13.959779894777459
 },
 "holdout_scan": {
  "scanned": 444,
  "pool": 592,
  "reservoir": 292,
  "survivors": 1
 },
 "holdout_survivors": [
  {
   "rank": 413,
   "train_score": 0.02745418466501478,
   "holdout": {
    "n": 25,
    "months": 9.656661184210527,
    "eq": 1558.0152782483356,
    "growth": 0.045917812094995375,
    "liq": false,
    "maxdd": 0.8331186036901087,
    "tpm": 2.5888865233127527,
    "sl_hits": 0,
    "worst_mae": -0.3078380873706206,
    "win": 1.0,
    "max_hold_days": 2.9291666666666667,
    "in_market": 0.017706337378468526,
    "score": 0.01164273521412283
   }
  }
 ],
 "holdout_top10": [
  {
   "rank": 305,
   "train_score": 0.23023517747252056,
   "holdout": {
    "n": 65,
    "months": 9.656661184210527,
    "eq": 9886.441142319754,
    "growth": 0.23726256861624817,
    "liq": false,
    "maxdd": 0.8799220272904479,
    "tpm": 6.731104960613156,
    "sl_hits": 0,
    "worst_mae": -0.17646587632169175,
    "win": 1.0,
    "max_hold_days": 13.927083333333334,
    "in_market": 0.22464693776169187,
    "score": 0.09083945768166285
   }
  },
  {
   "rank": 436,
   "train_score": 0.17812438867795838,
   "holdout": {
    "n": 34,
    "months": 9.656661184210527,
    "eq": 6476.252753230708,
    "growth": 0.19345631255331278,
    "liq": false,
    "maxdd": 0.7944424800109315,
    "tpm": 3.5208856717053436,
    "sl_hits": 0,
    "worst_mae": -0.1367913959220256,
    "win": 0.9705882352941176,
    "max_hold_days": 13.822916666666666,
    "in_market": 0.13883329784969128,
    "score": 0.09599308622840552
   }
  },
  {
   "rank": 379,
   "train_score": 0.18148886460142152,
   "holdout": {
    "n": 48,
    "months": 9.656661184210527,
    "eq": 3994.821629910084,
    "growth": 0.14342420257564475,
    "liq": false,
    "maxdd": 0.8123476848090985,
    "tpm": 4.9706621247604845,
    "sl_hits": 0,
    "worst_mae": -0.20241440316370074,
    "win": 0.9791666666666666,
    "max_hold_days": 54.795833333333334,
    "in_market": 0.36424668227946916,
    "score": -0.062399434309228646
   }
  },
  {
   "rank": 421,
   "train_score": 0.09566063087598434,
   "holdout": {
    "n": 30,