{
 "cand": {
  "strategy": "v7",
  "mode": "lev",
  "regs": [
   {
    "zL": -2.4785065088737044,
    "xApt2Short": 0.0016181010392671373,
    "xTpLong": 0.002981750071108737,
    "dur1Short": 4.212330940730727,
    "xApt2Long": 0.004068183231217783,
    "trendBlockZ": 1.5,
    "xDur2Short": 40.99111554621777,
    "vEmaDn": 4.0,
    "apt1Short": 0.01864399963438133,
    "apt1Long": 0.015893479635721935,
    "apt2Long": 0.015,
    "cdPctLong": 0.011952843477753002,
    "eL3": 1.0,
    "xDur1Long": 56.945796576713605,
    "dur1Long": 0.6,
    "bbValLong": 0.35,
    "slShort": 0.05851927660893306,
    "rsiValShort": 68.73807836167646,
    "ptLong": 0.0189277925336588,
    "vHistN": 2.0,
    "xApt1Long": 0.0038032083654906956,
    "dur2Long": 71.0709439665805,
    "zXLmax": -2.173780421843869,
    "vRsi": 1.0,
    "eXL": 1.0,
    "vBB": 1.0,
    "dur2Short": 75.86213624050609,
    "cdPeriodLong": 152.88095462645788,
    "xDur2Long": 393.0795727789128,
    "slLong": 0.10608232855956323,
    "requireHistPos": 0.0,
    "rsiValLong": 33.57899753888962,
    "leverage": 10.0,
    "xCdPeriodShort": 3.0,
    "apt2Short": 0.005369540810590933,
    "cdPeriodShort": 108.41253103551924,
    "xCdPctShort": 0.002530593860572302,
    "eXS": 0.0,
    "eS3": 1.0,
    "vEmaUp": 2.0,
    "vMacd": 0.0,
    "xDur1Short": 85.46286013341394,
    "vX": 1.0,
    "bbValShort": 1.1393031958226978,
    "zS": 1.5038741850740738,
    "cdPctShort": 0.009210905601252992,
    "xTpShort": 0.0036010731071440647,
    "zXS": 1.052501747774139,
    "xApt1Short": 0.0005,
    "xMinBetween": 14.943326096075804,
    "ptShort": 0.011922021313630914
   },
   {
    "zL": -2.084826563606442,
    "xApt2Short": 0.0076540040193462215,
    "xTpLong": 0.007734026364773091,
    "dur1Short": 22.746020245199244,
    "xApt2Long": 0.0,
    "trendBlockZ": 1.5,
    "xDur2Short": 179.1364013442576,
    "vEmaDn": 4.0,
    "apt1Short": 0.005148829148262778,
    "apt1Long": 0.008618515615702866,
    "apt2Long": 0.0011896803329024602,
    "cdPctLong": 0.010026225149939654,
    "eL3": 0.0,
    "xDur1Long": 37.64579672433561,
    "dur1Long": 90.0,
    "bbValLong": 0.26059447637340444,
    "slShort": 0.03001487778424313,
    "rsiValShort": 64.69886143922149,
    "ptLong": 0.025824933514658137,
    "vHistN": 2.0,
    "xApt1Long": 0.015,
    "dur2Long": 154.68979155296267,
    "zXLmax": -1.4854571873634443,
    "vRsi": 0.0,
    "eXL": 1.0,
    "vBB": 0.0,
    "dur2Short": 16.318912236200752,
    "cdPeriodLong": 206.13822714596762,
    "xDur2Long": 69.18257503396981,
    "slLong": 0.07703388490563305,
    "requireHistPos": 0.0,
    "rsiValLong": 67.58581428476917,
    "leverage": 10.0,
    "xCdPeriodShort": 46.987063914421256,
    "apt2Short": 0.001118991019127299,
    "cdPeriodShort": 10.322266493781308,
    "xCdPctShort": 0.0009469087632795615,
    "eXS": 1.0,
    "eS3": 1.0,
    "vEmaUp": 4.0,
    "vMacd": 3.0,
    "xDur1Short": 206.3940395479783,
    "vX": 2.0,
    "bbValShort": 0.6,
    "zS": 1.3155277010804016,
    "cdPctShort": 0.00745052907042495,
    "xTpShort": 0.004872285736750329,
    "zXS": 2.743511619239921,
    "xApt1Short": 0.0044692910075277694,
    "xMinBetween": 7.609418479151094,
    "ptShort": 0.00680967479544139
   },
   {
    "zL": -1.5500129740087145,
    "xApt2Short": 0.0025188057044785175,
    "xTpLong": 0.0014363280492761844,
    "dur1Short": 37.42906373370962,
    "xApt2Long": 0.0028267829288247644,
    "trendBlockZ": 1.5,
    "xDur2Short": 487.78942437520993,
    "vEmaDn": 4.0,
    "apt1Short": 0.013831556461673592,
    "apt1Long": 0.010852675494732959,
    "apt2Long": 0.006718157378365085,
    "cdPctLong": 0.004499453770534052,
    "eL3": 1.0,
    "xDur1Long": 26.67973605591169,
    "dur1Long": 10.852169460869137,
    "bbValLong": 0.35,
    "slShort": 0.07036614764944146,
    "rsiValShort": 58.83716169509345,
    "ptLong": 0.008239624822531492,
    "vHistN": 3.0,
    "xApt1Long": 0.003348181854267918,
    "dur2Long": 135.83599204696725,
    "zXLmax": -2.5,
    "vRsi": 5.0,
    "eXL": 0.0,
    "vBB": 0.0,
    "dur2Short": 198.69256366634798,
    "cdPeriodLong": 79.32579542478764,
    "xDur2Long": 289.9137028510454,
    "slLong": 0.12,
    "requireHistPos": 1.0,
    "rsiValLong": 66.28715973030062,
    "leverage": 10.0,
    "xCdPeriodShort": 3.0,
    "apt2Short": 0.006550581535415434,
    "cdPeriodShort": 57.4185456885033,
    "xCdPctShort": 0.0002,
    "eXS": 1.0,
    "eS3": 1.0,
    "vEmaUp": 2.0,
    "vMacd": 0,
    "xDur1Short": 115.21263127368786,
    "vX": 1,
    "bbValShort": 0.9725217579698132,
    "zS": 1.720953259565189,
    "cdPctShort": 0.0043491450150204254,
    "xTpShort": 0.001,
    "zXS": 1.9536546402649952,
    "xApt1Short": 0.0005,
    "xMinBetween": 7.234713790846678,
    "ptShort": 0.020256379033534132
   }
  ]
 },
 "metrics": {
  "n": 321,
  "months": 14.81640625,
  "eq": 202636550861.2196,
  "growth": 1.2909287326335528,
  "liq": false,
  "maxdd": 0.4851117206143129,
  "tpm": 21.665172686527814,
  "sl_hits": 0,
  "worst_mae": -0.05103227099619145,
  "win": 0.9844236760124611,
  "max_hold_days": 4.233333333333333,
  "in_market": 0.08572115762646797,
  "score": 1.17105979301383
 },
 "strategy": "v7",
 "mode": "lev",
 "method": "vol3",
 "algo": "genetic",
 "per_regime": true,
 "train_end": "2025-09-01",
 "holdout_days": null,
 "max_dd": null,
 "max_hold_days": 7.0,
 "gap_mode": "skip_contaminated",
 "scoring": "underwater",
 "anchor": null,
 "anchor_strength": 0.0,
 "evaluated": 200200,
 "generated": "2026-07-16 22:38",
 "holdout": {
  "n": 4,
  "months": 2.1842105263157894,
  "eq": 0.0,
  "growth": -12.650347016931143,
  "liq": true,
  "maxdd": 1.0,
  "tpm": 1.8313253012048194,
  "sl_hits": 0,
  "worst_mae": -0.092,
  "win": 0.75,
  "max_hold_days": 60.6375,
  "in_market": 0.9522464859437751,
  "score": -13.12647025990303
 },
 "holdout_scan": {
  "scanned": 586,
  "pool": 586,
  "reservoir": 286,
  "survivors": 2
 },
 "holdout_survivors": [
  {
   "rank": 570,
   "train_score": 0.1029666096229036,
   "holdout": {
    "n": 57,
    "months": 9.656661184210527,
    "eq": 4848.840021900422,
    "growth": 0.1634870971949086,
    "liq": false,
    "maxdd": 0.42858357476974845,
    "tpm": 5.902661273153075,
    "sl_hits": 0,
    "worst_mae": -0.0504229374931342,
    "win": 0.9824561403508771,
    "max_hold_days": 2.3270833333333334,
    "in_market": 0.026513377333049464,
    "score": 0.10488859159576744
   }
  },
  {
   "rank": 458,
   "train_score": 0.15519820229508832,
   "holdout": {
    "n": 23,
    "months": 9.656661184210527,
    "eq": 4811.277120571649,
    "growth": 0.16268175226818377,
    "liq": false,
    "maxdd": 0.3920684993240202,
    "tpm": 2.3817756014477323,
    "sl_hits": 0,
    "worst_mae": -0.03796121097445615,
    "win": 1.0,
    "max_hold_days": 1.8979166666666667,
    "in_market": 0.01405152224824356,
    "score": 0.2132428798363812
   }
  }
 ],
 "holdout_top10": [
  {
   "rank": 559,
   "train_score": 0.6669023324174643,
   "holdout": {
    "n": 32,
    "months": 9.656661184210527,
    "eq": 7568.5281686247035,
    "growth": 0.20959610992119482,
    "liq": false,
    "maxdd": 0.7357638602427606,
    "tpm": 3.313774749840323,
    "sl_hits": 0,
    "worst_mae": -0.08803409218346991,
    "win": 1.0,
    "max_hold_days": 18.74375,
    "in_market": 0.1189482648499042,
    "score": 0.07555521441250128
   }
  },
  {
   "rank": 469,
   "train_score": 0.7378738083845819,
   "holdout": {
    "n": 32,
    "months": 9.656661184210527,
    "eq": 6680.059623400443,
    "growth": 0.19666496286239243,
    "liq": false,
    "maxdd": 0.7357638602427605,
    "tpm": 3.313774749840323,
    "sl_hits": 0,
    "worst_mae": -0.08803409218346991,
    "win": 1.0,
    "max_hold_days": 18.745833333333334,
    "in_market": 0.12371726634021717,
    "score": 0.11043630031005933
   }
  },
  {
   "rank": 570,
   "train_score": 0.1029666096229036,
   "holdout": {
    "n": 57,
    "months": 9.656661184210527,
    "eq": 4848.840021900422,
    "growth": 0.1634870971949086,
    "liq": false,