{
 "cand": {
  "strategy": "v7",
  "mode": "lev",
  "regs": [
   {
    "cdPeriodLong": 126.61920376798757,
    "zXLmax": 0.14518144197441463,
    "xDur1Long": 10.0,
    "apt1Short": 0.017032728709407755,
    "xDur1Short": 103.76993668209423,
    "vRsi": 1.0,
    "zS": 2.120683137374847,
    "bbValShort": 0.6507397740455994,
    "xApt2Long": 0.0059547882662939,
    "vHistN": 3.0,
    "vEmaDn": 2.0,
    "xCdPeriodShort": 73.70697670498151,
    "dur1Short": 21.04624463334818,
    "ptShort": 0.027115512730363202,
    "rsiValShort": 56.40629332444747,
    "dur2Short": 24.838483182610265,
    "xCdPctShort": 0.008815915628598618,
    "vX": 0.0,
    "leverage": 7.098837670902714,
    "xTpShort": 0.02,
    "rsiValLong": 74.59281659840286,
    "slLong": 0.12,
    "zXS": 1.315778321196546,
    "cdPeriodShort": 240.0,
    "xMinBetween": 20.40910080784038,
    "vBB": 4.0,
    "apt2Long": 0.004013143990919087,
    "bbValLong": 0.033067007857043335,
    "cdPctLong": 0.010679668276093082,
    "dur1Long": 61.099441255473415,
    "eS3": 0.0,
    "vMacd": 4.0,
    "trendBlockZ": 2.0,
    "apt2Short": 0.0006834629028154481,
    "xApt1Short": 0.0076252994651031854,
    "slShort": 0.06007297427525158,
    "eXL": 1.0,
    "requireHistPos": 0.0,
    "dur2Long": 128.23030554742672,
    "xDur2Long": 260.93552378691675,
    "xApt1Long": 0.008552512534276267,
    "cdPctShort": 0.007705345352201485,
    "apt1Long": 0.013704809072656752,
    "zL": -1.9705625425588338,
    "xDur2Short": 312.225140259703,
    "eL3": 1.0,
    "xApt2Short": 0.01,
    "vEmaUp": 2.0,
    "eXS": 1.0,
    "xTpLong": 0.011114303316562366,
    "ptLong": 0.010307647170311185
   },
   {
    "cdPeriodLong": 58.2712287541043,
    "zXLmax": -0.004752283063872917,
    "xDur1Long": 34.39150212977898,
    "apt1Short": 0.02,
    "xDur1Short": 40.86346572464279,
    "vRsi": 2.0,
    "zS": 1.3337019633098366,
    "bbValShort": 0.7077078773609276,
    "xApt2Long": 0.01,
    "vHistN": 0.0,
    "vEmaDn": 4.0,
    "xCdPeriodShort": 111.29072388097568,
    "dur1Short": 31.64351067506462,
    "ptShort": 0.027844888385240896,
    "rsiValShort": 65.77977520654908,
    "dur2Short": 61.892756063816144,
    "xCdPctShort": 0.007949998848720058,
    "vX": 2.0,
    "leverage": 5.443148377232809,
    "xTpShort": 0.006996388660707769,
    "rsiValLong": 32.07934807478847,
    "slLong": 0.08060556660363846,
    "zXS": 1.7439844906074748,
    "cdPeriodShort": 10.0,
    "xMinBetween": 14.613844783355997,
    "vBB": 0.0,
    "apt2Long": 0.0,
    "bbValLong": 0.09038089597414334,
    "cdPctLong": 0.001981201093799326,
    "dur1Long": 8.969027093015566,
    "eS3": 1.0,
    "vMacd": 0.0,
    "trendBlockZ": 1.5,
    "apt2Short": 0.009750862534839899,
    "xApt1Short": 0.010930002942788796,
    "slShort": 0.045489507122169294,
    "eXL": 1.0,
    "requireHistPos": 0.0,
    "dur2Long": 203.35474619596533,
    "xDur2Long": 490.9284963872344,
    "xApt1Long": 0.015,
    "cdPctShort": 0.0107827351925331,
    "apt1Long": 0.014085932898525874,
    "zL": -1.7313768746216842,
    "xDur2Short": 283.0912690519329,
    "eL3": 0.0,
    "xApt2Short": 0.0009920756215935575,
    "vEmaUp": 4.0,
    "eXS": 1.0,
    "xTpLong": 0.007825602981474352,
    "ptLong": 0.02225641312140178
   },
   {
    "cdPeriodLong": 84.62163960099701,
    "zXLmax": -0.7684207784692707,
    "xDur1Long": 96.55815189455078,
    "apt1Short": 0.004972491545985713,
    "xDur1Short": 10.0,
    "vRsi": 2.0,
    "zS": 2.6166402743997472,
    "bbValShort": 1.0875410962719025,
    "xApt2Long": 0.0007996589575562138,
    "vHistN": 2.0,
    "vEmaDn": 2.0,
    "xCdPeriodShort": 49.2806487982698,
    "dur1Short": 15.132108331924783,
    "ptShort": 0.0050681168135659465,
    "rsiValShort": 76.12546393857612,
    "dur2Short": 70.77154840127389,
    "xCdPctShort": 0.01,
    "vX": 1.0,
    "leverage": 6.105996515017446,
    "xTpShort": 0.01307848102525317,
    "rsiValLong": 50.83141762589837,
    "slLong": 0.02,
    "zXS": 1.886416519888303,
    "cdPeriodShort": 100.75175460267155,
    "xMinBetween": 1.0,
    "vBB": 2.0,
    "apt2Long": 0.00792279632510458,
    "bbValLong": 0.35,
    "cdPctLong": 0.0034290047170068214,
    "dur1Long": 86.6652148145528,
    "eS3": 0.0,
    "vMacd": 1.0,
    "trendBlockZ": 3.0,
    "apt2Short": 0.009723710222094981,
    "xApt1Short": 0.012969926817648096,
    "slShort": 0.0813125833678098,
    "eXL": 0.0,
    "requireHistPos": 1.0,
    "dur2Long": 160.11272423339693,
    "xDur2Long": 438.94654211057025,
    "xApt1Long": 0.015,
    "cdPctShort": 0.003971706286127985,
    "apt1Long": 0.008408442054190892,
    "zL": -2.915472242013524,
    "xDur2Short": 518.5542172112986,
    "eL3": 0.0,
    "xApt2Short": 0.00913668307355847,
    "vEmaUp": 1.0,
    "eXS": 1.0,
    "xTpLong": 0.0024186075103217845,
    "ptLong": 0.0022056273698720765
   }
  ]
 },
 "metrics": {
  "n": 350,
  "months": 12.29413377192982,
  "eq": 1473348936877.0833,
  "growth": 1.7171444712235795,
  "liq": false,
  "maxdd": 0.49089096218185563,
  "tpm": 28.46886218198846,
  "sl_hits": 0,
  "worst_mae": -0.07786659316427769,
  "win": 0.9857142857142858,
  "max_hold_days": 6.835416666666666,
  "in_market": 0.47102499498316575,
  "score": 0.5602972262454573
 },
 "strategy": "v7",
 "mode": "lev",
 "method": "vol3",
 "algo": "genetic",
 "per_regime": true,
 "train_end": null,
 "holdout_days": 7.0,
 "max_dd": 0.5,
 "max_hold_days": 7.0,
 "gap_mode": "skip_contaminated",
 "scoring": "underwater",
 "anchor": "defaults",
 "anchor_strength": 0.0,
 "evaluated": 100800,
 "generated": "2026-07-10 23:50",
 "holdout": {
  "n": 5,
  "months": 0.4602521929824561,
  "eq": 0.0,
  "growth": -60.034523544316464,
  "liq": true,
  "maxdd": 1.0,
  "tpm": 10.863609291244789,
  "sl_hits": 0,
  "worst_mae": -0.17571720384892034,
  "win": 0.8,
  "max_hold_days": 6.5125,
  "in_market": 0.7132221560452651,
  "score": -60.391134622339095
 },
 "holdout_scan": {
  "scanned": 598,
  "pool": 598,
  "reservoir": 298,
  "survivors": 7
 },
 "holdout_survivors": [
  {
   "rank": 402,
   "train_score": 0.013120712680898775,
   "holdout": {
    "n": 116,
    "months": 12.175781249999995,
    "eq": 54170.48248449953,
    "growth": 0.32787515433460784,
    "liq": false,
    "maxdd": 0.5588495420359348,
    "tpm": 9.527109400064168,
    "sl_hits": 0,
    "worst_mae": -0.09818415555198468,
    "win": 1.0,
    "max_hold_days": 6.902083333333334,
    "in_market": 0.18569924972842758,
    "score": 0.03244517804196213
   }
  },
  {
   "rank": 491,
   "train_score": 0.012686559789229668,
   "holdout": {
    "n": 119,
    "months": 12.175781249999995,
    "eq": 14623.257418971472,
    "growth": 0.22032370491046221,
    "liq": false,
    "maxdd": 0.42530335880640036,
    "tpm": 9.773500160410656,
    "sl_hits": 0,
    "worst_mae": -0.09818415555198468,
    "win": 1.0,
    "max_hold_days": 6.902083333333334,
    "in_market": 0.17989632406328623,
    "score": -0.0012303500849948495
   }
  },
  {
   "rank": 477,
   "train_score": -0.12027697977341278,
   "holdout": {
    "n": 230,
    "months": 12.175781249999995,
    "eq": 11659.132969222617,
    "growth": 0.20171927930642472,
    "liq": false,
    "maxdd": 0.34303756452801226,
    "tpm": 18.889958293230677,
    "sl_hits": 0,
    "worst_mae": -0.19691550545079972,
    "win": 0.991304347826087,
    "max_hold_days": 6.94375,
    "in_market": 0.47200130579898575,
    "score": -0.15918705436758745
   }
  },
  {
   "rank": 354,
   "train_score": -0.05976420346304416,
   "holdout": {
    "n": 138,
    "months": 12.175781249999995,
    "eq": 10463.353499940404,
    "growth": 0.19283189812100174,
    "liq": false,
    "maxdd": 0.3459391769027653,
    "tpm": 11.333974975938407,
    "sl_hits": 0,
    "worst_mae": -0.13073024815949585,
    "win": 1.0,
    "max_hold_days": 6.7,
    "in_market": 0.3272658708046986,
    "score": -0.0846502062508332
   }
  },
  {
   "rank": 469,
   "train_score": 0.0021122103070521925,
   "holdout": {
    "n": 63,
    "months": 12.175781249999995,
    "eq": 6026.44702780112,