{
 "cand": {
  "strategy": "v7",
  "mode": "lev",
  "regs": [
   {
    "rsiValLong": 54.67464377427225,
    "xApt2Long": 0.01,
    "ptLong": 0.0051728508502364426,
    "trendBlockZ": 2.0,
    "eXL": 1.0,
    "dur1Short": 33.12086055587986,
    "dur1Long": 58.768995974185174,
    "cdPctLong": 0.0016408788999620106,
    "zXS": 2.0657595293288664,
    "ptShort": 0.005642369304253045,
    "cdPeriodShort": 40.663466094388376,
    "dur2Long": 283.3373011958084,
    "apt1Short": 0.002246071628071216,
    "xTpShort": 0.003165759411997783,
    "xDur1Short": 179.5048568546067,
    "vHistN": 2.0,
    "slShort": 0.03102382099462055,
    "zS": 1.6703034910844874,
    "vEmaUp": 4.0,
    "vX": 4.0,
    "xApt1Short": 0.0031824039825052238,
    "zL": -1.617741501945028,
    "bbValLong": -0.07081339849690826,
    "apt1Long": 0.014971420895779599,
    "slLong": 0.030425528493649507,
    "requireHistPos": 1.0,
    "cdPctShort": 0.0006612874931305738,
    "leverage": 8.0,
    "apt2Short": 0.0036241146172044983,
    "xCdPeriodShort": 69.184394819181,
    "eS3": 1.0,
    "cdPeriodLong": 221.28507650877333,
    "vEmaDn": 2.0,
    "xApt1Long": 0.013744531909451864,
    "vMacd": 3.0,
    "xTpLong": 0.015943476143535647,
    "zXLmax": -1.725367463139091,
    "vBB": 0.0,
    "vRsi": 0.0,
    "rsiValShort": 86.88807245369208,
    "xMinBetween": 20.544530708752276,
    "xDur2Short": 506.23629302528525,
    "dur2Short": 284.9622687074131,
    "xDur1Long": 28.03128006165252,
    "eXS": 0.0,
    "xCdPctShort": 0.004827027668838116,
    "eL3": 0.0,
    "apt2Long": 0.009032139745372106,
    "xApt2Short": 0.009381685667189155,
    "xDur2Long": 688.6380678483127,
    "bbValShort": 1.2029713808381806
   },
   {
    "rsiValLong": 85.0,
    "xApt2Long": 0.003543270028663269,
    "ptLong": 0.024365041612280206,
    "trendBlockZ": 1.0,
    "eXL": 1.0,
    "dur1Short": 32.87370180575606,
    "dur1Long": 3.6782547911110575,
    "cdPctLong": 0.009702742486702467,
    "zXS": 2.357182002634049,
    "ptShort": 0.024404235207996956,
    "cdPeriodShort": 10.0,
    "dur2Long": 328.87617858818095,
    "apt1Short": 0.0035863222940189813,
    "xTpShort": 0.002105998876945986,
    "xDur1Short": 179.9869001689014,
    "vHistN": 0.0,
    "slShort": 0.02,
    "zS": 1.919262018083034,
    "vEmaUp": 3.0,
    "vX": 3.0,
    "xApt1Short": 0.009227512011331243,
    "zL": -1.7846617779569256,
    "bbValLong": 0.35,
    "apt1Long": 0.019152657420406623,
    "slLong": 0.1118782814786583,
    "requireHistPos": 1.0,
    "cdPctShort": 0.009539324867042585,
    "leverage": 9.0,
    "apt2Short": 0.010783901575541401,
    "xCdPeriodShort": 18.58388977073465,
    "eS3": 1.0,
    "cdPeriodLong": 72.88339310426457,
    "vEmaDn": 3.0,
    "xApt1Long": 0.002190013703736363,
    "vMacd": 0.0,
    "xTpLong": 0.018867259565419403,
    "zXLmax": -2.0985171653865007,
    "vBB": 3.0,
    "vRsi": 5.0,
    "rsiValShort": 65.01843136408003,
    "xMinBetween": 3.086483897189554,
    "xDur2Short": 355.4987502727711,
    "dur2Short": 287.57987210716556,
    "xDur1Long": 82.90785670017874,
    "eXS": 0.0,
    "xCdPctShort": 0.006709430276877381,
    "eL3": 1.0,
    "apt2Long": 0.011502235376328733,
    "xApt2Short": 0.004911395952684175,
    "xDur2Long": 410.42757835998026,
    "bbValShort": 1.0716333123069257
   },
   {
    "rsiValLong": 66.89826022313672,
    "xApt2Long": 0.006364466456288161,
    "ptLong": 0.002,
    "trendBlockZ": 99.0,
    "eXL": 0.0,
    "dur1Short": 0.6,
    "dur1Long": 13.42793577345562,
    "cdPctLong": 0.0010092420178424383,
    "zXS": 2.650841204318393,
    "ptShort": 0.012713495939153337,
    "cdPeriodShort": 163.13143564889458,
    "dur2Long": 38.10666414245507,
    "apt1Short": 0.01736949679841282,
    "xTpShort": 0.004497565628831655,
    "xDur1Short": 64.83778484038083,
    "vHistN": 0.0,
    "slShort": 0.12,
    "zS": 0.8,
    "vEmaUp": 4.0,
    "vX": 0.0,
    "xApt1Short": 0.006574688956561744,
    "zL": -1.8698238973893728,
    "bbValLong": 0.06287230768433202,
    "apt1Long": 0.0067953414081331435,
    "slLong": 0.027340480598343903,
    "requireHistPos": 0.0,
    "cdPctShort": 0.006168604669838457,
    "leverage": 9.0,
    "apt2Short": 0.015,
    "xCdPeriodShort": 37.109298917057814,
    "eS3": 1.0,
    "cdPeriodLong": 10.0,
    "vEmaDn": 3.0,
    "xApt1Long": 0.014660369924025819,
    "vMacd": 1.0,
    "xTpLong": 0.001,
    "zXLmax": -1.89996278134396,
    "vBB": 1.0,
    "vRsi": 4.0,
    "rsiValShort": 53.2437563521022,
    "xMinBetween": 15.124361552988482,
    "xDur2Short": 547.0956870884349,
    "dur2Short": 106.00606353137492,
    "xDur1Long": 90.33605554178818,
    "eXS": 1.0,
    "xCdPctShort": 0.006097144028698808,
    "eL3": 1.0,
    "apt2Long": 0.0050187523866753025,
    "xApt2Short": 0.0007856459109121346,
    "xDur2Long": 225.4594241934169,
    "bbValShort": 1.0858724660256214
   }
  ]
 },
 "metrics": {
  "n": 198,
  "months": 12.555235745614036,
  "eq": 22865777808.16649,
  "growth": 1.34964824836754,
  "liq": false,
  "maxdd": 0.5565659077762809,
  "tpm": 15.770313199349365,
  "sl_hits": 0,
  "worst_mae": -0.06030718652077871,
  "win": 1.0,
  "max_hold_days": 4.766666666666667,
  "in_market": 0.23477942862133336,
  "score": 0.8171061357081189
 },
 "strategy": "v7",
 "mode": "lev",
 "method": "vol3",
 "algo": "genetic",
 "per_regime": true,
 "train_end": null,
 "holdout_days": 21.0,
 "max_dd": null,
 "max_hold_days": 5.0,
 "gap_mode": "skip_contaminated",
 "scoring": "recent",
 "anchor": null,
 "anchor_strength": 0.0,
 "evaluated": 100800,
 "generated": "2026-07-20 21:10",
 "holdout": {
  "n": 3,
  "months": 0.38843201754385964,
  "eq": 0.0,
  "growth": -71.13476713543214,
  "liq": true,
  "maxdd": 1.0,
  "tpm": 7.723359209597742,
  "sl_hits": 0,
  "worst_mae": -0.1031111111111111,
  "win": 0.6666666666666666,
  "max_hold_days": 6.5125,
  "in_market": 0.5998588567395907,
  "score": -71.13476713543214
 },
 "holdout_scan": {
  "scanned": 594,
  "pool": 594,
  "reservoir": 294,
  "survivors": 0
 },
 "holdout_survivors": [],
 "holdout_top10": [
  {
   "rank": 387,
   "train_score": 0.027263317334502248,
   "holdout": {
    "n": 76,
    "months": 11.91467927631579,
    "eq": 1844.6647630348552,
    "growth": 0.05139018403525345,
    "liq": false,
    "maxdd": 0.30130565785068647,
    "tpm": 6.378686176729419,
    "sl_hits": 0,
    "worst_mae": -0.17778564634493477,
    "win": 1.0,
    "max_hold_days": 20.30625,
    "in_market": 0.35659356144922033,
    "score": 0.02191215823665164
   }
  },
  {
   "rank": 446,
   "train_score": 0.009286297101853844,
   "holdout": {
    "n": 32,
    "months": 11.91467927631579,
    "eq": 1176.0997780298624,
    "growth": 0.013613768980185572,
    "liq": false,
    "maxdd": 0.1899792403074679,
    "tpm": 2.6857626007281765,
    "sl_hits": 0,
    "worst_mae": -0.08814607063133195,
    "win": 1.0,
    "max_hold_days": 17.029166666666665,
    "in_market": 0.08189970033187813,
    "score": 0.008778994271432333
   }
  },
  {
   "rank": 1,
   "train_score": 0.8171061357081189,
   "holdout": {
    "n": 3,
    "months": 0.38843201754385964,
    "eq": 0.0,
    "growth": -71.13476713543214,
    "liq": true,
    "maxdd": 1.0,
    "tpm": 7.723359209597742,
    "sl_hits": 0,
    "worst_mae": -0.1031111111111111,
    "win": 0.6666666666666666,
    "max_hold_days": 6.5125,
    "in_market": 0.5998588567395907,
    "score": -71.13476713543214
   }
  },
  {
   "rank": 2,
   "train_score": 0.8144802887765347,
   "holdout": {
    "n": 3,
    "months": 0.38843201754385964,
    "eq": 0.0,
    "growth": -71.13476713543214,
    "liq": true,
    "maxdd": 1.0,
    "tpm": 7.723359209597742,
    "sl_hits": 0,
    "worst_mae": -0.1031111111111111,
    "win": 0.6666666666666666,
    "max_hold_days": 6.5125,
    "in_market": 0.5998588567395907,
    "score": -71.13476713543214
   }
  },
  {
   "rank": 3,
   "train_score": 0.8084573029675743,
   "holdout": {
    "n": 3,
    "months": 0.38843201754385964,
    "eq": 0.0,
    "growth": -71.13476713543214,
    "liq": true,
    "maxdd": 1.0,