{
 "cand": {
  "strategy": "v7",
  "mode": "lev",
  "regs": [
   {
    "xDur2Short": 136.90155244748152,
    "apt1Long": 0.013280804986373218,
    "xTpShort": 0.002323400276981619,
    "rsiValShort": 69.35295172066655,
    "cdPctShort": 0.00863946546913038,
    "xCdPctShort": 0.0002,
    "eXS": 0.0,
    "vEmaUp": 2.0,
    "zXLmax": -1.9744022354074438,
    "vBB": 1.0,
    "xDur1Long": 82.11793348339918,
    "eL3": 1.0,
    "cdPctLong": 0.011952843477753002,
    "dur1Short": 23.655395926404754,
    "xMinBetween": 13.098323907563328,
    "xApt1Long": 0.0023666923344074484,
    "vMacd": 0.0,
    "bbValLong": 0.24218392946703213,
    "zL": -2.639798523733518,
    "eXL": 1.0,
    "xDur1Short": 37.87023824368797,
    "ptLong": 0.01788646387515105,
    "vRsi": 1.0,
    "slLong": 0.0988433299083562,
    "rsiValLong": 64.43819657068771,
    "cdPeriodLong": 127.58247696755585,
    "trendBlockZ": 99.0,
    "ptShort": 0.008471677779938151,
    "dur2Long": 105.4386530178568,
    "xCdPeriodShort": 4.19841335354825,
    "cdPeriodShort": 109.29561432701024,
    "leverage": 10.0,
    "eS3": 1.0,
    "xApt2Short": 0.00044132953554523914,
    "slShort": 0.07523276805821642,
    "bbValShort": 1.1395355365802118,
    "apt2Short": 0.005369540810590933,
    "vEmaDn": 4.0,
    "requireHistPos": 0.0,
    "vHistN": 2.0,
    "apt2Long": 0.015,
    "xApt2Long": 0.004438586005995283,
    "dur2Short": 77.59997595452413,
    "xApt1Short": 0.0005,
    "dur1Long": 48.364448525167305,
    "zS": 1.497288695022271,
    "xDur2Long": 451.851192714588,
    "vX": 1.0,
    "zXS": 1.1394138536550207,
    "xTpLong": 0.004694477278449098,
    "apt1Short": 0.012812085045474089
   },
   {
    "xDur2Short": 207.2752677024521,
    "apt1Long": 0.008677965804543665,
    "xTpShort": 0.0072668962939951365,
    "rsiValShort": 62.84847496534719,
    "cdPctShort": 0.009677460969809377,
    "xCdPctShort": 0.0016627923292911137,
    "eXS": 0.0,
    "vEmaUp": 4.0,
    "zXLmax": -1.4973597619057497,
    "vBB": 2.0,
    "xDur1Long": 10.0,
    "eL3": 0.0,
    "cdPctLong": 0.007861057023226321,
    "dur1Short": 32.195155033376096,
    "xMinBetween": 4.802286239892737,
    "xApt1Long": 0.014217364341612535,
    "vMacd": 3.0,
    "bbValLong": 0.2430106642715897,
    "zL": -2.2900150095344807,
    "eXL": 0.0,
    "xDur1Short": 191.62031558297434,
    "ptLong": 0.028053799656786765,
    "vRsi": 1.0,
    "slLong": 0.09950414653005354,
    "rsiValLong": 48.599121632481555,
    "cdPeriodLong": 217.34177020454248,
    "trendBlockZ": 3.0,
    "ptShort": 0.013190870237885451,
    "dur2Long": 51.470098398007565,
    "xCdPeriodShort": 38.90407708732209,
    "cdPeriodShort": 10.322266493781308,
    "leverage": 10.0,
    "eS3": 1.0,
    "xApt2Short": 0.007666351703161582,
    "slShort": 0.04501062076919978,
    "bbValShort": 0.6627814120839477,
    "apt2Short": 0.001118991019127299,
    "vEmaDn": 4.0,
    "requireHistPos": 0.0,
    "vHistN": 3.0,
    "apt2Long": 0.0015260247724223303,
    "xApt2Long": 0.0,
    "dur2Short": 21.341277363459415,
    "xApt1Short": 0.0005,
    "dur1Long": 71.09174328916806,
    "zS": 1.3155277010804016,
    "xDur2Long": 91.41079975135028,
    "vX": 2.0,
    "zXS": 2.40696678220543,
    "xTpLong": 0.008146401261283368,
    "apt1Short": 0.003427679415832073
   },
   {
    "xDur2Short": 450.94434552051314,
    "apt1Long": 0.010852675494732959,
    "xTpShort": 0.0010334463734943415,
    "rsiValShort": 51.09529415710077,
    "cdPctShort": 0.004401638969110586,
    "xCdPctShort": 0.0002,
    "eXS": 1.0,
    "vEmaUp": 2.0,
    "zXLmax": -2.0992840266495914,
    "vBB": 0.0,
    "xDur1Long": 66.79631873714473,
    "eL3": 1.0,
    "cdPctLong": 0.004499453770534052,
    "dur1Short": 29.193546579916454,
    "xMinBetween": 4.386640641138175,
    "xApt1Long": 0.0028972138101810447,
    "vMacd": 0,
    "bbValLong": 0.35,
    "zL": -1.5500129740087145,
    "eXL": 0.0,
    "xDur1Short": 82.6316851415163,
    "ptLong": 0.013070791170011116,
    "vRsi": 5.0,
    "slLong": 0.1060263891979511,
    "rsiValLong": 67.75310561036524,
    "cdPeriodLong": 79.32579542478764,
    "trendBlockZ": 3.0,
    "ptShort": 0.018347253035939644,
    "dur2Long": 135.83599204696725,
    "xCdPeriodShort": 3.0,
    "cdPeriodShort": 57.4185456885033,
    "leverage": 10.0,
    "eS3": 1.0,
    "xApt2Short": 0.0004892175971872979,
    "slShort": 0.09088168508936134,
    "bbValShort": 0.9725217579698132,
    "apt2Short": 0.006550581535415434,
    "vEmaDn": 4.0,
    "requireHistPos": 0.0,
    "vHistN": 3.0,
    "apt2Long": 0.006718157378365085,
    "xApt2Long": 0.004925114058492627,
    "dur2Short": 152.67970753144888,
    "xApt1Short": 0.0006912067049463575,
    "dur1Long": 5.189868928626332,
    "zS": 1.7829261388396243,
    "xDur2Long": 365.0371463293947,
    "vX": 1.0,
    "zXS": 1.9536546402649952,
    "xTpLong": 0.007411249967661208,
    "apt1Short": 0.008051966486495631
   }
  ]
 },
 "metrics": {
  "n": 322,
  "months": 14.81640625,
  "eq": 155290627774.04395,
  "growth": 1.2729678586619995,
  "liq": false,
  "maxdd": 0.4851117206143129,
  "tpm": 21.73266543633008,
  "sl_hits": 0,
  "worst_mae": -0.05103227099619145,
  "win": 0.9875776397515528,
  "max_hold_days": 4.233333333333333,
  "in_market": 0.08381089819196026,
  "score": 1.1508244498931086
 },
 "strategy": "v7",
 "mode": "lev",
 "method": "vol3",
 "algo": "genetic",
 "per_regime": true,
 "train_end": "2025-09-01",
 "holdout_days": null,
 "max_dd": 0.5,
 "max_hold_days": 7.0,
 "gap_mode": "skip_contaminated",
 "scoring": "underwater",
 "anchor": "defaults",
 "anchor_strength": 0.2,
 "evaluated": 2000600,
 "generated": "2026-07-10 11:42",
 "holdout": {
  "n": 5,
  "months": 2.1842105263157894,
  "eq": 0.0,
  "growth": -12.650347016931143,
  "liq": true,
  "maxdd": 1.0,
  "tpm": 2.289156626506024,
  "sl_hits": 0,
  "worst_mae": -0.092,
  "win": 0.8,
  "max_hold_days": 60.6375,
  "in_market": 0.9523719879518072,
  "score": -13.126533010907046
 },
 "holdout_scan": {
  "scanned": 571,
  "pool": 598,
  "reservoir": 298,
  "survivors": 8
 },
 "holdout_survivors": [
  {
   "rank": 301,
   "train_score": 0.051034452360228195,
   "holdout": {
    "n": 43,
    "months": 9.656661184210527,
    "eq": 10148.59895845177,
    "growth": 0.2399727626458767,
    "liq": false,
    "maxdd": 0.5139545345559221,
    "tpm": 4.4528848200979345,
    "sl_hits": 0,
    "worst_mae": -0.05319533036466484,
    "win": 1.0,
    "max_hold_days": 3.6354166666666665,
    "in_market": 0.04143070044709389,
    "score": 0.1813373921244802
   }
  },
  {
   "rank": 353,
   "train_score": 0.051547658651553724,
   "holdout": {
    "n": 57,
    "months": 9.656661184210527,
    "eq": 4848.840021900422,
    "growth": 0.1634870971949086,
    "liq": false,
    "maxdd": 0.42858357476974845,
    "tpm": 5.902661273153075,
    "sl_hits": 0,
    "worst_mae": -0.0504229374931342,
    "win": 0.9824561403508771,
    "max_hold_days": 2.3270833333333334,
    "in_market": 0.026513377333049464,
    "score": 0.10488859159576744
   }
  },
  {
   "rank": 331,
   "train_score": 0.041933881051145296,
   "holdout": {
    "n": 44,
    "months": 9.656661184210527,
    "eq": 4294.248011291869,
    "growth": 0.15090893504766698,
    "liq": false,
    "maxdd": 0.8886898930797504,
    "tpm": 4.5564402810304445,
    "sl_hits": 0,
    "worst_mae": -0.09907195371821143,
    "win": 1.0,
    "max_hold_days": 5.922916666666667,
    "in_market": 0.08256333830104322,
    "score": 0.07563765837913244
   }
  },
  {
   "rank": 395,
   "train_score": 0.061723416640157736,
   "holdout": {
    "n": 50,
    "months": 9.656661184210527,
    "eq": 3022.0516830710662,
    "growth": 0.11452570871869128,
    "liq": false,
    "maxdd": 0.5818796762822058,
    "tpm": 5.177773046625505,
    "sl_hits": 0,
    "worst_mae": -0.06186587478346928,
    "win": 0.96,
    "max_hold_days": 5.089583333333334,
    "in_market": 0.023788233624299198,
    "score": 0.07392949426805637
   }
  },
  {
   "rank": 417,
   "train_score": 0.07914460579432858,
   "holdout": {
    "n": 51,