{
 "cand": {
  "strategy": "scalpx2",
  "tpL": [
   0.016788221795216145,
   0.008697191520525395,
   0.017223746694396
  ],
  "tpS": [
   0.003744315578214217,
   0.007141710994988096,
   0.014479604210474749
  ],
  "rsiOB": [
   84.32399906150528,
   61.16335695381336,
   72.24649220451708
  ],
  "rsiOS": [
   36.08956228188436,
   31.66034344246269,
   27.209779808086726
  ],
  "useCvd": [
   0.0,
   1.0,
   1.0
  ],
  "useEma": [
   1.0,
   1.0,
   0.0
  ],
  "eL": [
   1.0,
   1.0,
   1.0
  ],
  "eS": [
   1.0,
   1.0,
   1.0
  ],
  "lev": [
   6.0,
   10.0,
   10.0
  ],
  "sl": 0.05,
  "slOn": 0.0,
  "vR": [
   1.0,
   1.0,
   0.0
  ],
  "vC": [
   1.0,
   0.0,
   2.0
  ],
  "vP": [
   0.0,
   2.0,
   2.0
  ],
  "vE": [
   3.0,
   1.0,
   3.0
  ],
  "mode": "lev"
 },
 "metrics": {
  "n": 89,
  "months": 12.623766447368421,
  "eq": 1419676.1381793916,
  "growth": 0.5749618454317493,
  "liq": false,
  "maxdd": 0.5116717755246408,
  "tpm": 7.05019380476206,
  "sl_hits": 0,
  "worst_mae": -0.051627793974732716,
  "win": 1.0,
  "max_hold_days": 2.464583333333333,
  "in_market": 0.07039944410062647,
  "score": 0.32758837583631667
 },
 "strategy": "scalpx2",
 "mode": "lev",
 "method": "vol3",
 "algo": "genetic",
 "per_regime": true,
 "train_end": null,
 "holdout_days": 21.0,
 "max_dd": 0.55,
 "max_hold_days": 5.0,
 "gap_mode": "skip_contaminated",
 "scoring": "classic",
 "anchor": null,
 "anchor_strength": 0.0,
 "evaluated": 100800,
 "generated": "2026-07-21 00:56",
 "holdout": {
  "n": 11,
  "months": 1.8029057017543861,
  "eq": 0.0,
  "growth": -15.325827129528255,
  "liq": true,
  "maxdd": 1.0,
  "tpm": 6.101261973544169,
  "sl_hits": 0,
  "worst_mae": -0.09252072907531783,
  "win": 0.9090909090909091,
  "max_hold_days": 1.3208333333333333,
  "in_market": 0.0294207085297248,
  "score": -18.9802884092262
 },
 "holdout_scan": {
  "scanned": 332,
  "pool": 594,
  "reservoir": 294,
  "survivors": 9
 },
 "holdout_survivors": [
  {
   "rank": 331,
   "train_score": 0.18059852619209796,
   "holdout": {
    "n": 58,
    "months": 11.983209978070173,
    "eq": 34285.36474436855,
    "growth": 0.29497259797228703,
    "liq": false,
    "maxdd": 0.8462035773292147,
    "tpm": 4.840105456396297,
    "sl_hits": 0,
    "worst_mae": -0.08753294465298289,
    "win": 1.0,
    "max_hold_days": 2.16875,
    "in_market": 0.05733762631606037,
    "score": 0.12580113334895462
   }
  },
  {
   "rank": 309,
   "train_score": 0.17268195122801916,
   "holdout": {
    "n": 62,
    "months": 11.983209978070173,
    "eq": 30424.035994472633,
    "growth": 0.2850015112786954,
    "liq": false,
    "maxdd": 0.7646592138478181,
    "tpm": 5.17390583269949,
    "sl_hits": 0,
    "worst_mae": -0.08753294465298289,
    "win": 1.0,
    "max_hold_days": 2.16875,
    "in_market": 0.06065458455098108,
    "score": 0.12329288575244095
   }
  },
  {
   "rank": 321,
   "train_score": 0.16965902747492348,
   "holdout": {
    "n": 59,
    "months": 11.983209978070173,
    "eq": 28178.375628271195,
    "growth": 0.2786027173189091,
    "liq": false,
    "maxdd": 0.7646592138478181,
    "tpm": 4.923555550472096,
    "sl_hits": 0,
    "worst_mae": -0.08753294465298289,
    "win": 1.0,
    "max_hold_days": 2.16875,
    "in_market": 0.06035720208853991,
    "score": 0.11989549080756876
   }
  },
  {
   "rank": 312,
   "train_score": 0.11428775556849152,
   "holdout": {
    "n": 57,
    "months": 11.983209978070173,
    "eq": 9678.9784956062,
    "growth": 0.18942807249149457,
    "liq": false,
    "maxdd": 0.5995782738311641,
    "tpm": 4.756655362320499,
    "sl_hits": 0,
    "worst_mae": -0.08753294465298289,
    "win": 1.0,
    "max_hold_days": 2.16875,
    "in_market": 0.05626247433646538,
    "score": 0.08539826547121805
   }
  },
  {
   "rank": 319,
   "train_score": 0.10497832339007739,
   "holdout": {
    "n": 48,
    "months": 11.983209978070173,
    "eq": 7852.059996665301,
    "growth": 0.17197194416995953,
    "liq": false,
    "maxdd": 0.599578273831164,
    "tpm": 4.005604515638315,
    "sl_hits": 0,
    "worst_mae": -0.08753294465298289,
    "win": 1.0,
    "max_hold_days": 2.1625,
    "in_market": 0.0476898529672479,
    "score": 0.07408668083462795
   }
  },
  {
   "rank": 317,
   "train_score": 0.1259744636196776,
   "holdout": {
    "n": 32,
    "months": 11.983209978070173,
    "eq": 7724.721217625297,
    "growth": 0.17060751981653563,
    "liq": false,
    "maxdd": 0.6264168953585489,
    "tpm": 2.6704030104255434,
    "sl_hits": 0,
    "worst_mae": -0.06386949193354186,
    "win": 1.0,
    "max_hold_days": 2.16875,
    "in_market": 0.03442773892107355,
    "score": 0.11922077755331373
   }
  },
  {
   "rank": 330,
   "train_score": 0.08777231308913104,
   "holdout": {
    "n": 46,
    "months": 11.983209978070173,
    "eq": 5732.988849756491,
    "growth": 0.14572364267980428,
    "liq": false,
    "maxdd": 0.5160254070234357,
    "tpm": 3.8387043274867185,
    "sl_hits": 0,
    "worst_mae": -0.08753294465298289,
    "win": 1.0,
    "max_hold_days": 2.16875,
    "in_market": 0.04531651216122705,
    "score": 0.06551876024183911
   }
  },
  {
   "rank": 332,
   "train_score": 0.07925568438147065,
   "holdout": {
    "n": 58,
    "months": 11.983209978070173,
    "eq": 5138.090680714529,
    "growth": 0.13658122911614157,
    "liq": false,
    "maxdd": 0.4317865259145224,
    "tpm": 4.840105456396297,
    "sl_hits": 0,
    "worst_mae": -0.08753294465298289,
    "win": 1.0,
    "max_hold_days": 2.1354166666666665,
    "in_market": 0.054987161084073456,
    "score": 0.06176411904279376
   }
  },
  {
   "rank": 305,
   "train_score": 0.08545472080672636,
   "holdout": {
    "n": 22,
    "months": 11.983209978070173,
    "eq": 3053.1525089187076,
    "growth": 0.093144880907289,
    "liq": false,
    "maxdd": 0.5020320344250536,
    "tpm": 1.8359020696675612,
    "sl_hits": 0,
    "worst_mae": -0.06386949193354186,
    "win": 1.0,
    "max_hold_days": 2.16875,
    "in_market": 0.018243270292063893,
    "score": 0.07284190141170097
   }
  }
 ],
 "holdout_top10": [
  {
   "rank": 331,
   "train_score": 0.18059852619209796,
   "holdout": {
    "n": 58,
    "months": 11.983209978070173,
    "eq": 34285.36474436855,
    "growth": 0.29497259797228703,
    "liq": false,
    "maxdd": 0.8462035773292147,
    "tpm": 4.840105456396297,
    "sl_hits": 0,
    "worst_mae": -0.08753294465298289,
    "win": 1.0,
    "max_hold_days": 2.16875,
    "in_market": 0.05733762631606037,
    "score": 0.12580113334895462
   }
  },
  {
   "rank": 309,
   "train_score": 0.17268195122801916,
   "holdout": {
    "n": 62,
    "months": 11.983209978070173,
    "eq": 30424.035994472633,
    "growth": 0.2850015112786954,
    "liq": false,
    "maxdd": 0.7646592138478181,
    "tpm": 5.17390583269949,
    "sl_hits": 0,
    "worst_mae": -0.08753294465298289,
    "win": 1.0,
    "max_hold_days": 2.16875,
    "in_market": 0.06065458455098108,
    "score": 0.12329288575244095
   }
  },
  {
   "rank": 321,
   "train_score": 0.16965902747492348,
   "holdout": {
    "n": 59,
    "months": 11.983209978070173,
    "eq": 28178.375628271195,
    "growth": 0.2786027173189091,
    "liq": false,
    "maxdd": 0.7646592138478181,
    "tpm": 4.923555550472096,
    "sl_hits": 0,
    "worst_mae": -0.08753294465298289,
    "win": 1.0,
    "max_hold_days": 2.16875,
    "in_market": 0.06035720208853991,
    "score": 0.11989549080756876
   }
  },
  {
   "rank": 312,
   "train_score": 0.11428775556849152,
   "holdout": {
    "n": 57,
    "months": 11.983209978070173,
    "eq": 9678.9784956062,
    "growth": 0.18942807249149457,
    "liq": false,
    "maxdd": 0.5995782738311641,
    "tpm": 4.756655362320499,
    "sl_hits": 0,
    "worst_mae": -0.08753294465298289,
    "win": 1.0,
    "max_hold_days": 2.16875,
    "in_market": 0.05626247433646538,
    "score": 0.08539826547121805
   }
  },
  {
   "rank": 319,
   "train_score": 0.10497832339007739,
   "holdout": {
    "n": 48,
    "months": 11.983209978070173,
    "eq": 7852.059996665301,