{"{\"eL\": [1.0, 1.0, 1.0], \"eS\": [1.0, 1.0, 1.0], \"lev\": [3.0, 4.0, 4.0], \"mode\": \"lev\", \"rsiOB\": [74.57266387696615, 63.19237928326007, 79.91705755942968], \"rsiOS\": [20.770942050406756, 15.0, 22.292637941102395], \"sl\": 0.05, \"slOn\": 0.0, \"strategy\": \"scalpx2\", \"tpL\": [0.004803823915231474, 0.00732376479577951, 0.003929406813277305], \"tpS\": [0.00325319266782785, 0.006897507663675064, 0.00519193740961203], \"useCvd\": [1.0, 1.0, 1.0], \"useEma\": [0.0, 1.0, 0.0], \"vC\": [1.0, 0.0, 0.0], \"vE\": [3.0, 3.0, 0.0], \"vP\": [1.0, 2.0, 1.0], \"vR\": [3.0, 1.0, 3.0]}": "camp_c3_s_sx2_vol3_ts2501", "{\"eL\": [1.0, 1.0, 0.0], \"eS\": [1.0, 1.0, 0.0], \"lev\": [2.0, 4.0, 2.0], \"mode\": \"lev\", \"rsiOB\": [81.9172066798636, 59.882840351687825, 82.14679156279618], \"rsiOS\": [36.64669921856934, 29.73510325175459, 34.093681821548365], \"sl\": 0.05, \"slOn\": 0.0, \"strategy\": \"scalpx2\", \"tpL\": [0.004063571062402205, 0.004536980629261257, 0.002], \"tpS\": [0.004312070318742354, 0.003648769652091733, 0.007576729276717628], \"useCvd\": [1.0, 1.0, 1.0], \"useEma\": [1.0, 1.0, 0.0], \"vC\": [2.0, 0.0, 2.0], \"vE\": [3.0, 1.0, 0.0], \"vP\": [1.0, 2.0, 1.0], \"vR\": [2.0, 2.0, 1.0]}": "camp_c3_s_sx2_vol3_ts2501", "{\"eL\": [0.0, 0.0, 0.0], \"eS\": [1.0, 1.0, 0.0], \"lev\": [3.0, 4.0, 4.0], \"mode\": \"lev\", \"rsiOB\": [59.400491806461886, 63.66664722825059, 57.588732613949844], \"rsiOS\": [42.36372975013409, 22.538551030068483, 39.32519422084183], \"sl\": 0.05, \"slOn\": 0.0, \"strategy\": \"scalpx2\", \"tpL\": [0.007139003513417043, 0.0046454319979263746, 0.009909988514089457], \"tpS\": [0.0128581484407051, 0.007095866169362017, 0.011840131219242267], \"useCvd\": [1.0, 1.0, 1.0], \"useEma\": [1.0, 0.0, 1.0], \"vC\": [1.0, 0.0, 1.0], \"vE\": [0.0, 1.0, 0.0], \"vP\": [2.0, 2.0, 1.0], \"vR\": [3.0, 1.0, 3.0]}": "camp_c3_s_sx2_vol3_ts2501", "{\"eL\": [1.0, 1.0, 1.0], \"eS\": [0.0, 1.0, 0.0], \"lev\": [2.0, 4.0, 4.0], \"mode\": \"lev\", \"rsiOB\": [84.6830120517965, 59.882840351687825, 83.29471017700932], \"rsiOS\": [20.770942050406756, 15.630344957147994, 17.169036265684753], \"sl\": 0.05, \"slOn\": 0.0, \"strategy\": \"scalpx2\", \"tpL\": [0.0038839170808707595, 0.006153529069338574, 0.002], \"tpS\": [0.003025026046705051, 0.0031677322415220354, 0.005303561365779238], \"useCvd\": [1.0, 1.0, 1.0], \"useEma\": [1.0, 0.0, 0.0], \"vC\": [2.0, 0.0, 2.0], \"vE\": [2.0, 0.0, 3.0], \"vP\": [1.0, 2.0, 2.0], \"vR\": [2.0, 2.0, 0.0]}": "camp_c3_s_sx2_vol3_ts2501", "{\"eL\": [1.0, 1.0, 1.0], \"eS\": [1.0, 1.0, 1.0], \"lev\": [2.0, 4.0, 3.0], \"mode\": \"lev\", \"rsiOB\": [78.98718790626342, 59.882840351687825, 85.0], \"rsiOS\": [20.770942050406756, 15.630344957147994, 22.292637941102395], \"sl\": 0.05, \"slOn\": 0.0, \"strategy\": \"scalpx2\", \"tpL\": [0.007276076629313921, 0.010719153822940378, 0.013359831665083437], \"tpS\": [0.005024146161593081, 0.0036085620044291463, 0.008681071033886718], \"useCvd\": [1.0, 1.0, 1.0], \"useEma\": [1.0, 1.0, 0.0], \"vC\": [2.0, 0.0, 2.0], \"vE\": [3.0, 2.0, 1.0], \"vP\": [1.0, 2.0, 1.0], \"vR\": [2.0, 2.0, 3.0]}": "camp_c3_s_sx2_vol3_ts2501", "{\"eL\": [0.0, 1.0, 1.0], \"eS\": [1.0, 1.0, 1.0], \"lev\": [2.0, 4.0, 4.0], \"mode\": \"lev\", \"rsiOB\": [82.63041811795972, 60.590944959826274, 60.73882831166819], \"rsiOS\": [22.398641769646215, 29.9977310804534, 19.19887867476417], \"sl\": 0.05, \"slOn\": 0.0, \"strategy\": \"scalpx2\", \"tpL\": [0.00754908886929064, 0.006238146304631301, 0.003689224155064514], \"tpS\": [0.0057185553276280264, 0.007095866169362017, 0.008314247731715551], \"useCvd\": [1.0, 1.0, 0.0], \"useEma\": [1.0, 1.0, 0.0], \"vC\": [0.0, 0.0, 1.0], \"vE\": [3.0, 1.0, 0.0], \"vP\": [1.0, 2.0, 1.0], \"vR\": [1.0, 2.0, 3.0]}": "camp_c3_s_sx2_vol3_ts2501", "{\"eL\": [1.0, 0.0, 1.0], \"eS\": [1.0, 1.0, 1.0], \"lev\": [3.0, 4.0, 3.0], \"mode\": \"lev\", \"rsiOB\": [80.56930934117939, 61.98210997071873, 85.0], \"rsiOS\": [39.22440202576308, 31.63426107129901, 35.01154478927579], \"sl\": 0.05, \"slOn\": 0.0, \"strategy\": \"scalpx2\", \"tpL\": [0.0033982075563907263, 0.0034061288278303004, 0.005834819524370836], \"tpS\": [0.006560074088210306, 0.006897507663675064, 0.00519193740961203], \"useCvd\": [1.0, 1.0, 1.0], \"useEma\": [1.0, 0.0, 1.0], \"vC\": [2.0, 0.0, 0.0], \"vE\": [0.0, 3.0, 1.0], \"vP\": [1.0, 2.0, 0.0], \"vR\": [3.0, 2.0, 3.0]}": "camp_c3_s_sx2_vol3_ts2501", "{\"eL\": [0.0, 1.0, 1.0], \"eS\": [0.0, 1.0, 1.0], \"lev\": [3.0, 4.0, 4.0], \"mode\": \"lev\", \"rsiOB\": [77.16834222807556, 61.64543619906533, 82.43813878537188], \"rsiOS\": [37.65757311388639, 31.63426107129901, 36.49780564937038], \"sl\": 0.05, \"slOn\": 0.0, \"strategy\": \"scalpx2\", \"tpL\": [0.002919535605358883, 0.00731446369528824, 0.0022392457307963656], \"tpS\": [0.005963601683222883, 0.006897507663675064, 0.0054990446190800535], \"useCvd\": [1.0, 1.0, 0.0], \"useEma\": [1.0, 1.0, 1.0], \"vC\": [1.0, 0.0, 2.0], \"vE\": [3.0, 1.0, 1.0], \"vP\": [1.0, 2.0, 1.0], \"vR\": [2.0, 2.0, 3.0]}": "camp_c3_s_sx2_vol3_ts2501", "{\"eL\": [1.0, 1.0, 1.0], \"eS\": [0.0, 1.0, 1.0], \"lev\": [3.0, 4.0, 2.0], \"mode\": \"lev\", \"rsiOB\": [76.8379356976169, 60.44642514474354, 79.51068568628058], \"rsiOS\": [36.64669921856934, 31.954803516472904, 34.093681821548365], \"sl\": 0.05, \"slOn\": 0.0, \"strategy\": \"scalpx2\", \"tpL\": [0.00451949974822366, 0.003298557892376105, 0.009513004139874317], \"tpS\": [0.003662166918335894, 0.005205070251568827, 0.004845240225602619], \"useCvd\": [1.0, 1.0, 1.0], \"useEma\": [1.0, 1.0, 0.0], \"vC\": [2.0, 0.0, 2.0], \"vE\": [3.0, 1.0, 0.0], \"vP\": [1.0, 2.0, 1.0], \"vR\": [2.0, 2.0, 3.0]}": "camp_c3_s_sx2_vol3_ts2501", "{\"eL\": [1.0, 1.0, 0.0], \"eS\": [1.0, 1.0, 1.0], \"lev\": [3.0, 2.0, 3.0], \"mode\": \"lev\", \"rsiOB\": [72.3287441756482, 69.3823084448056, 73.93052841149593], \"rsiOS\": [33.40978601961585, 32.87844551402931, 27.414447570543548], \"sl\": 0.05, \"slOn\": 0.0, \"strategy\": \"scalpx2\", \"tpL\": [0.0033295365830003135, 0.003326897056494104, 0.003950833195387072], \"tpS\": [0.005963601683222883, 0.004625246522437262, 0.00519193740961203], \"useCvd\": [1.0, 1.0, 1.0], \"useEma\": [1.0, 1.0, 1.0], \"vC\": [1.0, 2.0, 2.0], \"vE\": [1.0, 0.0, 2.0], \"vP\": [2.0, 2.0, 0.0], \"vR\": [1.0, 2.0, 3.0]}": "camp_c3_s_sx2_vol3_ts2501", "{\"eL\": [0.0, 1.0, 0.0], \"eS\": [1.0, 1.0, 1.0], \"lev\": [3.0, 4.0, 3.0], \"mode\": \"lev\", \"rsiOB\": [78.87131632918901, 60.6474333821707, 82.65168841089404], \"rsiOS\": [15.0, 29.320386370400758, 15.0], \"sl\": 0.05, \"slOn\": 0.0, \"strategy\": \"scalpx2\", \"tpL\": [0.005632270613103252, 0.007893419176378667, 0.005676113140552659], \"tpS\": [0.0034489753120899675, 0.006487021604763709, 0.007253184226018457], \"useCvd\": [1.0, 1.0, 0.0], \"useEma\": [1.0, 1.0, 1.0], \"vC\": [1.0, 1.0, 2.0], \"vE\": [1.0, 1.0, 1.0], \"vP\": [1.0, 2.0, 1.0], \"vR\": [3.0, 2.0, 3.0]}": "camp_c3_s_sx2_vol3_ts2501", "{\"eL\": [1.0, 0.0, 0.0], \"eS\": [1.0, 1.0, 1.0], \"lev\": [2.0, 3.0, 2.0], \"mode\": \"lev\", \"rsiOB\": [71.24810662501501, 69.36162042359501, 53.23340726884131], \"rsiOS\": [26.27664486382424, 36.09427715654725, 28.641341407325207], \"sl\": 0.05, \"slOn\": 0.0, \"strategy\": \"scalpx2\", \"tpL\": [0.004329440016693725, 0.0025274695142616255, 0.004172551142193641], \"tpS\": [0.002303729292965174, 0.00219066157701, 0.0028145925500109234], \"useCvd\": [1.0, 1.0, 1.0], \"useEma\": [1.0, 0.0, 1.0], \"vC\": [1.0, 0.0, 2.0], \"vE\": [1.0, 1.0, 2.0], \"vP\": [1.0, 1.0, 0.0], \"vR\": [1.0, 1.0, 1.0]}": "camp_c3_s_sx2_vol3_ts2509", "{\"eL\": [1.0, 1.0, 1.0], \"eS\": [1.0, 1.0, 1.0], \"lev\": [2.0, 2.0, 1.0], \"mode\": \"lev\", \"rsiOB\": [85.0, 79.36940842293687, 57.89235692808242], \"rsiOS\": [24.77328287090054, 32.17307209402115, 25.725919851436196], \"sl\": 0.05, \"slOn\": 0.0, \"strategy\": \"scalpx2\", \"tpL\": [0.009515768424757667, 0.014636506864352751, 0.010273170095692504], \"tpS\": [0.0038130192930372064, 0.0038367482736708005, 0.0036359930910482693], 