{
 "verdict": "PASS",
 "oos_pct_mo": 7.613203701249804,
 "maxdd": 0.48825883811937565,
 "n": 152,
 "folds": 14,
 "step_days": 42,
 "at": "2026-07-21 02:04"
}