{"job": {"strategy": "v6", "mode": "lev", "method": "volume3", "window": "all", "fold_idx": 1, "n_samples": 500, "seed": 345201}, "status": "ok", "n_feasible": 19, "cand": {"strategy": "v6", "tv": 1, "zL": [-1.6391849539912096, -2.011217190431801, -1.890340136301633], "zS": [1.168092479493997, 1.5720994008599471, 1.588982358094639], "zXS": [1.6105880805636341, 1.908938033732802, 2.2345688999736377], "zXLmax": [-0.72026040344588, -0.8283503192352504, -1.1440995365601767], "ptScale": [1.351466381412815, 1.2743063641767274, 0.7701517517936166], "eS3": [1.0, 0.0, 1.0], "eXS": [1.0, 0.0, 1.0], "lev": [9.371498607086462, 9.476137867898142, 10.0], "sl": 0.0}, "train": {"n": 112, "months": 6.951206140350878, "eq": 126454.2971549482, "growth": 0.6962649154482741, "liq": false, "maxdd": 0.0072007777326121725, "tpm": 16.112311696506033, "sl_hits": 0, "worst_mae": -0.09602076124567493, "win": 0.9642857142857143, "score": 0.47105672088872863}, "oos": {"n": 16, "months": 0.9159813596491229, "eq": 2214.4666234546553, "growth": 0.867934226032824, "liq": false, "maxdd": 0.0, "tpm": 17.467604369295227, "sl_hits": 0, "worst_mae": -0.09656968743856886, "win": 1.0, "score": 0.867934226032824}, "elapsed": 1.0139744281768799}