{"job": {"strategy": "v6", "mode": "lev", "method": "volume3", "window": "all", "fold_idx": 12, "n_samples": 350, "seed": 374853}, "status": "ok", "n_feasible": 9, "cand": {"strategy": "v6", "tv": 0, "zL": [-2.0305038295648203, -1.795303058441638, -1.9309936615879728], "zS": [2.396955987364995, 2.016913381525449, 1.7421086762722318], "zXS": [2.0899459608137616, 3.0, 2.4066107293778853], "zXLmax": [-2.0, -2.0, -2.0], "ptScale": [0.9052361051288855, 0.7624907555894154, 0.7333173874988299], "eS3": [1.0, 1.0, 0.0], "eXS": [1.0, 1.0, 1.0], "lev": [6.1486867404894125, 5.8907930348074204, 9.288813005116065], "sl": 0.0}, "train": {"n": 179, "months": 16.945655153508774, "eq": 97756.3801297297, "growth": 0.27042203001847337, "liq": false, "maxdd": 0.0222098280870768, "tpm": 10.563179669269747, "sl_hits": 0, "worst_mae": -0.09656968743856886, "win": 0.9608938547486033, "score": 0.20800914027745385}, "oos": {"n": 9, "months": 0.6717379385964912, "eq": 0.0, "growth": -41.13363192446739, "liq": true, "maxdd": 0.9999999999999998, "tpm": 13.39808202407672, "sl_hits": 0, "worst_mae": -0.16175643077107216, "win": 0.7777777777777778, "score": -41.13363192446739}, "elapsed": 0.963977575302124}