{"job": {"strategy": "v6", "mode": "lev", "method": "volume3", "window": "all", "fold_idx": 4, "n_samples": 500, "seed": 345201}, "status": "ok", "n_feasible": 30, "cand": {"strategy": "v6", "tv": 1, "zL": [-2.44646726006314, -1.458827233597948, -1.6014415935638688], "zS": [2.53177408425667, 1.7195749776863287, 1.8187092491623509], "zXS": [3.0, 3.0, 2.962530346424103], "zXLmax": [-99.0, -99.0, -99.0], "ptScale": [0.5, 0.6986617201851408, 0.6210370034995492], "eS3": [1.0, 1.0, 1.0], "eXS": [1.0, 1.0, 1.0], "lev": [6.957836821883372, 10.0, 10.0], "sl": 0.0}, "train": {"n": 115, "months": 9.694490131578949, "eq": 32360.192667021987, "growth": 0.3586500165398332, "liq": false, "maxdd": 0.03704518551332804, "tpm": 11.862408279255204, "sl_hits": 0, "worst_mae": -0.09656968743856886, "win": 0.9652173913043478, "score": 0.27422358378900563}, "oos": {"n": 12, "months": 0.9156387061403509, "eq": 1887.2834450277803, "growth": 0.6936561988790153, "liq": false, "maxdd": 0.0, "tpm": 13.105605867824265, "sl_hits": 0, "worst_mae": -0.011469427273404498, "win": 1.0, "score": 0.6936561988790153}, "elapsed": 1.0513932704925537}