{"job": {"strategy": "v6", "mode": "lev", "method": "volume3", "window": "all", "fold_idx": 5, "n_samples": 500, "seed": 345201}, "status": "ok", "n_feasible": 19, "cand": {"strategy": "v6", "tv": 0, "zL": [-1.1163518676166988, -1.153613346178951, -1.3580509180557139], "zS": [1.8810696148819763, 1.4194038252116037, 2.5550185648429675], "zXS": [2.9660039646710694, 3.0, 2.48566563060966], "zXLmax": [-99.0, -99.0, -99.0], "ptScale": [0.6907693215317187, 0.756393511458299, 0.5836206352563617], "eS3": [1.0, 1.0, 1.0], "eXS": [1.0, 1.0, 1.0], "lev": [5.064569822161665, 5.332073763937507, 5.235312284252888], "sl": 0.0}, "train": {"n": 196, "months": 10.610128837719298, "eq": 35566.2764316671, "growth": 0.33660268902224394, "liq": false, "maxdd": 0.019082546577776804, "tpm": 18.472914231089696, "sl_hits": 0, "worst_mae": -0.09656968743856886, "win": 0.9744897959183674, "score": 0.24539664414583015}, "oos": {"n": 17, "months": 0.9084429824561403, "eq": 1426.4846658921524, "growth": 0.3910131389765873, "liq": false, "maxdd": 0.0, "tpm": 18.713337356668678, "sl_hits": 0, "worst_mae": -0.07450178170779986, "win": 1.0, "score": 0.3910131389765873}, "elapsed": 1.0558772087097168}