{"job": {"strategy": "v6", "mode": "lev", "method": "volume3", "window": "all", "fold_idx": 19, "n_samples": 350, "seed": 374853}, "status": "ok", "n_feasible": 5, "cand": {"strategy": "v6", "tv": 1, "zL": [-1.3991869475896888, -1.0578950536511402, -1.579523617531129], "zS": [1.3208663907456273, 1.0033583284687144, 1.353240326434813], "zXS": [2.9113576124251495, 2.638142003654404, 3.0], "zXLmax": [-99.0, -99.0, -99.0], "ptScale": [2.0151967804875834, 2.3906615069969313, 2.3059797934388615], "eS3": [1.0, 1.0, 1.0], "eXS": [1.0, 1.0, 1.0], "lev": [1.5645917327469692, 1.5767871522357475, 1.4768184474299506], "sl": 0.0}, "train": {"n": 110, "months": 23.25870339912281, "eq": 6022.597124138654, "growth": 0.07719770751817617, "liq": false, "maxdd": 0.0012210668481684253, "tpm": 4.729412388660866, "sl_hits": 0, "worst_mae": -0.5260642491131258, "win": 0.9818181818181818, "score": 0.10605756455112905}, "oos": {"n": 3, "months": 0.9207785087719298, "eq": 1050.270056252035, "growth": 0.053267237520590524, "liq": false, "maxdd": 0.0, "tpm": 3.258112533492111, "sl_hits": 0, "worst_mae": -0.1737884936739078, "win": 1.0, "score": 0.053267237520590524}, "elapsed": 0.928215503692627}