{"job": {"strategy": "v6", "mode": "lev", "method": "volume3", "window": "all", "fold_idx": 11, "n_samples": 350, "seed": 374853}, "status": "ok", "n_feasible": 10, "cand": {"strategy": "v6", "tv": 0, "zL": [-1.3702658583571983, -1.2200321328082004, -2.1207314873167324], "zS": [2.6, 2.1777970472732093, 1.7558604202389303], "zXS": [3.0, 3.0, 2.408133085088514], "zXLmax": [-99.0, -99.0, -99.0], "ptScale": [1.3160923521530896, 0.7802784734563183, 1.4045499039333391], "eS3": [1.0, 1.0, 1.0], "eXS": [1.0, 1.0, 1.0], "lev": [7.277445731357985, 7.09853232903593, 5.899598510561212], "sl": 0.0}, "train": {"n": 201, "months": 16.02480811403509, "eq": 1061662.1729421325, "growth": 0.43480027948161004, "liq": false, "maxdd": 0.025404388573696767, "tpm": 12.543051908618933, "sl_hits": 0, "worst_mae": -0.12355164508333849, "win": 0.9701492537313433, "score": 0.340357717971273}, "oos": {"n": 15, "months": 0.9208470394736842, "eq": 1763.8838964347394, "growth": 0.6163001158098875, "liq": false, "maxdd": 0.0, "tpm": 16.289350301406564, "sl_hits": 0, "worst_mae": -0.0413315077870956, "win": 1.0, "score": 0.6163001158098875}, "elapsed": 1.9315218925476074}