{"job": {"strategy": "v6", "mode": "lev", "method": "volume3", "window": "all", "fold_idx": 8, "n_samples": 350, "seed": 374853}, "status": "ok", "n_feasible": 7, "cand": {"strategy": "v6", "tv": 1, "zL": [-2.234788900535802, -1.3765967496444405, -1.4520907408615493], "zS": [1.521178608221641, 1.701141948062519, 1.319699686960518], "zXS": [2.839235316980153, 3.0, 2.395943922504844], "zXLmax": [-99.0, -99.0, -99.0], "ptScale": [0.9649930165712486, 0.686860558609407, 0.5569668627724189], "eS3": [1.0, 1.0, 1.0], "eXS": [1.0, 1.0, 1.0], "lev": [5.987649736639793, 7.249342457208764, 4.112209182577504], "sl": 0.0}, "train": {"n": 203, "months": 13.347861842105264, "eq": 49160.20751031091, "growth": 0.29181336695612914, "liq": false, "maxdd": 0.02703684556444818, "tpm": 15.208428316185078, "sl_hits": 0, "worst_mae": -0.12854700854700862, "win": 0.9753694581280788, "score": 0.22908590825758857}, "oos": {"n": 23, "months": 0.9194078947368421, "eq": 1487.4423531583375, "growth": 0.4318628388774759, "liq": false, "maxdd": 0.0, "tpm": 25.016100178890877, "sl_hits": 0, "worst_mae": -0.025937821950184903, "win": 1.0, "score": 0.4318628388774759}, "elapsed": 1.9240777492523193}