{"job": {"strategy": "v6", "mode": "lev", "method": "volume3", "window": "all", "fold_idx": 7, "n_samples": 500, "seed": 345201}, "status": "ok", "n_feasible": 18, "cand": {"strategy": "v6", "tv": 0, "zL": [-1.2908202952993646, -1.3624077265072532, -1.3720161591564257], "zS": [1.628151257895589, 1.7511945524708794, 1.6847422215295909], "zXS": [2.948264903798189, 2.873270211237605, 3.0], "zXLmax": [-99.0, -99.0, -99.0], "ptScale": [1.1018366489731677, 1.0083836001357316, 0.538867962628208], "eS3": [0.0, 0.0, 1.0], "eXS": [0.0, 0.0, 0.0], "lev": [10.0, 9.310136227688602, 6.584218896215992], "sl": 0.0}, "train": {"n": 177, "months": 12.432565789473685, "eq": 890244.2476547962, "growth": 0.5462666335852407, "liq": false, "maxdd": 0.0, "tpm": 14.23680381002778, "sl_hits": 0, "worst_mae": -0.08809387521465362, "win": 1.0, "score": 0.42895204145851595}, "oos": {"n": 3, "months": 0.915296052631579, "eq": 0.0, "growth": -30.188069790628134, "liq": true, "maxdd": 1.0, "tpm": 3.2776280323450133, "sl_hits": 0, "worst_mae": -0.092, "win": 0.6666666666666666, "score": -30.188069790628134}, "elapsed": 1.0593194961547852}