{"job": {"strategy": "v6", "mode": "lev", "method": "volume3", "window": "all", "fold_idx": 17, "n_samples": 350, "seed": 374853}, "status": "ok", "n_feasible": 7, "cand": {"strategy": "v6", "tv": 0, "zL": [-1.6226, -1.6196, -1.8684], "zS": [2.2892, 2.2236, 2.2021], "zXS": [2.3705, 2.6479, 2.4647], "zXLmax": [-40.1159, -40.0989, -40.0348], "ptScale": [1.7274, 1.7958, 1.8832], "eS3": [1.0, 1.0, 1.0], "eXS": [1.0, 1.0, 1.0], "lev": [1.944, 1.509, 1.899], "sl": 0.0}, "train": {"n": 159, "months": 21.41673519736842, "eq": 7580.078184574208, "growth": 0.09457667079142847, "liq": false, "maxdd": 0.001568890110292979, "tpm": 7.424100757408492, "sl_hits": 0, "worst_mae": -0.5155376479476204, "win": 0.9685534591194969, "score": 0.08432866136991599}, "oos": {"n": 6, "months": 0.920984100877193, "eq": 1071.5368636275628, "growth": 0.07502185871905752, "liq": false, "maxdd": 0.0, "tpm": 6.514770444229481, "sl_hits": 0, "worst_mae": -0.03887812108083455, "win": 1.0, "score": 0.07502185871905752}, "elapsed": 0.9366490840911865}