{"job": {"strategy": "v6", "mode": "lev", "method": "volume3", "window": "all", "fold_idx": 15, "n_samples": 350, "seed": 374853}, "status": "ok", "n_feasible": 12, "cand": {"strategy": "v6", "tv": 1, "zL": [-1.9116044739023765, -1.5370015189848636, -2.211213571967371], "zS": [2.6, 2.074431123894738, 1.4691910621447395], "zXS": [3.0, 3.0, 3.0], "zXLmax": [-99.0, -99.0, -99.0], "ptScale": [1.7952298427741844, 2.4, 2.4], "eS3": [1.0, 0.0, 0.0], "eXS": [1.0, 1.0, 1.0], "lev": [2.890228062199642, 2.771612849358015, 2.925321630874225], "sl": 0.0}, "train": {"n": 117, "months": 19.574629934210527, "eq": 22972.347400532137, "growth": 0.16012007461715608, "liq": false, "maxdd": 0.0022207643350359426, "tpm": 5.977124491917951, "sl_hits": 0, "worst_mae": -0.3443162002823217, "win": 0.9743589743589743, "score": 0.14761793148815647}, "oos": {"n": 5, "months": 0.9210526315789473, "eq": 1129.3754224036436, "growth": 0.13209316406937452, "liq": false, "maxdd": 0.0, "tpm": 5.428571428571429, "sl_hits": 0, "worst_mae": -0.047367135997395726, "win": 1.0, "score": 0.13209316406937452}, "elapsed": 1.003798484802246}