{"job": {"strategy": "v6", "mode": "lev", "method": "volume3", "window": "all", "fold_idx": 18, "n_samples": 350, "seed": 374853}, "status": "ok", "n_feasible": 7, "cand": {"strategy": "v6", "tv": 0, "zL": [-1.8499369504043357, -2.136270265943392, -1.76511356169863], "zS": [1.8388513576765653, 1.8690845814229347, 2.135063893168555], "zXS": [2.940474559971731, 3.0, 3.0], "zXLmax": [-99.0, -99.0, -99.0], "ptScale": [1.0021858349008994, 0.9097362213315249, 1.354146706483373], "eS3": [1.0, 1.0, 1.0], "eXS": [1.0, 0.0, 1.0], "lev": [3.2656599160268858, 3.8654791761647886, 4.493002830336785], "sl": 0.0}, "train": {"n": 195, "months": 22.337719298245617, "eq": 53234.34087325319, "growth": 0.17793686276410853, "liq": false, "maxdd": 0.002818707343802603, "tpm": 8.729628902415078, "sl_hits": 0, "worst_mae": -0.1827640910787609, "win": 0.9794871794871794, "score": 0.13821099106464946}, "oos": {"n": 5, "months": 0.920984100877193, "eq": 1081.4233983957083, "growth": 0.08499401324106218, "liq": false, "maxdd": 5.5985685289936004e-05, "tpm": 5.428975370191234, "sl_hits": 0, "worst_mae": -0.049842271293375484, "win": 0.8, "score": 0.08499401324106218}, "elapsed": 0.9491558074951172}