{"job": {"strategy": "v6", "mode": "lev", "method": "volume3", "window": "all", "fold_idx": 14, "n_samples": 350, "seed": 374853}, "status": "ok", "n_feasible": 9, "cand": {"strategy": "v6", "tv": 0, "zL": [-1.168993215739091, -1.0497185366510546, -1.3831638746686927], "zS": [1.3019980637925652, 1.2796333846205907, 1.7213840499326023], "zXS": [2.541238932103187, 3.0, 2.1986109357360686], "zXLmax": [-99.0, -99.0, -99.0], "ptScale": [1.6549368232283623, 2.0627240822827893, 1.7605270311349297], "eS3": [1.0, 1.0, 1.0], "eXS": [1.0, 0.0, 1.0], "lev": [2.771059540271667, 2.3590449358308287, 1.8139439488626292], "sl": 0.0}, "train": {"n": 153, "months": 18.653645833333336, "eq": 12851.396095612283, "growth": 0.136887580788617, "liq": false, "maxdd": 0.0037962390416086326, "tpm": 8.20214993717716, "sl_hits": 0, "worst_mae": -0.5260642491131258, "win": 0.9803921568627451, "score": 0.1615883790840421}, "oos": {"n": 9, "months": 0.920984100877193, "eq": 1201.2286239627765, "growth": 0.1990749744119736, "liq": false, "maxdd": 0.0, "tpm": 9.772155666344222, "sl_hits": 0, "worst_mae": -0.057170542635658905, "win": 1.0, "score": 0.1990749744119736}, "elapsed": 0.985152006149292}