{"job": {"strategy": "v6", "mode": "lev", "method": "volume3", "window": "all", "fold_idx": 13, "n_samples": 350, "seed": 374853}, "status": "ok", "n_feasible": 11, "cand": {"strategy": "v6", "tv": 0, "zL": [-2.0205076588807698, -1.7506819837886833, -2.4727333161220675], "zS": [2.5291056400955023, 2.12276585716441, 1.7216942819311032], "zXS": [2.320503195395303, 1.9773013718161399, 1.4189248774485137], "zXLmax": [-99.0, -99.0, -99.0], "ptScale": [0.960842315955219, 0.9662213193838981, 0.9845401514430142], "eS3": [1.0, 0.0, 1.0], "eXS": [1.0, 0.0, 0.0], "lev": [6.412691215669683, 4.3125362335572115, 6.86337073555387], "sl": 0.0}, "train": {"n": 151, "months": 17.73266173245614, "eq": 53497.42453058778, "growth": 0.22442392310704806, "liq": false, "maxdd": 0.0045275852872885426, "tpm": 8.515360089660103, "sl_hits": 0, "worst_mae": -0.09656968743856886, "win": 0.9801324503311258, "score": 0.16728849092734885}, "oos": {"n": 1, "months": 0.920984100877193, "eq": 1032.2415199233606, "growth": 0.03445517743647155, "liq": false, "maxdd": 0.0, "tpm": 1.085795074038247, "sl_hits": 0, "worst_mae": -0.00839421731695944, "win": 1.0, "score": 0.03445517743647155}, "elapsed": 0.9893300533294678}