{"job": {"strategy": "v6", "mode": "lev", "method": "volume3", "window": "all", "fold_idx": 10, "n_samples": 350, "seed": 374853}, "status": "ok", "n_feasible": 10, "cand": {"strategy": "v6", "tv": 1, "zL": [-1.2368154904438218, -1.5702293644369385, -1.9805918206399797], "zS": [2.4118468366052097, 2.6, 2.6], "zXS": [1.100795560289265, 1.1, 1.1581542536980003], "zXLmax": [-99.0, -99.0, -99.0], "ptScale": [0.548633332123106, 0.8342183619494421, 0.841467028393662], "eS3": [1.0, 0.0, 1.0], "eXS": [0.0, 0.0, 0.0], "lev": [6.994997861940434, 7.100838134687361, 6.952042334017735], "sl": 0.0}, "train": {"n": 155, "months": 15.185238486842106, "eq": 62237.4530197465, "growth": 0.2720376740011699, "liq": false, "maxdd": 0.0, "tpm": 10.207281244499804, "sl_hits": 0, "worst_mae": -0.12355164508333849, "win": 1.0, "score": 0.21090576665765973}, "oos": {"n": 11, "months": 0.8395696271929824, "eq": 1208.6194648907256, "growth": 0.2256855941417757, "liq": false, "maxdd": 0.0, "tpm": 13.101950861154192, "sl_hits": 0, "worst_mae": -0.06465254340666049, "win": 1.0, "score": 0.2256855941417757}, "elapsed": 1.929288625717163}