{"job": {"strategy": "v6", "mode": "lev", "method": "volume3", "window": "all", "fold_idx": 2, "n_samples": 500, "seed": 345201}, "status": "ok", "n_feasible": 33, "cand": {"strategy": "v6", "tv": 0, "zL": [-1.720230245018441, -1.5732682651611132, -1.302570255669627], "zS": [1.3707683324900155, 1.735206922135896, 1.8512272335830233], "zXS": [2.25971010677055, 2.440102654742635, 2.7214807227290327], "zXLmax": [-0.172020507409188, -0.09822247343123819, -0.09386317813187428], "ptScale": [1.115790118345736, 1.8359283690473358, 1.7207993401057307], "eS3": [0.0, 1.0, 1.0], "eXS": [0.0, 0.0, 0.0], "lev": [9.711364285061324, 10.0, 10.0], "sl": 0.0}, "train": {"n": 96, "months": 7.8671875, "eq": 925882.1401358135, "growth": 0.8682578047204981, "liq": false, "maxdd": 0.0, "tpm": 12.2025819265144, "sl_hits": 0, "worst_mae": -0.08164533243920236, "win": 1.0, "score": 0.5778684446215125}, "oos": {"n": 4, "months": 0.9100877192982456, "eq": 0.0, "growth": -30.360832840634743, "liq": true, "maxdd": 1.0, "tpm": 4.395180722891566, "sl_hits": 0, "worst_mae": -0.092, "win": 0.75, "score": -30.360832840634743}, "elapsed": 1.0377507209777832}