{"job": {"strategy": "v6", "mode": "lev", "method": "volume3", "window": "all", "fold_idx": 0, "n_samples": 500, "seed": 345201}, "status": "ok", "n_feasible": 38, "cand": {"strategy": "v6", "tv": 1, "zL": [-1.3391, -1.6219, -1.3537], "zS": [2.1127, 2.1487, 2.349], "zXS": [1.9675, 2.3124, 2.2487], "zXLmax": [-40.2989, -40.2642, -40.29], "ptScale": [0.973, 0.8988, 0.9527], "eS3": [1.0, 1.0, 1.0], "eXS": [1.0, 0.0, 1.0], "lev": [8.9944, 8.2181, 8.0913], "sl": 0.0}, "train": {"n": 99, "months": 6.024328399122807, "eq": 33788.54771896346, "growth": 0.5843177341900343, "liq": false, "maxdd": 0.006350362388957701, "tpm": 16.43336708111982, "sl_hits": 0, "worst_mae": -0.08164533243920236, "win": 0.9595959595959596, "score": 0.4268932729389942}, "oos": {"n": 11, "months": 0.9209155701754386, "eq": 1368.2389721632928, "growth": 0.34044868102127784, "liq": false, "maxdd": 0.0, "tpm": 11.944634618246763, "sl_hits": 0, "worst_mae": -0.01702474377117369, "win": 1.0, "score": 0.34044868102127784}, "elapsed": 1.017714262008667}