{"job": {"strategy": "v6", "mode": "lev", "method": "volume3", "window": "all", "fold_idx": 3, "n_samples": 500, "seed": 345201}, "status": "ok", "n_feasible": 22, "cand": {"strategy": "v6", "tv": 1, "zL": [-1.4261170219755281, -0.9734043017289659, -0.9], "zS": [2.6, 2.3246900703899436, 2.433086212936146], "zXS": [2.1179151357705774, 1.3260912458869079, 2.1008836325233426], "zXLmax": [-0.7826213179568047, -0.8494509033497747, -0.7976438049597981], "ptScale": [0.7432733486337699, 0.5, 0.5], "eS3": [1.0, 1.0, 1.0], "eXS": [1.0, 0.0, 1.0], "lev": [8.516468301355152, 9.272691795516444, 5.407156344628251], "sl": 0.0}, "train": {"n": 187, "months": 8.777275219298247, "eq": 68726.4679692802, "growth": 0.4819416377158013, "liq": false, "maxdd": 0.006012925819140391, "tpm": 21.305017255110165, "sl_hits": 0, "worst_mae": -0.09656968743856886, "win": 0.9786096256684492, "score": 0.32682789925643135}, "oos": {"n": 13, "months": 0.9172149122807017, "eq": 0.0, "growth": -30.124914832907155, "liq": true, "maxdd": 1.0, "tpm": 14.173341303048417, "sl_hits": 0, "worst_mae": -0.1769400935102333, "win": 0.9230769230769231, "score": -30.124914832907155}, "elapsed": 1.0243549346923828}