{"job": {"strategy": "v6", "mode": "lev", "method": "volume3", "window": "all", "fold_idx": 20, "n_samples": 350, "seed": 374853}, "status": "ok", "n_feasible": 10, "cand": {"strategy": "v6", "tv": 0, "zL": [-0.9008636628403073, -0.9, -0.9826295705730306], "zS": [1.8947381247448274, 2.2543686262769964, 1.8574960069014186], "zXS": [1.8740630933034563, 1.1, 2.091153626065562], "zXLmax": [-1.626247592990863, -0.8245998385430221, -1.5892265184372878], "ptScale": [2.204166779837298, 2.241278541516269, 1.4318535901499152], "eS3": [1.0, 1.0, 1.0], "eXS": [0.0, 0.0, 1.0], "lev": [1.5908687098386016, 1.2, 1.2], "sl": 0.0}, "train": {"n": 150, "months": 24.179481907894736, "eq": 5257.634748210149, "growth": 0.06864006699152043, "liq": false, "maxdd": 0.000752825880661484, "tpm": 6.203606866821417, "sl_hits": 0, "worst_mae": -0.5267637508609662, "win": 0.9933333333333333, "score": 0.11469344969749563}, "oos": null, "elapsed": 0.9593486785888672}