{"job": {"strategy": "v6", "mode": "lev", "method": "volume3", "window": "all", "fold_idx": 6, "n_samples": 500, "seed": 345201}, "status": "ok", "n_feasible": 9, "cand": {"strategy": "v6", "tv": 1, "zL": [-2.418119965152493, -1.8813259099981552, -2.6], "zS": [1.9627474249159373, 2.6, 2.3994649100991734], "zXS": [2.9297434579191153, 2.599517624299693, 2.394330953149772], "zXLmax": [-0.6114452051837658, -0.7307467618257089, -0.7156173255889973], "ptScale": [1.4317248420127022, 1.735984994600239, 2.2229052102599196], "eS3": [0.0, 1.0, 1.0], "eXS": [1.0, 0.0, 1.0], "lev": [5.827065401672074, 8.994549939352911, 7.179450011331481], "sl": 0.0}, "train": {"n": 86, "months": 11.518571820175438, "eq": 71966.32946639977, "growth": 0.37124379915272243, "liq": false, "maxdd": 0.00450406314787187, "tpm": 7.466203392452359, "sl_hits": 0, "worst_mae": -0.09656968743856886, "win": 0.9534883720930233, "score": 0.2860485327677212}, "oos": {"n": 7, "months": 0.9139939692982456, "eq": 1320.8579205470735, "growth": 0.30446750704594283, "liq": false, "maxdd": 0.0, "tpm": 7.658693859188723, "sl_hits": 0, "worst_mae": -0.05756034074775196, "win": 1.0, "score": 0.30446750704594283}, "elapsed": 1.0424444675445557}