{"job": {"strategy": "v6", "mode": "lev", "method": "volume3", "window": "all", "fold_idx": 16, "n_samples": 350, "seed": 374853}, "status": "ok", "n_feasible": 8, "cand": {"strategy": "v6", "tv": 0, "zL": [-0.9, -1.2372550528957746, -0.9], "zS": [2.6, 2.6, 2.6], "zXS": [2.7348410878323404, 1.6502600701563608, 2.6167287596076427], "zXLmax": [-99.0, -99.0, -99.0], "ptScale": [1.9831308386965976, 1.269366201503321, 1.657126037477814], "eS3": [1.0, 1.0, 1.0], "eXS": [1.0, 1.0, 1.0], "lev": [2.5963928060372927, 1.990930033853308, 1.615260279964575], "sl": 0.0}, "train": {"n": 227, "months": 20.495682565789473, "eq": 25769.63223210317, "growth": 0.15853079022710082, "liq": false, "maxdd": 0.0013033044137475067, "tpm": 11.07550330521311, "sl_hits": 0, "worst_mae": -0.5267637508609662, "win": 0.9823788546255506, "score": 0.15035204648172246}, "oos": {"n": 16, "months": 0.9210526315789473, "eq": 1232.0850233173358, "growth": 0.2265971216055233, "liq": false, "maxdd": 0.0, "tpm": 17.37142857142857, "sl_hits": 0, "worst_mae": -0.09907195371821143, "win": 1.0, "score": 0.2265971216055233}, "elapsed": 0.9409184455871582}