{
 "cand": {
  "strategy": "v7",
  "mode": "lev",
  "regs": [
   {
    "xMinBetween": 22.881706913300786,
    "xTpLong": 0.011001326815887164,
    "slLong": 0.0900682852468316,
    "zL": -2.3370607272090886,
    "apt1Short": 0.010044606648578404,
    "requireHistPos": 1.0,
    "dur2Long": 214.62748297448513,
    "cdPeriodShort": 220.69949636801985,
    "ptLong": 0.02,
    "apt2Long": 0.005545576204692533,
    "dur1Short": 82.52320545592609,
    "rsiValShort": 83.76245674267273,
    "xDur1Long": 161.64948487828818,
    "xApt1Short": 0.006052360382259246,
    "vX": 0.0,
    "vEmaDn": 3.0,
    "cdPeriodLong": 50.933628141399936,
    "xTpShort": 0.010509082127290957,
    "eXS": 1.0,
    "vEmaUp": 4.0,
    "slShort": 0.10854304792339883,
    "dur1Long": 46.375031114788754,
    "vBB": 0.0,
    "trendBlockZ": 3.0,
    "xCdPctShort": 0.0024798858743212506,
    "leverage": 8.0,
    "vHistN": 3.0,
    "apt2Short": 0.0015165523305862441,
    "bbValShort": 0.9485275330103654,
    "bbValLong": 0.2502958461169826,
    "xApt1Long": 0.005727684265211225,
    "zXLmax": 0.0022663311762547433,
    "eL3": 1.0,
    "xApt2Long": 0.009634405201165267,
    "xDur1Short": 117.12821089192298,
    "vRsi": 1.0,
    "zXS": 1.9460196996714743,
    "xCdPeriodShort": 85.91876076939892,
    "eS3": 1.0,
    "zS": 1.9383473268999236,
    "cdPctLong": 0.008956657369794823,
    "xDur2Long": 585.8102718462662,
    "eXL": 1.0,
    "cdPctShort": 0.0083049094008312,
    "dur2Short": 288.14773760357383,
    "xDur2Short": 379.4679340651393,
    "xApt2Short": 0.0,
    "rsiValLong": 69.68207689168193,
    "ptShort": 0.018455332520728705,
    "vMacd": 0.0,
    "apt1Long": 0.007015869670194
   },
   {
    "xMinBetween": 29.141540526011514,
    "xTpLong": 0.01966558125279381,
    "slLong": 0.0661908343722092,
    "zL": -1.897054379727866,
    "apt1Short": 0.003958882930438877,
    "requireHistPos": 1.0,
    "dur2Long": 274.3690503176248,
    "cdPeriodShort": 45.074547075045466,
    "ptLong": 0.0037126912937846283,
    "apt2Long": 0.002660578785801411,
    "dur1Short": 0.6,
    "rsiValShort": 90.0,
    "xDur1Long": 221.30280534781954,
    "xApt1Short": 0.006390199585774023,
    "vX": 2.0,
    "vEmaDn": 4.0,
    "cdPeriodLong": 55.74886238799509,
    "xTpShort": 0.012268328495400214,
    "eXS": 1.0,
    "vEmaUp": 3.0,
    "slShort": 0.04660044143999126,
    "dur1Long": 50.98167559437783,
    "vBB": 3.0,
    "trendBlockZ": 99.0,
    "xCdPctShort": 0.0002,
    "leverage": 5.0,
    "vHistN": 2.0,
    "apt2Short": 0.0017932254676207083,
    "bbValShort": 1.2143094561483079,
    "bbValLong": -0.31423923138479726,
    "xApt1Long": 0.014946953007262564,
    "zXLmax": -1.2206214547760927,
    "eL3": 1.0,
    "xApt2Long": 0.0,
    "xDur1Short": 10.0,
    "vRsi": 2.0,
    "zXS": 1.6720387068709608,
    "xCdPeriodShort": 104.19931844683173,
    "eS3": 1.0,
    "zS": 1.2444883221148881,
    "cdPctLong": 0.0045656234296231005,
    "xDur2Long": 451.29113926505215,
    "eXL": 1.0,
    "cdPctShort": 0.0014700922590740108,
    "dur2Short": 88.28484597649518,
    "xDur2Short": 676.0117926170677,
    "xApt2Short": 0.009575728063655264,
    "rsiValLong": 85.0,
    "ptShort": 0.006633485296192801,
    "vMacd": 1.0,
    "apt1Long": 0.004074563009054144
   },
   {
    "xMinBetween": 1.0,
    "xTpLong": 0.013762136408665925,
    "slLong": 0.12,
    "zL": -1.209370623998647,
    "apt1Short": 0.0166439874487849,
    "requireHistPos": 1.0,
    "dur2Long": 36.02939463556082,
    "cdPeriodShort": 40.88259414066101,
    "ptLong": 0.009247863111948902,
    "apt2Long": 0.004486222684337581,
    "dur1Short": 62.559328470120924,
    "rsiValShort": 84.27751649090901,
    "xDur1Long": 174.41714257565044,
    "xApt1Short": 0.014428004963177955,
    "vX": 4.0,
    "vEmaDn": 4.0,
    "cdPeriodLong": 151.70595258542792,
    "xTpShort": 0.007563531717758883,
    "eXS": 0.0,
    "vEmaUp": 4.0,
    "slShort": 0.0600284160143088,
    "dur1Long": 32.10039465541998,
    "vBB": 2.0,
    "trendBlockZ": 99.0,
    "xCdPctShort": 0.007567349058699694,
    "leverage": 8.0,
    "vHistN": 2.0,
    "apt2Short": 0.0032047604108693313,
    "bbValShort": 0.9426396997014014,
    "bbValLong": -0.015951927425748285,
    "xApt1Long": 0.00774650960628397,
    "zXLmax": -2.0369531030649366,
    "eL3": 1.0,
    "xApt2Long": 0.0003054951655324103,
    "xDur1Short": 53.6395083725475,
    "vRsi": 2.0,
    "zXS": 1.0,
    "xCdPeriodShort": 90.59043610035988,
    "eS3": 1.0,
    "zS": 2.060098496346585,
    "cdPctLong": 0.011897621233746764,
    "xDur2Long": 359.66953286385586,
    "eXL": 1.0,
    "cdPctShort": 0.009799352412689432,
    "dur2Short": 145.385905095648,
    "xDur2Short": 319.34555995323257,
    "xApt2Short": 0.009417044929093813,
    "rsiValLong": 50.903927085687826,
    "ptShort": 0.013229695946488526,
    "vMacd": 1.0,
    "apt1Long": 0.0013378199271284709
   }
  ]
 },
 "metrics": {
  "n": 318,
  "months": 14.81640625,
  "eq": 93503481706.27217,
  "growth": 1.2387288065259316,
  "liq": false,
  "maxdd": 0.5699467898712065,
  "tpm": 21.462694437121012,
  "sl_hits": 0,
  "worst_mae": -0.06976744186046502,
  "win": 0.9874213836477987,
  "max_hold_days": 4.2,
  "in_market": 0.14850070073681435,
  "score": 1.0363751368600718
 },
 "strategy": "v7",
 "mode": "lev",
 "method": "vol3_7d",
 "algo": "genetic",
 "per_regime": true,
 "train_end": "2025-09-01",
 "holdout_days": null,
 "max_dd": null,
 "max_hold_days": 5.0,
 "gap_mode": "skip_contaminated",
 "scoring": "underwater",
 "anchor": null,
 "anchor_strength": 0.0,
 "evaluated": 100800,
 "generated": "2026-07-20 15:22",
 "holdout": {
  "n": 27,
  "months": 2.1842105263157894,
  "eq": 0.0,
  "growth": -12.650347016931143,
  "liq": true,
  "maxdd": 1.0,
  "tpm": 12.361445783132531,
  "sl_hits": 0,
  "worst_mae": -0.11699999999999999,
  "win": 0.9629629629629629,
  "max_hold_days": 28.416666666666668,
  "in_market": 0.5643511546184738,
  "score": -12.93252259424038
 },
 "holdout_scan": {
  "scanned": 587,
  "pool": 587,
  "reservoir": 287,
  "survivors": 0
 },
 "holdout_survivors": [],
 "holdout_top10": [
  {
   "rank": 1,
   "train_score": 1.0363751368600718,
   "holdout": {
    "n": 27,
    "months": 2.1842105263157894,
    "eq": 0.0,
    "growth": -12.650347016931143,
    "liq": true,
    "maxdd": 1.0,
    "tpm": 12.361445783132531,
    "sl_hits": 0,
    "worst_mae": -0.11699999999999999,
    "win": 0.9629629629629629,
    "max_hold_days": 28.416666666666668,
    "in_market": 0.5643511546184738,
    "score": -12.93252259424038
   }
  },
  {
   "rank": 2,
   "train_score": 1.0314348536638906,
   "holdout": {
    "n": 26,
    "months": 2.1842105263157894,
    "eq": 0.0,
    "growth": -12.650347016931143,
    "liq": true,
    "maxdd": 1.0,
    "tpm": 11.903614457831326,
    "sl_hits": 0,
    "worst_mae": -0.11699999999999999,
    "win": 0.9230769230769231,
    "max_hold_days": 30.035416666666666,
    "in_market": 0.5847138554216867,
    "score": -12.942703944641986
   }
  },
  {
   "rank": 3,
   "train_score": 1.0253211361920664,
   "holdout": {
    "n": 26,
    "months": 2.1842105263157894,
    "eq": 0.0,
    "growth": -12.650347016931143,
    "liq": true,
    "maxdd": 1.0,
    "tpm": 11.903614457831326,
    "sl_hits": 0,
    "worst_mae": -0.11699999999999999,
    "win": 0.9230769230769231,
    "max_hold_days": 28.416666666666668,
    "in_market": 0.5583270582329317,
    "score": -12.92951054604761
   }
  },
  {
   "rank": 4,
   "train_score": 1.0226244978036558,
   "holdout": {
    "n": 27,
    "months": 2.1842105263157894,
    "eq": 0.0,
    "growth": -12.650347016931143,
    "liq": true,
    "maxdd": 1.0,
    "tpm": 12.361445783132531,
    "sl_hits": 0,
    "worst_mae": -0.11699999999999999,
    "win": 0.9259259259259259,
    "max_hold_days": 28.416666666666668,
    "in_market": 0.5657003012048193,
    "score": -12.933197167533553
   }
  },
  {
   "rank": 5,
   "train_score": 1.0054828431961642,
   "holdout": {
    "n": 29,
    "months": 2.1842105263157894,
    "eq": 0.0,
    "growth": -12.650347016931143,