{
 "cand": {
  "strategy": "scalpx2",
  "tpL": [
   0.014525552242043445,
   0.018542884758741867,
   0.02
  ],
  "tpS": [
   0.02,
   0.02,
   0.02
  ],
  "rsiOB": [
   77.3504282614368,
   70.1847116805676,
   74.0870013123584
  ],
  "rsiOS": [
   32.43368869730493,
   15.0,
   21.642183236062607
  ],
  "useCvd": [
   1.0,
   1.0,
   1.0
  ],
  "useEma": [
   1.0,
   1.0,
   1.0
  ],
  "eL": [
   1.0,
   0.0,
   1.0
  ],
  "eS": [
   1.0,
   1.0,
   1.0
  ],
  "lev": [
   4.0,
   4.0,
   1.0
  ],
  "sl": 0.05,
  "slOn": 0.0,
  "vR": [
   0.0,
   0.0,
   0.0
  ],
  "vC": [
   1.0,
   2.0,
   1.0
  ],
  "vP": [
   1.0,
   2.0,
   0.0
  ],
  "vE": [
   2.0,
   2.0,
   1.0
  ]
 },
 "metrics": {
  "n": 42,
  "months": 12.623766447368421,
  "eq": 11686.97091147915,
  "growth": 0.19474969172109033,
  "liq": false,
  "maxdd": 0.2271021182967341,
  "tpm": 3.327057750561871,
  "sl_hits": 0,
  "worst_mae": -0.05498396579369336,
  "win": 1.0,
  "max_hold_days": 4.98125,
  "in_market": 0.0962780799756794,
  "score": 0.1370204468710696
 },
 "strategy": "scalpx2",
 "mode": "lev",
 "method": "vol3",
 "algo": "genetic",
 "per_regime": true,
 "train_end": null,
 "holdout_days": 21.0,
 "max_dd": 0.4,
 "max_hold_days": 5.0,
 "gap_mode": "skip_contaminated",
 "scoring": "classic",
 "anchor": null,
 "anchor_strength": 0.0,
 "evaluated": 151200,
 "generated": "2026-07-21 00:26",
 "holdout": {
  "n": 31,
  "months": 9.879591557017543,
  "eq": 0.0,
  "growth": -2.7967776761279204,
  "liq": true,
  "maxdd": 1.0,
  "tpm": 3.137781538952436,
  "sl_hits": 0,
  "worst_mae": -0.24638185360423037,
  "win": 0.967741935483871,
  "max_hold_days": 16.627083333333335,
  "in_market": 0.2497103972586586,
  "score": -3.563951634390583
 },
 "holdout_scan": {
  "scanned": 367,
  "pool": 597,
  "reservoir": 297,
  "survivors": 0
 },
 "holdout_survivors": [],
 "holdout_top10": [
  {
   "rank": 328,
   "train_score": 0.10791978289202615,
   "holdout": {
    "n": 28,
    "months": 11.983209978070173,
    "eq": 5389.644535085012,
    "growth": 0.14056996721788506,
    "liq": false,
    "maxdd": 0.7578504370346391,
    "tpm": 2.3366026341223507,
    "sl_hits": 0,
    "worst_mae": -0.19492802142618015,
    "win": 1.0,
    "max_hold_days": 15.308333333333334,
    "in_market": 0.15109316649414672,
    "score": 0.08569877068949153
   }
  },
  {
   "rank": 338,
   "train_score": 0.1054755154025985,
   "holdout": {
    "n": 30,
    "months": 11.983209978070173,
    "eq": 5201.849249740008,
    "growth": 0.13761038906399792,
    "liq": false,
    "maxdd": 0.757850437034639,
    "tpm": 2.503502822273947,
    "sl_hits": 0,
    "worst_mae": -0.19492802142618015,
    "win": 1.0,
    "max_hold_days": 16.627083333333335,
    "in_market": 0.2272345146661024,
    "score": 0.08434600020938288
   }
  },
  {
   "rank": 364,
   "train_score": 0.10748770809043742,
   "holdout": {
    "n": 25,
    "months": 11.983209978070173,
    "eq": 4569.0102624830215,
    "growth": 0.12678544492422336,
    "liq": false,
    "maxdd": 0.757850437034639,
    "tpm": 2.086252351894956,
    "sl_hits": 0,
    "worst_mae": -0.19492802142618015,
    "win": 1.0,
    "max_hold_days": 15.308333333333334,
    "in_market": 0.140107172064349,
    "score": 0.0827400120027559
   }
  },
  {
   "rank": 339,
   "train_score": 0.09572622817940388,
   "holdout": {
    "n": 26,
    "months": 11.983209978070173,
    "eq": 4030.282953399071,
    "growth": 0.11631579416585396,
    "liq": false,
    "maxdd": 0.757850437034639,
    "tpm": 2.169702445970754,
    "sl_hits": 0,
    "worst_mae": -0.19492802142618015,
    "win": 1.0,
    "max_hold_days": 16.627083333333335,
    "in_market": 0.17813209500225896,
    "score": 0.07365677201024713
   }
  },
  {
   "rank": 354,
   "train_score": 0.11506766368079363,
   "holdout": {
    "n": 21,
    "months": 11.983209978070173,
    "eq": 3760.02923107343,
    "growth": 0.11052353534795793,
    "liq": false,
    "maxdd": 0.21489475880985023,
    "tpm": 1.752451975591763,
    "sl_hits": 0,
    "worst_mae": -0.055041490060294906,
    "win": 1.0,
    "max_hold_days": 15.308333333333334,
    "in_market": 0.11799221086704144,
    "score": 0.07524719474424321
   }
  },
  {
   "rank": 320,
   "train_score": 0.08392033156354547,
   "holdout": {
    "n": 15,
    "months": 11.983209978070173,
    "eq": 2665.1503534181356,
    "growth": 0.08180282875900759,
    "liq": false,
    "maxdd": 0.5546355368535361,
    "tpm": 1.2517514111369734,
    "sl_hits": 0,
    "worst_mae": -0.14295439074200134,
    "win": 1.0,
    "max_hold_days": 16.627083333333335,
    "in_market": 0.15137911116957092,
    "score": 0.06959364424583077
   }
  },
  {
   "rank": 357,
   "train_score": 0.07200787843462272,
   "holdout": {
    "n": 18,
    "months": 11.983209978070173,
    "eq": 2560.520816730835,
    "growth": 0.078460669850203,
    "liq": false,
    "maxdd": 0.5546355368535361,
    "tpm": 1.5021016933643683,
    "sl_hits": 0,
    "worst_mae": -0.21675759302988362,
    "win": 1.0,
    "max_hold_days": 16.627083333333335,
    "in_market": 0.1985027936794789,
    "score": 0.06657083087907309
   }
  },
  {
   "rank": 367,
   "train_score": 0.08819325963986235,
   "holdout": {
    "n": 14,
    "months": 11.983209978070173,
    "eq": 2248.1096119523772,
    "growth": 0.06760206089107341,
    "liq": false,
    "maxdd": 0.5546355368535361,
    "tpm": 1.1683013170611753,
    "sl_hits": 0,
    "worst_mae": -0.14295439074200134,
    "win": 1.0,
    "max_hold_days": 16.627083333333335,
    "in_market": 0.16710606831790184,
    "score": 0.062039939713371434
   }
  },
  {
   "rank": 313,
   "train_score": 0.07697555655259501,
   "holdout": {
    "n": 14,
    "months": 11.983209978070173,
    "eq": 2161.7475066005295,
    "growth": 0.06433308995264422,
    "liq": false,
    "maxdd": 0.4162874414181892,
    "tpm": 1.1683013170611753,
    "sl_hits": 0,
    "worst_mae": -0.21675759302988362,
    "win": 1.0,
    "max_hold_days": 16.627083333333335,
    "in_market": 0.19531736999525331,
    "score": 0.06755169434797641
   }
  },
  {
   "rank": 353,
   "train_score": 0.014701065480495724,
   "holdout": {
    "n": 48,
    "months": 11.983209978070173,
    "eq": 1362.8904061473424,
    "growth": 0.025836795291076724,
    "liq": false,
    "maxdd": 0.42035184579463936,
    "tpm": 4.005604515638315,
    "sl_hits": 0,
    "worst_mae": -0.21675759302988362,
    "win": 1.0,
    "max_hold_days": 7.077083333333333,
    "in_market": 0.0620385567800342,
    "score": 0.014989454811361637
   }
  }
 ]
}