{
 "cand": {
  "strategy": "v7",
  "mode": "lev",
  "regs": [
   {
    "xApt1Short": 0.014982333903384812,
    "vEmaDn": 4.0,
    "leverage": 7.0,
    "zXLmax": -1.724875931586604,
    "rsiValShort": 50.2366815451055,
    "eL3": 1.0,
    "xMinBetween": 5.5420774896761715,
    "zXS": 2.7393627900807167,
    "eS3": 1.0,
    "xTpShort": 0.012335348548959716,
    "zL": -1.862888188893319,
    "eXL": 1.0,
    "apt2Long": 0.001983331441877603,
    "ptLong": 0.029921662943035648,
    "dur1Long": 52.83858208977245,
    "xApt2Short": 0.008209624253583842,
    "vX": 4.0,
    "eXS": 1.0,
    "dur2Short": 100.32162140908136,
    "cdPeriodLong": 216.02224819054598,
    "vEmaUp": 2.0,
    "vHistN": 2.0,
    "slLong": 0.06925913599296574,
    "bbValLong": -0.25504315001400507,
    "cdPctShort": 0.010779565014792325,
    "xDur1Short": 57.92690257340361,
    "apt1Long": 0.012493530434138965,
    "xDur2Short": 644.3647291799095,
    "xApt2Long": 0.0070804003202137615,
    "xCdPctShort": 0.006734705877883266,
    "cdPeriodShort": 116.78801936983156,
    "xDur1Long": 102.3867933689685,
    "zS": 2.2120861277728583,
    "vRsi": 0.0,
    "ptShort": 0.006813866796153855,
    "xDur2Long": 488.9727679571146,
    "trendBlockZ": 2.0,
    "bbValShort": 0.7683240666125793,
    "dur1Short": 5.860971096740327,
    "vMacd": 0.0,
    "vBB": 1.0,
    "xCdPeriodShort": 4.92773465612448,
    "xApt1Long": 0.015,
    "rsiValLong": 73.9032436266721,
    "apt1Short": 0.008945802779868145,
    "apt2Short": 0.007130796923400092,
    "requireHistPos": 1.0,
    "slShort": 0.05524730826188561,
    "xTpLong": 0.014348671788649016,
    "cdPctLong": 0.008638588853183986,
    "dur2Long": 10.0
   },
   {
    "xApt1Short": 0.004963268829144516,
    "vEmaDn": 3.0,
    "leverage": 6.0,
    "zXLmax": -0.9654915484929698,
    "rsiValShort": 83.48787406933404,
    "eL3": 0.0,
    "xMinBetween": 30.0,
    "zXS": 2.630247937100386,
    "eS3": 1.0,
    "xTpShort": 0.008810193626144274,
    "zL": -1.5096244515229975,
    "eXL": 1.0,
    "apt2Long": 0.0026233573271095254,
    "ptLong": 0.004902235761486567,
    "dur1Long": 83.58049810222943,
    "xApt2Short": 0.0014354483958948575,
    "vX": 0.0,
    "eXS": 1.0,
    "dur2Short": 40.23391974565285,
    "cdPeriodLong": 202.08368465192675,
    "vEmaUp": 4.0,
    "vHistN": 3.0,
    "slLong": 0.110094321125318,
    "bbValLong": -0.35,
    "cdPctShort": 0.009256453939160927,
    "xDur1Short": 76.11926014894935,
    "apt1Long": 0.0021498479928078345,
    "xDur2Short": 93.41205911821896,
    "xApt2Long": 0.0024793120602286433,
    "xCdPctShort": 0.0005315451987592359,
    "cdPeriodShort": 126.76968146730393,
    "xDur1Long": 121.95294364243965,
    "zS": 1.8343924599291155,
    "vRsi": 1.0,
    "ptShort": 0.01944687495342696,
    "xDur2Long": 439.558449584746,
    "trendBlockZ": 1.0,
    "bbValShort": 0.9825585312541981,
    "dur1Short": 40.752722206139794,
    "vMacd": 1.0,
    "vBB": 0.0,
    "xCdPeriodShort": 92.00210240518693,
    "xApt1Long": 0.0015399464077324554,
    "rsiValLong": 64.43170031060228,
    "apt1Short": 0.005538281056604229,
    "apt2Short": 0.014220984523647196,
    "requireHistPos": 0.0,
    "slShort": 0.07789847765659748,
    "xTpLong": 0.01955798422556832,
    "cdPctLong": 0.009517667177911178,
    "dur2Long": 186.98857205912492
   },
   {
    "xApt1Short": 0.007524715501982041,
    "vEmaDn": 2.0,
    "leverage": 7.0,
    "zXLmax": 0.24264924512886826,
    "rsiValShort": 67.735055462028,
    "eL3": 1.0,
    "xMinBetween": 30.0,
    "zXS": 2.939670097259095,
    "eS3": 1.0,
    "xTpShort": 0.0021660862586925125,
    "zL": -1.58306112770626,
    "eXL": 1.0,
    "apt2Long": 0.003716360153802381,
    "ptLong": 0.014159236779115743,
    "dur1Long": 81.90247947002331,
    "xApt2Short": 0.006101893276021203,
    "vX": 1.0,
    "eXS": 0.0,
    "dur2Short": 82.93041590367413,
    "cdPeriodLong": 229.28621250402176,
    "vEmaUp": 4.0,
    "vHistN": 3.0,
    "slLong": 0.09299444047825198,
    "bbValLong": -0.054218707987553495,
    "cdPctShort": 0.008736425140680439,
    "xDur1Short": 229.57984607356065,
    "apt1Long": 0.008058260468743634,
    "xDur2Short": 644.1979501612384,
    "xApt2Long": 0.00503552985598249,
    "xCdPctShort": 0.002272748107748686,
    "cdPeriodShort": 94.69436327976914,
    "xDur1Long": 44.74434435766309,
    "zS": 1.0156863593575225,
    "vRsi": 4.0,
    "ptShort": 0.029998507843947034,
    "xDur2Long": 68.65857854621142,
    "trendBlockZ": 2.0,
    "bbValShort": 0.6536098778880506,
    "dur1Short": 84.31110446588568,
    "vMacd": 0.0,
    "vBB": 0.0,
    "xCdPeriodShort": 5.130900889713439,
    "xApt1Long": 0.0028433606635817985,
    "rsiValLong": 70.66431295340475,
    "apt1Short": 0.015698898104170644,
    "apt2Short": 0.013204449118460018,
    "requireHistPos": 1.0,
    "slShort": 0.07115490713479171,
    "xTpLong": 0.016491761451798793,
    "cdPctLong": 0.009966316939429969,
    "dur2Long": 107.79618756132035
   }
  ]
 },
 "metrics": {
  "n": 245,
  "months": 13.47046326754386,
  "eq": 226511953068.9265,
  "growth": 1.428184606002343,
  "liq": false,
  "maxdd": 0.5565449688334821,
  "tpm": 18.187941656788478,
  "sl_hits": 0,
  "worst_mae": -0.08017964467340355,
  "win": 1.0,
  "max_hold_days": 4.641666666666667,
  "in_market": 0.2611759199434272,
  "score": 1.3088659330219385
 },
 "strategy": "v7",
 "mode": "lev",
 "method": "vol3",
 "algo": "refine",
 "per_regime": true,
 "train_end": "2026-03-01",
 "holdout_days": null,
 "max_dd": null,
 "max_hold_days": 5.0,
 "gap_mode": "skip_contaminated",
 "scoring": "classic",
 "anchor": null,
 "anchor_strength": 0.0,
 "evaluated": 50400,
 "generated": "2026-07-20 21:55",
 "holdout": {
  "n": 7,
  "months": 4.043174342105263,
  "eq": 0.0,
  "growth": -6.833992001824289,
  "liq": true,
  "maxdd": 1.0,
  "tpm": 1.7313129258618938,
  "sl_hits": 0,
  "worst_mae": -0.13485714285714284,
  "win": 0.8571428571428571,
  "max_hold_days": 114.93958333333333,
  "in_market": 1.0169158276551749,
  "score": -6.833992001824289
 },
 "holdout_scan": {
  "scanned": 596,
  "pool": 596,
  "reservoir": 296,
  "survivors": 0
 },
 "holdout_survivors": [],
 "holdout_top10": [
  {
   "rank": 1,
   "train_score": 1.3088659330219385,
   "holdout": {
    "n": 7,
    "months": 4.043174342105263,
    "eq": 0.0,
    "growth": -6.833992001824289,
    "liq": true,
    "maxdd": 1.0,
    "tpm": 1.7313129258618938,
    "sl_hits": 0,
    "worst_mae": -0.13485714285714284,
    "win": 0.8571428571428571,
    "max_hold_days": 114.93958333333333,
    "in_market": 1.0169158276551749,
    "score": -6.833992001824289
   }
  },
  {
   "rank": 2,
   "train_score": 1.3087596801375114,
   "holdout": {
    "n": 7,
    "months": 4.043174342105263,
    "eq": 0.0,
    "growth": -6.833992001824289,
    "liq": true,
    "maxdd": 1.0,
    "tpm": 1.7313129258618938,
    "sl_hits": 0,
    "worst_mae": -0.13485714285714284,
    "win": 0.8571428571428571,
    "max_hold_days": 114.93958333333333,
    "in_market": 1.0169158276551749,
    "score": -6.833992001824289
   }
  },
  {
   "rank": 3,
   "train_score": 1.3085803072435807,
   "holdout": {
    "n": 7,
    "months": 4.043174342105263,
    "eq": 0.0,
    "growth": -6.833992001824289,
    "liq": true,
    "maxdd": 1.0,
    "tpm": 1.7313129258618938,
    "sl_hits": 0,
    "worst_mae": -0.13485714285714284,
    "win": 0.8571428571428571,
    "max_hold_days": 114.93958333333333,
    "in_market": 1.0169158276551749,
    "score": -6.833992001824289
   }
  },
  {
   "rank": 4,
   "train_score": 1.3085803072435807,
   "holdout": {
    "n": 7,
    "months": 4.043174342105263,
    "eq": 0.0,
    "growth": -6.833992001824289,
    "liq": true,
    "maxdd": 1.0,
    "tpm": 1.7313129258618938,
    "sl_hits": 0,
    "worst_mae": -0.13485714285714284,
    "win": 0.8571428571428571,
    "max_hold_days": 114.93958333333333,
    "in_market": 1.0169158276551749,
    "score": -6.833992001824289
   }
  },
  {
   "rank": 5,
   "train_score": 1.3085803072435807,
   "holdout": {
    "n": 7,