{
 "verdict": "PASS",
 "oos_pct_mo": 10.430739100043173,
 "maxdd": 0.36004999070544164,
 "n": 38,
 "folds": 13,
 "step_days": 42,
 "at": "2026-07-21 16:04"
}