{
 "cand": {
  "strategy": "v7",
  "mode": "lev",
  "regs": [
   {
    "eXL": 0.0,
    "eL3": 0.0,
    "vHistN": 1.0,
    "xApt1Short": 0.006972507340437423,
    "xCdPctShort": 0.0002,
    "xTpShort": 0.007127897984905248,
    "eXS": 1.0,
    "ptLong": 0.02,
    "xApt2Long": 0.0009641818532361154,
    "requireHistPos": 0.0,
    "cdPctShort": 0.0034169953500702726,
    "ptShort": 0.012169200342784464,
    "vMacd": 4.0,
    "trendBlockZ": 2.0,
    "cdPeriodLong": 164.94213746482208,
    "xApt2Short": 0.0023333738087893247,
    "xDur2Short": 45.20380090834537,
    "rsiValShort": 66.90770958988625,
    "bbValLong": 0.06471127102122684,
    "zXS": 2.3480850327002734,
    "xMinBetween": 1.6650542177252676,
    "dur2Short": 282.18045075299,
    "apt1Short": 0.00543933429220623,
    "eS3": 0.0,
    "apt1Long": 0.007017367085434732,
    "vEmaDn": 3.0,
    "xDur2Long": 599.6442967608002,
    "vX": 1.0,
    "xApt1Long": 0.0014194780070605892,
    "cdPctLong": 0.009058075108176203,
    "vRsi": 3.0,
    "rsiValLong": 44.034774041011765,
    "leverage": 1.0,
    "xDur1Short": 49.960549013440016,
    "vEmaUp": 1.0,
    "xTpLong": 0.017057044450245817,
    "bbValShort": 0.9374738124650099,
    "xCdPeriodShort": 110.48523738246742,
    "xDur1Long": 43.958033249098236,
    "zS": 3.0,
    "zL": -3.0,
    "zXLmax": 0.19163996345596945,
    "apt2Short": 0.0007361055950189593,
    "slLong": 0.10734654428232776,
    "dur1Short": 16.665998452290502,
    "cdPeriodShort": 109.60261550443508,
    "dur2Long": 263.8756527023614,
    "apt2Long": 0.0036776508727013276,
    "vBB": 3.0,
    "dur1Long": 38.47606479511885,
    "slShort": 0.031758491017805146
   },
   {
    "eXL": 0.0,
    "eL3": 1.0,
    "vHistN": 3.0,
    "xApt1Short": 0.007995706099274715,
    "xCdPctShort": 0.0008557743930115688,
    "xTpShort": 0.002697505380080556,
    "eXS": 1.0,
    "ptLong": 0.017912124171220192,
    "xApt2Long": 0.0015180348738637966,
    "requireHistPos": 1.0,
    "cdPctShort": 0.0030761511964077183,
    "ptShort": 0.0171809788637952,
    "vMacd": 0.0,
    "trendBlockZ": 99.0,
    "cdPeriodLong": 78.80265879404278,
    "xApt2Short": 0.004564280221109171,
    "xDur2Short": 94.76525200017755,
    "rsiValShort": 90.0,
    "bbValLong": 0.10808218420720886,
    "zXS": 1.7029013997953144,
    "xMinBetween": 12.811470291093743,
    "dur2Short": 90.5156577945863,
    "apt1Short": 0.001,
    "eS3": 0.0,
    "apt1Long": 0.007177982920801445,
    "vEmaDn": 4.0,
    "xDur2Long": 625.1943230943273,
    "vX": 1.0,
    "xApt1Long": 0.01221039456326857,
    "cdPctLong": 0.011273007920451912,
    "vRsi": 2.0,
    "rsiValLong": 65.89612358483384,
    "leverage": 8.0,
    "xDur1Short": 10.0,
    "vEmaUp": 2.0,
    "xTpLong": 0.005130666788507449,
    "bbValShort": 1.1614590425620372,
    "xCdPeriodShort": 43.88607197355734,
    "xDur1Long": 79.80255045022012,
    "zS": 2.1461659425795547,
    "zL": -1.8504166437550738,
    "zXLmax": -1.2196995285053807,
    "apt2Short": 0.008414582756590946,
    "slLong": 0.08119138794447307,
    "dur1Short": 8.515257542127307,
    "cdPeriodShort": 31.355723736187844,
    "dur2Long": 87.6331899270203,
    "apt2Long": 0.015,
    "vBB": 1.0,
    "dur1Long": 90.0,
    "slShort": 0.09111624622884776
   },
   {
    "eXL": 0.0,
    "eL3": 1.0,
    "vHistN": 3.0,
    "xApt1Short": 0.0005,
    "xCdPctShort": 0.0018975740629900571,
    "xTpShort": 0.007531243725792718,
    "eXS": 1.0,
    "ptLong": 0.01021355515211721,
    "xApt2Long": 0.0010563468430877484,
    "requireHistPos": 1.0,
    "cdPctShort": 0.00575412050941425,
    "ptShort": 0.005310708060519666,
    "vMacd": 0.0,
    "trendBlockZ": 1.5,
    "cdPeriodLong": 28.742724874761592,
    "xApt2Short": 0.004805270736880429,
    "xDur2Short": 446.31524981387076,
    "rsiValShort": 62.4960727952396,
    "bbValLong": -0.016678475866815694,
    "zXS": 2.0650332196821615,
    "xMinBetween": 4.295876530826719,
    "dur2Short": 32.650337008873414,
    "apt1Short": 0.004154310664912054,
    "eS3": 1.0,
    "apt1Long": 0.017349546793327904,
    "vEmaDn": 4.0,
    "xDur2Long": 368.12592664966263,
    "vX": 4.0,
    "xApt1Long": 0.011195310485998058,
    "cdPctLong": 0.011719750765226107,
    "vRsi": 3.0,
    "rsiValLong": 44.342081558130175,
    "leverage": 8.0,
    "xDur1Short": 10.015665968167827,
    "vEmaUp": 4.0,
    "xTpLong": 0.01566100801401232,
    "bbValShort": 0.8295259572316355,
    "xCdPeriodShort": 41.26625341357321,
    "xDur1Long": 89.99400005341714,
    "zS": 1.6884208008932697,
    "zL": -2.3207814388844143,
    "zXLmax": -1.1773930606207477,
    "apt2Short": 0.009730793990568682,
    "slLong": 0.11788487903826965,
    "dur1Short": 26.949395350450978,
    "cdPeriodShort": 104.0938087701496,
    "dur2Long": 235.1375679293988,
    "apt2Long": 0.013505723142911711,
    "vBB": 2.0,
    "dur1Long": 13.94434610643552,
    "slShort": 0.0639849890663548
   }
  ]
 },
 "metrics": {
  "n": 101,
  "months": 14.81640625,
  "eq": 28521921.257140137,
  "growth": 0.6923695303992263,
  "liq": false,
  "maxdd": 0.4931205283434235,
  "tpm": 6.816767730029,
  "sl_hits": 0,
  "worst_mae": -0.06641466309173216,
  "win": 1.0,
  "max_hold_days": 2.7895833333333333,
  "in_market": 0.07151678299360317,
  "score": 0.6359530575518388
 },
 "strategy": "v7",
 "mode": "lev",
 "method": "vol3",
 "algo": "genetic",
 "per_regime": true,
 "train_end": "2025-09-01",
 "holdout_days": null,
 "max_dd": null,
 "max_hold_days": 5.0,
 "gap_mode": "skip_contaminated",
 "scoring": "classic",
 "anchor": null,
 "anchor_strength": 0.0,
 "evaluated": 100800,
 "generated": "2026-07-20 15:16",
 "holdout": {
  "n": 10,
  "months": 2.1842105263157894,
  "eq": 0.0,
  "growth": -12.650347016931143,
  "liq": true,
  "maxdd": 1.0,
  "tpm": 4.578313253012048,
  "sl_hits": 0,
  "worst_mae": -0.11699999999999999,
  "win": 0.9,
  "max_hold_days": 30.04375,
  "in_market": 0.6443900602409639,
  "score": -12.650347016931143
 },
 "holdout_scan": {
  "scanned": 517,
  "pool": 594,
  "reservoir": 294,
  "survivors": 0
 },
 "holdout_survivors": [],
 "holdout_top10": [
  {
   "rank": 305,
   "train_score": 0.24797612075584405,
   "holdout": {
    "n": 35,
    "months": 9.656661184210527,
    "eq": 6356.898444364723,
    "growth": 0.19153002856184626,
    "liq": false,
    "maxdd": 0.7010570824524311,
    "tpm": 3.6244411326378536,
    "sl_hits": 0,
    "worst_mae": -0.08803409218346991,
    "win": 1.0,
    "max_hold_days": 18.6875,
    "in_market": 0.11068057625434674,
    "score": 0.17839810562934116
   }
  },
  {
   "rank": 331,
   "train_score": 0.21145887634032637,
   "holdout": {
    "n": 30,
    "months": 9.656661184210527,
    "eq": 5977.943646186408,
    "growth": 0.185165100321996,
    "liq": false,
    "maxdd": 0.5732003100413501,
    "tpm": 3.106663827975303,
    "sl_hits": 0,
    "worst_mae": -0.0914048606994664,
    "win": 1.0,
    "max_hold_days": 6.222916666666666,
    "in_market": 0.06917181179476262,
    "score": 0.18154921160079968
   }
  },
  {
   "rank": 384,
   "train_score": 0.07040200236729906,
   "holdout": {
    "n": 37,
    "months": 9.656661184210527,
    "eq": 5503.221787735463,
    "growth": 0.1765966173808777,
    "liq": false,
    "maxdd": 0.8459884576213645,
    "tpm": 3.8315520545028736,
    "sl_hits": 0,
    "worst_mae": -0.12183436002737857,
    "win": 1.0,
    "max_hold_days": 10.352083333333333,
    "in_market": 0.1507416081186573,
    "score": 0.11251752263532468
   }
  },
  {
   "rank": 475,
   "train_score": 0.1381521401275208,
   "holdout": {
    "n": 28,
    "months": 9.656661184210527,
    "eq": 5267.915587824909,
    "growth": 0.17207135349203204,
    "liq": false,
    "maxdd": 0.7010570824524311,
    "tpm": 2.8995529061102827,
    "sl_hits": 0,
    "worst_mae": -0.08803409218346991,
    "win": 1.0,
    "max_hold_days": 18.704166666666666,
    "in_market": 0.10337804272230501,
    "score": 0.17565123372399083
   }
  },
  {
   "rank": 457,
   "train_score": 0.13244961014493045,
   "holdout": {
    "n": 47,
    "months": 9.656661184210527,