{
 "cand": {
  "strategy": "v7",
  "mode": "lev",
  "regs": [
   {
    "eXL": 1.0,
    "apt1Long": 0.01026908923871275,
    "vBB": 4.0,
    "rsiValShort": 69.89683487690216,
    "requireHistPos": 1.0,
    "cdPeriodShort": 49.598607850347705,
    "eXS": 1.0,
    "xDur2Long": 303.64272213604085,
    "eS3": 1.0,
    "zXS": 1.0,
    "cdPeriodLong": 163.07286569788857,
    "vMacd": 1.0,
    "zS": 3.0,
    "ptLong": 0.015116591242111158,
    "dur2Long": 243.31772637511574,
    "dur2Short": 273.065648155721,
    "zXLmax": -0.9628072295648632,
    "xMinBetween": 18.218133358917587,
    "vRsi": 3.0,
    "bbValShort": 1.25,
    "xCdPeriodShort": 77.97278158297965,
    "zL": -1.6860755101328606,
    "leverage": 6.0,
    "apt2Short": 0.003748160171327108,
    "cdPctLong": 0.005523689095644685,
    "cdPctShort": 0.004523688661089816,
    "dur1Short": 55.09202940099391,
    "bbValLong": -0.24666269349828335,
    "xDur1Short": 59.416683110576,
    "xDur2Short": 499.35586895370807,
    "rsiValLong": 61.63586515886786,
    "dur1Long": 74.13417587372209,
    "apt2Long": 0.0060038234981052395,
    "vHistN": 3.0,
    "xTpShort": 0.01897580351893378,
    "xDur1Long": 165.2621753577356,
    "xApt2Long": 0.009463843761132918,
    "vEmaDn": 3.0,
    "xCdPctShort": 0.001759118527438213,
    "xApt1Long": 0.007865903302969615,
    "slShort": 0.0966049068100677,
    "xApt2Short": 0.0020209042677874767,
    "xTpLong": 0.012343154329407293,
    "vEmaUp": 0.0,
    "apt1Short": 0.0015542223305304982,
    "eL3": 0.0,
    "vX": 0.0,
    "ptShort": 0.008044739529684005,
    "xApt1Short": 0.005276373136494074,
    "trendBlockZ": 99.0,
    "slLong": 0.12
   },
   {
    "eXL": 0.0,
    "apt1Long": 0.008206933140177376,
    "vBB": 0.0,
    "rsiValShort": 70.2737333080743,
    "requireHistPos": 0.0,
    "cdPeriodShort": 10.0,
    "eXS": 1.0,
    "xDur2Long": 198.42134865638573,
    "eS3": 0.0,
    "zXS": 1.5833445533179935,
    "cdPeriodLong": 220.1052223747241,
    "vMacd": 0.0,
    "zS": 0.8,
    "ptLong": 0.00322297722454786,
    "dur2Long": 262.95851375885957,
    "dur2Short": 197.33690127386498,
    "zXLmax": -0.009803812319750582,
    "xMinBetween": 10.222303545471807,
    "vRsi": 0.0,
    "bbValShort": 1.005124870445134,
    "xCdPeriodShort": 35.85132713198888,
    "zL": -2.1080342519386583,
    "leverage": 6.0,
    "apt2Short": 0.0017957690198238856,
    "cdPctLong": 0.011450032498814478,
    "cdPctShort": 0.008994759675804848,
    "dur1Short": 90.0,
    "bbValLong": 0.35,
    "xDur1Short": 221.44319848137258,
    "xDur2Short": 30.0,
    "rsiValLong": 76.27192613718562,
    "dur1Long": 1.3470253182335155,
    "apt2Long": 0.005315632177964278,
    "vHistN": 3.0,
    "xTpShort": 0.02,
    "xDur1Long": 148.96207525904114,
    "xApt2Long": 0.0,
    "vEmaDn": 3.0,
    "xCdPctShort": 0.0012848567352858403,
    "xApt1Long": 0.0010571737868052499,
    "slShort": 0.08250396563255971,
    "xApt2Short": 0.00766022003529858,
    "xTpLong": 0.010417235130589031,
    "vEmaUp": 1.0,
    "apt1Short": 0.018439563294142806,
    "eL3": 1.0,
    "vX": 0.0,
    "ptShort": 0.006288080042568699,
    "xApt1Short": 0.006597569475298825,
    "trendBlockZ": 2.0,
    "slLong": 0.029787669703419655
   },
   {
    "eXL": 0.0,
    "apt1Long": 0.0158995977015096,
    "vBB": 2.0,
    "rsiValShort": 69.51122678450598,
    "requireHistPos": 0.0,
    "cdPeriodShort": 109.99268368083827,
    "eXS": 0.0,
    "xDur2Long": 207.72567275236244,
    "eS3": 0.0,
    "zXS": 1.0,
    "cdPeriodLong": 70.82227059558811,
    "vMacd": 1.0,
    "zS": 3.0,
    "ptLong": 0.008860981637825444,
    "dur2Long": 254.95478161912047,
    "dur2Short": 360.0,
    "zXLmax": -1.4528802319124483,
    "xMinBetween": 9.666908645795786,
    "vRsi": 1.0,
    "bbValShort": 0.852673496690929,
    "xCdPeriodShort": 4.017235095036452,
    "zL": -2.7107512940487277,
    "leverage": 6.0,
    "apt2Short": 0.001654587758028953,
    "cdPctLong": 0.010442329380876263,
    "cdPctShort": 0.010967836989421803,
    "dur1Short": 15.05664393499877,
    "bbValLong": 0.18212420929137962,
    "xDur1Short": 112.54160410503732,
    "xDur2Short": 336.9121790966092,
    "rsiValLong": 64.34189319162208,
    "dur1Long": 7.482804662855441,
    "apt2Long": 0.013683217293472261,
    "vHistN": 1.0,
    "xTpShort": 0.00948871014947841,
    "xDur1Long": 155.66978167924225,
    "xApt2Long": 0.004860610569697757,
    "vEmaDn": 2.0,
    "xCdPctShort": 0.001666232395905656,
    "xApt1Long": 0.006317077167551351,
    "slShort": 0.07481882168966161,
    "xApt2Short": 0.004341543188515459,
    "xTpLong": 0.017656195263050997,
    "vEmaUp": 4.0,
    "apt1Short": 0.006639850477072687,
    "eL3": 1.0,
    "vX": 1.0,
    "ptShort": 0.005689041202634226,
    "xApt1Short": 0.0026125809553613918,
    "trendBlockZ": 1.0,
    "slLong": 0.11159062325608342
   }
  ]
 },
 "metrics": {
  "n": 52,
  "months": 14.81640625,
  "eq": 81056.6974150167,
  "growth": 0.2966406835595279,
  "liq": false,
  "maxdd": 0.5023469618982876,
  "tpm": 3.509622989717901,
  "sl_hits": 0,
  "worst_mae": -0.08955091840007079,
  "win": 1.0,
  "max_hold_days": 1.4166666666666667,
  "in_market": 0.021683525978140713,
  "score": 0.5115614217095684
 },
 "strategy": "v7",
 "mode": "lev",
 "method": "vol3",
 "algo": "genetic",
 "per_regime": true,
 "train_end": "2025-09-01",
 "holdout_days": null,
 "max_dd": null,
 "max_hold_days": 5.0,
 "gap_mode": "skip_contaminated",
 "scoring": "underwater",
 "anchor": null,
 "anchor_strength": 0.0,
 "evaluated": 100800,
 "generated": "2026-07-20 15:14",
 "holdout": {
  "n": 41,
  "months": 9.656661184210527,
  "eq": 0.0,
  "growth": -2.8613431276959003,
  "liq": true,
  "maxdd": 1.0,
  "tpm": 4.2457738982329145,
  "sl_hits": 0,
  "worst_mae": -0.15866666666666665,
  "win": 0.975609756097561,
  "max_hold_days": 48.21666666666667,
  "in_market": 0.5139237811368959,
  "score": -5.845138057359542
 },
 "holdout_scan": {
  "scanned": 380,
  "pool": 595,
  "reservoir": 295,
  "survivors": 0
 },
 "holdout_survivors": [],
 "holdout_top10": [
  {
   "rank": 380,
   "train_score": 0.2589503748393872,
   "holdout": {
    "n": 24,
    "months": 9.656661184210527,
    "eq": 4486.867227858176,
    "growth": 0.1554527706332666,
    "liq": false,
    "maxdd": 0.8639336016096583,
    "tpm": 2.4853310623802423,
    "sl_hits": 0,
    "worst_mae": -0.14541327280010685,
    "win": 1.0,
    "max_hold_days": 18.6875,
    "in_market": 0.2737775885316869,
    "score": 0.03224111592665768
   }
  },
  {
   "rank": 313,
   "train_score": 0.10249603942804392,
   "holdout": {
    "n": 44,
    "months": 9.656661184210527,
    "eq": 4406.662767165562,
    "growth": 0.15358493298600814,
    "liq": false,
    "maxdd": 0.5853884808658673,
    "tpm": 4.5564402810304445,
    "sl_hits": 0,
    "worst_mae": -0.1464366559987509,
    "win": 0.9772727272727273,
    "max_hold_days": 15.379166666666666,
    "in_market": 0.23482364629905614,
    "score": 0.020393480776481468
   }
  },
  {
   "rank": 375,
   "train_score": 0.2563263572272077,
   "holdout": {
    "n": 20,
    "months": 9.656661184210527,
    "eq": 3926.876162635592,
    "growth": 0.14164774078260384,
    "liq": false,
    "maxdd": 0.5491541708128884,
    "tpm": 2.071109218650202,
    "sl_hits": 0,
    "worst_mae": -0.1364210526315789,
    "win": 1.0,
    "max_hold_days": 8.59375,
    "in_market": 0.10970832446242282,
    "score": 0.08380260121229545
   }
  },
  {
   "rank": 350,
   "train_score": 0.20383904120502228,
   "holdout": {
    "n": 29,
    "months": 9.656661184210527,
    "eq": 3548.9495417916037,
    "growth": 0.1311686960757813,
    "liq": false,
    "maxdd": 0.5832494969818908,
    "tpm": 3.0031083670427927,
    "sl_hits": 0,
    "worst_mae": -0.1364210526315789,
    "win": 0.9310344827586207,
    "max_hold_days": 8.60625,
    "in_market": 0.139727485629125,
    "score": 0.07169740645624724
   }
  },
  {
   "rank": 358,
   "train_score": 0.16700216630380216,
   "holdout": {
    "n": 29,
    "months": 9.656661184210527,
    "eq": 3455.6632431920216,