{
 "cand": {
  "strategy": "v7",
  "mode": "lev",
  "regs": [
   {
    "rsiValLong": 52.897078816410186,
    "trendBlockZ": 3.0,
    "zXLmax": 0.29754980956954435,
    "eL3": 0.0,
    "xDur2Long": 82.8529170106255,
    "vX": 2.0,
    "xDur2Short": 156.41283767038078,
    "cdPeriodShort": 101.75950768958867,
    "apt2Short": 9.427822738913242e-06,
    "xApt2Long": 0.009166776412187048,
    "zXS": 2.2826612258427463,
    "xDur1Short": 10.0,
    "xCdPeriodShort": 47.04512642990209,
    "eXL": 1.0,
    "eS3": 1.0,
    "apt2Long": 0.00571862878605674,
    "leverage": 6.4450513723474305,
    "requireHistPos": 1.0,
    "apt1Short": 0.010510901278466399,
    "dur2Short": 10.0,
    "rsiValShort": 57.13962614200379,
    "xDur1Long": 130.04539296981216,
    "bbValLong": -0.292628889964667,
    "xApt2Short": 0.00040620366175496387,
    "xApt1Short": 0.004262874825333696,
    "vHistN": 3.0,
    "cdPctLong": 0.012,
    "ptLong": 0.004324884471799029,
    "dur1Short": 61.23487041048543,
    "vBB": 2.0,
    "vRsi": 4.0,
    "xMinBetween": 2.966632934080187,
    "xCdPctShort": 0.0002,
    "zS": 3.0,
    "xApt1Long": 0.007100339787343635,
    "dur1Long": 68.3754779318212,
    "bbValShort": 1.1303927069930884,
    "ptShort": 0.02798090835578905,
    "dur2Long": 318.5907587959261,
    "cdPeriodLong": 84.13314441658963,
    "xTpLong": 0.010965471269154085,
    "vEmaUp": 3.0,
    "slShort": 0.07102370994455981,
    "cdPctShort": 0.0027037326536295606,
    "vEmaDn": 2.0,
    "zL": -2.3138587198633416,
    "apt1Long": 0.005296645318600436,
    "eXS": 0.0,
    "slLong": 0.04549666280136265,
    "vMacd": 1.0,
    "xTpShort": 0.017570740736916075
   },
   {
    "rsiValLong": 38.60152169138634,
    "trendBlockZ": 99.0,
    "zXLmax": -1.4192816131812274,
    "eL3": 0.0,
    "xDur2Long": 609.4624825848599,
    "vX": 0.0,
    "xDur2Short": 184.1141071699035,
    "cdPeriodShort": 116.62316951595808,
    "apt2Short": 0.0050165057433714765,
    "xApt2Long": 0.007356051200999514,
    "zXS": 3.0,
    "xDur1Short": 42.61952714293551,
    "xCdPeriodShort": 69.32698018764452,
    "eXL": 1.0,
    "eS3": 0.0,
    "apt2Long": 0.015,
    "leverage": 6.661374194222878,
    "requireHistPos": 1.0,
    "apt1Short": 0.0043644667076301455,
    "dur2Short": 119.65440957427728,
    "rsiValShort": 90.0,
    "xDur1Long": 199.4308563511102,
    "bbValLong": 0.2563580857915163,
    "xApt2Short": 0.006901821045645766,
    "xApt1Short": 0.010119887705752645,
    "vHistN": 3.0,
    "cdPctLong": 0.009267733524185112,
    "ptLong": 0.002,
    "dur1Short": 79.98203076174055,
    "vBB": 1.0,
    "vRsi": 2.0,
    "xMinBetween": 12.409621860166256,
    "xCdPctShort": 0.004088074891712207,
    "zS": 2.5737876146984355,
    "xApt1Long": 0.01403851525101555,
    "dur1Long": 90.0,
    "bbValShort": 0.8420125845645041,
    "ptShort": 0.015205218021758733,
    "dur2Long": 229.2388905418789,
    "cdPeriodLong": 240.0,
    "xTpLong": 0.012786524221648481,
    "vEmaUp": 0.0,
    "slShort": 0.07926446564658769,
    "cdPctShort": 0.0026359325007332753,
    "vEmaDn": 3.0,
    "zL": -1.9589665650967287,
    "apt1Long": 0.005128006673542396,
    "eXS": 0.0,
    "slLong": 0.08109850872867404,
    "vMacd": 2.0,
    "xTpShort": 0.002006223189117697
   },
   {
    "rsiValLong": 53.08946241018607,
    "trendBlockZ": 3.0,
    "zXLmax": -1.9637293449153717,
    "eL3": 1.0,
    "xDur2Long": 720.0,
    "vX": 1.0,
    "xDur2Short": 455.2270512177971,
    "cdPeriodShort": 148.8581163539505,
    "apt2Short": 0.003153285867531797,
    "xApt2Long": 0.0012342389884765887,
    "zXS": 1.0,
    "xDur1Short": 27.677877095448405,
    "xCdPeriodShort": 80.12280594020112,
    "eXL": 0.0,
    "eS3": 0.0,
    "apt2Long": 0.013507186915940642,
    "leverage": 6.670433570792449,
    "requireHistPos": 0.0,
    "apt1Short": 0.0015402551172754005,
    "dur2Short": 237.4511565332517,
    "rsiValShort": 76.25338307113495,
    "xDur1Long": 139.54399493039094,
    "bbValLong": 0.06556651735524781,
    "xApt2Short": 0.009369752845893281,
    "xApt1Short": 0.014188470629594423,
    "vHistN": 3.0,
    "cdPctLong": 0.0060491643600856316,
    "ptLong": 0.03,
    "dur1Short": 47.88225125897773,
    "vBB": 2.0,
    "vRsi": 1.0,
    "xMinBetween": 12.65011962667327,
    "xCdPctShort": 0.0014639453195098083,
    "zS": 2.582168431582131,
    "xApt1Long": 0.015,
    "dur1Long": 34.354712143951225,
    "bbValShort": 0.7833336358226086,
    "ptShort": 0.026840682602948866,
    "dur2Long": 126.38870480402082,
    "cdPeriodLong": 96.91012319124387,
    "xTpLong": 0.01765974538205347,
    "vEmaUp": 4.0,
    "slShort": 0.07440634273531843,
    "cdPctShort": 0.004707030599952534,
    "vEmaDn": 0.0,
    "zL": -2.102352061060885,
    "apt1Long": 0.01879802829897121,
    "eXS": 1.0,
    "slLong": 0.10199032196643902,
    "vMacd": 1.0,
    "xTpShort": 0.011943809386825315
   }
  ]
 },
 "metrics": {
  "n": 53,
  "months": 14.81640625,
  "eq": 402122.010521896,
  "growth": 0.4047375220513065,
  "liq": false,
  "maxdd": 0.5418711620792137,
  "tpm": 3.5771157395201687,
  "sl_hits": 0,
  "worst_mae": -0.0849620174380803,
  "win": 1.0,
  "max_hold_days": 2.970833333333333,
  "in_market": 0.042705630408740015,
  "score": 0.5169530900649943
 },
 "strategy": "v7",
 "mode": "lev",
 "method": "vol3",
 "algo": "genetic",
 "per_regime": true,
 "train_end": "2025-09-01",
 "holdout_days": null,
 "max_dd": null,
 "max_hold_days": 7.0,
 "gap_mode": "skip_contaminated",
 "scoring": "underwater",
 "anchor": null,
 "anchor_strength": 0.0,
 "evaluated": 100800,
 "generated": "2026-07-13 02:33",
 "holdout": {
  "n": 5,
  "months": 2.1842105263157894,
  "eq": 0.0,
  "growth": -12.650347016931143,
  "liq": true,
  "maxdd": 1.0,
  "tpm": 2.289156626506024,
  "sl_hits": 0,
  "worst_mae": -0.14191529251991333,
  "win": 0.6,
  "max_hold_days": 26.56875,
  "in_market": 0.41418800200803213,
  "score": -12.857441017935159
 },
 "holdout_scan": {
  "scanned": 594,
  "pool": 594,
  "reservoir": 294,
  "survivors": 4
 },
 "holdout_survivors": [
  {
   "rank": 459,
   "train_score": 0.10426319071178304,
   "holdout": {
    "n": 56,
    "months": 9.656661184210527,
    "eq": 2968.5731270986407,
    "growth": 0.11267677181887767,
    "liq": false,
    "maxdd": 0.41342989460193064,
    "tpm": 5.799105812220565,
    "sl_hits": 0,
    "worst_mae": -0.06240139274250589,
    "win": 1.0,
    "max_hold_days": 3.575,
    "in_market": 0.04810872187921368,
    "score": 0.07211202929483293
   }
  },
  {
   "rank": 475,
   "train_score": 0.08361784635430804,
   "holdout": {
    "n": 38,
    "months": 9.656661184210527,
    "eq": 2512.579736755758,
    "growth": 0.09540668263376897,
    "liq": false,
    "maxdd": 0.4962299778435578,
    "tpm": 3.9351075154353836,
    "sl_hits": 0,
    "worst_mae": -0.07098800044858133,
    "win": 0.9736842105263158,
    "max_hold_days": 4.866666666666666,
    "in_market": 0.036030090128450785,
    "score": 0.05361866907672093
   }
  },
  {
   "rank": 587,
   "train_score": 0.21265475553158208,
   "holdout": {
    "n": 20,
    "months": 9.656661184210527,
    "eq": 2084.9446673304496,
    "growth": 0.07608657924639183,
    "liq": false,
    "maxdd": 0.48695586618719094,
    "tpm": 2.071109218650202,
    "sl_hits": 0,
    "worst_mae": -0.07098800044858133,
    "win": 1.0,
    "max_hold_days": 4.866666666666666,
    "in_market": 0.028876587892981337,
    "score": 0.05837712016782594
   }
  },
  {
   "rank": 353,
   "train_score": 0.05068744624218118,
   "holdout": {
    "n": 47,
    "months": 9.656661184210527,
    "eq": 2027.8140293200822,
    "growth": 0.07320940090155964,
    "liq": false,
    "maxdd": 0.35484993167253753,
    "tpm": 4.8671066638279745,
    "sl_hits": 0,
    "worst_mae": -0.08311209439528033,
    "win": 1.0,
    "max_hold_days": 3.7979166666666666,
    "in_market": 0.05676673053722234,
    "score": 0.03202419061104091
   }
  }
 ],
 "holdout_top10": [
  {
   "rank": 459,
   "train_score": 0.10426319071178304,
   "holdout": {
    "n": 56,
    "months": 9.656661184210527,