{
 "cand": {
  "strategy": "v7",
  "mode": "lev",
  "regs": [
   {
    "zL": -2.9848508820111745,
    "zS": 2.1882309273986458,
    "zXS": 2.750692546165431,
    "zXLmax": -1.200369304139263,
    "rsiValLong": 40.39614025844345,
    "rsiValShort": 86.3863927573431,
    "bbValLong": 0.049608970050578086,
    "bbValShort": 1.0167987032872918,
    "ptLong": 0.01825618973520377,
    "apt1Long": 0.0032365358658657754,
    "apt2Long": 0.006057612403944068,
    "dur1Long": 58.90442097852747,
    "dur2Long": 98.6806474866099,
    "ptShort": 0.03,
    "apt1Short": 0.0037944834733959778,
    "apt2Short": 0.0023939635299898687,
    "dur1Short": 90.0,
    "dur2Short": 156.43519070989672,
    "xTpLong": 0.005656398158187774,
    "xApt1Long": 0.011317388310971295,
    "xApt2Long": 0.0003007183093105462,
    "xDur1Long": 72.57626871156282,
    "xDur2Long": 267.57598970438346,
    "xTpShort": 0.012988332695793166,
    "xApt1Short": 0.0072855250513117155,
    "xApt2Short": 0.0028015418512046713,
    "xDur1Short": 141.33671963722492,
    "xDur2Short": 682.3031066160489,
    "cdPctLong": 0.011453696212504515,
    "cdPeriodLong": 102.19626611873261,
    "cdPctShort": 0.0005,
    "cdPeriodShort": 78.14452449636588,
    "xCdPctShort": 0.006226564170307879,
    "xCdPeriodShort": 39.82202804735425,
    "xMinBetween": 20.220663201731423,
    "slLong": 0.051435874720343985,
    "slShort": 0.1019431856511521,
    "leverage": 3.4871435188974615,
    "vRsi": 1.0,
    "vMacd": 1.0,
    "vBB": 0.0,
    "vEmaUp": 0.0,
    "vEmaDn": 1.0,
    "vX": 2.0,
    "vHistN": 3.0,
    "trendBlockZ": 1.0,
    "eL3": 1.0,
    "eS3": 1.0,
    "eXL": 0.0,
    "eXS": 1.0,
    "requireHistPos": 1.0
   },
   {
    "zL": -1.6229426355924945,
    "zS": 2.0147425455231875,
    "zXS": 1.5551980119504702,
    "zXLmax": -2.4804911077304683,
    "rsiValLong": 66.80205386936258,
    "rsiValShort": 50.43691922161298,
    "bbValLong": 0.016946152464087164,
    "bbValShort": 1.0199761396173652,
    "ptLong": 0.02248600742400186,
    "apt1Long": 0.008212341707043897,
    "apt2Long": 0.0034036893146662723,
    "dur1Long": 88.4942613990515,
    "dur2Long": 193.38319186875506,
    "ptShort": 0.02378711030801047,
    "apt1Short": 0.005952223886284509,
    "apt2Short": 0.015,
    "dur1Short": 81.28957561233352,
    "dur2Short": 148.2590367257109,
    "xTpLong": 0.015872826125958257,
    "xApt1Long": 0.00505007743274567,
    "xApt2Long": 0.005612098655956436,
    "xDur1Long": 71.57975632421305,
    "xDur2Long": 444.6303750834554,
    "xTpShort": 0.00998360935254863,
    "xApt1Short": 0.015,
    "xApt2Short": 0.0060980786120019195,
    "xDur1Short": 82.34127262070733,
    "xDur2Short": 691.876547069709,
    "cdPctLong": 0.012,
    "cdPeriodLong": 233.42858132059453,
    "cdPctShort": 0.010983470414393876,
    "cdPeriodShort": 117.22478632190779,
    "xCdPctShort": 0.00965743326374924,
    "xCdPeriodShort": 12.006635428834693,
    "xMinBetween": 27.460718759207385,
    "slLong": 0.04679492831161181,
    "slShort": 0.028442029351753495,
    "leverage": 6.570350669438763,
    "vRsi": 2.0,
    "vMacd": 1.0,
    "vBB": 2.0,
    "vEmaUp": 0.0,
    "vEmaDn": 3.0,
    "vX": 3.0,
    "vHistN": 3.0,
    "trendBlockZ": 99.0,
    "eL3": 1.0,
    "eS3": 1.0,
    "eXL": 1.0,
    "eXS": 1.0,
    "requireHistPos": 0.0
   },
   {
    "zL": -1.8645442743497884,
    "zS": 1.1662795588162018,
    "zXS": 2.810577844152286,
    "zXLmax": -0.28993590287402426,
    "rsiValLong": 84.12995077813048,
    "rsiValShort": 73.38062203530265,
    "bbValLong": 0.0011369374060767046,
    "bbValShort": 0.8007945575092192,
    "ptLong": 0.028105791438179463,
    "apt1Long": 0.018050336039037537,
    "apt2Long": 0.004101941138873512,
    "dur1Long": 27.165638600946444,
    "dur2Long": 318.89271631394803,
    "ptShort": 0.0030805099161562008,
    "apt1Short": 0.0052534605804194934,
    "apt2Short": 0.0025993347630593297,
    "dur1Short": 28.329360508369795,
    "dur2Short": 155.49606865668716,
    "xTpLong": 0.018527188239918,
    "xApt1Long": 0.010934871135279719,
    "xApt2Long": 0.009928239135585855,
    "xDur1Long": 165.73523660518845,
    "xDur2Long": 223.46755757541933,
    "xTpShort": 0.0176438550816585,
    "xApt1Short": 0.006790136324502401,
    "xApt2Short": 0.003091448563214659,
    "xDur1Short": 115.31068742802425,
    "xDur2Short": 720.0,
    "cdPctLong": 0.0005,
    "cdPeriodLong": 43.2575831607955,
    "cdPctShort": 0.0005,
    "cdPeriodShort": 54.61870138180566,
    "xCdPctShort": 0.01,
    "xCdPeriodShort": 78.37830884854763,
    "xMinBetween": 18.735575649676964,
    "slLong": 0.11344264234413878,
    "slShort": 0.10034402550731011,
    "leverage": 9.567835035472134,
    "vRsi": 4.0,
    "vMacd": 0.0,
    "vBB": 2.0,
    "vEmaUp": 3.0,
    "vEmaDn": 3.0,
    "vX": 3.0,
    "vHistN": 3.0,
    "trendBlockZ": 3.0,
    "eL3": 1.0,
    "eS3": 1.0,
    "eXL": 1.0,
    "eXS": 0.0,
    "requireHistPos": 1.0
   },
   {
    "zL": -1.3454866712946167,
    "zS": 1.2985801819420435,
    "zXS": 2.843428602162684,
    "zXLmax": -1.8741823063101597,
    "rsiValLong": 79.74493856338349,
    "rsiValShort": 83.67136042687666,
    "bbValLong": -0.013132791426242855,
    "bbValShort": 0.9304283225504553,
    "ptLong": 0.003383973336914612,
    "apt1Long": 0.001,
    "apt2Long": 0.0,
    "dur1Long": 51.787966312771786,
    "dur2Long": 259.65253681932575,
    "ptShort": 0.020397568523731435,
    "apt1Short": 0.009469748604582781,
    "apt2Short": 0.007330766665959769,
    "dur1Short": 51.40980893249199,
    "dur2Short": 220.17813781330028,
    "xTpLong": 0.007212059339266619,
    "xApt1Long": 0.007213821143030241,
    "xApt2Long": 0.0009646349819317024,
    "xDur1Long": 234.45471956811028,
    "xDur2Long": 270.74668951479134,
    "xTpShort": 0.01241901931382218,
    "xApt1Short": 0.009714070501445802,
    "xApt2Short": 0.0034812442142908608,
    "xDur1Short": 196.38149610044115,
    "xDur2Short": 680.290744466279,
    "cdPctLong": 0.0020873979173489463,
    "cdPeriodLong": 71.98136914580884,
    "cdPctShort": 0.004113152811418453,
    "cdPeriodShort": 10.0,
    "xCdPctShort": 0.009650815155062374,
    "xCdPeriodShort": 94.91087874001437,
    "xMinBetween": 5.6957920991370505,
    "slLong": 0.0752314585166426,
    "slShort": 0.11040042514684399,
    "leverage": 9.57927551883559,
    "vRsi": 0.0,
    "vMacd": 1.0,
    "vBB": 3.0,
    "vEmaUp": 2.0,
    "vEmaDn": 3.0,
    "vX": 4.0,
    "vHistN": 1.0,
    "trendBlockZ": 99.0,
    "eL3": 0.0,
    "eS3": 1.0,
    "eXL": 1.0,
    "eXS": 0.0,
    "requireHistPos": 1.0
   },
   {
    "zL": -1.6137790407699855,
    "zS": 2.277560592317562,
    "zXS": 2.535065346267077,
    "zXLmax": 0.35087550647048155,
    "rsiValLong": 85.0,
    "rsiValShort": 87.28283815022192,
    "bbValLong": -0.35,
    "bbValShort": 0.6,
    "ptLong": 0.01331613889829003,
    "apt1Long": 0.018002774212772625,
    "apt2Long": 0.001884556619097799,
    "dur1Long": 23.34733568329566,
    "dur2Long": 153.92167125821163,
    "ptShort": 0.023117489267874887,
    "apt1Short": 0.0018562418426682614,
    "apt2Short": 0.004836963170764208,
    "dur1Short": 44.25184883906613,
    "dur2Short": 149.05199592468244,
    "xTpLong": 0.015573972089381004,
    "xApt1Long": 0.015,
    "xApt2Long": 0.005655713067755792,
    "xDur1Long": 130.1308784911716,
    "xDur2Long": 404.4313633890706,
    "xTpShort": 0.017692684515080975,
    "xApt1Short": 0.003979609095924772,
    "xApt2Short": 0.0035778024704282317,
    "xDur1Short": 193.0443878581115,
    "xDur2Short": 87.8407574796534,
    "cdPctLong": 0.001020944082121977,
    "cdPeriodLong": 218.02070681129825,
    "cdPctShort": 0.0009462821464333497,
    "cdPeriodShort": 138.64905425389608,
    "xCdPctShort": 0.007053168690813751,
    "xCdPeriodShort": 112.71047531417716,
    "xMinBetween": 28.609284710650545,
    "slLong": 0.031268240866904114,
    "slShort": 0.12,
    "leverage": 1.7384547868579352,
    "vRsi": 0.0,
    "vMacd": 2.0,
    "vBB": 3.0,
    "vEmaUp": 3.0,
    "vEmaDn": 1.0,
    "vX": 0.0,