{
 "cand": {
  "strategy": "v7",
  "mode": "spot",
  "regs": [
   {
    "zL": -2.442141599422062,
    "zS": 1.70594127717129,
    "zXS": 1.6102726504868876,
    "zXLmax": -1.6543278161315682,
    "rsiValLong": 41.565052239531134,
    "rsiValShort": 85.32796352709067,
    "bbValLong": 0.08571781649615787,
    "bbValShort": 0.668728991773284,
    "ptLong": 0.010435353356762165,
    "apt1Long": 0.001,
    "apt2Long": 0.0036309867358178738,
    "dur1Long": 39.67410794712213,
    "dur2Long": 286.7065577476945,
    "ptShort": 0.01833153729036395,
    "apt1Short": 0.006783538887075832,
    "apt2Short": 0.0010708372553756224,
    "dur1Short": 4.357019128787881,
    "dur2Short": 320.4047046651763,
    "xTpLong": 0.001,
    "xApt1Long": 0.013362741892476887,
    "xApt2Long": 0.006759487889742856,
    "xDur1Long": 155.75429926382665,
    "xDur2Long": 720.0,
    "xTpShort": 0.015908969110201884,
    "xApt1Short": 0.011681566105211556,
    "xApt2Short": 0.0021452124655428942,
    "xDur1Short": 98.77823567121789,
    "xDur2Short": 129.7411018576222,
    "cdPctLong": 0.005072946778857794,
    "cdPeriodLong": 21.18430483747381,
    "cdPctShort": 0.007474793543809092,
    "cdPeriodShort": 155.1773688270619,
    "xCdPctShort": 0.008099398420554774,
    "xCdPeriodShort": 24.03818761341269,
    "xMinBetween": 29.39746353688036,
    "slLong": 0.08247147532696499,
    "slShort": 0.09686599379766209,
    "leverage": 1.0,
    "vRsi": 1.0,
    "vMacd": 1.0,
    "vBB": 1.0,
    "vEmaUp": 3.0,
    "vEmaDn": 0.0,
    "vX": 3.0,
    "vHistN": 2.0,
    "trendBlockZ": 3.0,
    "eL3": 1.0,
    "eS3": 0.0,
    "eXL": 0.0,
    "eXS": 0.0,
    "requireHistPos": 0.0
   },
   {
    "zL": -1.1671694806356756,
    "zS": 2.9640252746588582,
    "zXS": 2.3150183808399354,
    "zXLmax": -2.333223927598781,
    "rsiValLong": 85.0,
    "rsiValShort": 59.706366248405246,
    "bbValLong": 0.08234933705634298,
    "bbValShort": 1.25,
    "ptLong": 0.029535167128111408,
    "apt1Long": 0.013424812683476749,
    "apt2Long": 0.012154536070649072,
    "dur1Long": 9.691636642184541,
    "dur2Long": 259.32317361927176,
    "ptShort": 0.020470532637035074,
    "apt1Short": 0.009538639703939592,
    "apt2Short": 0.0006406469138075549,
    "dur1Short": 57.5399309396047,
    "dur2Short": 259.0735442388824,
    "xTpLong": 0.02,
    "xApt1Long": 0.008443881665847194,
    "xApt2Long": 0.004248006605546443,
    "xDur1Long": 199.30967195698318,
    "xDur2Long": 371.2918053504498,
    "xTpShort": 0.02,
    "xApt1Short": 0.005994324092864521,
    "xApt2Short": 0.004685878816552597,
    "xDur1Short": 71.4850263486727,
    "xDur2Short": 171.24672872880478,
    "cdPctLong": 0.005750753861687462,
    "cdPeriodLong": 240.0,
    "cdPctShort": 0.009356066155102932,
    "cdPeriodShort": 103.64991197819369,
    "xCdPctShort": 0.0025466401470601225,
    "xCdPeriodShort": 103.29070235426573,
    "xMinBetween": 5.878770565536648,
    "slLong": 0.06688359321692677,
    "slShort": 0.07644755067347371,
    "leverage": 1.0,
    "vRsi": 1.0,
    "vMacd": 0.0,
    "vBB": 2.0,
    "vEmaUp": 3.0,
    "vEmaDn": 1.0,
    "vX": 1.0,
    "vHistN": 2.0,
    "trendBlockZ": 99.0,
    "eL3": 1.0,
    "eS3": 0.0,
    "eXL": 1.0,
    "eXS": 0.0,
    "requireHistPos": 1.0
   },
   {
    "zL": -2.1732074233456298,
    "zS": 2.825072453738493,
    "zXS": 2.4669510201908764,
    "zXLmax": 0.5,
    "rsiValLong": 54.72292507388664,
    "rsiValShort": 72.60783479459693,
    "bbValLong": 0.17295712754804005,
    "bbValShort": 0.7360879927226477,
    "ptLong": 0.008870431086391121,
    "apt1Long": 0.009390094696672112,
    "apt2Long": 0.005891333450127485,
    "dur1Long": 85.83236208302509,
    "dur2Long": 309.18037178862227,
    "ptShort": 0.015925665899765122,
    "apt1Short": 0.013489355308545017,
    "apt2Short": 0.011957868821073324,
    "dur1Short": 1.566080738149381,
    "dur2Short": 121.99809263107537,
    "xTpLong": 0.016462267169192323,
    "xApt1Long": 0.010421391227404845,
    "xApt2Long": 0.007729484371865657,
    "xDur1Long": 169.03401172024473,
    "xDur2Long": 269.1650993119083,
    "xTpShort": 0.012784215561989602,
    "xApt1Short": 0.00898746867603001,
    "xApt2Short": 0.007045311387754555,
    "xDur1Short": 185.05074054357107,
    "xDur2Short": 287.8710180642576,
    "cdPctLong": 0.011139740704333571,
    "cdPeriodLong": 81.96883397285715,
    "cdPctShort": 0.008105407608711207,
    "cdPeriodShort": 200.37082280057126,
    "xCdPctShort": 0.005332995832382642,
    "xCdPeriodShort": 76.51773672016564,
    "xMinBetween": 26.6353257151294,
    "slLong": 0.09404039501019935,
    "slShort": 0.054382813056201955,
    "leverage": 1.0,
    "vRsi": 3.0,
    "vMacd": 0.0,
    "vBB": 0.0,
    "vEmaUp": 2.0,
    "vEmaDn": 1.0,
    "vX": 1.0,
    "vHistN": 1.0,
    "trendBlockZ": 99.0,
    "eL3": 1.0,
    "eS3": 0.0,
    "eXL": 1.0,
    "eXS": 0.0,
    "requireHistPos": 0.0
   }
  ]
 },
 "metrics": {
  "n": 295,
  "months": 14.81640625,
  "eq": 10195.14544534984,
  "growth": 0.15671220342422665,
  "liq": false,
  "maxdd": 0.20425017818317173,
  "tpm": 19.910361191668862,
  "sl_hits": 11,
  "worst_mae": -0.14296507157022786,
  "win": 0.9593220338983051,
  "score": 0.1339778658500152
 },
 "strategy": "v7",
 "mode": "spot",
 "method": "volume3",
 "algo": "genetic",
 "per_regime": true,
 "train_end": "2025-09-01",
 "evaluated": 9680,
 "generated": "2026-07-02 06:24",
 "holdout": {
  "n": 141,
  "months": 9.656661184210527,
  "eq": 481.3310313234782,
  "growth": -0.07571975622106715,
  "liq": false,
  "maxdd": 0.5036359639809278,
  "tpm": 14.601319991483924,
  "sl_hits": 21,
  "worst_mae": -0.13515109754897137,
  "win": 0.851063829787234,
  "score": -0.10752894828774714
 }
}