{
 "cand": {
  "strategy": "macdx",
  "tpL": [
   0.010666713977539759,
   0.015768643892608174,
   0.015376398250263778
  ],
  "tpS": [
   0.010034219161665893,
   0.0134530947427666,
   0.017808878267851415
  ],
  "slL": [
   0.06,
   0.06,
   0.06
  ],
  "slS": [
   0.01576433529466169,
   0.022472061205730812,
   0.03246928998585891
  ],
  "minT": [
   59.73038109642962,
   42.96566348585853,
   42.51089997645402
  ],
  "mMinS": [
   0.5643573352491157,
   0.574828601137356,
   0.41600597614865864
  ],
  "mMaxL": [
   -0.37914071492961393,
   -0.3190169158882276,
   -0.34905619267972415
  ],
  "hrb": [
   5.0,
   6.0,
   6.0
  ],
  "reqH": [
   0.0,
   0.0,
   0.0
  ],
  "a1L": [
   0.008784602853232066,
   0.008601986833699747,
   0.011489427504324794
  ],
  "a2L": [
   0.0062816904114225535,
   0.007101626460304595,
   0.005382746218087516
  ],
  "d1L": [
   5.460712519515763,
   16.38443888326621,
   8.212045227576215
  ],
  "d2L": [
   70.62229736687702,
   23.37601534476172,
   21.40805571764329
  ],
  "cdPL": [
   0.005994392733664523,
   0.004822897711478752,
   0.008391627762299542
  ],
  "cdTL": [
   5.805915153290826,
   5.726740962716217,
   7.652951820674353
  ],
  "a1S": [
   0.005037432112685527,
   0.007677481028828315,
   0.013099832677146404
  ],
  "a2S": [
   0.003091990831372419,
   0.004606488617296988,
   0.007859899606287841
  ],
  "d1S": [
   0.9205474310090442,
   0.8927400257759097,
   0.0
  ],
  "d2S": [
   11.200178173896004,
   13.293915584916498,
   10.878792416975093
  ],
  "cdPS": [
   0.03584856209371402,
   0.03729116548462373,
   0.041365731599106906
  ],
  "cdTS": [
   180.09145860679624,
   214.19385996585953,
   226.97447089036845
  ],
  "eL": [
   0.0,
   1.0,
   1.0
  ],
  "eS": [
   0.0,
   1.0,
   1.0
  ],
  "lev": [
   1.0,
   5.0,
   2.0
  ]
 },
 "metrics": {
  "n": 122,
  "months": 12.555235745614036,
  "eq": 104667.77195878656,
  "growth": 0.3704264381435337,
  "liq": false,
  "maxdd": 0.2661091663425389,
  "tpm": 9.717061668285972,
  "sl_hits": 7,
  "worst_mae": -0.04984214415261645,
  "win": 0.9426229508196722,
  "max_hold_days": 2.94375,
  "in_market": 0.10272589325677106,
  "score": 0.1730759664503569
 },
 "strategy": "macdx",
 "mode": "lev",
 "method": "vol3",
 "algo": "refine",
 "per_regime": true,
 "train_end": null,
 "holdout_days": 21.0,
 "max_dd": 0.4,
 "max_hold_days": 5.0,
 "gap_mode": "skip_contaminated",
 "scoring": "classic",
 "anchor": null,
 "anchor_strength": 0.0,
 "evaluated": 50400,
 "generated": "2026-07-21 00:51",
 "holdout": {
  "n": 112,
  "months": 11.91467927631579,
  "eq": 1442.1181544489484,
  "growth": 0.030727891612812388,
  "liq": false,
  "maxdd": 0.726887825047375,
  "tpm": 9.400169102548617,
  "sl_hits": 21,
  "worst_mae": -0.07248416608022523,
  "win": 0.8035714285714286,
  "max_hold_days": 2.908333333333333,
  "in_market": 0.1181589678992747,
  "score": -0.04404045206206272
 },
 "holdout_scan": {
  "scanned": 10,
  "pool": 596,
  "reservoir": 296,
  "survivors": 10
 },
 "holdout_survivors": [
  {
   "rank": 9,
   "train_score": 0.17267826590020793,
   "holdout": {
    "n": 113,
    "months": 11.91467927631579,
    "eq": 1547.9259572179942,
    "growth": 0.036670390585969694,
    "liq": false,
    "maxdd": 0.7276459802368902,
    "tpm": 9.484099183821373,
    "sl_hits": 21,
    "worst_mae": -0.07248416608022523,
    "win": 0.8053097345132744,
    "max_hold_days": 2.908333333333333,
    "in_market": 0.11875140199817093,
    "score": -0.0415534087552103
   }
  },
  {
   "rank": 1,
   "train_score": 0.1730759664503569,
   "holdout": {
    "n": 112,
    "months": 11.91467927631579,
    "eq": 1442.1181544489484,
    "growth": 0.030727891612812388,
    "liq": false,
    "maxdd": 0.726887825047375,
    "tpm": 9.400169102548617,
    "sl_hits": 21,
    "worst_mae": -0.07248416608022523,
    "win": 0.8035714285714286,
    "max_hold_days": 2.908333333333333,
    "in_market": 0.1181589678992747,
    "score": -0.04404045206206272
   }
  },
  {
   "rank": 4,
   "train_score": 0.17279381552786527,
   "holdout": {
    "n": 112,
    "months": 11.91467927631579,
    "eq": 1424.2914908225544,
    "growth": 0.02968392874462569,
    "liq": false,
    "maxdd": 0.7276459802368902,
    "tpm": 9.400169102548617,
    "sl_hits": 21,
    "worst_mae": -0.07248416608022523,
    "win": 0.8035714285714286,
    "max_hold_days": 2.908333333333333,
    "in_market": 0.11799791785297281,
    "score": -0.044665951834759694
   }
  },
  {
   "rank": 6,
   "train_score": 0.17267826590020793,
   "holdout": {
    "n": 112,
    "months": 11.91467927631579,
    "eq": 1418.3062404341877,
    "growth": 0.02933048915071604,
    "liq": false,
    "maxdd": 0.7276459802368908,
    "tpm": 9.400169102548617,
    "sl_hits": 21,
    "worst_mae": -0.07248416608022523,
    "win": 0.8035714285714286,
    "max_hold_days": 2.908333333333333,
    "in_market": 0.11807844287612375,
    "score": -0.04483692505444062
   }
  },
  {
   "rank": 7,
   "train_score": 0.17267826590020793,
   "holdout": {
    "n": 112,
    "months": 11.91467927631579,
    "eq": 1418.3062404341877,
    "growth": 0.02933048915071604,
    "liq": false,
    "maxdd": 0.7276459802368908,
    "tpm": 9.400169102548617,
    "sl_hits": 21,
    "worst_mae": -0.07248416608022523,
    "win": 0.8035714285714286,
    "max_hold_days": 2.908333333333333,
    "in_market": 0.11807844287612375,
    "score": -0.04483692505444062
   }
  },
  {
   "rank": 8,
   "train_score": 0.17267826590020793,
   "holdout": {
    "n": 112,
    "months": 11.91467927631579,
    "eq": 1418.3062404341877,
    "growth": 0.02933048915071604,
    "liq": false,
    "maxdd": 0.7276459802368908,
    "tpm": 9.400169102548617,
    "sl_hits": 21,
    "worst_mae": -0.07248416608022523,
    "win": 0.8035714285714286,
    "max_hold_days": 2.908333333333333,
    "in_market": 0.11807844287612375,
    "score": -0.04483692505444062
   }
  },
  {
   "rank": 10,
   "train_score": 0.17267826590020793,
   "holdout": {
    "n": 112,
    "months": 11.91467927631579,
    "eq": 1418.3062404341877,
    "growth": 0.02933048915071604,
    "liq": false,
    "maxdd": 0.7276459802368908,
    "tpm": 9.400169102548617,
    "sl_hits": 21,
    "worst_mae": -0.07248416608022523,
    "win": 0.8035714285714286,
    "max_hold_days": 2.908333333333333,
    "in_market": 0.11807844287612375,
    "score": -0.04483692505444062
   }
  },
  {
   "rank": 2,
   "train_score": 0.17284203336618065,
   "holdout": {
    "n": 112,
    "months": 11.91467927631579,
    "eq": 1264.5399436438406,
    "growth": 0.01969909299901502,
    "liq": false,
    "maxdd": 0.7604884320154202,
    "tpm": 9.400169102548617,
    "sl_hits": 22,
    "worst_mae": -0.07248416608022523,
    "win": 0.7946428571428571,
    "max_hold_days": 2.908333333333333,
    "in_market": 0.11584099759000109,
    "score": -0.05154872128697154
   }
  },
  {
   "rank": 5,
   "train_score": 0.1727303287729419,
   "holdout": {
    "n": 113,
    "months": 11.91467927631579,
    "eq": 1232.4111790466502,
    "growth": 0.017539083831741933,
    "liq": false,
    "maxdd": 0.760628385645158,
    "tpm": 9.484099183821373,
    "sl_hits": 22,
    "worst_mae": -0.07248416608022523,
    "win": 0.7964601769911505,
    "max_hold_days": 2.908333333333333,
    "in_market": 0.11792889640455771,
    "score": -0.05111845580133639
   }
  },
  {
   "rank": 3,
   "train_score": 0.17281281594823358,
   "holdout": {
    "n": 111,
    "months": 11.91467927631579,
    "eq": 947.0507026987497,
    "growth": -0.004566018575157546,
    "liq": false,
    "maxdd": 0.7942610469634678,
    "tpm": 9.316239021275862,
    "sl_hits": 21,
    "worst_mae": -0.09828500538491936,
    "win": 0.7927927927927928,
    "max_hold_days": 4.870833333333334,
    "in_market": 0.1275228777342559,
    "score": -0.06460469384182155
   }
  }
 ],
 "holdout_top10": [
  {
   "rank": 9,
   "train_score": 0.17267826590020793,
   "holdout": {
    "n": 113,
    "months": 11.91467927631579,
    "eq": 1547.9259572179942,