{
 "cand": {
  "strategy": "v7",
  "mode": "lev",
  "regs": [
   {
    "eS3": 0.0,
    "leverage": 1.0,
    "apt1Long": 0.00713684401458249,
    "zL": -1.361701408083391,
    "xApt1Long": 0.011671654356517744,
    "vHistN": 3.0,
    "slShort": 0.011724276743262502,
    "xDur1Long": 33.63773811899363,
    "dur2Short": 328.9063318625904,
    "zXLmax": 0.22669580830521058,
    "cdPctShort": 0.001269866632966058,
    "xCdPctShort": 0.0034265513208212436,
    "apt1Short": 0.0030833460703605263,
    "slLong": 0.00979127080103679,
    "eXL": 0.0,
    "requireHistPos": 1.0,
    "ptShort": 0.004781938637992048,
    "eXS": 1.0,
    "apt2Short": 0.0032120126483697583,
    "bbValLong": -0.2850502725345249,
    "vEmaDn": 4.0,
    "cdPctLong": 0.009450701521815593,
    "vX": 3.0,
    "xApt2Long": 0.0067616916864372675,
    "zS": 2.876588565110193,
    "vMacd": 0.0,
    "dur1Short": 43.29354124633279,
    "dur1Long": 89.58981203625474,
    "xApt2Short": 0.00254379815881529,
    "eL3": 1.0,
    "xTpShort": 0.018525108259203355,
    "vRsi": 5.0,
    "dur2Long": 230.72468621493397,
    "zXS": 2.768917636513961,
    "xMinBetween": 4.720090190339547,
    "xCdPeriodShort": 44.296086057191914,
    "apt2Long": 0.005086149905641074,
    "rsiValShort": 72.10483644194291,
    "xDur2Long": 278.4800065870429,
    "cdPeriodShort": 191.36542586450412,
    "ptLong": 0.007471405651054022,
    "cdPeriodLong": 23.558815099777213,
    "vBB": 1.0,
    "rsiValLong": 32.45396423482347,
    "bbValShort": 1.240686344913578,
    "xTpLong": 0.004353069659956557,
    "trendBlockZ": 2.0,
    "xDur1Short": 158.59986784077608,
    "vEmaUp": 0.0,
    "xApt1Short": 0.015,
    "xDur2Short": 646.1780844171979
   },
   {
    "eS3": 0.0,
    "leverage": 4.0,
    "apt1Long": 0.0042811738456247405,
    "zL": -1.6958337577028841,
    "xApt1Long": 0.012248013383342126,
    "vHistN": 1.0,
    "slShort": 0.04,
    "xDur1Long": 240.0,
    "dur2Short": 273.5148542515915,
    "zXLmax": -1.6205948140988038,
    "cdPctShort": 0.009334990996092286,
    "xCdPctShort": 0.0036465194111096663,
    "apt1Short": 0.006362918987974806,
    "slLong": 0.04,
    "eXL": 1.0,
    "requireHistPos": 0.0,
    "ptShort": 0.0030170315993227276,
    "eXS": 1.0,
    "apt2Short": 0.001566408393559084,
    "bbValLong": -0.03988644477212108,
    "vEmaDn": 3.0,
    "cdPctLong": 0.0086507540537359,
    "vX": 1.0,
    "xApt2Long": 0.01,
    "zS": 2.4847612153187257,
    "vMacd": 0.0,
    "dur1Short": 39.205699277292425,
    "dur1Long": 26.437945599054082,
    "xApt2Short": 0.01,
    "eL3": 1.0,
    "xTpShort": 0.012353380091220558,
    "vRsi": 5.0,
    "dur2Long": 201.53805852075655,
    "zXS": 1.3713386158245247,
    "xMinBetween": 28.905043934029905,
    "xCdPeriodShort": 91.65894594679905,
    "apt2Long": 0.015,
    "rsiValShort": 81.93612213698928,
    "xDur2Long": 607.7948170621399,
    "cdPeriodShort": 183.41833882455282,
    "ptLong": 0.0028429362171106497,
    "cdPeriodLong": 189.70407479856829,
    "vBB": 1.0,
    "rsiValLong": 78.15211851931133,
    "bbValShort": 1.12456414480064,
    "xTpLong": 0.019589931341238702,
    "trendBlockZ": 3.0,
    "xDur1Short": 240.0,
    "vEmaUp": 3.0,
    "xApt1Short": 0.004456828938112943,
    "xDur2Short": 438.2699481947456
   },
   {
    "eS3": 0.0,
    "leverage": 3.0,
    "apt1Long": 0.011943806161592834,
    "zL": -2.9893653547332644,
    "xApt1Long": 0.007573612577313017,
    "vHistN": 0.0,
    "slShort": 0.0361006247795796,
    "xDur1Long": 190.84405193915958,
    "dur2Short": 84.4921858201062,
    "zXLmax": -2.5,
    "cdPctShort": 0.0006911482094454765,
    "xCdPctShort": 0.0022346904555588017,
    "apt1Short": 0.014945741741496543,
    "slLong": 0.02733973788452839,
    "eXL": 1.0,
    "requireHistPos": 0.0,
    "ptShort": 0.012946408387435247,
    "eXS": 1.0,
    "apt2Short": 0.004730856264339729,
    "bbValLong": 0.1565344618151396,
    "vEmaDn": 1.0,
    "cdPctLong": 0.0005194686069785292,
    "vX": 4.0,
    "xApt2Long": 0.01,
    "zS": 2.4855867739900286,
    "vMacd": 4.0,
    "dur1Short": 37.663043755248125,
    "dur1Long": 61.434484172666146,
    "xApt2Short": 0.003647422097447941,
    "eL3": 0.0,
    "xTpShort": 0.02,
    "vRsi": 5.0,
    "dur2Long": 320.8324945177243,
    "zXS": 1.2785420089741102,
    "xMinBetween": 19.76157009580808,
    "xCdPeriodShort": 3.0,
    "apt2Long": 0.009647147683443779,
    "rsiValShort": 63.855808285099954,
    "xDur2Long": 253.43500530018986,
    "cdPeriodShort": 27.362330397416947,
    "ptLong": 0.013195570448800936,
    "cdPeriodLong": 179.94322759661986,
    "vBB": 0.0,
    "rsiValLong": 85.0,
    "bbValShort": 0.707152183573614,
    "xTpLong": 0.01224658942033966,
    "trendBlockZ": 2.0,
    "xDur1Short": 233.5757812417259,
    "vEmaUp": 2.0,
    "xApt1Short": 0.0033639667360449974,
    "xDur2Short": 720.0
   }
  ],
  "lev_stops": true
 },
 "metrics": {
  "n": 226,
  "months": 12.555235745614036,
  "eq": 538358.5655460543,
  "growth": 0.5008687167877681,
  "liq": false,
  "maxdd": 0.32537519628336486,
  "tpm": 18.000458500267456,
  "sl_hits": 24,
  "worst_mae": -0.0693427230046948,
  "win": 0.8938053097345132,
  "max_hold_days": 1.51875,
  "in_market": 0.15210200539283647,
  "score": 0.2433952248168655
 },
 "strategy": "v7",
 "mode": "lev",
 "method": "vol3",
 "algo": "genetic",
 "per_regime": true,
 "train_end": null,
 "holdout_days": 21.0,
 "max_dd": 0.55,
 "max_hold_days": 5.0,
 "gap_mode": "skip_contaminated",
 "scoring": "classic",
 "anchor": null,
 "anchor_strength": 0.0,
 "evaluated": 100800,
 "generated": "2026-07-21 01:03",
 "holdout": {
  "n": 209,
  "months": 11.91467927631579,
  "eq": 270.2300637893173,
  "growth": -0.10982096658675371,
  "liq": false,
  "maxdd": 0.40893229451055185,
  "tpm": 17.5413869860059,
  "sl_hits": 56,
  "worst_mae": -0.10973242492292468,
  "win": 0.7320574162679426,
  "max_hold_days": 2.60625,
  "in_market": 0.17426190188601107,
  "score": -0.09381353282101416
 },
 "holdout_scan": {
  "scanned": 10,
  "pool": 469,
  "reservoir": 169,
  "survivors": 10
 },
 "holdout_survivors": [
  {
   "rank": 10,
   "train_score": 0.23454535646835006,
   "holdout": {
    "n": 206,
    "months": 11.91467927631579,
    "eq": 491.2805218537563,
    "growth": -0.059652464849937296,
    "liq": false,
    "maxdd": 0.41799567518009,
    "tpm": 17.289596742187634,
    "sl_hits": 47,
    "worst_mae": -0.10973242492292468,
    "win": 0.7718446601941747,
    "max_hold_days": 2.595833333333333,
    "in_market": 0.17162758327150163,
    "score": -0.0758282890423047
   }
  },
  {
   "rank": 5,
   "train_score": 0.23641591631780542,
   "holdout": {
    "n": 230,
    "months": 11.91467927631579,
    "eq": 478.9609345313074,
    "growth": -0.06178397455166878,
    "liq": false,
    "maxdd": 0.4421400482319642,
    "tpm": 19.303918692733767,
    "sl_hits": 51,
    "worst_mae": -0.10973242492292468,
    "win": 0.7782608695652173,
    "max_hold_days": 2.316666666666667,
    "in_market": 0.17434817869652994,
    "score": -0.07889075721243474
   }
  },
  {
   "rank": 4,
   "train_score": 0.23727732572072552,
   "holdout": {
    "n": 207,
    "months": 11.91467927631579,
    "eq": 475.0323902389133,
    "growth": -0.06247522656991225,
    "liq": false,
    "maxdd": 0.4395451518512379,
    "tpm": 17.37352682346039,
    "sl_hits": 49,
    "worst_mae": -0.10973242492292468,
    "win": 0.7632850241545893,
    "max_hold_days": 3.002083333333333,
    "in_market": 0.17794304580148282,
    "score": -0.07982447975215157
   }
  },
  {
   "rank": 6,
   "train_score": 0.23614473110254974,
   "holdout": {
    "n": 211,
    "months": 11.91467927631579,
    "eq": 418.0737385870851,
    "growth": -0.07319521018462972,
    "liq": false,
    "maxdd": 0.4197981314260928,
    "tpm": 17.709247148551412,
    "sl_hits": 48,
    "worst_mae": -0.10973242492292468,
    "win": 0.7725118483412322,
    "max_hold_days": 2.595833333333333,
    "in_market": 0.17253061388826577,
    "score": -0.084414677642902
   }
  },
  {
   "rank": 9,