{"job": {"strategy": "v6", "mode": "lev", "method": "vol3", "window": 182, "fold_idx": 13, "n_samples": 350, "seed": 573834}, "status": "ok", "n_feasible": 66, "cand": {"strategy": "v6", "tv": 0, "zL": [-1.84, -1.8167, -1.72], "zS": [1.8573, 1.5721, 1.643], "zXS": [1.7135, 2.0676, 1.7599], "zXLmax": [-20.2702, -20.2384, -20.3624], "ptScale": [2.0976, 2.1753, 2.0222], "eS3": [1.0, 1.0, 1.0], "eXS": [1.0, 1.0, 1.0], "lev": [3.0222, 3.3268, 3.5786], "sl": 0.0}, "train": {"n": 60, "months": 5.755276864035088, "eq": 3804.0105653033834, "growth": 0.2321445090587631, "liq": false, "maxdd": 0.6100416787710853, "tpm": 10.425215227253783, "sl_hits": 0, "worst_mae": -0.18844792423638634, "win": 0.95, "score": 0.19219350734940102}, "oos": {"n": 7, "months": 0.920984100877193, "eq": 1131.0396905139628, "growth": 0.1337018627070482, "liq": false, "maxdd": 0.32962785900827235, "tpm": 7.600565518267729, "sl_hits": 0, "worst_mae": -0.09623969130665055, "win": 0.8571428571428571, "score": 0.1337018627070482}, "elapsed": 1.0735108852386475}