{"job": {"strategy": "v6", "mode": "lev", "method": "vol3", "window": 182, "fold_idx": 2, "n_samples": 350, "seed": 573834}, "status": "ok", "n_feasible": 243, "cand": {"strategy": "v6", "tv": 1, "zL": [-1.6072415241726647, -1.1891426816636332, -1.147079026344621], "zS": [0.9, 0.9, 0.9070751590963126], "zXS": [1.7061831985840368, 2.405618621265301, 2.629877565270841], "zXLmax": [-99.0, -99.0, -99.0], "ptScale": [1.2096406236345016, 1.0543184541991657, 1.5474316527128276], "eS3": [0.0, 1.0, 1.0], "eXS": [0.0, 1.0, 1.0], "lev": [10.0, 8.077327383965109, 9.228370452807553], "sl": 0.0}, "train": {"n": 47, "months": 1.842859100877193, "eq": 10565.037244674793, "growth": 1.2792894341343253, "liq": false, "maxdd": 0.6472755310229698, "tpm": 25.503848871369602, "sl_hits": 0, "worst_mae": -0.07013437364542696, "win": 1.0, "score": 0.6375676158115556}, "oos": {"n": 6, "months": 0.9100877192982456, "eq": 0.0, "growth": -30.360832840634743, "liq": true, "maxdd": 1.0000000000000002, "tpm": 6.5927710843373495, "sl_hits": 0, "worst_mae": -0.11580332657868653, "win": 0.8333333333333334, "score": -30.360832840634743}, "elapsed": 0.7200379371643066}