{"job": {"strategy": "v6", "mode": "lev", "method": "vol3", "window": 182, "fold_idx": 0, "n_samples": 350, "seed": 573834}, "status": "ok", "n_feasible": 229, "cand": {"strategy": "v6", "tv": 1, "zL": [-1.2231, -1.1359, -1.5787], "zS": [1.7168, 1.7693, 1.7179], "zXS": [2.1953, 2.2309, 1.9976], "zXLmax": [-40.0055, -40.0124, -39.8875], "ptScale": [2.0621, 1.8932, 2.0688], "eS3": [1.0, 1.0, 1.0], "eXS": [1.0, 1.0, 1.0], "lev": [9.5913, 9.5748, 8.3474], "sl": 0.0}, "train": {"n": 12, "months": 0.6162280701754386, "eq": 2619.773333454927, "growth": 1.5628755759337096, "liq": false, "maxdd": 0.4129009206130921, "tpm": 19.473309608540927, "sl_hits": 0, "worst_mae": -0.03984777790389926, "win": 1.0, "score": 1.5628755759337096}, "oos": {"n": 20, "months": 0.9209155701754386, "eq": 3384.5871920166474, "growth": 1.323934556300659, "liq": false, "maxdd": 0.31491242310818524, "tpm": 21.717517487721388, "sl_hits": 0, "worst_mae": -0.030755864465681904, "win": 1.0, "score": 1.323934556300659}, "elapsed": 0.5716845989227295}