{"job": {"strategy": "v6", "mode": "lev", "method": "vol3", "window": 182, "fold_idx": 10, "n_samples": 350, "seed": 573834}, "status": "ok", "n_feasible": 85, "cand": {"strategy": "v6", "tv": 1, "zL": [-1.6451045094087664, -1.6287272537057207, -1.5133064310255304], "zS": [1.606485539946395, 2.6, 2.1833169092092612], "zXS": [2.3353393214256237, 1.9355617115706814, 2.2696958129473286], "zXLmax": [-0.9474835432922927, -1.0155213209378313, -1.3182370132817316], "ptScale": [2.0743353651497984, 2.237637726716719, 1.7102053102606662], "eS3": [1.0, 1.0, 1.0], "eXS": [1.0, 1.0, 1.0], "lev": [5.8533530988338835, 7.863452274229533, 7.566393074827667], "sl": 0.0}, "train": {"n": 84, "months": 5.9493558114035086, "eq": 64512.49870407493, "growth": 0.7003882631124522, "liq": false, "maxdd": 0.7528579376479914, "tpm": 14.119175699492011, "sl_hits": 0, "worst_mae": -0.11553758451544471, "win": 0.9642857142857143, "score": 0.5679627643308651}, "oos": {"n": 9, "months": 0.8395696271929824, "eq": 0.0, "growth": -32.910934627673605, "liq": true, "maxdd": 1.0, "tpm": 10.719777977307976, "sl_hits": 0, "worst_mae": -0.16284224770229938, "win": 0.8888888888888888, "score": -32.910934627673605}, "elapsed": 1.0468554496765137}