{"job": {"strategy": "v6", "mode": "lev", "method": "vol3", "window": 182, "fold_idx": 19, "n_samples": 350, "seed": 573834}, "status": "ok", "n_feasible": 68, "cand": {"strategy": "v6", "tv": 1, "zL": [-1.5185, -1.5406, -1.5902], "zS": [1.6213, 1.7137, 1.6189], "zXS": [1.5484, 1.6389, 1.6544], "zXLmax": [-39.9128, -39.9975, -39.916], "ptScale": [1.8627, 2.073, 1.8362], "eS3": [1.0, 1.0, 1.0], "eXS": [1.0, 1.0, 1.0], "lev": [3.4884, 4.6481, 4.8064], "sl": 0.0}, "train": {"n": 66, "months": 5.853892543859649, "eq": 5491.374858816959, "growth": 0.2909480556852202, "liq": false, "maxdd": 0.7047417437601353, "tpm": 11.274549285881527, "sl_hits": 0, "worst_mae": -0.20531518392480952, "win": 0.9545454545454546, "score": 0.23045311537465674}, "oos": {"n": 23, "months": 0.9207785087719298, "eq": 1898.007800788958, "growth": 0.6959380611941851, "liq": false, "maxdd": 0.2534354238700992, "tpm": 24.97886275677285, "sl_hits": 0, "worst_mae": -0.05790618955512583, "win": 0.9130434782608695, "score": 0.6959380611941851}, "elapsed": 0.8652594089508057}