{"job": {"strategy": "v6", "mode": "lev", "method": "vol3", "window": 182, "fold_idx": 5, "n_samples": 350, "seed": 573834}, "status": "ok", "n_feasible": 101, "cand": {"strategy": "v6", "tv": 0, "zL": [-2.0614, -1.8394, -1.514], "zS": [1.7194, 1.9589, 1.9302], "zXS": [1.7495, 2.2042, 2.1223], "zXLmax": [-99.0, -99.0, -99.0], "ptScale": [1.4956, 1.5056, 1.7245], "eS3": [1.0, 1.0, 1.0], "eXS": [1.0, 1.0, 1.0], "lev": [6.9539, 7.4869, 6.7994], "sl": 0.0}, "train": {"n": 58, "months": 4.5858004385964914, "eq": 10197.093467104689, "growth": 0.5063680281273493, "liq": false, "maxdd": 0.6617831389906336, "tpm": 12.647737461892522, "sl_hits": 0, "worst_mae": -0.09656968743856886, "win": 0.9655172413793104, "score": 0.3976174919458453}, "oos": {"n": 12, "months": 0.9084429824561403, "eq": 1767.6923793809174, "growth": 0.6270893897752027, "liq": false, "maxdd": 0.2977276419324818, "tpm": 13.209414604707304, "sl_hits": 0, "worst_mae": -0.04222372651886963, "win": 1.0, "score": 0.6270893897752027}, "elapsed": 0.9668285846710205}