{"job": {"strategy": "v6", "mode": "lev", "method": "vol3", "window": 182, "fold_idx": 18, "n_samples": 350, "seed": 573834}, "status": "ok", "n_feasible": 59, "cand": {"strategy": "v6", "tv": 1, "zL": [-2.2374, -2.0172, -2.2173], "zS": [1.2791, 1.4004, 1.5549], "zXS": [2.3767, 1.8309, 2.2933], "zXLmax": [-99.0, -99.0, -99.0], "ptScale": [2.0812, 1.9499, 2.0853], "eS3": [1.0, 1.0, 1.0], "eXS": [1.0, 1.0, 1.0], "lev": [3.0906, 4.3799, 3.4749], "sl": 0.0}, "train": {"n": 52, "months": 5.852453399122807, "eq": 4025.992184589535, "growth": 0.23798077336077195, "liq": false, "maxdd": 0.7017534897631956, "tpm": 8.885162589725875, "sl_hits": 0, "worst_mae": -0.23084560648684427, "win": 0.9423076923076923, "score": 0.14565952841613464}, "oos": {"n": 5, "months": 0.920984100877193, "eq": 1128.4850978853856, "growth": 0.1312466869210938, "liq": false, "maxdd": 0.38774538506703093, "tpm": 5.428975370191234, "sl_hits": 0, "worst_mae": -0.08750899064972417, "win": 1.0, "score": 0.1312466869210938}, "elapsed": 0.781538724899292}