{"job": {"strategy": "v6", "mode": "lev", "method": "vol3", "window": 182, "fold_idx": 6, "n_samples": 350, "seed": 573834}, "status": "ok", "n_feasible": 70, "cand": {"strategy": "v6", "tv": 1, "zL": [-2.2689, -1.9154, -2.2446], "zS": [1.3441, 1.5076, 1.5135], "zXS": [2.2258, 2.306, 2.0495], "zXLmax": [-39.9959, -39.8819, -39.8734], "ptScale": [1.571, 1.2935, 1.2412], "eS3": [1.0, 1.0, 1.0], "eXS": [1.0, 1.0, 1.0], "lev": [5.1252, 4.9294, 5.8241], "sl": 0.0}, "train": {"n": 67, "months": 5.494243421052632, "eq": 6640.199443732028, "growth": 0.34456827895353365, "liq": false, "maxdd": 0.48777619404723827, "tpm": 12.194581649453674, "sl_hits": 0, "worst_mae": -0.09656968743856886, "win": 0.9701492537313433, "score": 0.3192483159691593}, "oos": {"n": 21, "months": 0.9139939692982456, "eq": 1754.173703293506, "growth": 0.61488143312648, "liq": false, "maxdd": 0.3351560353150274, "tpm": 22.97608157756617, "sl_hits": 0, "worst_mae": -0.05756034074775196, "win": 1.0, "score": 0.61488143312648}, "elapsed": 1.0187318325042725}