{"job": {"strategy": "v6", "mode": "lev", "method": "vol3", "window": 182, "fold_idx": 16, "n_samples": 350, "seed": 573834}, "status": "ok", "n_feasible": 72, "cand": {"strategy": "v6", "tv": 1, "zL": [-1.6176, -1.6, -1.5493], "zS": [1.9588, 2.3364, 1.8545], "zXS": [1.3819, 1.7276, 1.6707], "zXLmax": [-99.0, -99.0, -99.0], "ptScale": [1.4054, 1.3921, 1.4091], "eS3": [1.0, 1.0, 1.0], "eXS": [1.0, 1.0, 1.0], "lev": [3.5125, 4.2405, 3.9509], "sl": 0.0}, "train": {"n": 88, "months": 5.768229166666667, "eq": 4300.190587429194, "growth": 0.2528781888217136, "liq": false, "maxdd": 0.58505715670965, "tpm": 15.255981941309255, "sl_hits": 0, "worst_mae": -0.16882989183874142, "win": 0.9545454545454546, "score": 0.1762458743540506}, "oos": {"n": 14, "months": 0.9210526315789473, "eq": 1288.7654445122716, "growth": 0.2754291466981331, "liq": false, "maxdd": 0.3930460694961033, "tpm": 15.200000000000001, "sl_hits": 0, "worst_mae": -0.09907195371821143, "win": 1.0, "score": 0.2754291466981331}, "elapsed": 0.8144614696502686}