{"job": {"strategy": "v6", "mode": "lev", "method": "vol3", "window": 182, "fold_idx": 11, "n_samples": 350, "seed": 573834}, "status": "ok", "n_feasible": 81, "cand": {"strategy": "v6", "tv": 1, "zL": [-1.1795309894652508, -1.8855814892079343, -1.4651153574346847], "zS": [1.7717503782995812, 2.1273370428530582, 1.5735927950031272], "zXS": [2.508657499037578, 2.705283546018687, 1.3662822619310717], "zXLmax": [-0.876096605986849, -0.6350183530937275, -0.6301161207710431], "ptScale": [0.8856976746156494, 0.5, 0.7414618078864519], "eS3": [1.0, 1.0, 1.0], "eXS": [1.0, 1.0, 1.0], "lev": [9.49125641912854, 9.432419778914406, 8.608815692425885], "sl": 0.0}, "train": {"n": 120, "months": 5.875205592105263, "eq": 39094.33185405736, "growth": 0.6239743330922005, "liq": false, "maxdd": 0.7071189558197327, "tpm": 20.424817160653674, "sl_hits": 0, "worst_mae": -0.0757922247631494, "win": 0.9833333333333333, "score": 0.5303840355669855}, "oos": {"n": 25, "months": 0.9208470394736842, "eq": 1699.3917287117831, "growth": 0.5758506653798362, "liq": false, "maxdd": 0.4623615180419564, "tpm": 27.14891716901094, "sl_hits": 0, "worst_mae": -0.05011153073168573, "win": 1.0, "score": 0.5758506653798362}, "elapsed": 1.0623443126678467}