{"job": {"strategy": "v6", "mode": "lev", "method": "vol3", "window": 182, "fold_idx": 14, "n_samples": 350, "seed": 573834}, "status": "ok", "n_feasible": 54, "cand": {"strategy": "v6", "tv": 0, "zL": [-1.7941, -1.3415, -1.8001], "zS": [2.2673, 2.046, 2.0375], "zXS": [1.7863, 1.7716, 1.6925], "zXLmax": [-99.0, -99.0, -99.0], "ptScale": [1.5833, 1.9269, 2.0446], "eS3": [1.0, 1.0, 1.0], "eXS": [1.0, 1.0, 1.0], "lev": [3.286, 3.4331, 3.5282], "sl": 0.0}, "train": {"n": 61, "months": 5.764117324561403, "eq": 3525.7577440539635, "growth": 0.21861029279293834, "liq": false, "maxdd": 0.6226556215322369, "tpm": 10.582713113779574, "sl_hits": 0, "worst_mae": -0.1827640910787609, "win": 0.9508196721311475, "score": 0.1949550230191746}, "oos": {"n": 18, "months": 0.920984100877193, "eq": 1458.0402134455521, "growth": 0.4094459546970723, "liq": false, "maxdd": 0.19343055753800836, "tpm": 19.544311332688444, "sl_hits": 0, "worst_mae": -0.057170542635658905, "win": 1.0, "score": 0.4094459546970723}, "elapsed": 1.0001978874206543}