{"job": {"strategy": "v6", "mode": "lev", "method": "vol3", "window": 182, "fold_idx": 17, "n_samples": 350, "seed": 573834}, "status": "ok", "n_feasible": 68, "cand": {"strategy": "v6", "tv": 0, "zL": [-1.7788, -1.8622, -1.9865], "zS": [1.5937, 1.7706, 1.3128], "zXS": [1.9563, 1.8836, 1.486], "zXLmax": [-39.6871, -39.6904, -39.7005], "ptScale": [1.8899, 1.9724, 1.8679], "eS3": [1.0, 1.0, 1.0], "eXS": [1.0, 1.0, 1.0], "lev": [3.0308, 3.5397, 4.0954], "sl": 0.0}, "train": {"n": 54, "months": 5.852179276315789, "eq": 3327.950373953786, "growth": 0.20545450752701128, "liq": false, "maxdd": 0.6132967533625965, "tpm": 9.22733181099596, "sl_hits": 0, "worst_mae": -0.20531518392480952, "win": 0.9444444444444444, "score": 0.14420172704661283}, "oos": {"n": 13, "months": 0.920984100877193, "eq": 1390.3417442907198, "growth": 0.3578233064091511, "liq": false, "maxdd": 0.15381385065757033, "tpm": 14.11533596249721, "sl_hits": 0, "worst_mae": -0.04016654420769039, "win": 0.9230769230769231, "score": 0.3578233064091511}, "elapsed": 0.7998125553131104}