{"job": {"strategy": "v6", "mode": "lev", "method": "vol3", "window": 182, "fold_idx": 12, "n_samples": 350, "seed": 573834}, "status": "ok", "n_feasible": 66, "cand": {"strategy": "v6", "tv": 0, "zL": [-1.457021318804507, -2.0783299445184644, -1.8976962228117034], "zS": [1.966170638888866, 2.4934637165502336, 1.8557260532498046], "zXS": [2.437664272708382, 1.8326620315490392, 2.0630908225932982], "zXLmax": [-1.619342667939982, -1.7512593817635904, -1.6670089919894386], "ptScale": [1.1786167907359493, 1.0272697285780366, 1.6380821917345796], "eS3": [1.0, 1.0, 1.0], "eXS": [1.0, 1.0, 1.0], "lev": [8.711107421261609, 6.233204741359846, 6.789468876488088], "sl": 0.0}, "train": {"n": 86, "months": 5.8803453947368425, "eq": 17274.968347203114, "growth": 0.4845393163321675, "liq": false, "maxdd": 0.6464337321392108, "tpm": 14.624991259352491, "sl_hits": 0, "worst_mae": -0.10297113155861481, "win": 0.9767441860465116, "score": 0.4178748223112753}, "oos": {"n": 11, "months": 0.6717379385964912, "eq": 0.0, "growth": -41.13363192446739, "liq": true, "maxdd": 1.0, "tpm": 16.375433584982655, "sl_hits": 0, "worst_mae": -0.10679596699258387, "win": 0.8181818181818182, "score": -41.13363192446739}, "elapsed": 1.0490734577178955}