{"job": {"strategy": "v6", "mode": "lev", "method": "vol3", "window": 182, "fold_idx": 9, "n_samples": 350, "seed": 573834}, "status": "ok", "n_feasible": 77, "cand": {"strategy": "v6", "tv": 1, "zL": [-2.2863, -1.9738, -1.9159], "zS": [2.0893, 2.152, 1.9996], "zXS": [2.7886, 2.4637, 2.2693], "zXLmax": [-20.2975, -20.1793, -20.2927], "ptScale": [1.6666, 1.7088, 1.5261], "eS3": [1.0, 1.0, 1.0], "eXS": [1.0, 1.0, 1.0], "lev": [7.2321, 6.8957, 7.5523], "sl": 0.0}, "train": {"n": 48, "months": 5.945792214912281, "eq": 9433.21742716184, "growth": 0.37744965648205125, "liq": false, "maxdd": 0.5318889577659903, "tpm": 8.07293599658833, "sl_hits": 0, "worst_mae": -0.07146994931209272, "win": 0.9583333333333334, "score": 0.32093339409392563}, "oos": {"n": 9, "months": 0.91796875, "eq": 1388.1481335342955, "growth": 0.35727859018981173, "liq": false, "maxdd": 0.3135188371666201, "tpm": 9.804255319148936, "sl_hits": 0, "worst_mae": -0.04506641366223907, "win": 1.0, "score": 0.35727859018981173}, "elapsed": 1.0285162925720215}