{"job": {"strategy": "v6", "mode": "lev", "method": "vol3", "window": 182, "fold_idx": 20, "n_samples": 350, "seed": 573834}, "status": "ok", "n_feasible": 139, "cand": {"strategy": "v6", "tv": 1, "zL": [-1.7952649219499535, -2.6, -2.6], "zS": [2.226792296930961, 2.4455616758858656, 2.6], "zXS": [1.1, 1.1, 1.3239257377491649], "zXLmax": [-0.19142034645076184, -0.22389007163462804, -0.142445492154929], "ptScale": [2.330090553635723, 1.8412250193656645, 2.119970640814449], "eS3": [1.0, 1.0, 1.0], "eXS": [1.0, 1.0, 1.0], "lev": [7.122453007601001, 10.0, 6.961234590935398], "sl": 0.0}, "train": {"n": 117, "months": 5.986362390350878, "eq": 40791.81281877028, "growth": 0.6194882890893586, "liq": false, "maxdd": 0.6829975220331933, "tpm": 19.544423202408616, "sl_hits": 0, "worst_mae": -0.09907195371821143, "win": 0.9230769230769231, "score": 0.5751422075355039}, "oos": {"n": 14, "months": 0.9185855263157895, "eq": 1484.7508895922006, "growth": 0.4302778519184181, "liq": false, "maxdd": 0.17093790505783457, "tpm": 15.2408236347359, "sl_hits": 0, "worst_mae": -0.026706231454005858, "win": 1.0, "score": 0.4302778519184181}, "elapsed": 1.0724637508392334}