{"job": {"strategy": "v6", "mode": "lev", "method": "vol3", "window": 182, "fold_idx": 3, "n_samples": 350, "seed": 573834}, "status": "ok", "n_feasible": 148, "cand": {"strategy": "v6", "tv": 0, "zL": [-1.4646, -1.5827, -1.8103], "zS": [1.9496, 2.0839, 1.9528], "zXS": [2.0445, 1.8942, 2.1883], "zXLmax": [-40.0977, -40.0827, -39.9861], "ptScale": [1.994, 1.7597, 1.6044], "eS3": [1.0, 1.0, 1.0], "eXS": [1.0, 1.0, 1.0], "lev": [6.0564, 6.8959, 7.4774], "sl": 0.0}, "train": {"n": 26, "months": 2.752946820175439, "eq": 2905.195197393696, "growth": 0.38740326323252283, "liq": false, "maxdd": 0.5785220962220778, "tpm": 9.444425082771152, "sl_hits": 0, "worst_mae": -0.09656968743856886, "win": 1.0, "score": 0.21782998444627286}, "oos": {"n": 7, "months": 0.9172149122807017, "eq": 0.0, "growth": -30.124914832907155, "liq": true, "maxdd": 1.0, "tpm": 7.631799163179917, "sl_hits": 0, "worst_mae": -0.15711458952513044, "win": 0.8571428571428571, "score": -30.124914832907155}, "elapsed": 0.7788245677947998}