{"job": {"strategy": "v6", "mode": "lev", "method": "vol3", "window": 182, "fold_idx": 7, "n_samples": 350, "seed": 573834}, "status": "ok", "n_feasible": 73, "cand": {"strategy": "v6", "tv": 1, "zL": [-2.1113, -1.9399, -1.8294], "zS": [1.8969, 1.8958, 1.8765], "zXS": [2.4541, 2.2826, 2.0976], "zXLmax": [-99.0, -99.0, -99.0], "ptScale": [1.4143, 1.1766, 1.1988], "eS3": [1.0, 1.0, 1.0], "eXS": [1.0, 1.0, 1.0], "lev": [6.3068, 6.5016, 6.9384], "sl": 0.0}, "train": {"n": 62, "months": 5.941885964912281, "eq": 7906.861324463284, "growth": 0.347992357446799, "liq": false, "maxdd": 0.6005045073591474, "tpm": 10.434397490311865, "sl_hits": 0, "worst_mae": -0.09656968743856886, "win": 0.967741935483871, "score": 0.31614272123763043}, "oos": {"n": 5, "months": 0.915296052631579, "eq": 1119.7770646896201, "growth": 0.12359893368327894, "liq": false, "maxdd": 0.408495235612332, "tpm": 5.462713387241689, "sl_hits": 0, "worst_mae": -0.06588894681960378, "win": 1.0, "score": 0.12359893368327894}, "elapsed": 1.0367066860198975}