{
 "cand": {
  "strategy": "v7",
  "mode": "lev",
  "regs": [
   {
    "dur2Long": 320.1026520706739,
    "zS": 0.887931674265085,
    "cdPctShort": 0.0009354647735242542,
    "xDur2Short": 450.2545372277859,
    "bbValLong": 0.05698425051402975,
    "rsiValShort": 52.54924863935344,
    "xApt2Long": 0.009763909863122755,
    "xTpLong": 0.008636041619687774,
    "eXS": 0.0,
    "xCdPctShort": 0.0020724588547344604,
    "ptLong": 0.02702718300233336,
    "xDur2Long": 460.8109383041663,
    "eS3": 1.0,
    "vEmaUp": 3.0,
    "xMinBetween": 8.86228899555393,
    "slLong": 0.10892318723219646,
    "vRsi": 1.0,
    "vHistN": 1.0,
    "dur1Short": 34.38471375401642,
    "xTpShort": 0.0029700037777011068,
    "cdPeriodLong": 177.82117134831788,
    "apt2Short": 0.0012453724622512475,
    "vBB": 4.0,
    "xApt1Short": 0.002244510190972022,
    "apt2Long": 0.015,
    "xApt1Long": 0.0066140467588313165,
    "trendBlockZ": 1.0,
    "rsiValLong": 83.6996431694224,
    "bbValShort": 0.999249779861767,
    "cdPctLong": 0.008272916426088635,
    "zXS": 2.82635522420787,
    "requireHistPos": 1.0,
    "vMacd": 2.0,
    "xApt2Short": 0.005072196520353587,
    "dur2Short": 317.33226001616487,
    "cdPeriodShort": 50.14356965084407,
    "vEmaDn": 2.0,
    "eL3": 1.0,
    "slShort": 0.052755737277273104,
    "xDur1Short": 10.0,
    "dur1Long": 11.49084503353153,
    "apt1Long": 0.01342717691908622,
    "zL": -2.444520437500877,
    "ptShort": 0.021487255214864533,
    "eXL": 0.0,
    "leverage": 5.645950631020593,
    "apt1Short": 0.00111290427664851,
    "xDur1Long": 191.61108201467525,
    "zXLmax": -1.4417293893169656,
    "xCdPeriodShort": 46.37865098323369,
    "vX": 3.0
   },
   {
    "dur2Long": 323.5435059438492,
    "zS": 2.3224544920053862,
    "cdPctShort": 0.01080831805275025,
    "xDur2Short": 482.6582058489805,
    "bbValLong": 0.1506769571956323,
    "rsiValShort": 81.08499704286406,
    "xApt2Long": 0.006897043365582669,
    "xTpLong": 0.02,
    "eXS": 1.0,
    "xCdPctShort": 0.005202844465454069,
    "ptLong": 0.016964581336241957,
    "xDur2Long": 622.5006741531179,
    "eS3": 1.0,
    "vEmaUp": 3.0,
    "xMinBetween": 4.807079369176551,
    "slLong": 0.04704955348688528,
    "vRsi": 2.0,
    "vHistN": 3.0,
    "dur1Short": 90.0,
    "xTpShort": 0.008068401782366829,
    "cdPeriodLong": 146.64324496868522,
    "apt2Short": 0.00181394453966848,
    "vBB": 0.0,
    "xApt1Short": 0.014587597005748298,
    "apt2Long": 0.008084324205925439,
    "xApt1Long": 0.011421216369921522,
    "trendBlockZ": 99.0,
    "rsiValLong": 73.54098266639336,
    "bbValShort": 0.7992786436429687,
    "cdPctLong": 0.007428937615112671,
    "zXS": 2.4574217590180787,
    "requireHistPos": 1.0,
    "vMacd": 2.0,
    "xApt2Short": 0.01,
    "dur2Short": 150.21123107759774,
    "cdPeriodShort": 240.0,
    "vEmaDn": 2.0,
    "eL3": 1.0,
    "slShort": 0.11933327131032363,
    "xDur1Short": 10.0,
    "dur1Long": 83.6345522131147,
    "apt1Long": 0.01835928660894943,
    "zL": -2.073052913122127,
    "ptShort": 0.00709206404008668,
    "eXL": 1.0,
    "leverage": 8.410311054963259,
    "apt1Short": 0.018776872728995836,
    "xDur1Long": 216.09331421288567,
    "zXLmax": 0.20085559143188741,
    "xCdPeriodShort": 98.37134508667401,
    "vX": 0.0
   },
   {
    "dur2Long": 35.288535231249604,
    "zS": 2.6687667420916865,
    "cdPctShort": 0.00873416328444623,
    "xDur2Short": 30.0,
    "bbValLong": -0.014970121460015532,
    "rsiValShort": 84.88981271155052,
    "xApt2Long": 0.007982504626413419,
    "xTpLong": 0.019012599827797325,
    "eXS": 1.0,
    "xCdPctShort": 0.004299451075261803,
    "ptLong": 0.025571402366289697,
    "xDur2Long": 693.1492103286055,
    "eS3": 1.0,
    "vEmaUp": 4.0,
    "xMinBetween": 3.7412219351984883,
    "slLong": 0.037802224561277256,
    "vRsi": 3.0,
    "vHistN": 3.0,
    "dur1Short": 28.98653708128201,
    "xTpShort": 0.004214553169728314,
    "cdPeriodLong": 93.60683037924899,
    "apt2Short": 0.015,
    "vBB": 2.0,
    "xApt1Short": 0.0012464869010226913,
    "apt2Long": 0.013927691098232303,
    "xApt1Long": 0.0005,
    "trendBlockZ": 2.0,
    "rsiValLong": 77.27445949081908,
    "bbValShort": 0.6,
    "cdPctLong": 0.005950441824687955,
    "zXS": 1.2567464662676677,
    "requireHistPos": 1.0,
    "vMacd": 1.0,
    "xApt2Short": 0.01,
    "dur2Short": 200.34520050978102,
    "cdPeriodShort": 10.0,
    "vEmaDn": 4.0,
    "eL3": 1.0,
    "slShort": 0.021305385781718856,
    "xDur1Short": 230.9322468575463,
    "dur1Long": 52.861195755301544,
    "apt1Long": 0.014632373139605914,
    "zL": -2.177824785431127,
    "ptShort": 0.019231985785077746,
    "eXL": 0.0,
    "leverage": 8.39981348037778,
    "apt1Short": 0.02,
    "xDur1Long": 202.37827847690818,
    "zXLmax": -1.7180443581819835,
    "xCdPeriodShort": 118.69416711820298,
    "vX": 0.0
   }
  ]
 },
 "metrics": {
  "n": 99,
  "months": 14.81640625,
  "eq": 81396720.83935276,
  "growth": 0.7631466143586845,
  "liq": false,
  "maxdd": 0.4726079476647309,
  "tpm": 6.681782230424466,
  "sl_hits": 0,
  "worst_mae": -0.06641466309173216,
  "win": 1.0,
  "max_hold_days": 2.970833333333333,
  "in_market": 0.06808016614169222,
  "score": 0.9224806878505275
 },
 "strategy": "v7",
 "mode": "lev",
 "method": "vol3",
 "algo": "genetic",
 "per_regime": true,
 "train_end": "2025-09-01",
 "holdout_days": null,
 "max_dd": 0.5,
 "max_hold_days": 7.0,
 "gap_mode": "skip_contaminated",
 "scoring": "underwater",
 "anchor": null,
 "anchor_strength": 0.0,
 "evaluated": 100800,
 "generated": "2026-07-12 01:03",
 "holdout": {
  "n": 1,
  "months": 2.1842105263157894,
  "eq": 0.0,
  "growth": -12.650347016931143,
  "liq": true,
  "maxdd": 1.0,
  "tpm": 0.45783132530120485,
  "sl_hits": 0,
  "worst_mae": -0.11090166647401944,
  "win": 0.0,
  "max_hold_days": 65.72083333333333,
  "in_market": 1.1194465361445782,
  "score": -13.210070285003432
 },
 "holdout_scan": {
  "scanned": 586,
  "pool": 586,
  "reservoir": 286,
  "survivors": 0
 },
 "holdout_survivors": [],
 "holdout_top10": [
  {
   "rank": 452,
   "train_score": 0.26142719774885653,
   "holdout": {
    "n": 47,
    "months": 9.656661184210527,
    "eq": 68401.86708392983,
    "growth": 0.43756325713420857,
    "liq": false,
    "maxdd": 0.7561675978987124,
    "tpm": 4.8671066638279745,
    "sl_hits": 0,
    "worst_mae": -0.09075809704591298,
    "win": 0.9787234042553191,
    "max_hold_days": 7.3375,
    "in_market": 0.13202043857781562,
    "score": 0.2904873440805137
   }
  },
  {
   "rank": 476,
   "train_score": 0.27036135227650404,
   "holdout": {
    "n": 42,
    "months": 9.656661184210527,
    "eq": 37415.82883004094,
    "growth": 0.375087597725372,
    "liq": false,
    "maxdd": 0.7518526796659047,
    "tpm": 4.3493293591654245,
    "sl_hits": 0,
    "worst_mae": -0.09075809704591298,
    "win": 1.0,
    "max_hold_days": 7.3375,
    "in_market": 0.11910439287488468,
    "score": 0.2500618217847959
   }
  },
  {
   "rank": 1,
   "train_score": 0.9224806878505275,
   "holdout": {
    "n": 1,
    "months": 2.1842105263157894,
    "eq": 0.0,
    "growth": -12.650347016931143,
    "liq": true,
    "maxdd": 1.0,
    "tpm": 0.45783132530120485,
    "sl_hits": 0,
    "worst_mae": -0.11090166647401944,
    "win": 0.0,
    "max_hold_days": 65.72083333333333,
    "in_market": 1.1194465361445782,
    "score": -13.210070285003432
   }
  },
  {
   "rank": 2,
   "train_score": 0.9218579604504569,
   "holdout": {
    "n": 1,
    "months": 2.1842105263157894,
    "eq": 0.0,
    "growth": -12.650347016931143,
    "liq": true,
    "maxdd": 1.0,
    "tpm": 0.45783132530120485,
    "sl_hits": 0,
    "worst_mae": -0.11090166647401944,
    "win": 0.0,
    "max_hold_days": 65.72083333333333,
    "in_market": 1.1194465361445782,
    "score": -13.210070285003432
   }
  },
  {
   "rank": 3,
   "train_score": 0.9213269941307523,
   "holdout": {
    "n": 1,
    "months": 2.1842105263157894,
    "eq": 0.0,
    "growth": -12.650347016931143,
    "liq": true,
    "maxdd": 1.0,