{
 "cand": {
  "strategy": "prime",
  "tv": 0,
  "zL": [
   -2.6361579700150273,
   -2.6383916795593003,
   -0.8
  ],
  "zS": [
   1.3964308671240597,
   1.5782252127106084,
   1.3020102865569203
  ],
  "rsiL": [
   72.37428559576506,
   48.41841049350591,
   65.33197085366704
  ],
  "rsiS": [
   82.18132981281467,
   75.13993047221591,
   70.868338754338
  ],
  "bbL": [
   0.2133040504027769,
   0.14626958976874832,
   0.08815740676669327
  ],
  "bbS": [
   1.0371068014368918,
   1.152763795227843,
   1.1759215569535366
  ],
  "ptL": [
   0.007888897943898729,
   0.004321626246159783,
   0.018293510130921814
  ],
  "a1L": [
   0.001,
   0.002622156067864496,
   0.004527885104010795
  ],
  "a2L": [
   0.0006,
   0.0015434750474104387,
   0.004179737497729257
  ],
  "d1L": [
   66.74618056523505,
   10.173509448419152,
   54.51129025360116
  ],
  "d2L": [
   139.42843266052725,
   73.0411930303262,
   283.46931355551993
  ],
  "ptS": [
   0.03,
   0.02615377250080336,
   0.02802289413807391
  ],
  "a1S": [
   0.011854593055811304,
   0.009219936261542641,
   0.005770249701795332
  ],
  "a2S": [
   0.007178692998743018,
   0.005547777506181778,
   0.0033625687059414566
  ],
  "d1S": [
   57.175925479256335,
   28.812675612941305,
   48.0019091979578
  ],
  "d2S": [
   276.25914335688515,
   312.188726728057,
   241.73678455906483
  ],
  "cdPL": [
   0.00474420829010056,
   0.001947547015113066,
   0.008399280632149642
  ],
  "cdTL": [
   49.60309029250547,
   31.810776771855515,
   38.3216114254014
  ],
  "cdPS": [
   0.011169468358331245,
   0.010358465050339464,
   0.0073090119307708335
  ],
  "cdTS": [
   19.930528095513115,
   72.89030580481489,
   124.21975596825287
  ],
  "eL3": [
   1.0,
   1.0,
   1.0
  ],
  "eS3": [
   1.0,
   1.0,
   0.0
  ],
  "lev": [
   7.0,
   7.0,
   7.0
  ],
  "sl": 0.0
 },
 "metrics": {
  "n": 290,
  "months": 12.555235745614036,
  "eq": 2670180939.896655,
  "growth": 1.178604455993682,
  "liq": false,
  "maxdd": 0.5369068889679454,
  "tpm": 23.097933473794523,
  "sl_hits": 0,
  "worst_mae": -0.07838100527631209,
  "win": 1.0,
  "max_hold_days": 4.933333333333334,
  "in_market": 0.2799362466294772,
  "score": 0.6342517982166033
 },
 "strategy": "prime",
 "mode": "lev",
 "method": "trend3",
 "algo": "genetic",
 "per_regime": true,
 "train_end": null,
 "holdout_days": 21.0,
 "max_dd": null,
 "max_hold_days": 5.0,
 "gap_mode": "skip_contaminated",
 "scoring": "recent",
 "anchor": null,
 "anchor_strength": 0.0,
 "evaluated": 100800,
 "generated": "2026-07-20 21:36",
 "holdout": {
  "n": 3,
  "months": 0.38843201754385964,
  "eq": 0.0,
  "growth": -71.13476713543214,
  "liq": true,
  "maxdd": 1.0000000000000002,
  "tpm": 7.723359209597742,
  "sl_hits": 0,
  "worst_mae": -0.13485714285714284,
  "win": 0.6666666666666666,
  "max_hold_days": 6.495833333333334,
  "in_market": 0.7293577981651376,
  "score": -71.13476713543214
 },
 "holdout_scan": {
  "scanned": 546,
  "pool": 592,
  "reservoir": 292,
  "survivors": 9
 },
 "holdout_survivors": [
  {
   "rank": 340,
   "train_score": 0.16032343192287005,
   "holdout": {
    "n": 83,
    "months": 11.91467927631579,
    "eq": 35876.12157248597,
    "growth": 0.30047572862932065,
    "liq": false,
    "maxdd": 0.8460612170601244,
    "tpm": 6.966196745638707,
    "sl_hits": 0,
    "worst_mae": -0.121507323007366,
    "win": 1.0,
    "max_hold_days": 4.360416666666667,
    "in_market": 0.08265893626444418,
    "score": 0.11893226577662223
   }
  },
  {
   "rank": 330,
   "train_score": 0.08891577374321201,
   "holdout": {
    "n": 67,
    "months": 11.91467927631579,
    "eq": 15917.427571915903,
    "growth": 0.23226933083985674,
    "liq": false,
    "maxdd": 0.6609179306303842,
    "tpm": 5.623315445274619,
    "sl_hits": 0,
    "worst_mae": -0.13954736559620728,
    "win": 1.0,
    "max_hold_days": 1.8333333333333333,
    "in_market": 0.03876129507244376,
    "score": 0.09101656072113541
   }
  },
  {
   "rank": 393,
   "train_score": 0.04713734585255937,
   "holdout": {
    "n": 53,
    "months": 11.91467927631579,
    "eq": 5230.250283825464,
    "growth": 0.13885888944039976,
    "liq": false,
    "maxdd": 0.3742443324937018,
    "tpm": 4.448294307456042,
    "sl_hits": 0,
    "worst_mae": -0.053952569169960496,
    "win": 0.9245283018867925,
    "max_hold_days": 1.3354166666666667,
    "in_market": 0.015909443859679396,
    "score": 0.04300542906213224
   }
  },
  {
   "rank": 546,
   "train_score": 0.04139989643415358,
   "holdout": {
    "n": 66,
    "months": 11.91467927631579,
    "eq": 3655.9067326199593,
    "growth": 0.10880226923707868,
    "liq": false,
    "maxdd": 0.6586904919843848,
    "tpm": 5.5393853640018635,
    "sl_hits": 0,
    "worst_mae": -0.13954736559620728,
    "win": 1.0,
    "max_hold_days": 4.358333333333333,
    "in_market": 0.03814585382407583,
    "score": 0.020846950735572925
   }
  },
  {
   "rank": 474,
   "train_score": 0.051963530812348134,
   "holdout": {
    "n": 51,
    "months": 11.91467927631579,
    "eq": 3626.1400026423053,
    "growth": 0.10811610556024351,
    "liq": false,
    "maxdd": 0.4955454152208893,
    "tpm": 4.280434144910531,
    "sl_hits": 0,
    "worst_mae": -0.0962629496037859,
    "win": 0.9019607843137255,
    "max_hold_days": 4.895833333333333,
    "in_market": 0.03474654748963241,
    "score": 0.041930968708608726
   }
  },
  {
   "rank": 357,
   "train_score": 0.05995177153580311,
   "holdout": {
    "n": 27,
    "months": 11.91467927631579,
    "eq": 2199.817539005371,
    "growth": 0.06616832915311675,
    "liq": false,
    "maxdd": 0.40402357265227495,
    "tpm": 2.266112194364399,
    "sl_hits": 0,
    "worst_mae": -0.0504229374931342,
    "win": 0.9629629629629629,
    "max_hold_days": 2.3229166666666665,
    "in_market": 0.013039301963085028,
    "score": 0.039532203885574914
   }
  },
  {
   "rank": 487,
   "train_score": 0.02811578785404851,
   "holdout": {
    "n": 34,
    "months": 11.91467927631579,
    "eq": 2029.236299017464,
    "growth": 0.059393920598104936,
    "liq": false,
    "maxdd": 0.31848191670473014,
    "tpm": 2.8536227632736875,
    "sl_hits": 0,
    "worst_mae": -0.06505043795923449,
    "win": 0.9705882352941176,
    "max_hold_days": 3.58125,
    "in_market": 0.03369972218867013,
    "score": 0.019276658703047782
   }
  },
  {
   "rank": 312,
   "train_score": 0.04542966197229166,
   "holdout": {
    "n": 47,
    "months": 11.91467927631579,
    "eq": 1935.1828943562848,
    "growth": 0.05541079417677973,
    "liq": false,
    "maxdd": 0.38379014060427036,
    "tpm": 3.944713819819509,
    "sl_hits": 0,
    "worst_mae": -0.06505043795923449,
    "win": 0.9787234042553191,
    "max_hold_days": 4.3625,
    "in_market": 0.03353867214236824,
    "score": 0.017587082033413918
   }
  },
  {
   "rank": 352,
   "train_score": 0.015091635471530302,
   "holdout": {
    "n": 24,
    "months": 11.91467927631579,
    "eq": 1186.2375838797175,
    "growth": 0.014334133569915085,
    "liq": false,
    "maxdd": 0.10710234822547551,
    "tpm": 2.0143219505461323,
    "sl_hits": 0,
    "worst_mae": -0.0504229374931342,
    "win": 1.0,
    "max_hold_days": 2.3229166666666665,
    "in_market": 0.021132066789754916,
    "score": 0.009735204910627317
   }
  }
 ],
 "holdout_top10": [
  {
   "rank": 340,
   "train_score": 0.16032343192287005,
   "holdout": {
    "n": 83,
    "months": 11.91467927631579,
    "eq": 35876.12157248597,
    "growth": 0.30047572862932065,
    "liq": false,
    "maxdd": 0.8460612170601244,
    "tpm": 6.966196745638707,
    "sl_hits": 0,
    "worst_mae": -0.121507323007366,
    "win": 1.0,
    "max_hold_days": 4.360416666666667,
    "in_market": 0.08265893626444418,
    "score": 0.11893226577662223
   }
  },
  {
   "rank": 330,
   "train_score": 0.08891577374321201,
   "holdout": {
    "n": 67,
    "months": 11.91467927631579,
    "eq": 15917.427571915903,
    "growth": 0.23226933083985674,
    "liq": false,
    "maxdd": 0.6609179306303842,
    "tpm": 5.623315445274619,