{
 "cand": {
  "strategy": "prime7",
  "mode": "lev",
  "regs": [
   {
    "apt2Short": 0.009804016992565735,
    "xCdPeriodShort": 58.67647839820344,
    "bbValShort": 0.8418536467135185,
    "eXS": 0.0,
    "zXS": 2.2400553087413475,
    "dur1Short": 68.89048493450956,
    "apt2Long": 0.015,
    "xTpShort": 0.0019788723385428695,
    "cdPctLong": 0.007273481215864373,
    "xApt1Long": 0.01484663402422417,
    "xApt1Short": 0.006752393400809154,
    "dur1Long": 50.736301956895225,
    "xDur2Short": 217.7176685694211,
    "eXL": 0.0,
    "vEmaDn": 4.0,
    "bbValLong": 0.35,
    "zL": -2.0711758845890182,
    "slShort": 0.0625946439951468,
    "dur2Long": 178.1791919704283,
    "rsiValShort": 80.50466708906771,
    "dur2Short": 76.55382689913215,
    "requireHistPos": 0.0,
    "zXLmax": -2.5,
    "xApt2Long": 0.01,
    "rsiValLong": 54.94570639824263,
    "ptShort": 0.024163120955513335,
    "apt1Short": 0.0049910150563394215,
    "eS3": 1.0,
    "xCdPctShort": 0.001397952076828824,
    "apt1Long": 0.02,
    "vRsi": 1.0,
    "cdPeriodShort": 175.83383206536632,
    "xApt2Short": 0.00034545824480687105,
    "ptLong": 0.009968102000261847,
    "xDur2Long": 121.95717053963998,
    "vMacd": 1.0,
    "eL3": 1.0,
    "trendBlockZ": 99.0,
    "cdPctShort": 0.011484161036855737,
    "vBB": 0.0,
    "xDur1Long": 93.0063924068099,
    "vHistN": 2.0,
    "leverage": 8.0,
    "vEmaUp": 2.0,
    "zS": 1.7328194936758081,
    "xDur1Short": 201.99885802372708,
    "xMinBetween": 3.93284821571535,
    "slLong": 0.05171274443995441,
    "vX": 1.0,
    "xTpLong": 0.015503938871151793,
    "cdPeriodLong": 191.49719653816106
   },
   {
    "apt2Short": 0.015,
    "xCdPeriodShort": 94.45917723774342,
    "bbValShort": 0.6764411232473903,
    "eXS": 0.0,
    "zXS": 1.0,
    "dur1Short": 29.07296728465103,
    "apt2Long": 0.015,
    "xTpShort": 0.015325936422602524,
    "cdPctLong": 0.012,
    "xApt1Long": 0.0028372084194828377,
    "xApt1Short": 0.004143420329929752,
    "dur1Long": 62.39607825819638,
    "xDur2Short": 332.7039034714034,
    "eXL": 0.0,
    "vEmaDn": 4.0,
    "bbValLong": 0.18440344989685165,
    "zL": -1.7163362803606492,
    "slShort": 0.09264455787511747,
    "dur2Long": 287.11628437734845,
    "rsiValShort": 50.0,
    "dur2Short": 167.31179524512612,
    "requireHistPos": 0.0,
    "zXLmax": 0.012504121317512315,
    "xApt2Long": 0.003931716706510297,
    "rsiValLong": 85.0,
    "ptShort": 0.03,
    "apt1Short": 0.013347699133478887,
    "eS3": 0.0,
    "xCdPctShort": 0.005853206640371171,
    "apt1Long": 0.019037070051664138,
    "vRsi": 2.0,
    "cdPeriodShort": 217.0641630680077,
    "xApt2Short": 0.007053441313183677,
    "ptLong": 0.003574750571535663,
    "xDur2Long": 448.08047896082763,
    "vMacd": 0.0,
    "eL3": 1.0,
    "trendBlockZ": 2.0,
    "cdPctShort": 0.008476675078485972,
    "vBB": 1.0,
    "xDur1Long": 240.0,
    "vHistN": 0.0,
    "leverage": 8.0,
    "vEmaUp": 2.0,
    "zS": 1.2070264323908542,
    "xDur1Short": 99.60414142651094,
    "xMinBetween": 8.428222176538378,
    "slLong": 0.11237990009282076,
    "vX": 1.0,
    "xTpLong": 0.018112636508355023,
    "cdPeriodLong": 71.91266623507457
   },
   {
    "apt2Short": 0.0024909825878933595,
    "xCdPeriodShort": 61.45102184486126,
    "bbValShort": 0.9014579147736402,
    "eXS": 0.0,
    "zXS": 2.1210281357331633,
    "dur1Short": 59.92286657656601,
    "apt2Long": 0.00784277587270458,
    "xTpShort": 0.012805716004347623,
    "cdPctLong": 0.011094932572341962,
    "xApt1Long": 0.0018536913914268362,
    "xApt1Short": 0.008657351484537352,
    "dur1Long": 57.47201408296663,
    "xDur2Short": 331.0835790303484,
    "eXL": 0.0,
    "vEmaDn": 3.0,
    "bbValLong": -0.2869144242596679,
    "zL": -0.8,
    "slShort": 0.117614349484326,
    "dur2Long": 274.2465745790742,
    "rsiValShort": 62.10908151456999,
    "dur2Short": 268.5013885952443,
    "requireHistPos": 0.0,
    "zXLmax": 0.5,
    "xApt2Long": 0.007589616440892885,
    "rsiValLong": 78.16240565541173,
    "ptShort": 0.022378244695463904,
    "apt1Short": 0.001,
    "eS3": 0.0,
    "xCdPctShort": 0.01,
    "apt1Long": 0.013560223729605544,
    "vRsi": 2.0,
    "cdPeriodShort": 62.23639012349539,
    "xApt2Short": 0.00961488385563514,
    "ptLong": 0.02664721534353835,
    "xDur2Long": 71.39734980789329,
    "vMacd": 3.0,
    "eL3": 0.0,
    "trendBlockZ": 3.0,
    "cdPctShort": 0.006460319930341601,
    "vBB": 2.0,
    "xDur1Long": 240.0,
    "vHistN": 3.0,
    "leverage": 1.0,
    "vEmaUp": 4.0,
    "zS": 0.8,
    "xDur1Short": 10.0,
    "xMinBetween": 17.923122234586014,
    "slLong": 0.04893863678054284,
    "vX": 3.0,
    "xTpLong": 0.006497409632227104,
    "cdPeriodLong": 98.89977683597168
   }
  ]
 },
 "metrics": {
  "n": 173,
  "months": 14.81640625,
  "eq": 3285407747.95664,
  "growth": 1.0127288003044457,
  "liq": false,
  "maxdd": 0.5894679916176567,
  "tpm": 11.676245715792248,
  "sl_hits": 0,
  "worst_mae": -0.06973203586748244,
  "win": 1.0,
  "max_hold_days": 4.0625,
  "in_market": 0.11005499512028159,
  "score": 0.898117038229621
 },
 "strategy": "prime7",
 "mode": "lev",
 "method": "trend3",
 "algo": "genetic",
 "per_regime": true,
 "train_end": "2025-09-01",
 "holdout_days": null,
 "max_dd": null,
 "max_hold_days": 5.0,
 "gap_mode": "skip_contaminated",
 "scoring": "classic",
 "anchor": null,
 "anchor_strength": 0.0,
 "evaluated": 100800,
 "generated": "2026-07-20 15:37",
 "holdout": {
  "n": 4,
  "months": 2.1842105263157894,
  "eq": 0.0,
  "growth": -12.650347016931143,
  "liq": true,
  "maxdd": 1.0,
  "tpm": 1.8313253012048194,
  "sl_hits": 0,
  "worst_mae": -0.11699999999999999,
  "win": 0.75,
  "max_hold_days": 60.635416666666664,
  "in_market": 0.9955760542168675,
  "score": -12.650347016931143
 },
 "holdout_scan": {
  "scanned": 592,
  "pool": 592,
  "reservoir": 292,
  "survivors": 3
 },
 "holdout_survivors": [
  {
   "rank": 457,
   "train_score": 0.05498820356214558,
   "holdout": {
    "n": 39,
    "months": 9.656661184210527,
    "eq": 2774.6723687464096,
    "growth": 0.10568173154715105,
    "liq": false,
    "maxdd": 0.5859867911301326,
    "tpm": 4.038662976367894,
    "sl_hits": 0,
    "worst_mae": -0.09696487438899615,
    "win": 1.0,
    "max_hold_days": 4.710416666666666,
    "in_market": 0.06023703072883401,
    "score": 0.08974100543250076
   }
  },
  {
   "rank": 553,
   "train_score": 0.0628052627495671,
   "holdout": {
    "n": 12,
    "months": 9.656661184210527,
    "eq": 1496.36915245094,
    "growth": 0.04173715957134906,
    "liq": false,
    "maxdd": 0.3054943064247894,
    "tpm": 1.2426655311901211,
    "sl_hits": 0,
    "worst_mae": -0.059808248364023875,
    "win": 1.0,
    "max_hold_days": 0.8166666666666667,
    "in_market": 0.004549002909658648,
    "score": 0.05004905602631983
   }
  },
  {
   "rank": 382,
   "train_score": 0.045400934841809217,
   "holdout": {
    "n": 26,
    "months": 9.656661184210527,
    "eq": 1458.8376838275492,
    "growth": 0.039106685477258686,
    "liq": false,
    "maxdd": 0.1490845684394073,
    "tpm": 2.6924419842452627,
    "sl_hits": 0,
    "worst_mae": -0.04665269659203708,
    "win": 1.0,
    "max_hold_days": 2.3,
    "in_market": 0.017337307501241926,
    "score": 0.04013850060925773
   }
  }
 ],
 "holdout_top10": [
  {
   "rank": 390,
   "train_score": 0.08958824365142477,
   "holdout": {
    "n": 46,
    "months": 9.656661184210527,
    "eq": 2989.059416583309,
    "growth": 0.1133889592512443,
    "liq": false,
    "maxdd": 0.23558510769404534,
    "tpm": 4.7635512028954645,
    "sl_hits": 0,
    "worst_mae": -0.0504229374931342,
    "win": 0.9782608695652174,
    "max_hold_days": 10.152083333333334,
    "in_market": 0.061755730608189625,
    "score": 0.08769169683165563
   }
  },
  {
   "rank": 457,
   "train_score": 0.05498820356214558,
   "holdout": {
    "n": 39,
    "months": 9.656661184210527,
    "eq": 2774.6723687464096,
    "growth": 0.10568173154715105,
    "liq": false,
    "maxdd": 0.5859867911301326,