{
 "cand": {
  "strategy": "scalpx2",
  "tpL": [
   0.019819645024358953,
   0.0103978616051934,
   0.01719638741252947
  ],
  "tpS": [
   0.004700353697952097,
   0.017215243525033536,
   0.014306824373497578
  ],
  "rsiOB": [
   64.20061120530931,
   85.0,
   71.80593522716546
  ],
  "rsiOS": [
   32.93261647043643,
   32.77718405869821,
   30.646113987604792
  ],
  "useCvd": [
   1.0,
   1.0,
   1.0
  ],
  "useEma": [
   1.0,
   1.0,
   1.0
  ],
  "eL": [
   1.0,
   1.0,
   1.0
  ],
  "eS": [
   1.0,
   0.0,
   1.0
  ],
  "lev": [
   8.0,
   8.0,
   8.0
  ],
  "sl": 0.05,
  "slOn": 0.0,
  "vR": [
   0.0,
   1.0,
   0.0
  ],
  "vC": [
   1.0,
   2.0,
   2.0
  ],
  "vP": [
   0.0,
   1.0,
   2.0
  ],
  "vE": [
   2.0,
   0.0,
   0.0
  ]
 },
 "metrics": {
  "n": 107,
  "months": 12.623766447368421,
  "eq": 4586103.452948174,
  "growth": 0.6678502851538686,
  "liq": false,
  "maxdd": 0.5310679082938519,
  "tpm": 8.476075697860004,
  "sl_hits": 0,
  "worst_mae": -0.06416514732694223,
  "win": 1.0,
  "max_hold_days": 4.339583333333334,
  "in_market": 0.1316949502187768,
  "score": 0.338472544612323
 },
 "strategy": "scalpx2",
 "mode": "lev",
 "method": "vol3",
 "algo": "genetic",
 "per_regime": true,
 "train_end": null,
 "holdout_days": 21.0,
 "max_dd": null,
 "max_hold_days": 5.0,
 "gap_mode": "skip_contaminated",
 "scoring": "classic",
 "anchor": null,
 "anchor_strength": 0.0,
 "evaluated": 100800,
 "generated": "2026-07-20 21:15",
 "holdout": {
  "n": 17,
  "months": 1.8029057017543861,
  "eq": 0.0,
  "growth": -15.325827129528255,
  "liq": true,
  "maxdd": 1.0,
  "tpm": 9.429223050022806,
  "sl_hits": 0,
  "worst_mae": -0.11701753372577228,
  "win": 0.9411764705882353,
  "max_hold_days": 5.345833333333333,
  "in_market": 0.21035426486239928,
  "score": -13.384394631552123
 },
 "holdout_scan": {
  "scanned": 597,
  "pool": 597,
  "reservoir": 297,
  "survivors": 2
 },
 "holdout_survivors": [
  {
   "rank": 557,
   "train_score": 0.03745977742822498,
   "holdout": {
    "n": 33,
    "months": 11.983209978070173,
    "eq": 2061.3409349265826,
    "growth": 0.06036418552632665,
    "liq": false,
    "maxdd": 0.5020320344250536,
    "tpm": 2.7538531045013417,
    "sl_hits": 0,
    "worst_mae": -0.06386949193354186,
    "win": 1.0,
    "max_hold_days": 1.775,
    "in_market": 0.02053082769545748,
    "score": 0.04087321033190322
   }
  },
  {
   "rank": 386,
   "train_score": 0.02525075711818391,
   "holdout": {
    "n": 83,
    "months": 11.983209978070173,
    "eq": 1792.5002291177884,
    "growth": 0.04870242801218627,
    "liq": false,
    "maxdd": 0.5107940047123543,
    "tpm": 6.926357808291253,
    "sl_hits": 0,
    "worst_mae": -0.25817438692098094,
    "win": 1.0,
    "max_hold_days": 4.2125,
    "in_market": 0.07587827907056542,
    "score": 0.028029040631193096
   }
  }
 ],
 "holdout_top10": [
  {
   "rank": 557,
   "train_score": 0.03745977742822498,
   "holdout": {
    "n": 33,
    "months": 11.983209978070173,
    "eq": 2061.3409349265826,
    "growth": 0.06036418552632665,
    "liq": false,
    "maxdd": 0.5020320344250536,
    "tpm": 2.7538531045013417,
    "sl_hits": 0,
    "worst_mae": -0.06386949193354186,
    "win": 1.0,
    "max_hold_days": 1.775,
    "in_market": 0.02053082769545748,
    "score": 0.04087321033190322
   }
  },
  {
   "rank": 386,
   "train_score": 0.02525075711818391,
   "holdout": {
    "n": 83,
    "months": 11.983209978070173,
    "eq": 1792.5002291177884,
    "growth": 0.04870242801218627,
    "liq": false,
    "maxdd": 0.5107940047123543,
    "tpm": 6.926357808291253,
    "sl_hits": 0,
    "worst_mae": -0.25817438692098094,
    "win": 1.0,
    "max_hold_days": 4.2125,
    "in_market": 0.07587827907056542,
    "score": 0.028029040631193096
   }
  },
  {
   "rank": 1,
   "train_score": 0.338472544612323,
   "holdout": {
    "n": 17,
    "months": 1.8029057017543861,
    "eq": 0.0,
    "growth": -15.325827129528255,
    "liq": true,
    "maxdd": 1.0,
    "tpm": 9.429223050022806,
    "sl_hits": 0,
    "worst_mae": -0.11701753372577228,
    "win": 0.9411764705882353,
    "max_hold_days": 5.345833333333333,
    "in_market": 0.21035426486239928,
    "score": -13.384394631552123
   }
  },
  {
   "rank": 2,
   "train_score": 0.33590540057384877,
   "holdout": {
    "n": 17,
    "months": 1.8029057017543861,
    "eq": 0.0,
    "growth": -15.325827129528255,
    "liq": true,
    "maxdd": 1.0000000000000002,
    "tpm": 9.429223050022806,
    "sl_hits": 0,
    "worst_mae": -0.11701753372577228,
    "win": 0.9411764705882353,
    "max_hold_days": 5.345833333333333,
    "in_market": 0.21020221985707768,
    "score": -13.384394631552123
   }
  },
  {
   "rank": 3,
   "train_score": 0.33581121920277357,
   "holdout": {
    "n": 17,
    "months": 1.8029057017543861,
    "eq": 0.0,
    "growth": -15.325827129528255,
    "liq": true,
    "maxdd": 1.0,
    "tpm": 9.429223050022806,
    "sl_hits": 0,
    "worst_mae": -0.11701753372577228,
    "win": 0.9411764705882353,
    "max_hold_days": 5.345833333333333,
    "in_market": 0.21035426486239928,
    "score": -13.384394631552123
   }
  },
  {
   "rank": 4,
   "train_score": 0.3325327693610165,
   "holdout": {
    "n": 17,
    "months": 1.8029057017543861,
    "eq": 0.0,
    "growth": -15.325827129528255,
    "liq": true,
    "maxdd": 1.0,
    "tpm": 9.429223050022806,
    "sl_hits": 0,
    "worst_mae": -0.11701753372577228,
    "win": 0.9411764705882353,
    "max_hold_days": 5.345833333333333,
    "in_market": 0.21005017485175612,
    "score": -13.384394631552123
   }
  },
  {
   "rank": 5,
   "train_score": 0.3312954362765834,
   "holdout": {
    "n": 17,
    "months": 1.8029057017543861,
    "eq": 0.0,
    "growth": -15.325827129528255,
    "liq": true,
    "maxdd": 1.0,
    "tpm": 9.429223050022806,
    "sl_hits": 0,
    "worst_mae": -0.11701753372577228,
    "win": 0.9411764705882353,
    "max_hold_days": 5.345833333333333,
    "in_market": 0.2096320510871218,
    "score": -13.38050449681008
   }
  },
  {
   "rank": 6,
   "train_score": 0.3312954362765834,
   "holdout": {
    "n": 17,
    "months": 1.8029057017543861,
    "eq": 0.0,
    "growth": -15.325827129528255,
    "liq": true,
    "maxdd": 1.0,
    "tpm": 9.429223050022806,
    "sl_hits": 0,
    "worst_mae": -0.11701753372577228,
    "win": 0.9411764705882353,
    "max_hold_days": 5.345833333333333,
    "in_market": 0.2096320510871218,
    "score": -13.38050449681008
   }
  },
  {
   "rank": 7,
   "train_score": 0.3307706175454028,
   "holdout": {
    "n": 18,
    "months": 1.8029057017543861,
    "eq": 0.0,
    "growth": -15.325827129528255,
    "liq": true,
    "maxdd": 1.0,
    "tpm": 9.983883229435913,
    "sl_hits": 0,
    "worst_mae": -0.11701753372577228,
    "win": 0.9444444444444444,
    "max_hold_days": 5.345833333333333,
    "in_market": 0.21229283868024934,
    "score": -13.478832953053693
   }
  },
  {
   "rank": 8,
   "train_score": 0.3307554715976418,
   "holdout": {
    "n": 17,
    "months": 1.8029057017543861,
    "eq": 0.0,
    "growth": -15.325827129528255,
    "liq": true,
    "maxdd": 1.0000000000000002,
    "tpm": 9.429223050022806,
    "sl_hits": 0,
    "worst_mae": -0.11701753372577228,
    "win": 0.9411764705882353,
    "max_hold_days": 5.345833333333333,
    "in_market": 0.21050630986772084,
    "score": -13.413552380258201
   }
  }
 ],
 "holdout_best": {
  "rank": 557,
  "holdout": {
   "n": 33,
   "months": 11.983209978070173,
   "eq": 2061.3409349265826,
   "growth": 0.06036418552632665,
   "liq": false,
   "maxdd": 0.5020320344250536,
   "tpm": 2.7538531045013417,
   "sl_hits": 0,
   "worst_mae": -0.06386949193354186,
   "win": 1.0,
   "max_hold_days": 1.775,
   "in_market": 0.02053082769545748,
   "score": 0.04087321033190322
  }
 }
}