{
 "cand": {
  "strategy": "v7",
  "mode": "spot",
  "regs": [
   {
    "apt1Long": 0.0029440785165194133,
    "apt1Short": 0.01714559841185692,
    "apt2Long": 0.001766447109911648,
    "apt2Short": 0.007195258852684124,
    "bbValLong": -0.24756580116926105,
    "bbValShort": 1.0539771242156108,
    "cdPctLong": 0.003857754083860287,
    "cdPctShort": 0.010518100222626274,
    "cdPeriodLong": 73.33610669805773,
    "cdPeriodShort": 139.21623530810467,
    "dur1Long": 36.32926616906248,
    "dur1Short": 55.39410857607807,
    "dur2Long": 78.8237339202433,
    "dur2Short": 73.10063929508331,
    "leverage": 1.0,
    "ptLong": 0.023062255714339765,
    "ptShort": 0.01787538048468154,
    "rsiValLong": 80.65938225056115,
    "rsiValShort": 58.231001929160755,
    "slLong": 0.10509011245916514,
    "slShort": 0.036898731132708626,
    "xApt1Long": 0.014483186952967055,
    "xApt1Short": 0.0095435445575392,
    "xApt2Long": 0.006068837880100148,
    "xApt2Short": 0.009705587631326238,
    "xCdPctShort": 0.007912920595129956,
    "xCdPeriodShort": 95.42034470236086,
    "xDur1Long": 22.44156431032201,
    "xDur1Short": 94.93585040171658,
    "xDur2Long": 88.57739279417294,
    "xDur2Short": 163.53403121120493,
    "xMinBetween": 7.202142730072269,
    "xTpLong": 0.017314196711152183,
    "xTpShort": 0.0034083446146478025,
    "zL": -2.347132909543211,
    "zS": 1.8842633536335318,
    "zXLmax": 0.04838123356861068,
    "zXS": 2.9304628416747507,
    "trendBlockZ": 99.0,
    "vBB": 3.0,
    "vEmaDn": 0.0,
    "vEmaUp": 1.0,
    "vHistN": 2.0,
    "vMacd": 2.0,
    "vRsi": 5.0,
    "vX": 3.0,
    "eL3": 1.0,
    "eS3": 0.0,
    "eXL": 1.0,
    "eXS": 0.0,
    "requireHistPos": 1.0
   }
  ]
 },
 "metrics": {
  "n": 72,
  "months": 24.473067434210524,
  "eq": 1189.7645734195335,
  "growth": 0.0070998639854013045,
  "liq": false,
  "maxdd": 0.15967484526463602,
  "tpm": 2.9420096272587517,
  "sl_hits": 3,
  "worst_mae": -0.12385752510133252,
  "win": 0.9583333333333334,
  "score": -0.004513760333236675
 },
 "strategy": "v7",
 "mode": "spot",
 "method": "none",
 "algo": "random",
 "per_regime": true,
 "train_end": null,
 "evaluated": 60,
 "generated": "2026-07-02 10:48"
}