{
 "cand": {
  "strategy": "prime",
  "tv": 1,
  "zL": [
   -1.9253,
   -1.9926,
   -1.8756
  ],
  "zS": [
   2.1156,
   2.1213,
   1.795
  ],
  "bbL": [
   -0.2111,
   -0.1528,
   -0.1933
  ],
  "bbS": [
   1.1444,
   1.1462,
   1.138
  ],
  "ptScale": [
   1.7696,
   1.8166,
   1.3923
  ],
  "eS3": [
   1.0,
   1.0,
   1.0
  ],
  "lev": [
   7.7474,
   8.0829,
   7.4421
  ],
  "sl": 0.0
 },
 "metrics": {
  "n": 69,
  "months": 24.473067434210524,
  "eq": 67349.66346719208,
  "growth": 0.17202166901986976,
  "liq": false,
  "maxdd": 0.7175897215248256,
  "tpm": 2.819425892789637,
  "sl_hits": 0,
  "worst_mae": -0.0936246098974588,
  "win": 1.0,
  "score": 0.1509417181291866
 },
 "strategy": "prime",
 "mode": "lev",
 "method": "vol3",
 "evaluated": 27200,
 "generated": "2026-07-06 12:17"
}