{
 "cand": {
  "strategy": "v7",
  "mode": "lev",
  "regs": [
   {
    "apt2Long": 0.014864035817886031,
    "xApt1Short": 0.013450056673583094,
    "slLong": 0.022582831591572705,
    "vRsi": 1.0,
    "eXL": 0.0,
    "xTpShort": 0.013146816001303416,
    "vHistN": 0.0,
    "rsiValLong": 79.41908566759591,
    "dur2Long": 171.37211307338293,
    "bbValShort": 1.1923518475573802,
    "vMacd": 2.0,
    "vX": 4.0,
    "cdPctLong": 0.0034816876510643836,
    "eL3": 1.0,
    "xMinBetween": 27.50716687506854,
    "rsiValShort": 62.274181629170386,
    "cdPeriodLong": 79.98841509616267,
    "xTpLong": 0.017583325217361778,
    "dur1Short": 67.07075773182527,
    "ptLong": 0.01972163969188595,
    "xDur2Long": 554.2514005347468,
    "dur2Short": 52.99430690690238,
    "trendBlockZ": 1.0,
    "xCdPctShort": 0.002610954913616236,
    "dur1Long": 45.836193585514636,
    "xDur1Short": 162.43832822457827,
    "zXS": 1.3529146694586214,
    "bbValLong": -0.21810021427087745,
    "zS": 1.6952249796263401,
    "eS3": 0.0,
    "cdPctShort": 0.002669194668046781,
    "eXS": 0.0,
    "cdPeriodShort": 79.3124908479555,
    "leverage": 1.0,
    "xApt1Long": 0.011305808051193668,
    "zXLmax": -2.2113317039206075,
    "vBB": 4.0,
    "apt2Short": 0.015,
    "requireHistPos": 0.0,
    "slShort": 0.025661785547623786,
    "vEmaUp": 1.0,
    "xCdPeriodShort": 38.095267319832956,
    "xApt2Long": 0.005956037379028737,
    "xDur2Short": 675.4184229239422,
    "xDur1Long": 10.0,
    "ptShort": 0.019433370947755553,
    "apt1Short": 0.011518282006126578,
    "xApt2Short": 0.002960817015341208,
    "apt1Long": 0.009389427841626096,
    "zL": -1.6706144795800666,
    "vEmaDn": 4.0
   },
   {
    "apt2Long": 0.0011573519194815576,
    "xApt1Short": 0.005668304755139255,
    "slLong": 0.027418723729252838,
    "vRsi": 4.0,
    "eXL": 1.0,
    "xTpShort": 0.0071681809268416205,
    "vHistN": 1.0,
    "rsiValLong": 43.0552973206261,
    "dur2Long": 298.71973491789845,
    "bbValShort": 1.1414336135253138,
    "vMacd": 0.0,
    "vX": 0.0,
    "cdPctLong": 0.004665285463592272,
    "eL3": 1.0,
    "xMinBetween": 10.22157696399521,
    "rsiValShort": 50.0,
    "cdPeriodLong": 23.510345880409876,
    "xTpLong": 0.019006488042377236,
    "dur1Short": 0.6,
    "ptLong": 0.01860011747571594,
    "xDur2Long": 553.3610613554564,
    "dur2Short": 33.92641459476094,
    "trendBlockZ": 2.0,
    "xCdPctShort": 0.0072614502456218475,
    "dur1Long": 69.74995036311107,
    "xDur1Short": 34.245646107566195,
    "zXS": 2.7787044467608246,
    "bbValLong": 0.20693136682281435,
    "zS": 2.9429982680983473,
    "eS3": 0.0,
    "cdPctShort": 0.0007716800727682584,
    "eXS": 0.0,
    "cdPeriodShort": 184.09458603153374,
    "leverage": 3.0,
    "xApt1Long": 0.014590821289806875,
    "zXLmax": -1.9437190695333213,
    "vBB": 2.0,
    "apt2Short": 0.0019946690193728637,
    "requireHistPos": 1.0,
    "slShort": 0.0394620618519665,
    "vEmaUp": 4.0,
    "xCdPeriodShort": 14.459910268721215,
    "xApt2Long": 0.00920350608170652,
    "xDur2Short": 254.18759859136526,
    "xDur1Long": 240.0,
    "ptShort": 0.003755522564550406,
    "apt1Short": 0.001,
    "xApt2Short": 0.0,
    "apt1Long": 0.0076063486516642805,
    "zL": -1.3523648155494452,
    "vEmaDn": 2.0
   },
   {
    "apt2Long": 0.0085179329599218,
    "xApt1Short": 0.014155390691670931,
    "slLong": 0.029411835403070963,
    "vRsi": 2.0,
    "eXL": 1.0,
    "xTpShort": 0.02,
    "vHistN": 1.0,
    "rsiValLong": 80.15429408293396,
    "dur2Long": 89.66765438587348,
    "bbValShort": 0.6,
    "vMacd": 2.0,
    "vX": 1.0,
    "cdPctLong": 0.011296383400098663,
    "eL3": 1.0,
    "xMinBetween": 12.94681689404051,
    "rsiValShort": 51.44827663515618,
    "cdPeriodLong": 10.0,
    "xTpLong": 0.016240065149301455,
    "dur1Short": 64.5665349252296,
    "ptLong": 0.01879241971341448,
    "xDur2Long": 720.0,
    "dur2Short": 236.1550029216175,
    "trendBlockZ": 1.5,
    "xCdPctShort": 0.006401352043621773,
    "dur1Long": 59.07113069218169,
    "xDur1Short": 80.38333917417937,
    "zXS": 1.0,
    "bbValLong": -0.0005570526660000075,
    "zS": 1.3670149378772927,
    "eS3": 1.0,
    "cdPctShort": 0.010185283981791764,
    "eXS": 1.0,
    "cdPeriodShort": 50.88642266418876,
    "leverage": 4.0,
    "xApt1Long": 0.014616450990050963,
    "zXLmax": -2.5,
    "vBB": 2.0,
    "apt2Short": 0.008345492781149466,
    "requireHistPos": 0.0,
    "slShort": 0.03333218581402772,
    "vEmaUp": 3.0,
    "xCdPeriodShort": 114.90304512077898,
    "xApt2Long": 0.0017374775753873925,
    "xDur2Short": 720.0,
    "xDur1Long": 199.06192850141701,
    "ptShort": 0.010774838854371816,
    "apt1Short": 0.004655467470249336,
    "xApt2Short": 0.0045471537468216,
    "apt1Long": 0.011020974567902547,
    "zL": -0.8,
    "vEmaDn": 3.0
   }
  ],
  "lev_stops": true
 },
 "metrics": {
  "n": 370,
  "months": 12.555235745614036,
  "eq": 10235017.767482448,
  "growth": 0.735435831005628,
  "liq": false,
  "maxdd": 0.274462510856147,
  "tpm": 29.469777190703358,
  "sl_hits": 37,
  "worst_mae": -0.0660205434062292,
  "win": 0.8891891891891892,
  "max_hold_days": 2.0104166666666665,
  "in_market": 0.1954302806676637,
  "score": 0.3599340739837195
 },
 "strategy": "v7",
 "mode": "lev",
 "method": "vol3",
 "algo": "genetic",
 "per_regime": true,
 "train_end": null,
 "holdout_days": 21.0,
 "max_dd": 0.4,
 "max_hold_days": 5.0,
 "gap_mode": "skip_contaminated",
 "scoring": "classic",
 "anchor": null,
 "anchor_strength": 0.0,
 "evaluated": 100800,
 "generated": "2026-07-21 00:09",
 "holdout": {
  "n": 339,
  "months": 11.91467927631579,
  "eq": 551.4208285637793,
  "growth": -0.04995996898758891,
  "liq": false,
  "maxdd": 0.720704645832996,
  "tpm": 28.452297551464117,
  "sl_hits": 84,
  "worst_mae": -0.10973242492292468,
  "win": 0.7404129793510325,
  "max_hold_days": 2.1354166666666665,
  "in_market": 0.20650642187059629,
  "score": -0.0931452218188161
 },
 "holdout_scan": {
  "scanned": 10,
  "pool": 599,
  "reservoir": 299,
  "survivors": 10
 },
 "holdout_survivors": [
  {
   "rank": 9,
   "train_score": 0.34879848818404424,
   "holdout": {
    "n": 305,
    "months": 11.91467927631579,
    "eq": 935.880211489586,
    "growth": -0.005561860989754024,
    "liq": false,
    "maxdd": 0.5350293899304974,
    "tpm": 25.59867478819043,
    "sl_hits": 73,
    "worst_mae": -0.10973242492292468,
    "win": 0.7311475409836066,
    "max_hold_days": 1.9083333333333334,
    "in_market": 0.19269638040020937,
    "score": -0.057156033450784134
   }
  },
  {
   "rank": 3,
   "train_score": 0.3554753849323427,
   "holdout": {
    "n": 310,
    "months": 11.91467927631579,
    "eq": 721.5435969922537,
    "growth": -0.02739162922755445,
    "liq": false,
    "maxdd": 0.5882835140202148,
    "tpm": 26.01832519455421,
    "sl_hits": 75,
    "worst_mae": -0.10973242492292468,
    "win": 0.7064516129032258,
    "max_hold_days": 2.1395833333333334,
    "in_market": 0.1987415089238981,
    "score": -0.07214365069317484
   }
  },
  {
   "rank": 6,
   "train_score": 0.35090478095881217,
   "holdout": {
    "n": 288,
    "months": 11.91467927631579,
    "eq": 671.3764535178436,
    "growth": -0.03343986493738914,
    "liq": false,
    "maxdd": 0.5472832550703021,
    "tpm": 24.171863406553587,
    "sl_hits": 72,
    "worst_mae": -0.10973242492292468,
    "win": 0.6944444444444444,
    "max_hold_days": 1.9083333333333334,
    "in_market": 0.19968480205223774,
    "score": -0.06700170862845754
   }
  },
  {
   "rank": 5,
   "train_score": 0.35118928494107454,
   "holdout": {
    "n": 310,
    "months": 11.91467927631579,
    "eq": 606.216172346623,
    "growth": -0.04200856983815738,
    "liq": false,
    "maxdd": 0.5882835140202148,
    "tpm": 26.01832519455421,
    "sl_hits": 72,
    "worst_mae": -0.10973242492292468,
    "win": 0.7516129032258064,
    "max_hold_days": 2.408333333333333,
    "in_market": 0.1965213189998792,
    "score": -0.07529826227052439
   }
  },
  {
   "rank": 1,