{
 "cand": {
  "strategy": "v7",
  "mode": "lev",
  "regs": [
   {
    "xApt2Short": 0.0008147854186319006,
    "eS3": 1.0,
    "cdPeriodShort": 86.7396418571637,
    "vX": 4.0,
    "bbValLong": -0.0752512281045173,
    "trendBlockZ": 2.0,
    "zXLmax": -1.6243762823407548,
    "rsiValShort": 90.0,
    "xApt1Short": 0.012476631784429627,
    "zS": 1.1515353757412954,
    "bbValShort": 1.0489443064436388,
    "vBB": 1.0,
    "xMinBetween": 3.954240595266841,
    "slLong": 0.05969316779378526,
    "ptShort": 0.015259280059815776,
    "cdPctLong": 0.0040834808416784,
    "vEmaUp": 0.0,
    "rsiValLong": 51.664682203354346,
    "vRsi": 3.0,
    "dur1Long": 72.22629870183164,
    "xTpLong": 0.01852469797926406,
    "vMacd": 4.0,
    "cdPctShort": 0.004605485429051143,
    "xDur1Short": 10.0,
    "apt2Short": 0.011917676522113969,
    "leverage": 4.476814397843706,
    "xCdPctShort": 0.0009167802031322379,
    "dur1Short": 27.923494435573673,
    "zXS": 1.7355280542143825,
    "requireHistPos": 0.0,
    "xDur2Short": 415.7042094531407,
    "apt1Long": 0.001,
    "eXL": 0.0,
    "zL": -2.5221399882061375,
    "ptLong": 0.0033637461221603694,
    "xDur2Long": 143.36367821483339,
    "dur2Long": 141.06723988735683,
    "xDur1Long": 10.0,
    "eL3": 0.0,
    "vHistN": 1.0,
    "xCdPeriodShort": 30.577769958538248,
    "dur2Short": 268.3790730993301,
    "xApt1Long": 0.0005,
    "eXS": 0.0,
    "vEmaDn": 2.0,
    "apt1Short": 0.01859764158605799,
    "xApt2Long": 0.005774424834967292,
    "apt2Long": 0.003354898567775713,
    "cdPeriodLong": 151.48034394136923,
    "slShort": 0.033024933698388124,
    "xTpShort": 0.01289756406623039
   },
   {
    "xApt2Short": 0.007927875296950616,
    "eS3": 1.0,
    "cdPeriodShort": 53.15017216089755,
    "vX": 2.0,
    "bbValLong": 0.35,
    "trendBlockZ": 3.0,
    "zXLmax": -0.17401722635226896,
    "rsiValShort": 66.77799532958419,
    "xApt1Short": 0.005155934602186693,
    "zS": 1.166662967070508,
    "bbValShort": 0.8625940653639521,
    "vBB": 2.0,
    "xMinBetween": 6.53772466087344,
    "slLong": 0.07396237689512428,
    "ptShort": 0.011438568093095432,
    "cdPctLong": 0.007938424716983451,
    "vEmaUp": 3.0,
    "rsiValLong": 68.37329556197095,
    "vRsi": 3.0,
    "dur1Long": 73.34832073261732,
    "xTpLong": 0.0013865773557742353,
    "vMacd": 0.0,
    "cdPctShort": 0.005080655641218013,
    "xDur1Short": 12.374729009335955,
    "apt2Short": 0.00022316879763637824,
    "leverage": 9.388737820543184,
    "xCdPctShort": 0.006158744068864224,
    "dur1Short": 3.2025274855992745,
    "zXS": 2.1851462343591903,
    "requireHistPos": 1.0,
    "xDur2Short": 339.29712416082253,
    "apt1Long": 0.0014333757710933495,
    "eXL": 0.0,
    "zL": -2.500878119100926,
    "ptLong": 0.012429411753090112,
    "xDur2Long": 569.8494521528359,
    "dur2Long": 73.17079783708385,
    "xDur1Long": 13.665639362397911,
    "eL3": 1.0,
    "vHistN": 0.0,
    "xCdPeriodShort": 23.988098749607502,
    "dur2Short": 267.23288282379417,
    "xApt1Long": 0.015,
    "eXS": 1.0,
    "vEmaDn": 3.0,
    "apt1Short": 0.013087771002851748,
    "xApt2Long": 0.01,
    "apt2Long": 0.0036942655523222218,
    "cdPeriodLong": 19.769970612844894,
    "slShort": 0.048374351392173706,
    "xTpShort": 0.0022829124401678716
   },
   {
    "xApt2Short": 0.006041836939858241,
    "eS3": 1.0,
    "cdPeriodShort": 10.0,
    "vX": 4.0,
    "bbValLong": -0.19945981952852138,
    "trendBlockZ": 99.0,
    "zXLmax": -0.9402723642153623,
    "rsiValShort": 50.940264930742465,
    "xApt1Short": 0.007859638442470979,
    "zS": 2.5429751473255817,
    "bbValShort": 0.873956625226584,
    "vBB": 1.0,
    "xMinBetween": 3.996472682379062,
    "slLong": 0.07965307571949631,
    "ptShort": 0.0258812263207871,
    "cdPctLong": 0.0035156883457615144,
    "vEmaUp": 4.0,
    "rsiValLong": 81.38149056157586,
    "vRsi": 0.0,
    "dur1Long": 77.17820663589445,
    "xTpLong": 0.015133380876221679,
    "vMacd": 3.0,
    "cdPctShort": 0.0028135386895065465,
    "xDur1Short": 170.13510358174403,
    "apt2Short": 0.012040113738531725,
    "leverage": 8.846973056068068,
    "xCdPctShort": 0.002478240618800856,
    "dur1Short": 0.6,
    "zXS": 1.3528814820457318,
    "requireHistPos": 0.0,
    "xDur2Short": 538.6285363011576,
    "apt1Long": 0.012221279724615381,
    "eXL": 1.0,
    "zL": -0.8,
    "ptLong": 0.029442115976468716,
    "xDur2Long": 330.6201258673385,
    "dur2Long": 192.8898049292813,
    "xDur1Long": 95.10904113115811,
    "eL3": 1.0,
    "vHistN": 3.0,
    "xCdPeriodShort": 107.5551544533898,
    "dur2Short": 89.94280963093107,
    "xApt1Long": 0.004408894149532252,
    "eXS": 0.0,
    "vEmaDn": 3.0,
    "apt1Short": 0.0011974013050458643,
    "xApt2Long": 0.001982497851084969,
    "apt2Long": 0.012644448519211015,
    "cdPeriodLong": 69.25504037354114,
    "slShort": 0.07829723213637917,
    "xTpShort": 0.016370605838239054
   }
  ]
 },
 "metrics": {
  "n": 168,
  "months": 14.81640625,
  "eq": 2260245052.714362,
  "growth": 0.9874853286892631,
  "liq": false,
  "maxdd": 0.5408719560571693,
  "tpm": 11.338781966780912,
  "sl_hits": 0,
  "worst_mae": -0.05679594601374738,
  "win": 0.9464285714285714,
  "max_hold_days": 2.65625,
  "in_market": 0.08567490437139513,
  "score": 0.7840607263859568
 },
 "strategy": "v7",
 "mode": "lev",
 "method": "vol3",
 "algo": "genetic",
 "per_regime": true,
 "train_end": "2025-09-01",
 "holdout_days": null,
 "max_dd": null,
 "max_hold_days": 7.0,
 "gap_mode": "skip_contaminated",
 "scoring": "underwater",
 "anchor": null,
 "anchor_strength": 0.0,
 "evaluated": 100800,
 "generated": "2026-07-11 18:34",
 "holdout": {
  "n": 4,
  "months": 2.1842105263157894,
  "eq": 0.0,
  "growth": -12.650347016931143,
  "liq": true,
  "maxdd": 1.0,
  "tpm": 1.8313253012048194,
  "sl_hits": 0,
  "worst_mae": -0.0985105895077753,
  "win": 0.75,
  "max_hold_days": 55.5875,
  "in_market": 0.9063441265060241,
  "score": -13.103519080184155
 },
 "holdout_scan": {
  "scanned": 391,
  "pool": 588,
  "reservoir": 288,
  "survivors": 7
 },
 "holdout_survivors": [
  {
   "rank": 391,
   "train_score": 0.16006735724267546,
   "holdout": {
    "n": 87,
    "months": 9.656661184210527,
    "eq": 10498.125546533738,
    "growth": 0.2434792602741066,
    "liq": false,
    "maxdd": 0.6781267565906454,
    "tpm": 9.009325101128379,
    "sl_hits": 0,
    "worst_mae": -0.08311209439528033,
    "win": 0.9655172413793104,
    "max_hold_days": 2.9479166666666665,
    "in_market": 0.05979703356752537,
    "score": 0.1769082925636462
   }
  },
  {
   "rank": 381,
   "train_score": 0.12193865009559315,
   "holdout": {
    "n": 73,
    "months": 9.656661184210527,
    "eq": 6324.274014925864,
    "growth": 0.19099720002527343,
    "liq": false,
    "maxdd": 0.5135064488721911,
    "tpm": 7.559548648073237,
    "sl_hits": 0,
    "worst_mae": -0.062935182944861,
    "win": 0.9863013698630136,
    "max_hold_days": 5.4,
    "in_market": 0.05816478603363849,
    "score": 0.11733608308397583
   }
  },
  {
   "rank": 314,
   "train_score": 0.090899788026432,
   "holdout": {
    "n": 74,
    "months": 9.656661184210527,
    "eq": 3843.18482662303,
    "growth": 0.13941686252665586,
    "liq": false,
    "maxdd": 0.5089814700691091,
    "tpm": 7.663104109005747,
    "sl_hits": 0,
    "worst_mae": -0.08463185879920254,
    "win": 0.9594594594594594,
    "max_hold_days": 2.966666666666667,
    "in_market": 0.0583634944290682,
    "score": 0.08266558225202622
   }
  },
  {
   "rank": 390,
   "train_score": 0.0803333682913859,
   "holdout": {
    "n": 53,
    "months": 9.656661184210527,
    "eq": 3797.3145369231306,
    "growth": 0.13817344221143385,
    "liq": false,
    "maxdd": 0.36174038098880124,
    "tpm": 5.488439429423035,
    "sl_hits": 0,
    "worst_mae": -0.06095143706640227,
    "win": 0.9811320754716981,
    "max_hold_days": 5.46875,
    "in_market": 0.050095805833510754,
    "score": 0.09077794442629199
   }
  },
  {
   "rank": 371,
   "train_score": 0.06452306534099732,