{"job": {"strategy": "v6", "mode": "spot", "method": "trend3", "window": "all", "fold_idx": 9, "n_samples": 350, "seed": 741570}, "status": "ok", "n_feasible": 350, "cand": {"strategy": "v6", "tv": 1, "zL": [-1.496, -1.3526, -1.87], "zS": [1.7552, 2.0064, 1.8563], "zXS": [2.3444, 2.1753, 2.2296], "zXLmax": [-40.0778, -40.1127, -40.1165], "ptScale": [1.7274, 1.7846, 1.6707], "eS3": [0.0, 0.0, 0.0], "eXS": [0.0, 0.0, 0.0], "lev": [1.0, 1.0, 1.0], "sl": 0.1}, "train": {"n": 150, "months": 14.267269736842106, "eq": 2149.436784594239, "growth": 0.053633656703921895, "liq": false, "maxdd": 0.12865745376094695, "tpm": 10.51357426941034, "sl_hits": 4, "worst_mae": -0.10713179255220273, "win": 0.9733333333333334, "score": 0.03150249214436099}, "oos": {"n": 12, "months": 0.91796875, "eq": 968.5947922868736, "growth": -0.03476036146527893, "liq": false, "maxdd": 0.0, "tpm": 13.072340425531914, "sl_hits": 1, "worst_mae": -0.10070445084854307, "win": 0.9166666666666666, "score": -0.03476036146527893}, "elapsed": 1.7277934551239014}