{"job": {"strategy": "v6", "mode": "spot", "method": "trend3", "window": "all", "fold_idx": 4, "n_samples": 350, "seed": 741570}, "status": "ok", "n_feasible": 350, "cand": {"strategy": "v6", "tv": 1, "zL": [-1.4077, -1.4844, -1.347], "zS": [1.91, 1.6375, 1.8966], "zXS": [1.5274, 2.0328, 1.6148], "zXLmax": [-99.0, -99.0, -99.0], "ptScale": [1.6908, 1.6176, 1.6003], "eS3": [0.0, 0.0, 0.0], "eXS": [0.0, 0.0, 0.0], "lev": [1.0, 1.0, 1.0], "sl": 0.08}, "train": {"n": 113, "months": 9.694490131578949, "eq": 2033.9621209563593, "growth": 0.07323599950948083, "liq": false, "maxdd": 0.0815993357933578, "tpm": 11.656105526572505, "sl_hits": 1, "worst_mae": -0.08161960051165995, "win": 0.9911504424778761, "score": 0.05333781244736684}, "oos": {"n": 9, "months": 0.9156387061403509, "eq": 1014.6667341422178, "growth": 0.015901706354154808, "liq": false, "maxdd": 0.0729920542102368, "tpm": 9.829204400868198, "sl_hits": 1, "worst_mae": -0.0800082553659881, "win": 0.8888888888888888, "score": 0.015901706354154808}, "elapsed": 1.4142577648162842}