{"job": {"strategy": "v6", "mode": "spot", "method": "trend3", "window": "all", "fold_idx": 15, "n_samples": 350, "seed": 741570}, "status": "ok", "n_feasible": 350, "cand": {"strategy": "v6", "tv": 0, "zL": [-1.7871, -1.7002, -2.1069], "zS": [2.1836, 2.3374, 1.8661], "zXS": [2.0011, 2.2469, 2.0385], "zXLmax": [-20.4818, -20.6054, -20.5199], "ptScale": [1.7107, 1.569, 1.2982], "eS3": [0.0, 0.0, 0.0], "eXS": [0.0, 0.0, 0.0], "lev": [1.0, 1.0, 1.0], "sl": 0.1}, "train": {"n": 162, "months": 19.574629934210527, "eq": 2459.579601892765, "growth": 0.045977392411790594, "liq": false, "maxdd": 0.13648802279198866, "tpm": 8.276018527271008, "sl_hits": 2, "worst_mae": -0.11102636006730227, "win": 0.9876543209876543, "score": 0.031056572925933577}, "oos": {"n": 4, "months": 0.9210526315789473, "eq": 1024.0619101337816, "growth": 0.025815011096594905, "liq": false, "maxdd": 0.0, "tpm": 4.3428571428571425, "sl_hits": 0, "worst_mae": -0.047367135997395726, "win": 1.0, "score": 0.025815011096594905}, "elapsed": 2.32071590423584}