{"job": {"strategy": "v6", "mode": "spot", "method": "trend3", "window": "all", "fold_idx": 17, "n_samples": 350, "seed": 741570}, "status": "ok", "n_feasible": 350, "cand": {"strategy": "v6", "tv": 0, "zL": [-1.6222, -1.5168, -1.8711], "zS": [1.5754, 1.9402, 1.8019], "zXS": [2.0823, 1.7665, 1.9128], "zXLmax": [-21.0563, -21.0241, -20.8367], "ptScale": [1.3788, 1.1836, 1.4545], "eS3": [0.0, 0.0, 0.0], "eXS": [0.0, 0.0, 0.0], "lev": [1.0, 1.0, 1.0], "sl": 0.08}, "train": {"n": 200, "months": 21.41673519736842, "eq": 3143.103925738934, "growth": 0.05347270779101137, "liq": false, "maxdd": 0.07853820038494429, "tpm": 9.33849151875282, "sl_hits": 1, "worst_mae": -0.08174721984602218, "win": 0.995, "score": 0.038976968333257825}, "oos": {"n": 3, "months": 0.920984100877193, "eq": 1014.2129333496217, "growth": 0.015323691854674373, "liq": false, "maxdd": 0.0, "tpm": 3.2573852221147406, "sl_hits": 0, "worst_mae": -0.002142933676202774, "win": 1.0, "score": 0.015323691854674373}, "elapsed": 2.4259748458862305}