{"job": {"strategy": "v6", "mode": "spot", "method": "trend3", "window": "all", "fold_idx": 13, "n_samples": 350, "seed": 741570}, "status": "ok", "n_feasible": 350, "cand": {"strategy": "v6", "tv": 1, "zL": [-1.8255, -1.6595, -2.053], "zS": [1.871, 2.1157, 1.5886], "zXS": [2.1193, 1.9692, 1.7325], "zXLmax": [-40.196, -40.0601, -40.0882], "ptScale": [1.4332, 1.3405, 1.3242], "eS3": [0.0, 0.0, 0.0], "eXS": [0.0, 0.0, 0.0], "lev": [1.0, 1.0, 1.0], "sl": 0.1}, "train": {"n": 153, "months": 17.73266173245614, "eq": 2402.698966477928, "growth": 0.04943378992341624, "liq": false, "maxdd": 0.10209857758967086, "tpm": 8.628146316013217, "sl_hits": 1, "worst_mae": -0.11090275917492642, "win": 0.9934640522875817, "score": 0.03387768405169388}, "oos": {"n": 2, "months": 0.920984100877193, "eq": 1012.6780686378072, "growth": 0.013679253293036615, "liq": false, "maxdd": 0.0, "tpm": 2.171590148076494, "sl_hits": 0, "worst_mae": -0.012261793189628167, "win": 1.0, "score": 0.013679253293036615}, "elapsed": 2.231947422027588}