{"job": {"strategy": "v6", "mode": "spot", "method": "trend3", "window": "all", "fold_idx": 11, "n_samples": 350, "seed": 741570}, "status": "ok", "n_feasible": 350, "cand": {"strategy": "v6", "tv": 0, "zL": [-1.4906, -1.3129, -1.4266], "zS": [1.6083, 1.5336, 1.6031], "zXS": [1.982, 2.0781, 2.0848], "zXLmax": [-40.1209, -40.2224, -40.1027], "ptScale": [1.8541, 2.2081, 1.8592], "eS3": [0.0, 0.0, 0.0], "eXS": [0.0, 0.0, 0.0], "lev": [1.0, 1.0, 1.0], "sl": 0.08}, "train": {"n": 195, "months": 16.02480811403509, "eq": 2367.5034933682623, "growth": 0.053781362965196304, "liq": false, "maxdd": 0.14688663602881905, "tpm": 12.16863244866016, "sl_hits": 10, "worst_mae": -0.08497785379116785, "win": 0.9487179487179487, "score": 0.029533733887994525}, "oos": {"n": 13, "months": 0.9208470394736842, "eq": 943.64063610431, "growth": -0.06299620340909895, "liq": false, "maxdd": 0.09987359606818912, "tpm": 14.11743692788569, "sl_hits": 2, "worst_mae": -0.08134648762217955, "win": 0.8461538461538461, "score": -0.06299620340909895}, "elapsed": 1.833080530166626}