{"job": {"strategy": "v6", "mode": "spot", "method": "trend3", "window": "all", "fold_idx": 8, "n_samples": 350, "seed": 741570}, "status": "ok", "n_feasible": 350, "cand": {"strategy": "v6", "tv": 1, "zL": [-1.4713, -1.3575, -1.5708], "zS": [2.0417, 2.2079, 2.1589], "zXS": [1.6985, 1.5007, 1.8841], "zXLmax": [-40.02, -40.1078, -40.1527], "ptScale": [1.755, 2.034, 1.9231], "eS3": [0.0, 0.0, 0.0], "eXS": [0.0, 0.0, 0.0], "lev": [1.0, 1.0, 1.0], "sl": 0.08}, "train": {"n": 150, "months": 13.347861842105264, "eq": 2274.387563412461, "growth": 0.061561231528006716, "liq": false, "maxdd": 0.08498448101987359, "tpm": 11.23775491343725, "sl_hits": 6, "worst_mae": -0.08497785379116785, "win": 0.96, "score": 0.038347329765340374}, "oos": {"n": 11, "months": 0.9194078947368421, "eq": 1009.4202353511341, "growth": 0.01019802166909875, "liq": false, "maxdd": 0.0813946721109855, "tpm": 11.964221824686941, "sl_hits": 1, "worst_mae": -0.08279628080877655, "win": 0.9090909090909091, "score": 0.01019802166909875}, "elapsed": 1.6680383682250977}