{"job": {"strategy": "v6", "mode": "spot", "method": "trend3", "window": "all", "fold_idx": 16, "n_samples": 350, "seed": 741570}, "status": "ok", "n_feasible": 350, "cand": {"strategy": "v6", "tv": 0, "zL": [-1.8755, -1.7684, -2.2492], "zS": [1.8016, 1.6387, 1.7646], "zXS": [1.8098, 1.9709, 1.7406], "zXLmax": [-99.0, -99.0, -99.0], "ptScale": [1.6831, 1.4402, 1.4726], "eS3": [0.0, 0.0, 0.0], "eXS": [0.0, 0.0, 0.0], "lev": [1.0, 1.0, 1.0], "sl": 0.08}, "train": {"n": 149, "months": 20.495682565789473, "eq": 2318.2944568115336, "growth": 0.04102482387202325, "liq": false, "maxdd": 0.14371329450091458, "tpm": 7.269823755404199, "sl_hits": 2, "worst_mae": -0.11090275917492642, "win": 0.9865771812080537, "score": 0.028860276718148795}, "oos": {"n": 2, "months": 0.9210526315789473, "eq": 1019.7705251974284, "growth": 0.021255708976414097, "liq": false, "maxdd": 0.0, "tpm": 2.1714285714285713, "sl_hits": 0, "worst_mae": -0.001494424646511061, "win": 1.0, "score": 0.021255708976414097}, "elapsed": 2.351243734359741}