{"job": {"strategy": "v6", "mode": "spot", "method": "trend3", "window": "all", "fold_idx": 10, "n_samples": 350, "seed": 741570}, "status": "ok", "n_feasible": 350, "cand": {"strategy": "v6", "tv": 0, "zL": [-1.8639, -1.5468, -2.0476], "zS": [1.7034, 1.3905, 1.6188], "zXS": [1.9978, 2.1858, 1.9603], "zXLmax": [-99.0, -99.0, -99.0], "ptScale": [1.8204, 1.7483, 1.5229], "eS3": [0.0, 0.0, 0.0], "eXS": [0.0, 0.0, 0.0], "lev": [1.0, 1.0, 1.0], "sl": 0.08}, "train": {"n": 139, "months": 15.185238486842106, "eq": 2470.67254746376, "growth": 0.05956379287575724, "liq": false, "maxdd": 0.08406094182825485, "tpm": 9.153626406357889, "sl_hits": 2, "worst_mae": -0.08330395366406451, "win": 0.9856115107913669, "score": 0.0424105732464924}, "oos": {"n": 6, "months": 0.8395696271929824, "eq": 1040.410888223362, "growth": 0.04718574692896794, "liq": false, "maxdd": 0.0, "tpm": 7.14651865153865, "sl_hits": 0, "worst_mae": -0.042864007688611205, "win": 1.0, "score": 0.04718574692896794}, "elapsed": 1.7711234092712402}