{"job": {"strategy": "v6", "mode": "spot", "method": "trend3", "window": "all", "fold_idx": 7, "n_samples": 350, "seed": 741570}, "status": "ok", "n_feasible": 350, "cand": {"strategy": "v6", "tv": 1, "zL": [-1.5734, -1.3818, -1.485], "zS": [1.758, 1.3444, 1.6129], "zXS": [2.0615, 2.1841, 2.2754], "zXLmax": [-40.2328, -40.3697, -40.2935], "ptScale": [1.8573, 2.0986, 1.8403], "eS3": [0.0, 0.0, 0.0], "eXS": [0.0, 0.0, 0.0], "lev": [1.0, 1.0, 1.0], "sl": 0.1}, "train": {"n": 148, "months": 12.432565789473685, "eq": 2401.570420883493, "growth": 0.07046999631741918, "liq": false, "maxdd": 0.10978403038507112, "tpm": 11.904220134938484, "sl_hits": 4, "worst_mae": -0.1032223098147419, "win": 0.972972972972973, "score": 0.0447737641865159}, "oos": {"n": 4, "months": 0.915296052631579, "eq": 925.6002700199765, "growth": -0.08446754594447146, "liq": false, "maxdd": 0.09848506630313536, "tpm": 4.370170709793351, "sl_hits": 1, "worst_mae": -0.10713179255220273, "win": 0.75, "score": -0.08446754594447146}, "elapsed": 1.6001825332641602}