{"job": {"strategy": "v6", "mode": "spot", "method": "trend3", "window": "all", "fold_idx": 0, "n_samples": 350, "seed": 741570}, "status": "ok", "n_feasible": 350, "cand": {"strategy": "v6", "tv": 1, "zL": [-1.0252, -1.0951, -0.9], "zS": [1.7165, 1.6863, 1.7107], "zXS": [1.5217, 1.7728, 2.0418], "zXLmax": [-20.7286, -20.7038, -20.7438], "ptScale": [1.893, 2.3027, 1.8669], "eS3": [0.0, 0.0, 0.0], "eXS": [0.0, 0.0, 0.0], "lev": [1.0, 1.0, 1.0], "sl": 0.08}, "train": {"n": 104, "months": 6.024328399122807, "eq": 1810.9405005766075, "growth": 0.09857469323718324, "liq": false, "maxdd": 0.13463014375140256, "tpm": 17.26333511551981, "sl_hits": 4, "worst_mae": -0.08497785379116785, "win": 0.9615384615384616, "score": 0.06173650281691822}, "oos": {"n": 18, "months": 0.9209155701754386, "eq": 1093.1649310713244, "growth": 0.09672666886121321, "liq": false, "maxdd": 0.08124757118223495, "tpm": 19.54576573894925, "sl_hits": 1, "worst_mae": -0.08251324753974265, "win": 0.9444444444444444, "score": 0.09672666886121321}, "elapsed": 1.181049108505249}