{"job": {"strategy": "v6", "mode": "spot", "method": "trend3", "window": "all", "fold_idx": 18, "n_samples": 350, "seed": 741570}, "status": "ok", "n_feasible": 350, "cand": {"strategy": "v6", "tv": 1, "zL": [-1.8809, -1.6085, -2.0332], "zS": [2.1164, 1.9175, 1.8369], "zXS": [1.8714, 2.1563, 1.7811], "zXLmax": [-99.0, -99.0, -99.0], "ptScale": [1.5121, 1.7242, 1.2508], "eS3": [0.0, 0.0, 0.0], "eXS": [0.0, 0.0, 0.0], "lev": [1.0, 1.0, 1.0], "sl": 0.08}, "train": {"n": 182, "months": 22.337719298245617, "eq": 2512.913471499686, "growth": 0.041250532935523165, "liq": false, "maxdd": 0.12690298995582386, "tpm": 8.147653642254074, "sl_hits": 4, "worst_mae": -0.11090275917492642, "win": 0.978021978021978, "score": 0.027350032158060956}, "oos": {"n": 5, "months": 0.920984100877193, "eq": 933.904311817228, "growth": -0.07424807421865331, "liq": false, "maxdd": 0.08423617614269781, "tpm": 5.428975370191234, "sl_hits": 1, "worst_mae": -0.08526526972804283, "win": 0.8, "score": -0.07424807421865331}, "elapsed": 2.4192862510681152}