{"job": {"strategy": "v6", "mode": "spot", "method": "trend3", "window": "all", "fold_idx": 1, "n_samples": 350, "seed": 741570}, "status": "ok", "n_feasible": 350, "cand": {"strategy": "v6", "tv": 1, "zL": [-1.324, -1.0748, -1.0982], "zS": [1.8821, 1.4795, 1.7587], "zXS": [1.4713, 1.5801, 1.6267], "zXLmax": [-20.4247, -20.3537, -20.2997], "ptScale": [1.8542, 1.9647, 1.3804], "eS3": [0.0, 0.0, 0.0], "eXS": [0.0, 0.0, 0.0], "lev": [1.0, 1.0, 1.0], "sl": 0.1}, "train": {"n": 115, "months": 6.951206140350878, "eq": 1940.9653365624013, "growth": 0.0954058090195018, "liq": false, "maxdd": 0.13475512576517762, "tpm": 16.543891474091016, "sl_hits": 2, "worst_mae": -0.10369731199665311, "win": 0.9826086956521739, "score": 0.057936089804888125}, "oos": {"n": 16, "months": 0.9159813596491229, "eq": 999.0122982438952, "growth": -0.00107883183920547, "liq": false, "maxdd": 0.1048679648177335, "tpm": 17.467604369295227, "sl_hits": 1, "worst_mae": -0.103914590747331, "win": 0.9375, "score": -0.00107883183920547}, "elapsed": 1.3729417324066162}