{"job": {"strategy": "v6", "mode": "spot", "method": "trend3", "window": "all", "fold_idx": 12, "n_samples": 350, "seed": 741570}, "status": "ok", "n_feasible": 350, "cand": {"strategy": "v6", "tv": 1, "zL": [-1.7677, -1.591, -2.2145], "zS": [1.8164, 2.2293, 2.0749], "zXS": [1.7953, 1.659, 1.5342], "zXLmax": [-20.5479, -20.5674, -20.5433], "ptScale": [1.9079, 1.9693, 1.5061], "eS3": [0.0, 0.0, 0.0], "eXS": [0.0, 0.0, 0.0], "lev": [1.0, 1.0, 1.0], "sl": 0.08}, "train": {"n": 148, "months": 16.945655153508774, "eq": 2405.057939899339, "growth": 0.051787551838623144, "liq": false, "maxdd": 0.10104709722034101, "tpm": 8.733802184647612, "sl_hits": 4, "worst_mae": -0.08751542344363428, "win": 0.972972972972973, "score": 0.03347634824070123}, "oos": {"n": 10, "months": 0.7870065789473684, "eq": 805.8216953387871, "growth": -0.27432144582758855, "liq": false, "maxdd": 0.20023731069194034, "tpm": 12.706374085684432, "sl_hits": 3, "worst_mae": -0.11090275917492642, "win": 0.7, "score": -0.27432144582758855}, "elapsed": 1.8814096450805664}