{"job": {"strategy": "v6", "mode": "spot", "method": "trend3", "window": "all", "fold_idx": 6, "n_samples": 350, "seed": 741570}, "status": "ok", "n_feasible": 350, "cand": {"strategy": "v6", "tv": 0, "zL": [-1.4818, -1.4132, -1.8472], "zS": [1.6471, 2.1576, 1.7256], "zXS": [2.2913, 2.1216, 2.3409], "zXLmax": [-99.0, -99.0, -99.0], "ptScale": [1.9478, 2.0133, 1.7577], "eS3": [0.0, 0.0, 0.0], "eXS": [0.0, 0.0, 0.0], "lev": [1.0, 1.0, 1.0], "sl": 0.08}, "train": {"n": 127, "months": 11.518571820175438, "eq": 2189.574462524871, "growth": 0.06803857525338514, "liq": false, "maxdd": 0.08498448101987344, "tpm": 11.025672451644763, "sl_hits": 4, "worst_mae": -0.08497785379116785, "win": 0.968503937007874, "score": 0.04319777362882605}, "oos": {"n": 10, "months": 0.9139939692982456, "eq": 1078.690720033873, "growth": 0.08287583068388114, "liq": false, "maxdd": 0.0, "tpm": 10.94099122741246, "sl_hits": 0, "worst_mae": -0.05756034074775196, "win": 1.0, "score": 0.08287583068388114}, "elapsed": 1.544893741607666}