{"job": {"strategy": "v6", "mode": "spot", "method": "trend3", "window": "all", "fold_idx": 5, "n_samples": 350, "seed": 741570}, "status": "ok", "n_feasible": 350, "cand": {"strategy": "v6", "tv": 1, "zL": [-1.7231, -1.3201, -1.5218], "zS": [1.7376, 1.7639, 1.5892], "zXS": [1.9204, 1.7728, 2.0255], "zXLmax": [-40.1346, -40.232, -40.289], "ptScale": [2.194, 2.148, 1.7754], "eS3": [0.0, 0.0, 0.0], "eXS": [0.0, 0.0, 0.0], "lev": [1.0, 1.0, 1.0], "sl": 0.08}, "train": {"n": 127, "months": 10.610128837719298, "eq": 1852.9761105661432, "growth": 0.05813247551965101, "liq": false, "maxdd": 0.1388594343104624, "tpm": 11.969694425246896, "sl_hits": 6, "worst_mae": -0.08497785379116785, "win": 0.952755905511811, "score": 0.03189669721013036}, "oos": {"n": 11, "months": 0.9084429824561403, "eq": 1115.482768793655, "growth": 0.12030175785593075, "liq": false, "maxdd": 0.0, "tpm": 12.108630054315027, "sl_hits": 0, "worst_mae": -0.07450178170779986, "win": 1.0, "score": 0.12030175785593075}, "elapsed": 1.4764549732208252}