{
 "cand": {
  "strategy": "v7",
  "mode": "spot",
  "regs": [
   {
    "zL": -1.9657293645470992,
    "zS": 2.8566546657543697,
    "zXS": 2.9221414713548057,
    "zXLmax": -2.2676257386560477,
    "rsiValLong": 36.58245367491168,
    "rsiValShort": 52.32058935109071,
    "bbValLong": 0.003725747920002742,
    "bbValShort": 1.1838002520031856,
    "ptLong": 0.016418000426919703,
    "apt1Long": 0.007320724669171994,
    "apt2Long": 0.004392434801503196,
    "dur1Long": 22.185944848601668,
    "dur2Long": 202.33370570181262,
    "ptShort": 0.02679323032176438,
    "apt1Short": 0.01755994506314167,
    "apt2Short": 0.0019826537392424464,
    "dur1Short": 27.873718643188592,
    "dur2Short": 152.72109503221535,
    "xTpLong": 0.01567804065960358,
    "xApt1Long": 0.010456928464814401,
    "xApt2Long": 0.005367303424045855,
    "xDur1Long": 96.67752256600323,
    "xDur2Long": 227.9683873202348,
    "xTpShort": 0.01206697707172033,
    "xApt1Short": 0.012155359261645862,
    "xApt2Short": 0.0035128106046839825,
    "xDur1Short": 36.7630138433024,
    "xDur2Short": 75.35969365385083,
    "cdPctLong": 0.0017693776693900548,
    "cdPeriodLong": 40.187736838045915,
    "cdPctShort": 0.005470360511788869,
    "cdPeriodShort": 188.44193732967278,
    "xCdPctShort": 0.004162980358849159,
    "xCdPeriodShort": 20.087000566884516,
    "xMinBetween": 5.869719727392397,
    "slLong": 0.1152884908736082,
    "slShort": 0.08201842307810611,
    "leverage": 1.0,
    "vRsi": 5.0,
    "vMacd": 4.0,
    "vBB": 3.0,
    "vEmaUp": 4.0,
    "vEmaDn": 0.0,
    "vX": 2.0,
    "vHistN": 3.0,
    "trendBlockZ": 2.0,
    "eL3": 1.0,
    "eS3": 0.0,
    "eXL": 0.0,
    "eXS": 0.0,
    "requireHistPos": 0.0
   },
   {
    "zL": -2.9272104438895448,
    "zS": 1.0897621648024434,
    "zXS": 2.049479789219875,
    "zXLmax": -0.739019760429457,
    "rsiValLong": 53.66197590862187,
    "rsiValShort": 70.702888598797,
    "bbValLong": 0.2809376064512388,
    "bbValShort": 0.9658665963823119,
    "ptLong": 0.009337979557354777,
    "apt1Long": 0.006536585690148343,
    "apt2Long": 0.004465277283176307,
    "dur1Long": 56.96673610262247,
    "dur2Long": 215.579683875067,
    "ptShort": 0.021824789776742057,
    "apt1Short": 0.019506570057649723,
    "apt2Short": 0.007479623457087891,
    "dur1Short": 3.9602330432094544,
    "dur2Short": 183.2237564611514,
    "xTpLong": 0.010650530558158948,
    "xApt1Long": 0.011965781509742288,
    "xApt2Long": 0.009276889739859025,
    "xDur1Long": 47.08237191393004,
    "xDur2Long": 641.2807551988088,
    "xTpShort": 0.004280433297785095,
    "xApt1Short": 0.009058474122877068,
    "xApt2Short": 4.668206438776634e-05,
    "xDur1Short": 204.34804010152203,
    "xDur2Short": 314.3981270479318,
    "cdPctLong": 0.0029921826274785126,
    "cdPeriodLong": 227.61756306979973,
    "cdPctShort": 0.001486990542346334,
    "cdPeriodShort": 90.94978073080618,
    "xCdPctShort": 0.004768854724254299,
    "xCdPeriodShort": 33.90684195143098,
    "xMinBetween": 11.374004767538553,
    "slLong": 0.10439450561857774,
    "slShort": 0.03966853652975934,
    "leverage": 1.0,
    "vRsi": 1.0,
    "vMacd": 1.0,
    "vBB": 1.0,
    "vEmaUp": 3.0,
    "vEmaDn": 0.0,
    "vX": 1.0,
    "vHistN": 3.0,
    "trendBlockZ": 1.5,
    "eL3": 1.0,
    "eS3": 0.0,
    "eXL": 1.0,
    "eXS": 0.0,
    "requireHistPos": 0.0
   },
   {
    "zL": -1.458234158895075,
    "zS": 1.0842981576735844,
    "zXS": 2.040310468727994,
    "zXLmax": -2.3014008684461102,
    "rsiValLong": 39.4684959735687,
    "rsiValShort": 62.515686411872636,
    "bbValLong": 0.1454967147404327,
    "bbValShort": 1.001882604444833,
    "ptLong": 0.016896904748393612,
    "apt1Long": 0.004464909356641096,
    "apt2Long": 0.004461991837955264,
    "dur1Long": 61.97851546091227,
    "dur2Long": 181.70510473031266,
    "ptShort": 0.01103392630563365,
    "apt1Short": 0.002311157167543939,
    "apt2Short": 0.000690575077107698,
    "dur1Short": 83.24089914998305,
    "dur2Short": 155.61344294113607,
    "xTpLong": 0.01796021414886101,
    "xApt1Long": 0.004019678093764314,
    "xApt2Long": 0.005902893458566169,
    "xDur1Long": 68.7632781295447,
    "xDur2Long": 638.8814755710093,
    "xTpShort": 0.005251121080331123,
    "xApt1Short": 0.008413444937388534,
    "xApt2Short": 0.00966408500467066,
    "xDur1Short": 177.9150652031203,
    "xDur2Short": 412.6151409613605,
    "cdPctLong": 0.0046885897928562095,
    "cdPeriodLong": 131.89850855703767,
    "cdPctShort": 0.0005455929216991094,
    "cdPeriodShort": 40.06113753317962,
    "xCdPctShort": 0.002935171209464133,
    "xCdPeriodShort": 8.480097372255326,
    "xMinBetween": 7.9087609701181885,
    "slLong": 0.062109561892287876,
    "slShort": 0.10581652380491206,
    "leverage": 1.0,
    "vRsi": 0.0,
    "vMacd": 0.0,
    "vBB": 1.0,
    "vEmaUp": 2.0,
    "vEmaDn": 3.0,
    "vX": 3.0,
    "vHistN": 1.0,
    "trendBlockZ": 3.0,
    "eL3": 1.0,
    "eS3": 0.0,
    "eXL": 1.0,
    "eXS": 0.0,
    "requireHistPos": 1.0
   }
  ]
 },
 "metrics": {
  "n": 185,
  "months": 24.473067434210524,
  "eq": 1611.269530635779,
  "growth": 0.01949172893421652,
  "liq": false,
  "maxdd": 0.14085050853055955,
  "tpm": 7.559330292262071,
  "sl_hits": 15,
  "worst_mae": -0.07838100527631209,
  "win": 0.9135135135135135,
  "score": 0.007084449120571797
 },
 "strategy": "v7",
 "mode": "spot",
 "method": "vol3",
 "algo": "genetic",
 "per_regime": true,
 "train_end": null,
 "evaluated": 100,
 "generated": "2026-07-02 06:32"
}