{"job": {"strategy": "scalpx", "mode": "spot", "method": "trend3", "window": "all", "fold_idx": 3, "n_samples": 350, "seed": 187494}, "status": "ok", "n_feasible": 130, "cand": {"strategy": "scalpx", "tpL": [0.008099623215759608, 0.011541651436112538, 0.014328055217860321], "tpS": [0.011018908797868114, 0.01658320808909777, 0.018042962239010314], "rsiOB": [80.64967549607223, 60.34666953886131, 82.97768431096421], "rsiOS": [26.60120369356396, 36.932678061182955, 26.177619941217877], "useCvd": [1.0, 1.0, 1.0], "useEma": [1.0, 0.0, 0.0], "eL": [1.0, 1.0, 1.0], "eS": [0.0, 0.0, 0.0], "lev": [1.0, 1.0, 1.0], "sl": 0.08, "slOn": 1.0}, "train": {"n": 26, "months": 8.777275219298247, "eq": 1197.5651692988117, "growth": 0.02054059664804816, "liq": false, "maxdd": 0.08114127110959227, "tpm": 2.9621949124752103, "sl_hits": 1, "worst_mae": -0.08203335479885909, "win": 0.9615384615384616, "score": 0.008636039979132253}, "oos": {"n": 5, "months": 0.9172149122807017, "eq": 957.5405717660271, "growth": -0.04730318450181969, "liq": false, "maxdd": 0.08095999999999996, "tpm": 5.4512851165570835, "sl_hits": 1, "worst_mae": -0.08341525066704114, "win": 0.8, "score": -0.04730318450181969}, "elapsed": 0.9925546646118164}