{"job": {"strategy": "scalpx", "mode": "spot", "method": "trend3", "window": "all", "fold_idx": 0, "n_samples": 350, "seed": 187494}, "status": "ok", "n_feasible": 147, "cand": {"strategy": "scalpx", "tpL": [0.0124, 0.0121, 0.0129], "tpS": [0.0105, 0.011, 0.0117], "rsiOB": [75.4976, 67.5456, 68.1438], "rsiOS": [38.3504, 36.5235, 46.2468], "useCvd": [1.0, 1.0, 1.0], "useEma": [1.0, 1.0, 1.0], "eL": [1.0, 1.0, 1.0], "eS": [0.0, 0.0, 0.0], "lev": [1.0, 1.0, 1.0], "sl": 0.08, "slOn": 1.0}, "train": {"n": 39, "months": 6.024328399122807, "eq": 1292.4017771715028, "growth": 0.04257774693999466, "liq": false, "maxdd": 0.08115241599386185, "tpm": 6.473750668319929, "sl_hits": 2, "worst_mae": -0.10295220325387555, "win": 0.9487179487179487, "score": 0.02579204441867715}, "oos": {"n": 8, "months": 0.9209155701754386, "eq": 903.8624663084199, "growth": -0.10975823677775456, "liq": false, "maxdd": 0.1367735753628625, "tpm": 8.687006995088556, "sl_hits": 2, "worst_mae": -0.08283675709581317, "win": 0.75, "score": -0.10975823677775456}, "elapsed": 0.8377583026885986}