{"job": {"strategy": "scalpx", "mode": "spot", "method": "trend3", "window": "all", "fold_idx": 5, "n_samples": 350, "seed": 187494}, "status": "ok", "n_feasible": 125, "cand": {"strategy": "scalpx", "tpL": [0.0045, 0.0052, 0.0049], "tpS": [0.0082, 0.0085, 0.0092], "rsiOB": [79.506, 72.1331, 71.8482], "rsiOS": [39.8086, 34.9772, 36.7398], "useCvd": [1.0, 1.0, 1.0], "useEma": [1.0, 1.0, 1.0], "eL": [1.0, 1.0, 1.0], "eS": [0.0, 0.0, 0.0], "lev": [1.0, 1.0, 1.0], "sl": 0.03, "slOn": 1.0}, "train": {"n": 38, "months": 10.610128837719298, "eq": 942.3388936549094, "growth": -0.005597510670564451, "liq": false, "maxdd": 0.11601989861432963, "tpm": 3.5814833713337166, "sl_hits": 6, "worst_mae": -0.03308765877371811, "win": 0.8421052631578947, "score": -0.013302695948298611}, "oos": {"n": 2, "months": 0.9084429824561403, "eq": 1008.5799511349862, "growth": 0.009404390493364535, "liq": false, "maxdd": 0.0, "tpm": 2.2015691007845506, "sl_hits": 0, "worst_mae": -0.009782755363648588, "win": 1.0, "score": 0.009404390493364535}, "elapsed": 0.9127488136291504}