{"job": {"strategy": "scalpx", "mode": "spot", "method": "trend3", "window": "all", "fold_idx": 20, "n_samples": 350, "seed": 187494}, "status": "ok", "n_feasible": 58, "cand": {"strategy": "scalpx", "tpL": [0.005068390101515799, 0.006612029607009915, 0.006107452584527617], "tpS": [0.006152021006772616, 0.003837010986410027, 0.006475693371527026], "rsiOB": [68.45634383408812, 85.0, 74.46447354758592], "rsiOS": [29.76790974917449, 35.48292869945323, 39.6196165766569], "useCvd": [1.0, 1.0, 1.0], "useEma": [0.0, 0.0, 0.0], "eL": [1.0, 1.0, 1.0], "eS": [0.0, 0.0, 0.0], "lev": [1.0, 1.0, 1.0], "sl": 0.03, "slOn": 1.0}, "train": {"n": 56, "months": 24.179481907894736, "eq": 1045.9898673462906, "growth": 0.0018595798999189949, "liq": false, "maxdd": 0.07911346982922694, "tpm": 2.316013230279996, "sl_hits": 7, "worst_mae": -0.05546006066734077, "win": 0.875, "score": -0.0033498956542378187}, "oos": {"n": 2, "months": 0.9185855263157895, "eq": 1010.4717263641508, "growth": 0.011340563642914558, "liq": false, "maxdd": 0.0, "tpm": 2.1772605192479855, "sl_hits": 0, "worst_mae": -0.0016205067766646986, "win": 1.0, "score": 0.011340563642914558}, "elapsed": 1.6256635189056396}