{"job": {"strategy": "scalpx", "mode": "spot", "method": "trend3", "window": "all", "fold_idx": 14, "n_samples": 350, "seed": 187494}, "status": "ok", "n_feasible": 70, "cand": {"strategy": "scalpx", "tpL": [0.0055, 0.005, 0.0056], "tpS": [0.0077, 0.0072, 0.0068], "rsiOB": [61.0882, 63.2762, 67.1056], "rsiOS": [35.5869, 33.6269, 33.9431], "useCvd": [1.0, 1.0, 1.0], "useEma": [1.0, 1.0, 1.0], "eL": [1.0, 1.0, 1.0], "eS": [0.0, 0.0, 0.0], "lev": [1.0, 1.0, 1.0], "sl": 0.03, "slOn": 1.0}, "train": {"n": 40, "months": 18.653645833333336, "eq": 885.2874412706001, "growth": -0.0065318541694381815, "liq": false, "maxdd": 0.1464009802330083, "tpm": 2.1443529247521984, "sl_hits": 8, "worst_mae": -0.03727952966328174, "win": 0.8, "score": -0.015903063802356496}, "oos": {"n": 1, "months": 0.920984100877193, "eq": 1003.7538082241629, "growth": 0.004068235558837394, "liq": false, "maxdd": 0.0, "tpm": 1.085795074038247, "sl_hits": 0, "worst_mae": -0.005256348051107862, "win": 1.0, "score": 0.004068235558837394}, "elapsed": 1.453136920928955}