{"job": {"strategy": "scalpx", "mode": "spot", "method": "trend3", "window": "all", "fold_idx": 4, "n_samples": 350, "seed": 187494}, "status": "ok", "n_feasible": 127, "cand": {"strategy": "scalpx", "tpL": [0.0059, 0.0062, 0.007], "tpS": [0.0102, 0.0084, 0.0087], "rsiOB": [63.0612, 62.5844, 63.2818], "rsiOS": [32.2403, 36.7707, 36.1666], "useCvd": [1.0, 1.0, 1.0], "useEma": [1.0, 1.0, 1.0], "eL": [1.0, 1.0, 1.0], "eS": [0.0, 0.0, 0.0], "lev": [1.0, 1.0, 1.0], "sl": 0.08, "slOn": 1.0}, "train": {"n": 48, "months": 9.694490131578949, "eq": 983.2957587591317, "growth": -0.0017376190237149162, "liq": false, "maxdd": 0.108060757400807, "tpm": 4.9512660643847815, "sl_hits": 3, "worst_mae": -0.10295220325387555, "win": 0.9375, "score": -0.015154933467820866}, "oos": {"n": 2, "months": 0.9156387061403509, "eq": 1011.2245632108499, "growth": 0.012190436239258294, "liq": false, "maxdd": 0.0, "tpm": 2.1842676446373774, "sl_hits": 0, "worst_mae": -0.00643760760535983, "win": 1.0, "score": 0.012190436239258294}, "elapsed": 0.9001078605651855}