{"job": {"strategy": "scalpx", "mode": "spot", "method": "trend3", "window": "all", "fold_idx": 1, "n_samples": 350, "seed": 187494}, "status": "ok", "n_feasible": 172, "cand": {"strategy": "scalpx", "tpL": [0.0105, 0.0104, 0.012], "tpS": [0.0071, 0.0057, 0.0071], "rsiOB": [72.4235, 67.3252, 66.1811], "rsiOS": [43.4372, 38.4584, 48.3322], "useCvd": [1.0, 1.0, 1.0], "useEma": [1.0, 1.0, 1.0], "eL": [1.0, 1.0, 1.0], "eS": [0.0, 0.0, 0.0], "lev": [1.0, 1.0, 1.0], "sl": 0.05, "slOn": 1.0}, "train": {"n": 86, "months": 6.951206140350878, "eq": 1189.2904979210266, "growth": 0.024939112087717857, "liq": false, "maxdd": 0.1374194882850856, "tpm": 12.371953624102847, "sl_hits": 11, "worst_mae": -0.08001144553534711, "win": 0.872093023255814, "score": 0.002681482728044478}, "oos": {"n": 9, "months": 0.9159813596491229, "eq": 906.9787192185896, "growth": -0.10659200750952423, "liq": false, "maxdd": 0.0993990202754467, "tpm": 9.825527457728564, "sl_hits": 3, "worst_mae": -0.05094330180653561, "win": 0.6666666666666666, "score": -0.10659200750952423}, "elapsed": 1.0069456100463867}