{"job": {"strategy": "scalpx", "mode": "spot", "method": "trend3", "window": "all", "fold_idx": 8, "n_samples": 350, "seed": 187494}, "status": "ok", "n_feasible": 113, "cand": {"strategy": "scalpx", "tpL": [0.01, 0.0086, 0.0085], "tpS": [0.0137, 0.0136, 0.0145], "rsiOB": [63.0352, 62.221, 61.5171], "rsiOS": [35.4651, 33.6862, 45.3362], "useCvd": [1.0, 1.0, 1.0], "useEma": [1.0, 1.0, 1.0], "eL": [1.0, 1.0, 1.0], "eS": [0.0, 0.0, 0.0], "lev": [1.0, 1.0, 1.0], "sl": 0.05, "slOn": 1.0}, "train": {"n": 51, "months": 13.347861842105264, "eq": 963.7022860862381, "growth": -0.002769946555341984, "liq": false, "maxdd": 0.14546491934698913, "tpm": 3.820836670568665, "sl_hits": 7, "worst_mae": -0.07331518039482643, "win": 0.8627450980392157, "score": -0.01644939789670876}, "oos": {"n": 9, "months": 0.9194078947368421, "eq": 1007.5610656708849, "growth": 0.00819290777550501, "liq": false, "maxdd": 0.05103624782300191, "tpm": 9.788908765652952, "sl_hits": 1, "worst_mae": -0.050441849964522945, "win": 0.8888888888888888, "score": 0.00819290777550501}, "elapsed": 1.0171630382537842}