{"job": {"strategy": "scalpx", "mode": "spot", "method": "trend3", "window": "all", "fold_idx": 9, "n_samples": 350, "seed": 187494}, "status": "ok", "n_feasible": 106, "cand": {"strategy": "scalpx", "tpL": [0.02, 0.02, 0.014708236576492117], "tpS": [0.015572200337083772, 0.010651239186961294, 0.009253185899238547], "rsiOB": [64.30056780973926, 85.0, 76.51651269883118], "rsiOS": [29.94840871632428, 26.89567913965285, 47.73469879143974], "useCvd": [1.0, 1.0, 1.0], "useEma": [1.0, 1.0, 1.0], "eL": [1.0, 1.0, 1.0], "eS": [0.0, 0.0, 0.0], "lev": [1.0, 1.0, 1.0], "sl": 0.08, "slOn": 1.0}, "train": {"n": 57, "months": 14.267269736842106, "eq": 1343.5316716091274, "growth": 0.02069784396018187, "liq": false, "maxdd": 0.15989715713131555, "tpm": 3.995158222375929, "sl_hits": 5, "worst_mae": -0.08299646367971969, "win": 0.9122807017543859, "score": 0.003923624936948564}, "oos": {"n": 6, "months": 0.91796875, "eq": 1090.1430157893674, "growth": 0.09402160452668595, "liq": false, "maxdd": 0.0, "tpm": 6.536170212765957, "sl_hits": 0, "worst_mae": -0.014090909090909043, "win": 1.0, "score": 0.09402160452668595}, "elapsed": 1.042046070098877}