{"job": {"strategy": "scalpx", "mode": "spot", "method": "trend3", "window": "all", "fold_idx": 10, "n_samples": 350, "seed": 187494}, "status": "ok", "n_feasible": 98, "cand": {"strategy": "scalpx", "tpL": [0.0057, 0.0069, 0.0073], "tpS": [0.0133, 0.0111, 0.0125], "rsiOB": [71.5843, 72.2262, 64.8943], "rsiOS": [33.1867, 28.9898, 45.5685], "useCvd": [1.0, 1.0, 1.0], "useEma": [1.0, 1.0, 1.0], "eL": [1.0, 1.0, 1.0], "eS": [0.0, 0.0, 0.0], "lev": [1.0, 1.0, 1.0], "sl": 0.08, "slOn": 1.0}, "train": {"n": 49, "months": 15.185238486842106, "eq": 1134.7258931278911, "growth": 0.008323288305551037, "liq": false, "maxdd": 0.13358194729068154, "tpm": 3.2268179418096152, "sl_hits": 2, "worst_mae": -0.08115725296215348, "win": 0.9591836734693877, "score": 0.0005190401544436819}, "oos": {"n": 4, "months": 0.8395696271929824, "eq": 1025.667516270134, "growth": 0.03018646124545751, "liq": false, "maxdd": 0.0, "tpm": 4.764345767692434, "sl_hits": 0, "worst_mae": -0.01502135388542536, "win": 1.0, "score": 0.03018646124545751}, "elapsed": 1.0547356605529785}