{"job": {"strategy": "scalpx", "mode": "spot", "method": "trend3", "window": "all", "fold_idx": 7, "n_samples": 350, "seed": 187494}, "status": "ok", "n_feasible": 116, "cand": {"strategy": "scalpx", "tpL": [0.0092, 0.0083, 0.0073], "tpS": [0.0134, 0.012, 0.0135], "rsiOB": [59.5431, 64.571, 69.8927], "rsiOS": [36.0608, 34.7748, 41.72], "useCvd": [1.0, 1.0, 1.0], "useEma": [1.0, 1.0, 1.0], "eL": [1.0, 1.0, 1.0], "eS": [0.0, 0.0, 0.0], "lev": [1.0, 1.0, 1.0], "sl": 0.05, "slOn": 1.0}, "train": {"n": 41, "months": 12.432565789473685, "eq": 989.1064097651833, "growth": -0.0008810216685161823, "liq": false, "maxdd": 0.15319941818154692, "tpm": 3.2977907130572826, "sl_hits": 5, "worst_mae": -0.05884389061959161, "win": 0.8780487804878049, "score": -0.00979595829101236}, "oos": {"n": 6, "months": 0.915296052631579, "eq": 871.5790598030843, "growth": -0.1501685720298164, "liq": false, "maxdd": 0.09940968761705762, "tpm": 6.555256064690027, "sl_hits": 3, "worst_mae": -0.07331518039482643, "win": 0.5, "score": -0.1501685720298164}, "elapsed": 0.9613566398620605}