{"job": {"strategy": "scalpx", "mode": "spot", "method": "trend3", "window": "all", "fold_idx": 15, "n_samples": 350, "seed": 187494}, "status": "ok", "n_feasible": 64, "cand": {"strategy": "scalpx", "tpL": [0.01174181032686676, 0.010440847827584506, 0.011663817466726187], "tpS": [0.009035269363354997, 0.008737001376361303, 0.008932127350522356], "rsiOB": [60.37937526755177, 51.85729849693869, 85.0], "rsiOS": [42.759324690463444, 31.81317525806853, 34.867720288821374], "useCvd": [1.0, 1.0, 1.0], "useEma": [1.0, 1.0, 1.0], "eL": [1.0, 1.0, 1.0], "eS": [0.0, 0.0, 0.0], "lev": [1.0, 1.0, 1.0], "sl": 0.03, "slOn": 1.0}, "train": {"n": 46, "months": 19.574629934210527, "eq": 1094.6352584897004, "growth": 0.004619306255774323, "liq": false, "maxdd": 0.12073780509230865, "tpm": 2.349980569472015, "sl_hits": 9, "worst_mae": -0.03727952966328174, "win": 0.8043478260869565, "score": -0.003192921943860519}, "oos": {"n": 2, "months": 0.9210526315789473, "eq": 939.1373463776454, "growth": -0.0681758452713791, "liq": false, "maxdd": 0.03083301457908776, "tpm": 2.1714285714285713, "sl_hits": 2, "worst_mae": -0.03778021633484885, "win": 0.0, "score": -0.0681758452713791}, "elapsed": 1.5324077606201172}