{"job": {"strategy": "scalpx", "mode": "spot", "method": "trend3", "window": "all", "fold_idx": 12, "n_samples": 350, "seed": 187494}, "status": "ok", "n_feasible": 100, "cand": {"strategy": "scalpx", "tpL": [0.0074, 0.0064, 0.008], "tpS": [0.0104, 0.0096, 0.0095], "rsiOB": [71.0391, 66.4148, 74.2945], "rsiOS": [32.7092, 33.1665, 40.1293], "useCvd": [1.0, 1.0, 1.0], "useEma": [1.0, 1.0, 1.0], "eL": [1.0, 1.0, 1.0], "eS": [0.0, 0.0, 0.0], "lev": [1.0, 1.0, 1.0], "sl": 0.05, "slOn": 1.0}, "train": {"n": 36, "months": 16.945655153508774, "eq": 1042.892300701003, "growth": 0.0024783881857189387, "liq": false, "maxdd": 0.12690913243670032, "tpm": 2.124438369238608, "sl_hits": 3, "worst_mae": -0.07331518039482643, "win": 0.9166666666666666, "score": -0.004743449607868797}, "oos": {"n": 3, "months": 0.7870065789473684, "eq": 1017.8735174992979, "growth": 0.022510185825163998, "liq": false, "maxdd": 0.0, "tpm": 3.8119122257053295, "sl_hits": 0, "worst_mae": -0.021374287523749147, "win": 1.0, "score": 0.022510185825163998}, "elapsed": 1.09358549118042}