{"job": {"strategy": "scalpx", "mode": "spot", "method": "trend3", "window": "all", "fold_idx": 19, "n_samples": 350, "seed": 187494}, "status": "ok", "n_feasible": 63, "cand": {"strategy": "scalpx", "tpL": [0.018666780859947336, 0.019252249416095955, 0.012262076803132174], "tpS": [0.004513006947793144, 0.007207697405604065, 0.006485272588627264], "rsiOB": [50.0, 50.0, 50.0], "rsiOS": [31.760301564621752, 27.521965187588023, 44.98637767677199], "useCvd": [1.0, 1.0, 1.0], "useEma": [1.0, 0.0, 1.0], "eL": [1.0, 1.0, 1.0], "eS": [0.0, 0.0, 0.0], "lev": [1.0, 1.0, 1.0], "sl": 0.08, "slOn": 1.0}, "train": {"n": 61, "months": 23.25870339912281, "eq": 1373.638715002987, "growth": 0.013649222392991949, "liq": false, "maxdd": 0.12638209968990968, "tpm": 2.6226741428028437, "sl_hits": 4, "worst_mae": -0.08906965968182046, "win": 0.9344262295081968, "score": 0.004473511881137291}, "oos": {"n": 2, "months": 0.9207785087719298, "eq": 1022.9704688997497, "growth": 0.02466458456708004, "liq": false, "maxdd": 0.0, "tpm": 2.172075022328074, "sl_hits": 0, "worst_mae": -0.011138481310913662, "win": 1.0, "score": 0.02466458456708004}, "elapsed": 1.6234848499298096}