{"job": {"strategy": "scalpx", "mode": "spot", "method": "trend3", "window": "all", "fold_idx": 11, "n_samples": 350, "seed": 187494}, "status": "ok", "n_feasible": 94, "cand": {"strategy": "scalpx", "tpL": [0.0108, 0.0136, 0.0119], "tpS": [0.0151, 0.0127, 0.014], "rsiOB": [68.7636, 68.1003, 63.5574], "rsiOS": [31.7734, 29.6676, 43.5881], "useCvd": [1.0, 1.0, 1.0], "useEma": [1.0, 1.0, 1.0], "eL": [1.0, 1.0, 1.0], "eS": [0.0, 0.0, 0.0], "lev": [1.0, 1.0, 1.0], "sl": 0.03, "slOn": 1.0}, "train": {"n": 33, "months": 16.02480811403509, "eq": 944.2704915621091, "growth": -0.003578365232265488, "liq": false, "maxdd": 0.13414666593312133, "tpm": 2.0593070297732576, "sl_hits": 10, "worst_mae": -0.0468829711253953, "win": 0.696969696969697, "score": -0.011661132479647684}, "oos": {"n": 4, "months": 0.9208470394736842, "eq": 1001.0752005259584, "growth": 0.0011669939368910212, "liq": false, "maxdd": 0.0, "tpm": 4.34382674704175, "sl_hits": 1, "worst_mae": -0.031709494057405974, "win": 0.75, "score": 0.0011669939368910212}, "elapsed": 1.0749764442443848}