{"job": {"strategy": "scalpx", "mode": "spot", "method": "trend3", "window": "all", "fold_idx": 16, "n_samples": 350, "seed": 187494}, "status": "ok", "n_feasible": 62, "cand": {"strategy": "scalpx", "tpL": [0.004293394032944561, 0.0030396586164897097, 0.0023057229344006416], "tpS": [0.012967884263711598, 0.015754070578365427, 0.01520693580281546], "rsiOB": [50.0, 50.0, 50.0], "rsiOS": [24.03998011155804, 33.75835612547331, 36.69028648243415], "useCvd": [1.0, 1.0, 1.0], "useEma": [0.0, 1.0, 1.0], "eL": [1.0, 1.0, 1.0], "eS": [0.0, 0.0, 0.0], "lev": [1.0, 1.0, 1.0], "sl": 0.05, "slOn": 1.0}, "train": {"n": 44, "months": 20.495682565789473, "eq": 1030.8421666880922, "growth": 0.0014820733889587304, "liq": false, "maxdd": 0.05091036249149105, "tpm": 2.1467935921998977, "sl_hits": 1, "worst_mae": -0.07331518039482643, "win": 0.9772727272727273, "score": -0.0015228983917629077}, "oos": null, "elapsed": 1.5478763580322266}