{"job": {"strategy": "scalpx", "mode": "spot", "method": "trend3", "window": "all", "fold_idx": 18, "n_samples": 350, "seed": 187494}, "status": "ok", "n_feasible": 68, "cand": {"strategy": "scalpx", "tpL": [0.004101605433399821, 0.0033205826273271463, 0.005423516175732001], "tpS": [0.013375266818303791, 0.014882330670251747, 0.012761119798013787], "rsiOB": [85.0, 71.71447731351623, 58.781147889050935], "rsiOS": [27.075120670195968, 34.54824074881288, 22.865483142432968], "useCvd": [1.0, 1.0, 1.0], "useEma": [1.0, 1.0, 1.0], "eL": [1.0, 1.0, 1.0], "eS": [0.0, 0.0, 0.0], "lev": [1.0, 1.0, 1.0], "sl": 0.05, "slOn": 1.0}, "train": {"n": 49, "months": 22.337719298245617, "eq": 1004.060637075596, "growth": 0.0001814157875886126, "liq": false, "maxdd": 0.05590138696252598, "tpm": 2.193599057529943, "sl_hits": 2, "worst_mae": -0.07331518039482643, "win": 0.9591836734693877, "score": -0.004268605990176192}, "oos": {"n": 2, "months": 0.920984100877193, "eq": 1004.9952228715728, "growth": 0.005410286815349884, "liq": false, "maxdd": 0.0, "tpm": 2.171590148076494, "sl_hits": 0, "worst_mae": -0.004212990052662402, "win": 1.0, "score": 0.005410286815349884}, "elapsed": 1.5999953746795654}