{"job": {"strategy": "scalpx", "mode": "spot", "method": "trend3", "window": "all", "fold_idx": 13, "n_samples": 350, "seed": 187494}, "status": "ok", "n_feasible": 89, "cand": {"strategy": "scalpx", "tpL": [0.004112664593595376, 0.006110338601833703, 0.005958657384382631], "tpS": [0.01029293080818481, 0.007929123002011413, 0.00869806808806133], "rsiOB": [50.0, 53.60087869145795, 50.0], "rsiOS": [26.506617413770027, 33.932137452707565, 29.53599553433468], "useCvd": [1.0, 1.0, 1.0], "useEma": [1.0, 1.0, 0.0], "eL": [1.0, 1.0, 1.0], "eS": [0.0, 0.0, 0.0], "lev": [1.0, 1.0, 1.0], "sl": 0.01, "slOn": 1.0}, "train": {"n": 38, "months": 17.73266173245614, "eq": 967.7590935228916, "growth": -0.0018481203499487902, "liq": false, "maxdd": 0.03525541539290557, "tpm": 2.142938300709165, "sl_hits": 14, "worst_mae": -0.01967975206611572, "win": 0.631578947368421, "score": -0.0037479174133066605}, "oos": {"n": 1, "months": 0.920984100877193, "eq": 1004.877000477661, "growth": 0.005282552035390021, "liq": false, "maxdd": 0.0, "tpm": 1.085795074038247, "sl_hits": 0, "worst_mae": -0.00064883019732076, "win": 1.0, "score": 0.005282552035390021}, "elapsed": 1.3968758583068848}