{"job": {"strategy": "scalpx", "mode": "spot", "method": "trend3", "window": "all", "fold_idx": 17, "n_samples": 350, "seed": 187494}, "status": "ok", "n_feasible": 65, "cand": {"strategy": "scalpx", "tpL": [0.0044837864825060325, 0.005219115867003622, 0.004760135891547938], "tpS": [0.01309912994282673, 0.02, 0.01771644477543635], "rsiOB": [50.0, 71.4537061864788, 50.0], "rsiOS": [38.48551181376123, 26.05399368842563, 42.83017375109691], "useCvd": [1.0, 1.0, 1.0], "useEma": [1.0, 1.0, 1.0], "eL": [1.0, 1.0, 1.0], "eS": [0.0, 0.0, 0.0], "lev": [1.0, 1.0, 1.0], "sl": 0.08, "slOn": 1.0}, "train": {"n": 48, "months": 21.41673519736842, "eq": 1096.454723769217, "growth": 0.004299534713510294, "liq": false, "maxdd": 0.08080133095594165, "tpm": 2.2412379645006766, "sl_hits": 1, "worst_mae": -0.08115725296215348, "win": 0.9791666666666666, "score": -0.00040770425903821107}, "oos": {"n": 1, "months": 0.920984100877193, "eq": 1003.6451582503515, "growth": 0.003950698777715117, "liq": false, "maxdd": 0.0, "tpm": 1.085795074038247, "sl_hits": 0, "worst_mae": -0.00033636057854025125, "win": 1.0, "score": 0.003950698777715117}, "elapsed": 1.5448660850524902}