{"job": {"strategy": "scalpx", "mode": "spot", "method": "trend3", "window": "all", "fold_idx": 6, "n_samples": 350, "seed": 187494}, "status": "ok", "n_feasible": 118, "cand": {"strategy": "scalpx", "tpL": [0.0103, 0.0103, 0.0103], "tpS": [0.0094, 0.01, 0.0101], "rsiOB": [65.1884, 70.9691, 61.3492], "rsiOS": [35.4812, 36.8077, 38.8217], "useCvd": [1.0, 1.0, 1.0], "useEma": [1.0, 1.0, 1.0], "eL": [1.0, 1.0, 1.0], "eS": [0.0, 0.0, 0.0], "lev": [1.0, 1.0, 1.0], "sl": 0.05, "slOn": 1.0}, "train": {"n": 56, "months": 11.518571820175438, "eq": 967.1569923987196, "growth": -0.0028991829265419284, "liq": false, "maxdd": 0.1642387221754768, "tpm": 4.8617138369457225, "sl_hits": 9, "worst_mae": -0.08001144553534711, "win": 0.8392857142857143, "score": -0.01728504214028462}, "oos": {"n": 4, "months": 0.9139939692982456, "eq": 1037.7089710307569, "growth": 0.04049848461281719, "liq": false, "maxdd": 0.0, "tpm": 4.376396490964985, "sl_hits": 0, "worst_mae": -0.03569963069347559, "win": 1.0, "score": 0.04049848461281719}, "elapsed": 0.9355785846710205}