{
 "cand": {
  "strategy": "v7",
  "mode": "lev",
  "regs": [
   {
    "eXS": 0.0,
    "xApt1Short": 0.014673042113215757,
    "vHistN": 2.0,
    "vEmaDn": 3.0,
    "xCdPctShort": 0.007180948549114258,
    "requireHistPos": 1.0,
    "vX": 4.0,
    "eS3": 0.0,
    "ptLong": 0.025074347356922065,
    "vBB": 3.0,
    "xApt2Short": 0.0,
    "leverage": 1.0,
    "zXLmax": 0.2548849023733222,
    "vMacd": 1.0,
    "dur1Long": 90.0,
    "trendBlockZ": 1.5,
    "rsiValShort": 60.69831996676734,
    "slShort": 0.034580949185903084,
    "cdPeriodShort": 213.63786908065512,
    "apt2Short": 0.0,
    "vEmaUp": 2.0,
    "xTpLong": 0.018055512223912724,
    "xDur1Short": 159.95343027533173,
    "cdPctLong": 0.002266768771437603,
    "xDur2Long": 30.0,
    "xApt2Long": 0.004887949652452783,
    "apt1Short": 0.01858269559860291,
    "dur1Short": 56.540782396143605,
    "eL3": 1.0,
    "xTpShort": 0.0037224657949180826,
    "bbValLong": -0.08461767434532667,
    "xApt1Long": 0.0016414640274006497,
    "zXS": 1.6543632456837123,
    "zS": 1.353728473262376,
    "ptShort": 0.03,
    "dur2Long": 71.19093179642275,
    "zL": -2.3222832105850837,
    "rsiValLong": 44.53162459622904,
    "slLong": 0.08022643471329172,
    "vRsi": 2.0,
    "cdPctShort": 0.009041140418304137,
    "xMinBetween": 17.94719062052445,
    "apt1Long": 0.01747364439755791,
    "xCdPeriodShort": 49.82083969651258,
    "eXL": 0.0,
    "cdPeriodLong": 37.48914463797022,
    "apt2Long": 0.014153850029777827,
    "dur2Short": 326.4248154458249,
    "xDur1Long": 117.04721736817504,
    "xDur2Short": 216.85807643453464,
    "bbValShort": 0.6286690965183802
   },
   {
    "eXS": 0.0,
    "xApt1Short": 0.014330960093603587,
    "vHistN": 3.0,
    "vEmaDn": 3.0,
    "xCdPctShort": 0.008204688078278887,
    "requireHistPos": 1.0,
    "vX": 4.0,
    "eS3": 1.0,
    "ptLong": 0.02940481577003901,
    "vBB": 2.0,
    "xApt2Short": 0.00241080157054908,
    "leverage": 8.0,
    "zXLmax": -2.3777380268672874,
    "vMacd": 1.0,
    "dur1Long": 18.795863714277132,
    "trendBlockZ": 2.0,
    "rsiValShort": 53.79787887887219,
    "slShort": 0.05290307503490592,
    "cdPeriodShort": 151.02769386921784,
    "apt2Short": 0.0,
    "vEmaUp": 3.0,
    "xTpLong": 0.0033540450964887813,
    "xDur1Short": 56.472926706028396,
    "cdPctLong": 0.009214499875157543,
    "xDur2Long": 132.85067759920392,
    "xApt2Long": 0.0030113268413121835,
    "apt1Short": 0.014690412933919029,
    "dur1Short": 90.0,
    "eL3": 1.0,
    "xTpShort": 0.003360802048900197,
    "bbValLong": 0.35,
    "xApt1Long": 0.013142358799272967,
    "zXS": 1.7192655103758487,
    "zS": 1.0567065576595938,
    "ptShort": 0.024983636071541804,
    "dur2Long": 322.7041922596792,
    "zL": -2.3432717203047893,
    "rsiValLong": 48.476539784876515,
    "slLong": 0.07126525615191909,
    "vRsi": 2.0,
    "cdPctShort": 0.008600910931627376,
    "xMinBetween": 8.808161730130657,
    "apt1Long": 0.019796227444218484,
    "xCdPeriodShort": 49.906628233310975,
    "eXL": 1.0,
    "cdPeriodLong": 56.539920064032,
    "apt2Long": 0.0057556895057589985,
    "dur2Short": 360.0,
    "xDur1Long": 11.444697119174638,
    "xDur2Short": 87.57548337134408,
    "bbValShort": 0.9780769885816895
   },
   {
    "eXS": 0.0,
    "xApt1Short": 0.013701244456061124,
    "vHistN": 3.0,
    "vEmaDn": 3.0,
    "xCdPctShort": 0.0031511881213955035,
    "requireHistPos": 0.0,
    "vX": 4.0,
    "eS3": 1.0,
    "ptLong": 0.03,
    "vBB": 0.0,
    "xApt2Short": 0.005958444621954817,
    "leverage": 8.0,
    "zXLmax": -0.9639717963748725,
    "vMacd": 1.0,
    "dur1Long": 21.563571092636572,
    "trendBlockZ": 1.0,
    "rsiValShort": 61.09817223564868,
    "slShort": 0.023538150383251254,
    "cdPeriodShort": 23.685344017084404,
    "apt2Short": 0.003990893134266205,
    "vEmaUp": 2.0,
    "xTpLong": 0.014072170508418866,
    "xDur1Short": 66.83713118580017,
    "cdPctLong": 0.003936390206904702,
    "xDur2Long": 355.8071578533997,
    "xApt2Long": 0.007977144945369465,
    "apt1Short": 0.010022636594752348,
    "dur1Short": 31.959747941751687,
    "eL3": 1.0,
    "xTpShort": 0.012122100368162591,
    "bbValLong": 0.35,
    "xApt1Long": 0.012386857853216783,
    "zXS": 1.5641447615610793,
    "zS": 2.1084516629624064,
    "ptShort": 0.02192604875396093,
    "dur2Long": 262.06147598676904,
    "zL": -1.3775881698490453,
    "rsiValLong": 81.069591601512,
    "slLong": 0.1075663942236113,
    "vRsi": 0.0,
    "cdPctShort": 0.008242479907028128,
    "xMinBetween": 2.8738814627231317,
    "apt1Long": 0.0076225035594537595,
    "xCdPeriodShort": 114.96485424861399,
    "eXL": 1.0,
    "cdPeriodLong": 62.351198096219605,
    "apt2Long": 0.013461347488562134,
    "dur2Short": 155.15645183256066,
    "xDur1Long": 115.88747829928448,
    "xDur2Short": 720.0,
    "bbValShort": 0.9283326270237542
   }
  ]
 },
 "metrics": {
  "n": 206,
  "months": 14.81640625,
  "eq": 99053788513.47668,
  "growth": 1.2426207319249802,
  "liq": false,
  "maxdd": 0.5699467898712065,
  "tpm": 13.90350645926707,
  "sl_hits": 0,
  "worst_mae": -0.06973203586748244,
  "win": 0.9611650485436893,
  "max_hold_days": 4.245833333333334,
  "in_market": 0.13391704941235238,
  "score": 1.1664968960611624
 },
 "strategy": "v7",
 "mode": "lev",
 "method": "vol3",
 "algo": "refine",
 "per_regime": true,
 "train_end": "2025-09-01",
 "holdout_days": null,
 "max_dd": null,
 "max_hold_days": 5.0,
 "gap_mode": "skip_contaminated",
 "scoring": "classic",
 "anchor": null,
 "anchor_strength": 0.0,
 "evaluated": 50400,
 "generated": "2026-07-20 16:39",
 "holdout": {
  "n": 2,
  "months": 2.1842105263157894,
  "eq": 0.0,
  "growth": -12.650347016931143,
  "liq": true,
  "maxdd": 1.0,
  "tpm": 0.9156626506024097,
  "sl_hits": 0,
  "worst_mae": -0.11699999999999999,
  "win": 0.5,
  "max_hold_days": 57.68958333333333,
  "in_market": 0.9145645080321285,
  "score": -12.650347016931143
 },
 "holdout_scan": {
  "scanned": 589,
  "pool": 589,
  "reservoir": 289,
  "survivors": 0
 },
 "holdout_survivors": [],
 "holdout_top10": [
  {
   "rank": 1,
   "train_score": 1.1664968960611624,
   "holdout": {
    "n": 2,
    "months": 2.1842105263157894,
    "eq": 0.0,
    "growth": -12.650347016931143,
    "liq": true,
    "maxdd": 1.0,
    "tpm": 0.9156626506024097,
    "sl_hits": 0,
    "worst_mae": -0.11699999999999999,
    "win": 0.5,
    "max_hold_days": 57.68958333333333,
    "in_market": 0.9145645080321285,
    "score": -12.650347016931143
   }
  },
  {
   "rank": 2,
   "train_score": 1.1650538005148607,
   "holdout": {
    "n": 2,
    "months": 2.1842105263157894,
    "eq": 0.0,
    "growth": -12.650347016931143,
    "liq": true,
    "maxdd": 1.0,
    "tpm": 0.9156626506024097,
    "sl_hits": 0,
    "worst_mae": -0.11699999999999999,
    "win": 0.5,
    "max_hold_days": 57.68958333333333,
    "in_market": 0.9145645080321285,
    "score": -12.650347016931143
   }
  },
  {
   "rank": 3,
   "train_score": 1.164442436460602,
   "holdout": {
    "n": 2,
    "months": 2.1842105263157894,
    "eq": 0.0,
    "growth": -12.650347016931143,
    "liq": true,
    "maxdd": 1.0,
    "tpm": 0.9156626506024097,
    "sl_hits": 0,
    "worst_mae": -0.11699999999999999,
    "win": 0.5,
    "max_hold_days": 57.68958333333333,
    "in_market": 0.9145645080321285,
    "score": -12.650347016931143
   }
  },
  {
   "rank": 4,
   "train_score": 1.164442436460602,
   "holdout": {
    "n": 2,
    "months": 2.1842105263157894,
    "eq": 0.0,
    "growth": -12.650347016931143,
    "liq": true,
    "maxdd": 1.0,
    "tpm": 0.9156626506024097,
    "sl_hits": 0,
    "worst_mae": -0.11699999999999999,
    "win": 0.5,
    "max_hold_days": 57.68958333333333,
    "in_market": 0.9145645080321285,
    "score": -12.650347016931143
   }
  },
  {
   "rank": 5,
   "train_score": 1.1640879949159555,
   "holdout": {
    "n": 2,
    "months": 2.1842105263157894,
    "eq": 0.0,
    "growth": -12.650347016931143,
    "liq": true,
    "maxdd": 1.0,
    "tpm": 0.9156626506024097,
    "sl_hits": 0,