{"job": {"strategy": "v6", "mode": "lev", "method": "none", "window": "all", "fold_idx": 9, "n_samples": 500, "seed": 334136}, "status": "ok", "n_feasible": 14, "cand": {"strategy": "v6", "tv": 0, "zL": [-2.081986313352145], "zS": [1.4979501406591138], "zXS": [2.466919581926021], "zXLmax": [-99.0], "ptScale": [1.2695789618142326], "eS3": [0.0], "eXS": [0.0], "lev": [8.378934390398376], "sl": 0.0}, "train": {"n": 82, "months": 14.267269736842106, "eq": 78063.88133210636, "growth": 0.3054212588189878, "liq": false, "maxdd": 0.0, "tpm": 5.747420600610986, "sl_hits": 0, "worst_mae": -0.05756034074775196, "win": 1.0, "score": 0.23217657618382914}, "oos": {"n": 7, "months": 0.91796875, "eq": 1373.6540546861995, "growth": 0.345844433586611, "liq": false, "maxdd": 0.0, "tpm": 7.625531914893617, "sl_hits": 0, "worst_mae": -0.04506641366223907, "win": 1.0, "score": 0.345844433586611}, "elapsed": 1.059401512145996}