{"job": {"strategy": "v6", "mode": "lev", "method": "none", "window": "all", "fold_idx": 3, "n_samples": 500, "seed": 334136}, "status": "ok", "n_feasible": 33, "cand": {"strategy": "v6", "tv": 1, "zL": [-2.1212446212792067], "zS": [1.895922229838779], "zXS": [1.3425492991632886], "zXLmax": [-99.0], "ptScale": [1.7495403783491248], "eS3": [1.0], "eXS": [0.0], "lev": [8.207072100339163], "sl": 0.0}, "train": {"n": 56, "months": 8.777275219298247, "eq": 37681.22126029812, "growth": 0.4134724923026629, "liq": false, "maxdd": 0.0, "tpm": 6.380112119177376, "sl_hits": 0, "worst_mae": -0.06751282488121602, "win": 1.0, "score": 0.32278430837310057}, "oos": {"n": 7, "months": 0.9172149122807017, "eq": 1568.4020153698593, "growth": 0.49067810650911853, "liq": false, "maxdd": 0.0, "tpm": 7.631799163179917, "sl_hits": 0, "worst_mae": -0.056884822894675224, "win": 1.0, "score": 0.49067810650911853}, "elapsed": 1.1958682537078857}