{"job": {"strategy": "v6", "mode": "lev", "method": "none", "window": "all", "fold_idx": 16, "n_samples": 500, "seed": 334136}, "status": "ok", "n_feasible": 15, "cand": {"strategy": "v6", "tv": 1, "zL": [-1.8684986617706527], "zS": [1.5216809140892984], "zXS": [1.5435742827100238], "zXLmax": [-99.0], "ptScale": [0.9706312969325727], "eS3": [1.0], "eXS": [0.0], "lev": [3.014162775670731], "sl": 0.0}, "train": {"n": 199, "months": 20.495682565789473, "eq": 16855.4930090495, "growth": 0.1378181277549083, "liq": false, "maxdd": 0.0, "tpm": 9.709361928358629, "sl_hits": 0, "worst_mae": -0.20531518392480952, "win": 1.0, "score": 0.11222528886833219}, "oos": {"n": 3, "months": 0.9210526315789473, "eq": 1058.3556118321474, "growth": 0.06157779920547854, "liq": false, "maxdd": 0.0, "tpm": 3.257142857142857, "sl_hits": 0, "worst_mae": -0.0013796275005748537, "win": 1.0, "score": 0.06157779920547854}, "elapsed": 1.0820672512054443}