{"job": {"strategy": "v6", "mode": "lev", "method": "none", "window": "all", "fold_idx": 2, "n_samples": 500, "seed": 334136}, "status": "ok", "n_feasible": 43, "cand": {"strategy": "v6", "tv": 1, "zL": [-1.7419565866390343], "zS": [1.9439587237438887], "zXS": [1.2512052412079921], "zXLmax": [-99.0], "ptScale": [1.64994786935758], "eS3": [1.0], "eXS": [0.0], "lev": [7.531322645570947], "sl": 0.0}, "train": {"n": 81, "months": 7.8671875, "eq": 80810.7240263029, "growth": 0.5582820645647415, "liq": false, "maxdd": 0.0, "tpm": 10.295928500496524, "sl_hits": 0, "worst_mae": -0.0692926624234419, "win": 1.0, "score": 0.39126239591837764}, "oos": {"n": 1, "months": 0.9100877192982456, "eq": 1043.6242328305184, "growth": 0.046917998700135334, "liq": false, "maxdd": 0.0, "tpm": 1.0987951807228915, "sl_hits": 0, "worst_mae": -0.0025786269868109946, "win": 1.0, "score": 0.046917998700135334}, "elapsed": 1.194077491760254}