{"job": {"strategy": "v6", "mode": "lev", "method": "none", "window": "all", "fold_idx": 0, "n_samples": 500, "seed": 334136}, "status": "ok", "n_feasible": 42, "cand": {"strategy": "v6", "tv": 1, "zL": [-1.3312], "zS": [2.353], "zXS": [2.5021], "zXLmax": [-40.0821], "ptScale": [1.1061], "eS3": [1.0], "eXS": [0.0], "lev": [7.509], "sl": 0.0}, "train": {"n": 79, "months": 6.024328399122807, "eq": 23793.97943260633, "growth": 0.5261055463246886, "liq": false, "maxdd": 0.0, "tpm": 13.113494943519855, "sl_hits": 0, "worst_mae": -0.08164533243920236, "win": 1.0, "score": 0.38411177341563835}, "oos": {"n": 9, "months": 0.9209155701754386, "eq": 1438.0432218085634, "growth": 0.3944805881265159, "liq": false, "maxdd": 0.0, "tpm": 9.772882869474625, "sl_hits": 0, "worst_mae": -0.02108030813229389, "win": 1.0, "score": 0.3944805881265159}, "elapsed": 1.1659791469573975}