{"job": {"strategy": "v6", "mode": "lev", "method": "none", "window": "all", "fold_idx": 17, "n_samples": 500, "seed": 334136}, "status": "ok", "n_feasible": 9, "cand": {"strategy": "v6", "tv": 0, "zL": [-1.55536981645119], "zS": [1.5366413546224043], "zXS": [3.0], "zXLmax": [-0.3114250338788404], "ptScale": [0.5], "eS3": [1.0], "eXS": [1.0], "lev": [3.291143843396979], "sl": 0.0}, "train": {"n": 299, "months": 21.41673519736842, "eq": 16604.47366163294, "growth": 0.1311904980311139, "liq": false, "maxdd": 0.01177842026690353, "tpm": 13.961044820535466, "sl_hits": 0, "worst_mae": -0.20531518392480952, "win": 0.979933110367893, "score": 0.10135175973706663}, "oos": {"n": 16, "months": 0.920984100877193, "eq": 1149.355243385413, "growth": 0.15114389823822538, "liq": false, "maxdd": 0.0, "tpm": 17.37272118461195, "sl_hits": 0, "worst_mae": -0.07446113651208364, "win": 1.0, "score": 0.15114389823822538}, "elapsed": 1.0744702816009521}