{"job": {"strategy": "v6", "mode": "lev", "method": "none", "window": "all", "fold_idx": 11, "n_samples": 500, "seed": 334136}, "status": "ok", "n_feasible": 13, "cand": {"strategy": "v6", "tv": 1, "zL": [-0.9], "zS": [2.546013609342994], "zXS": [2.0833539010285613], "zXLmax": [-0.893307851178053], "ptScale": [2.2857246009754166], "eS3": [1.0], "eXS": [1.0], "lev": [1.779247035751487], "sl": 0.0}, "train": {"n": 176, "months": 16.02480811403509, "eq": 18682.07514207165, "growth": 0.18268952082132628, "liq": false, "maxdd": 0.0012562109152918764, "tpm": 10.982970825457375, "sl_hits": 0, "worst_mae": -0.5267637508609662, "win": 0.9829545454545454, "score": 0.17124695965462727}, "oos": {"n": 8, "months": 0.9208470394736842, "eq": 1134.4300984987103, "growth": 0.136972161025687, "liq": false, "maxdd": 0.0, "tpm": 8.6876534940835, "sl_hits": 0, "worst_mae": -0.12967103161929094, "win": 1.0, "score": 0.136972161025687}, "elapsed": 1.058175802230835}