{"job": {"strategy": "v6", "mode": "lev", "method": "none", "window": "all", "fold_idx": 14, "n_samples": 500, "seed": 334136}, "status": "ok", "n_feasible": 11, "cand": {"strategy": "v6", "tv": 1, "zL": [-1.7587676695084347], "zS": [1.6800507767786979], "zXS": [1.9095966040403765], "zXLmax": [-99.0], "ptScale": [1.6484649902482167], "eS3": [1.0], "eXS": [0.0], "lev": [2.4612182632881723], "sl": 0.0}, "train": {"n": 187, "months": 18.653645833333336, "eq": 31594.437947076873, "growth": 0.18511025252753396, "liq": false, "maxdd": 0.0, "tpm": 10.024849923216529, "sl_hits": 0, "worst_mae": -0.19121240601503753, "win": 1.0, "score": 0.14334532431971667}, "oos": {"n": 4, "months": 0.920984100877193, "eq": 1076.1738155546007, "growth": 0.07971037419997878, "liq": false, "maxdd": 0.0, "tpm": 4.343180296152988, "sl_hits": 0, "worst_mae": -0.057170542635658905, "win": 1.0, "score": 0.07971037419997878}, "elapsed": 1.0775384902954102}