{"job": {"strategy": "v6", "mode": "lev", "method": "none", "window": "all", "fold_idx": 4, "n_samples": 500, "seed": 334136}, "status": "ok", "n_feasible": 24, "cand": {"strategy": "v6", "tv": 0, "zL": [-0.9], "zS": [1.6544182941748966], "zXS": [1.4572773305009834], "zXLmax": [-99.0], "ptScale": [2.4], "eS3": [1.0], "eXS": [1.0], "lev": [2.4270144992889975], "sl": 0.0}, "train": {"n": 136, "months": 9.694490131578949, "eq": 18697.810203843972, "growth": 0.3020691522564856, "liq": false, "maxdd": 0.0016976364273236467, "tpm": 14.028587182423546, "sl_hits": 0, "worst_mae": -0.3443162002823217, "win": 0.9705882352941176, "score": 0.2333726245277163}, "oos": {"n": 25, "months": 0.9156387061403509, "eq": 1631.933710000339, "growth": 0.5348896170074455, "liq": false, "maxdd": 0.00039761439543164594, "tpm": 27.303345557967216, "sl_hits": 0, "worst_mae": -0.07276105536975108, "win": 0.92, "score": 0.5348896170074455}, "elapsed": 1.0566277503967285}