{"job": {"strategy": "v6", "mode": "lev", "method": "none", "window": "all", "fold_idx": 12, "n_samples": 500, "seed": 334136}, "status": "ok", "n_feasible": 26, "cand": {"strategy": "v6", "tv": 0, "zL": [-1.8802], "zS": [2.0804], "zXS": [2.0662], "zXLmax": [-39.8757], "ptScale": [1.2933], "eS3": [0.0], "eXS": [0.0], "lev": [4.5404], "sl": 0.0}, "train": {"n": 124, "months": 16.945655153508774, "eq": 33283.0181079167, "growth": 0.20684047140273334, "liq": false, "maxdd": 0.0, "tpm": 7.31750993848854, "sl_hits": 0, "worst_mae": -0.060660570629091026, "win": 1.0, "score": 0.1620213718176418}, "oos": {"n": 7, "months": 0.6717379385964912, "eq": 0.0, "growth": -41.13363192446739, "liq": true, "maxdd": 1.0000000000000002, "tpm": 10.42073046317078, "sl_hits": 0, "worst_mae": -0.21224491234252488, "win": 0.8571428571428571, "score": -41.13363192446739}, "elapsed": 1.0964593887329102}