{"job": {"strategy": "v6", "mode": "lev", "method": "none", "window": "all", "fold_idx": 10, "n_samples": 500, "seed": 334136}, "status": "ok", "n_feasible": 25, "cand": {"strategy": "v6", "tv": 1, "zL": [-1.8059537306614406], "zS": [2.6], "zXS": [1.4471081503594683], "zXLmax": [-2.0], "ptScale": [1.2037370238433451], "eS3": [1.0], "eXS": [0.0], "lev": [8.520745443213684], "sl": 0.0}, "train": {"n": 126, "months": 15.185238486842106, "eq": 626769.97183824, "growth": 0.424134241146663, "liq": false, "maxdd": 0.0, "tpm": 8.297531850367582, "sl_hits": 0, "worst_mae": -0.0692926624234419, "win": 1.0, "score": 0.33156257172744585}, "oos": {"n": 5, "months": 0.8395696271929824, "eq": 1257.9239600693957, "growth": 0.2733099244224523, "liq": false, "maxdd": 0.0, "tpm": 5.955432209615542, "sl_hits": 0, "worst_mae": -0.042864007688611205, "win": 1.0, "score": 0.2733099244224523}, "elapsed": 1.0704021453857422}