{"job": {"strategy": "v6", "mode": "lev", "method": "none", "window": "all", "fold_idx": 6, "n_samples": 500, "seed": 334136}, "status": "ok", "n_feasible": 20, "cand": {"strategy": "v6", "tv": 0, "zL": [-1.9508], "zS": [2.305], "zXS": [2.0581], "zXLmax": [-99.0], "ptScale": [1.1042], "eS3": [1.0], "eXS": [0.0], "lev": [7.8686], "sl": 0.0}, "train": {"n": 80, "months": 11.518571820175438, "eq": 37917.120830716056, "growth": 0.31561228282455556, "liq": false, "maxdd": 0.0, "tpm": 6.945305481351031, "sl_hits": 0, "worst_mae": -0.05810220280032108, "win": 1.0, "score": 0.23777548895111422}, "oos": {"n": 10, "months": 0.9139939692982456, "eq": 1464.2408169251526, "growth": 0.417220361683264, "liq": false, "maxdd": 0.0, "tpm": 10.94099122741246, "sl_hits": 0, "worst_mae": -0.05756034074775196, "win": 1.0, "score": 0.417220361683264}, "elapsed": 1.0751564502716064}