{"job": {"strategy": "v6", "mode": "lev", "method": "none", "window": "all", "fold_idx": 13, "n_samples": 500, "seed": 334136}, "status": "ok", "n_feasible": 17, "cand": {"strategy": "v6", "tv": 1, "zL": [-1.1984369958577932], "zS": [0.9006181516883874], "zXS": [1.7535101195597467], "zXLmax": [-99.0], "ptScale": [2.4], "eS3": [1.0], "eXS": [1.0], "lev": [1.874305687091307], "sl": 0.0}, "train": {"n": 170, "months": 17.73266173245614, "eq": 22509.76735824414, "growth": 0.17560529641895334, "liq": false, "maxdd": 0.0015484884971794575, "tpm": 9.586829240014685, "sl_hits": 0, "worst_mae": -0.4617837958818263, "win": 0.9882352941176471, "score": 0.18223743094015338}, "oos": {"n": 3, "months": 0.920984100877193, "eq": 1069.346687710142, "growth": 0.07280026843167917, "liq": false, "maxdd": 0.0, "tpm": 3.2573852221147406, "sl_hits": 0, "worst_mae": -0.11627906976744184, "win": 1.0, "score": 0.07280026843167917}, "elapsed": 1.0760433673858643}