{"job": {"strategy": "v6", "mode": "lev", "method": "none", "window": "all", "fold_idx": 8, "n_samples": 500, "seed": 334136}, "status": "ok", "n_feasible": 26, "cand": {"strategy": "v6", "tv": 0, "zL": [-1.7472676915175192], "zS": [2.0167110315973953], "zXS": [2.0985557504592633], "zXLmax": [-0.8960758022100498], "ptScale": [0.7568421927584348], "eS3": [1.0], "eXS": [0.0], "lev": [8.232570985038278], "sl": 0.0}, "train": {"n": 127, "months": 13.347861842105264, "eq": 75351.7840631194, "growth": 0.32380973469276053, "liq": false, "maxdd": 0.0, "tpm": 9.51463249337687, "sl_hits": 0, "worst_mae": -0.0692926624234419, "win": 1.0, "score": 0.24828151466783605}, "oos": {"n": 10, "months": 0.9194078947368421, "eq": 1413.038059653654, "growth": 0.3760485859124637, "liq": false, "maxdd": 0.0, "tpm": 10.876565295169947, "sl_hits": 0, "worst_mae": -0.025937821950184903, "win": 1.0, "score": 0.3760485859124637}, "elapsed": 1.0719668865203857}