{"job": {"strategy": "v6", "mode": "lev", "method": "none", "window": "all", "fold_idx": 15, "n_samples": 500, "seed": 334136}, "status": "ok", "n_feasible": 9, "cand": {"strategy": "v6", "tv": 0, "zL": [-2.225623990356313], "zS": [1.834973451054237], "zXS": [2.254248407936902], "zXLmax": [-0.09113249844610538], "ptScale": [2.4], "eS3": [1.0], "eXS": [1.0], "lev": [2.5609389095408215], "sl": 0.0}, "train": {"n": 135, "months": 19.574629934210527, "eq": 16940.46872212528, "growth": 0.14455983933788663, "liq": false, "maxdd": 0.0021157618368844973, "tpm": 6.896682106059173, "sl_hits": 0, "worst_mae": -0.3410907096436795, "win": 0.9481481481481482, "score": 0.12588746933662642}, "oos": {"n": 7, "months": 0.9210526315789473, "eq": 1140.8575408373183, "growth": 0.14307565486553736, "liq": false, "maxdd": 0.0, "tpm": 7.6000000000000005, "sl_hits": 0, "worst_mae": -0.047367135997395726, "win": 1.0, "score": 0.14307565486553736}, "elapsed": 1.0742266178131104}