{"job": {"strategy": "v6", "mode": "lev", "method": "none", "window": "all", "fold_idx": 20, "n_samples": 500, "seed": 334136}, "status": "ok", "n_feasible": 9, "cand": {"strategy": "v6", "tv": 1, "zL": [-1.3015], "zS": [2.1533], "zXS": [2.0974], "zXLmax": [-20.3994], "ptScale": [2.3202], "eS3": [1.0], "eXS": [1.0], "lev": [1.5143], "sl": 0.0}, "train": {"n": 124, "months": 24.179481907894736, "eq": 5239.454602512942, "growth": 0.06849681129376174, "liq": false, "maxdd": 0.0010691489999998499, "tpm": 5.128315009905704, "sl_hits": 0, "worst_mae": -0.5267637508609662, "win": 0.9758064516129032, "score": 0.09008295658917255}, "oos": null, "elapsed": 1.0843160152435303}