{"job": {"strategy": "v6", "mode": "lev", "method": "none", "window": "all", "fold_idx": 7, "n_samples": 500, "seed": 334136}, "status": "ok", "n_feasible": 20, "cand": {"strategy": "v6", "tv": 1, "zL": [-2.13730565431793], "zS": [1.5201677001194702], "zXS": [1.4462500528465514], "zXLmax": [-99.0], "ptScale": [1.7071342388068425], "eS3": [0.0], "eXS": [0.0], "lev": [9.910948071259682], "sl": 0.0}, "train": {"n": 74, "months": 12.432565789473685, "eq": 389202.33313839725, "growth": 0.4797158885776012, "liq": false, "maxdd": 0.0, "tpm": 5.952110067469242, "sl_hits": 0, "worst_mae": -0.06751282488121602, "win": 1.0, "score": 0.3729310529174303}, "oos": {"n": 1, "months": 0.915296052631579, "eq": 1064.00027129048, "growth": 0.06777659065972834, "liq": false, "maxdd": 0.0, "tpm": 1.0925426774483378, "sl_hits": 0, "worst_mae": -0.01020216561306897, "win": 1.0, "score": 0.06777659065972834}, "elapsed": 1.0554888248443604}