{"job": {"strategy": "v6", "mode": "lev", "method": "none", "window": "all", "fold_idx": 5, "n_samples": 500, "seed": 334136}, "status": "ok", "n_feasible": 25, "cand": {"strategy": "v6", "tv": 1, "zL": [-1.4449982940541037], "zS": [2.4758390623762696], "zXS": [3.0], "zXLmax": [-0.7203199808745679], "ptScale": [0.6512605045924416], "eS3": [1.0], "eXS": [1.0], "lev": [8.80151545079093], "sl": 0.0}, "train": {"n": 149, "months": 10.610128837719298, "eq": 100245.76159881205, "growth": 0.43426661989217363, "liq": false, "maxdd": 0.031499063212642425, "tpm": 14.04318479812431, "sl_hits": 0, "worst_mae": -0.09656968743856886, "win": 0.9798657718120806, "score": 0.3124783182293688}, "oos": {"n": 16, "months": 0.9084429824561403, "eq": 1867.6252644898693, "growth": 0.6876245662864774, "liq": false, "maxdd": 0.0, "tpm": 17.612552806276405, "sl_hits": 0, "worst_mae": -0.07450178170779986, "win": 1.0, "score": 0.6876245662864774}, "elapsed": 1.0739257335662842}