{"job": {"strategy": "v6", "mode": "lev", "method": "none", "window": "all", "fold_idx": 18, "n_samples": 500, "seed": 334136}, "status": "ok", "n_feasible": 17, "cand": {"strategy": "v6", "tv": 1, "zL": [-1.1184418053745313], "zS": [2.4922625385185473], "zXS": [2.6482624432388495], "zXLmax": [-0.9534478714971453], "ptScale": [2.352891192657224], "eS3": [1.0], "eXS": [1.0], "lev": [1.6808793725302906], "sl": 0.0}, "train": {"n": 129, "months": 22.337719298245617, "eq": 8529.106040150898, "growth": 0.09595807546573451, "liq": false, "maxdd": 0.0012915371665073306, "tpm": 5.77498527390536, "sl_hits": 0, "worst_mae": -0.5267637508609662, "win": 0.9844961240310077, "score": 0.11533302783977259}, "oos": {"n": 9, "months": 0.920984100877193, "eq": 1140.3275332603378, "growth": 0.1425817567244023, "liq": false, "maxdd": 2.094483068757323e-05, "tpm": 9.772155666344222, "sl_hits": 0, "worst_mae": -0.04905889496053417, "win": 0.8888888888888888, "score": 0.1425817567244023}, "elapsed": 1.0955524444580078}