{"job": {"strategy": "v6", "mode": "lev", "method": "none", "window": "all", "fold_idx": 19, "n_samples": 500, "seed": 334136}, "status": "ok", "n_feasible": 13, "cand": {"strategy": "v6", "tv": 0, "zL": [-1.50323847539701], "zS": [1.4315646235074264], "zXS": [1.6818375214630448], "zXLmax": [-1.475119584082131], "ptScale": [2.4], "eS3": [1.0], "eXS": [1.0], "lev": [1.2], "sl": 0.0}, "train": {"n": 193, "months": 23.25870339912281, "eq": 6935.505579490363, "growth": 0.08326577455631987, "liq": false, "maxdd": 0.0009913997537397616, "tpm": 8.297969009195883, "sl_hits": 0, "worst_mae": -0.5260642491131258, "win": 0.9689119170984456, "score": 0.08612173201595286}, "oos": {"n": 4, "months": 0.9207785087719298, "eq": 1043.2594247870195, "growth": 0.04599355231364286, "liq": false, "maxdd": 0.0, "tpm": 4.344150044656148, "sl_hits": 0, "worst_mae": -0.1737884936739078, "win": 1.0, "score": 0.04599355231364286}, "elapsed": 1.0928070545196533}