{
 "cand": {
  "strategy": "v7",
  "mode": "lev",
  "regs": [
   {
    "xTpLong": 0.0035549783092147487,
    "vEmaDn": 0.0,
    "ptShort": 0.011269071122410615,
    "xCdPeriodShort": 11.114254591667162,
    "xTpShort": 0.011621742360413008,
    "vHistN": 2.0,
    "vRsi": 3.0,
    "dur1Long": 59.247223199205806,
    "dur1Short": 86.91160692301662,
    "xDur1Short": 215.5714736449283,
    "xCdPctShort": 0.0004741820842830563,
    "zXS": 1.373914886616706,
    "cdPeriodShort": 227.49866106909747,
    "eXL": 0.0,
    "cdPctShort": 0.007371659993266908,
    "apt1Long": 0.010955280461828764,
    "rsiValLong": 85.0,
    "vMacd": 2.0,
    "cdPeriodLong": 159.2487928231263,
    "apt2Short": 0.005474983386067046,
    "zS": 0.8,
    "rsiValShort": 64.18038644222261,
    "slShort": 0.09161752865028015,
    "dur2Long": 10.0,
    "xDur2Short": 483.345023159052,
    "xDur2Long": 639.2180612556026,
    "bbValShort": 0.8663517157791507,
    "xApt1Long": 0.015,
    "xApt2Long": 0.007597742931921622,
    "leverage": 4.5070233559078625,
    "zL": -1.3381615614996885,
    "vEmaUp": 2.0,
    "requireHistPos": 0.0,
    "xDur1Long": 216.83661543787093,
    "trendBlockZ": 3.0,
    "xApt2Short": 0.0048653005157059575,
    "vX": 3.0,
    "cdPctLong": 0.004895354997116704,
    "slLong": 0.08232207699344911,
    "eS3": 1.0,
    "xApt1Short": 0.009536099754402665,
    "ptLong": 0.02754099479132615,
    "eL3": 0.0,
    "dur2Short": 308.1789232355895,
    "vBB": 1.0,
    "xMinBetween": 15.218863678684347,
    "apt1Short": 0.01975014992469627,
    "zXLmax": -1.7399480661387312,
    "eXS": 0.0,
    "apt2Long": 0.008699342337796073,
    "bbValLong": 0.3326624104225192
   },
   {
    "xTpLong": 0.005725015838006891,
    "vEmaDn": 4.0,
    "ptShort": 0.014855628971082517,
    "xCdPeriodShort": 56.764291527780365,
    "xTpShort": 0.018074020541508456,
    "vHistN": 0.0,
    "vRsi": 0.0,
    "dur1Long": 0.6,
    "dur1Short": 90.0,
    "xDur1Short": 72.87905128767557,
    "xCdPctShort": 0.004190093817048428,
    "zXS": 2.0968352646090813,
    "cdPeriodShort": 51.43930764291156,
    "eXL": 0.0,
    "cdPctShort": 0.002513447597978914,
    "apt1Long": 0.009215259992030388,
    "rsiValLong": 64.19790559589988,
    "vMacd": 1.0,
    "cdPeriodLong": 181.82871883067503,
    "apt2Short": 0.004723980729144603,
    "zS": 1.5677361464163566,
    "rsiValShort": 65.05183768178547,
    "slShort": 0.06942593922297943,
    "dur2Long": 27.161012764878258,
    "xDur2Short": 105.64999500981466,
    "xDur2Long": 720.0,
    "bbValShort": 1.1217007920659436,
    "xApt1Long": 0.0005,
    "xApt2Long": 0.00215088540745581,
    "leverage": 10.0,
    "zL": -0.9728741991419325,
    "vEmaUp": 3.0,
    "requireHistPos": 0.0,
    "xDur1Long": 10.0,
    "trendBlockZ": 3.0,
    "xApt2Short": 0.0053499010836273635,
    "vX": 1.0,
    "cdPctLong": 0.0023667934214946845,
    "slLong": 0.09748755546349594,
    "eS3": 1.0,
    "xApt1Short": 0.014220299825961335,
    "ptLong": 0.020701145709510663,
    "eL3": 1,
    "dur2Short": 35.86424504577171,
    "vBB": 2.0,
    "xMinBetween": 27.17081890175071,
    "apt1Short": 0.0019507937988629321,
    "zXLmax": -2.029720096759536,
    "eXS": 1.0,
    "apt2Long": 0.015,
    "bbValLong": 0.0455533815804927
   },
   {
    "xTpLong": 0.02,
    "vEmaDn": 3.0,
    "ptShort": 0.005678287086509002,
    "xCdPeriodShort": 34.82420220985183,
    "xTpShort": 0.01797780217447643,
    "vHistN": 3.0,
    "vRsi": 2,
    "dur1Long": 58.935956628316795,
    "dur1Short": 74.29512164360767,
    "xDur1Short": 182.47033573318336,
    "xCdPctShort": 0.008512935391944084,
    "zXS": 1.0,
    "cdPeriodShort": 159.4211578903042,
    "eXL": 1.0,
    "cdPctShort": 0.0007722128334138496,
    "apt1Long": 0.006106265517318639,
    "rsiValLong": 51.8308168576848,
    "vMacd": 2.0,
    "cdPeriodLong": 61.91153673777592,
    "apt2Short": 0.0019502603800957141,
    "zS": 2.339829798746618,
    "rsiValShort": 88.07069480926145,
    "slShort": 0.03445463286123818,
    "dur2Long": 242.03034846821419,
    "xDur2Short": 52.124761601635086,
    "xDur2Long": 368.78176278259974,
    "bbValShort": 1.25,
    "xApt1Long": 0.014064186769697642,
    "xApt2Long": 0.007748949460298046,
    "leverage": 10.0,
    "zL": -1.1665358149838445,
    "vEmaUp": 2,
    "requireHistPos": 0.0,
    "xDur1Long": 240.0,
    "trendBlockZ": 99.0,
    "xApt2Short": 0.01,
    "vX": 4.0,
    "cdPctLong": 0.004549446459638836,
    "slLong": 0.03692823015501093,
    "eS3": 0.0,
    "xApt1Short": 0.0005,
    "ptLong": 0.005975098607485937,
    "eL3": 1.0,
    "dur2Short": 356.0928576703129,
    "vBB": 1.0,
    "xMinBetween": 28.38008474404124,
    "apt1Short": 0.015506594420722062,
    "zXLmax": -1.68549738965184,
    "eXS": 0.0,
    "apt2Long": 0.014777058929837834,
    "bbValLong": 0.35
   }
  ]
 },
 "metrics": {
  "n": 154,
  "months": 14.81640625,
  "eq": 6675751598.016969,
  "growth": 1.0605805544016893,
  "liq": false,
  "maxdd": 0.5271801108273281,
  "tpm": 10.39388346954917,
  "sl_hits": 0,
  "worst_mae": -0.053596614950634724,
  "win": 1.0,
  "max_hold_days": 2.872916666666667,
  "in_market": 0.07372768858608425,
  "score": 0.9328279999406494
 },
 "strategy": "v7",
 "mode": "lev",
 "method": "vol3",
 "algo": "genetic",
 "per_regime": true,
 "train_end": "2025-09-01",
 "holdout_days": null,
 "max_dd": null,
 "max_hold_days": 7.0,
 "gap_mode": "skip_contaminated",
 "scoring": "underwater",
 "anchor": null,
 "anchor_strength": 0.0,
 "evaluated": 100800,
 "generated": "2026-07-13 02:31",
 "holdout": {
  "n": 13,
  "months": 2.1842105263157894,
  "eq": 0.0,
  "growth": -12.650347016931143,
  "liq": true,
  "maxdd": 1.0,
  "tpm": 5.951807228915663,
  "sl_hits": 0,
  "worst_mae": -0.092,
  "win": 0.9230769230769231,
  "max_hold_days": 30.035416666666666,
  "in_market": 0.6121674196787149,
  "score": -12.9564307267705
 },
 "holdout_scan": {
  "scanned": 578,
  "pool": 594,
  "reservoir": 294,
  "survivors": 1
 },
 "holdout_survivors": [
  {
   "rank": 417,
   "train_score": 0.15519820229508832,
   "holdout": {
    "n": 23,
    "months": 9.656661184210527,
    "eq": 4811.277120571649,
    "growth": 0.16268175226818377,
    "liq": false,
    "maxdd": 0.3920684993240202,
    "tpm": 2.3817756014477323,
    "sl_hits": 0,
    "worst_mae": -0.03796121097445615,
    "win": 1.0,
    "max_hold_days": 1.8979166666666667,
    "in_market": 0.01405152224824356,
    "score": 0.2132428798363812
   }
  }
 ],
 "holdout_top10": [
  {
   "rank": 458,
   "train_score": 0.08441436638904806,
   "holdout": {
    "n": 56,
    "months": 9.656661184210527,
    "eq": 5019.147458637484,
    "growth": 0.1670618922575652,
    "liq": false,
    "maxdd": 0.5017800128560287,
    "tpm": 5.799105812220565,
    "sl_hits": 0,
    "worst_mae": -0.11054892039771724,
    "win": 1.0,
    "max_hold_days": 8.297916666666667,
    "in_market": 0.13503654815130225,
    "score": 0.04285792788351006
   }
  },
  {
   "rank": 417,
   "train_score": 0.15519820229508832,
   "holdout": {
    "n": 23,
    "months": 9.656661184210527,
    "eq": 4811.277120571649,
    "growth": 0.16268175226818377,
    "liq": false,
    "maxdd": 0.3920684993240202,
    "tpm": 2.3817756014477323,
    "sl_hits": 0,
    "worst_mae": -0.03796121097445615,
    "win": 1.0,
    "max_hold_days": 1.8979166666666667,
    "in_market": 0.01405152224824356,
    "score": 0.2132428798363812
   }
  },
  {
   "rank": 555,
   "train_score": 0.06147687344112633,
   "holdout": {
    "n": 42,
    "months": 9.656661184210527,
    "eq": 3885.955612787313,
    "growth": 0.1405629650514787,
    "liq": false,
    "maxdd": 0.47402874431180064,
    "tpm": 4.3493293591654245,
    "sl_hits": 0,
    "worst_mae": -0.11054892039771724,
    "win": 0.9285714285714286,
    "max_hold_days": 8.297916666666667,
    "in_market": 0.11217088922006954,
    "score": 0.03151362472616866
   }
  },
  {
   "rank": 477,
   "train_score": 0.046248290977000665,
   "holdout": {
    "n": 50,
    "months": 9.656661184210527,
    "eq": 2446.2087575514593,