{
 "cand": {
  "strategy": "v7",
  "mode": "lev",
  "regs": [
   {
    "eXS": 1.0,
    "vHistN": 1.0,
    "xApt2Long": 0.0033716809545589217,
    "trendBlockZ": 1.5,
    "dur2Long": 29.604209295899345,
    "xCdPctShort": 0.0021603904401897643,
    "xDur2Long": 581.0968853910285,
    "bbValShort": 0.747308601547103,
    "apt1Short": 0.011634516254106834,
    "eL3": 1.0,
    "dur1Short": 34.10821530890402,
    "leverage": 8.603614084522224,
    "apt2Short": 0.004016787479950221,
    "xDur1Short": 35.18799105772919,
    "vEmaDn": 0.0,
    "requireHistPos": 0.0,
    "slLong": 0.09065426026765958,
    "zS": 0.8,
    "xMinBetween": 14.099478920886057,
    "slShort": 0.12,
    "cdPeriodLong": 27.600016639467576,
    "ptLong": 0.007022590513529297,
    "cdPeriodShort": 182.55186338680159,
    "eS3": 1.0,
    "zXS": 1.0211769227318093,
    "apt2Long": 0.012001905371102907,
    "cdPctShort": 0.003966360781646254,
    "apt1Long": 0.006806797231385372,
    "xTpShort": 0.01225680891047399,
    "rsiValShort": 50.0,
    "xCdPeriodShort": 69.87717927239952,
    "vRsi": 1.0,
    "ptShort": 0.019620693643630248,
    "vX": 4.0,
    "zXLmax": -2.4200771945280213,
    "vEmaUp": 4.0,
    "xApt2Short": 0.007261926833314915,
    "xDur2Short": 461.67136068592856,
    "dur2Short": 360.0,
    "xApt1Long": 0.005759988119463897,
    "vMacd": 4.0,
    "xDur1Long": 154.35570593234328,
    "rsiValLong": 85.0,
    "xApt1Short": 0.0072378788450761945,
    "zL": -2.2555757708326127,
    "bbValLong": 0.1682263561417935,
    "vBB": 2.0,
    "eXL": 0.0,
    "cdPctLong": 0.010232939956983725,
    "xTpLong": 0.005264399298589095,
    "dur1Long": 36.18024656478354
   },
   {
    "eXS": 1.0,
    "vHistN": 2.0,
    "xApt2Long": 0.01,
    "trendBlockZ": 1.0,
    "dur2Long": 360.0,
    "xCdPctShort": 0.002052853822656744,
    "xDur2Long": 285.9432932898218,
    "bbValShort": 1.028832806298901,
    "apt1Short": 0.001,
    "eL3": 1.0,
    "dur1Short": 33.55944316837832,
    "leverage": 8.73595153923665,
    "apt2Short": 0.009926510457712649,
    "xDur1Short": 16.925666857897422,
    "vEmaDn": 1.0,
    "requireHistPos": 1.0,
    "slLong": 0.05110022123614262,
    "zS": 0.8,
    "xMinBetween": 10.06187112300238,
    "slShort": 0.08485307176517208,
    "cdPeriodLong": 155.6627472117945,
    "ptLong": 0.01956549373993292,
    "cdPeriodShort": 154.4959566230208,
    "eS3": 0.0,
    "zXS": 2.988809262935436,
    "apt2Long": 0.013131369845963583,
    "cdPctShort": 0.002933866299181324,
    "apt1Long": 0.02,
    "xTpShort": 0.002342782009259173,
    "rsiValShort": 66.85765179569918,
    "xCdPeriodShort": 3.0,
    "vRsi": 1.0,
    "ptShort": 0.007254332207752846,
    "vX": 3.0,
    "zXLmax": -0.015520671419180732,
    "vEmaUp": 2.0,
    "xApt2Short": 0.01,
    "xDur2Short": 308.61238362989747,
    "dur2Short": 197.22526031066656,
    "xApt1Long": 0.00527618067206877,
    "vMacd": 2.0,
    "xDur1Long": 222.2201718877574,
    "rsiValLong": 45.591712531812085,
    "xApt1Short": 0.015,
    "zL": -1.5567610210542817,
    "bbValLong": 0.19679909175408306,
    "vBB": 2.0,
    "eXL": 0.0,
    "cdPctLong": 0.009039613153501182,
    "xTpLong": 0.01632244001650515,
    "dur1Long": 48.864444974305904
   },
   {
    "eXS": 0.0,
    "vHistN": 2.0,
    "xApt2Long": 0.0018510214635088019,
    "trendBlockZ": 3.0,
    "dur2Long": 153.94508419090099,
    "xCdPctShort": 0.0021128895271462092,
    "xDur2Long": 178.17052365813885,
    "bbValShort": 0.8727954074049514,
    "apt1Short": 0.003931990039269875,
    "eL3": 1.0,
    "dur1Short": 86.0199209234129,
    "leverage": 4.533644400052425,
    "apt2Short": 0.008201434940986204,
    "xDur1Short": 32.12564712688558,
    "vEmaDn": 2.0,
    "requireHistPos": 1.0,
    "slLong": 0.07668018760682417,
    "zS": 1.5466358817635142,
    "xMinBetween": 1.0,
    "slShort": 0.031242939521449808,
    "cdPeriodLong": 101.72355080497724,
    "ptLong": 0.02107437015593015,
    "cdPeriodShort": 10.0,
    "eS3": 1.0,
    "zXS": 2.792661469748913,
    "apt2Long": 0.002274959853076364,
    "cdPctShort": 0.0036549139052262825,
    "apt1Long": 0.01588259653335292,
    "xTpShort": 0.001,
    "rsiValShort": 50.0,
    "xCdPeriodShort": 95.36626910525321,
    "vRsi": 0.0,
    "ptShort": 0.022327606021256233,
    "vX": 1.0,
    "zXLmax": -1.7351626011586119,
    "vEmaUp": 2.0,
    "xApt2Short": 0.002411465656075389,
    "xDur2Short": 623.1622663835054,
    "dur2Short": 263.33838825856895,
    "xApt1Long": 0.0005,
    "vMacd": 2.0,
    "xDur1Long": 24.00833918298845,
    "rsiValLong": 76.25987636951834,
    "xApt1Short": 0.009764235206917368,
    "zL": -1.5494462408469876,
    "bbValLong": 0.23206980916829892,
    "vBB": 0.0,
    "eXL": 0.0,
    "cdPctLong": 0.01063191170000851,
    "xTpLong": 0.005433030647571631,
    "dur1Long": 57.72592273414032
   }
  ]
 },
 "metrics": {
  "n": 114,
  "months": 14.81640625,
  "eq": 8826901.971157992,
  "growth": 0.6132093860069021,
  "liq": false,
  "maxdd": 0.29631112385245567,
  "tpm": 7.6941734774584765,
  "sl_hits": 0,
  "worst_mae": -0.06359842473402688,
  "win": 1.0,
  "max_hold_days": 1.0833333333333333,
  "in_market": 0.04829302362153737,
  "score": 0.6690894037445487
 },
 "strategy": "v7",
 "mode": "lev",
 "method": "vol3",
 "algo": "genetic",
 "per_regime": true,
 "train_end": "2025-09-01",
 "holdout_days": null,
 "max_dd": 0.3,
 "max_hold_days": 7.0,
 "gap_mode": "skip_contaminated",
 "scoring": "underwater",
 "anchor": null,
 "anchor_strength": 0.0,
 "evaluated": 1001000,
 "generated": "2026-07-11 05:38",
 "holdout": {
  "n": 5,
  "months": 2.1842105263157894,
  "eq": 0.0,
  "growth": -12.650347016931143,
  "liq": true,
  "maxdd": 1.0,
  "tpm": 2.289156626506024,
  "sl_hits": 0,
  "worst_mae": -0.10823022490036896,
  "win": 0.8,
  "max_hold_days": 58.322916666666664,
  "in_market": 1.0129894578313252,
  "score": -13.156841745846805
 },
 "holdout_scan": {
  "scanned": 517,
  "pool": 598,
  "reservoir": 298,
  "survivors": 7
 },
 "holdout_survivors": [
  {
   "rank": 380,
   "train_score": 0.1569083036443671,
   "holdout": {
    "n": 33,
    "months": 9.656661184210527,
    "eq": 3151.467381745532,
    "growth": 0.11886801845357445,
    "liq": false,
    "maxdd": 0.4787933515375533,
    "tpm": 3.417330210772833,
    "sl_hits": 0,
    "worst_mae": -0.09075809704591298,
    "win": 0.9393939393939394,
    "max_hold_days": 6.177083333333333,
    "in_market": 0.07147115179902065,
    "score": 0.0625702314342523
   }
  },
  {
   "rank": 454,
   "train_score": 0.2050197477435872,
   "holdout": {
    "n": 28,
    "months": 9.656661184210527,
    "eq": 2817.1392652047202,
    "growth": 0.10725466135056155,
    "liq": false,
    "maxdd": 0.7477266201921198,
    "tpm": 2.8995529061102827,
    "sl_hits": 0,
    "worst_mae": -0.3085269059928639,
    "win": 0.8571428571428571,
    "max_hold_days": 3.7604166666666665,
    "in_market": 0.05875381449151941,
    "score": 0.04857734583037273
   }
  },
  {
   "rank": 419,
   "train_score": 0.13356769079776812,
   "holdout": {
    "n": 32,
    "months": 9.656661184210527,
    "eq": 2482.154424381896,
    "growth": 0.09414505544150385,
    "liq": false,
    "maxdd": 0.3009317120263609,
    "tpm": 3.313774749840323,
    "sl_hits": 0,
    "worst_mae": -0.06727430555555558,
    "win": 1.0,
    "max_hold_days": 2.785416666666667,
    "in_market": 0.06124476616279895,
    "score": 0.0467028909947253
   }
  },
  {
   "rank": 490,
   "train_score": 0.11137389315750659,
   "holdout": {
    "n": 20,
    "months": 9.656661184210527,
    "eq": 1863.9123383345661,
    "growth": 0.06448167482412803,
    "liq": false,
    "maxdd": 0.2597758767052154,
    "tpm": 2.071109218650202,
    "sl_hits": 0,
    "worst_mae": -0.06298317417007726,
    "win": 1.0,
    "max_hold_days": 2.78125,
    "in_market": 0.04226101767085374,
    "score": 0.03664827731171237
   }
  },
  {
   "rank": 393,
   "train_score": 0.052713287918872434,
   "holdout": {
    "n": 23,
    "months": 9.656661184210527,
    "eq": 1698.371560835491,