{"job": {"strategy": "v6", "mode": "lev", "method": "vol3_7d", "window": "all", "fold_idx": 4, "n_samples": 500, "seed": 323707}, "status": "ok", "n_feasible": 14, "cand": {"strategy": "v6", "tv": 1, "zL": [-0.9175985157725467, -1.079692390164868, -0.9323199014326927], "zS": [1.8247199670077272, 2.6, 2.6], "zXS": [2.001779202044746, 2.643437285708092, 2.465409186759996], "zXLmax": [-1.2520829502914, -1.0792386307740307, -1.4085630580659712], "ptScale": [1.2566194294029727, 1.5411095074083556, 2.130356747264411], "eS3": [1.0, 1.0, 1.0], "eXS": [1.0, 1.0, 1.0], "lev": [2.5019935731280945, 2.3611548183683913, 4.3124537823615805], "sl": 0.0}, "train": {"n": 164, "months": 9.694490131578949, "eq": 34179.43378508941, "growth": 0.3642918878598069, "liq": false, "maxdd": 0.0030447438743693898, "tpm": 16.916825719981336, "sl_hits": 0, "worst_mae": -0.3410907096436795, "win": 0.975609756097561, "score": 0.2763711621288568}, "oos": {"n": 20, "months": 0.9156387061403509, "eq": 1675.552027976142, "growth": 0.56369687788513, "liq": false, "maxdd": 0.0013412541861824313, "tpm": 21.842676446373773, "sl_hits": 0, "worst_mae": -0.07276105536975108, "win": 0.9, "score": 0.56369687788513}, "elapsed": 1.0475878715515137}