{"job": {"strategy": "v6", "mode": "lev", "method": "vol3_7d", "window": "all", "fold_idx": 2, "n_samples": 500, "seed": 323707}, "status": "ok", "n_feasible": 30, "cand": {"strategy": "v6", "tv": 0, "zL": [-0.996973123763924, -1.2031520689234385, -1.2674023646930814], "zS": [1.8482183470692906, 2.5186228721537547, 2.5075702065829892], "zXS": [1.473357258520736, 1.8641170260769484, 1.9413173972447522], "zXLmax": [-0.0649021833608083, -0.0734176661957835, -0.0856880321935661], "ptScale": [1.5234302177471832, 1.1772468595827132, 1.0189788086080909], "eS3": [1.0, 1.0, 1.0], "eXS": [0.0, 1.0, 1.0], "lev": [6.882772831110149, 5.809629321442224, 5.603574662983618], "sl": 0.0}, "train": {"n": 158, "months": 7.8671875, "eq": 154403.99355994168, "growth": 0.6405812118093933, "liq": false, "maxdd": 0.017877008378217388, "tpm": 20.083416087388283, "sl_hits": 0, "worst_mae": -0.09656968743856886, "win": 0.9746835443037974, "score": 0.42768667684615436}, "oos": {"n": 17, "months": 0.9100877192982456, "eq": 1505.334168448477, "growth": 0.4494236145779961, "liq": false, "maxdd": 0.0, "tpm": 18.679518072289156, "sl_hits": 0, "worst_mae": -0.13155612533464045, "win": 1.0, "score": 0.4494236145779961}, "elapsed": 1.0339181423187256}