{"job": {"strategy": "v6", "mode": "lev", "method": "vol3_7d", "window": "all", "fold_idx": 11, "n_samples": 500, "seed": 323707}, "status": "ok", "n_feasible": 10, "cand": {"strategy": "v6", "tv": 1, "zL": [-2.0986942864561438, -1.8703557704887763, -2.108880103489161], "zS": [2.11513209543735, 2.5059287152538827, 2.25920831231437], "zXS": [3.0, 1.9966692261118564, 3.0], "zXLmax": [-99.0, -99.0, -99.0], "ptScale": [1.4012122593695584, 1.0433015690719971, 1.4846401713084387], "eS3": [1.0, 1.0, 1.0], "eXS": [0.0, 1.0, 1.0], "lev": [5.901660440632817, 4.20736583842216, 7.012199149330336], "sl": 0.0}, "train": {"n": 144, "months": 16.02480811403509, "eq": 55809.737357970866, "growth": 0.25098262207980354, "liq": false, "maxdd": 0.005430259817795535, "tpm": 8.98606703901058, "sl_hits": 0, "worst_mae": -0.10297113155861481, "win": 0.9513888888888888, "score": 0.1925900666084045}, "oos": {"n": 9, "months": 0.9208470394736842, "eq": 1421.0470020209957, "growth": 0.3815985828548706, "liq": false, "maxdd": 0.0, "tpm": 9.773610180843939, "sl_hits": 0, "worst_mae": -0.0413315077870956, "win": 1.0, "score": 0.3815985828548706}, "elapsed": 1.0400733947753906}