{"job": {"strategy": "v6", "mode": "lev", "method": "vol3_7d", "window": "all", "fold_idx": 15, "n_samples": 500, "seed": 323707}, "status": "ok", "n_feasible": 9, "cand": {"strategy": "v6", "tv": 0, "zL": [-1.4331096983223393, -2.2676974483064485, -1.4488984070276436], "zS": [1.6327652298233863, 1.5295168082295703, 1.6110776648773668], "zXS": [3.0, 3.0, 2.8815437130086567], "zXLmax": [-99.0, -99.0, -99.0], "ptScale": [0.5561856117327484, 0.5, 0.6879136846812086], "eS3": [1.0, 1.0, 1.0], "eXS": [1.0, 1.0, 0.0], "lev": [4.267063592590775, 5.647539606914591, 3.8910883532696383], "sl": 0.0}, "train": {"n": 246, "months": 19.574629934210527, "eq": 39124.09884780451, "growth": 0.1873209674090818, "liq": false, "maxdd": 0.01527106401015335, "tpm": 12.567287393263383, "sl_hits": 0, "worst_mae": -0.18414537300882894, "win": 0.9878048780487805, "score": 0.15167835157869566}, "oos": {"n": 6, "months": 0.9210526315789473, "eq": 1078.5537867739147, "growth": 0.08210286236168311, "liq": false, "maxdd": 0.0, "tpm": 6.514285714285714, "sl_hits": 0, "worst_mae": -0.047367135997395726, "win": 1.0, "score": 0.08210286236168311}, "elapsed": 1.0695321559906006}