{"job": {"strategy": "v6", "mode": "lev", "method": "vol3_7d", "window": "all", "fold_idx": 9, "n_samples": 500, "seed": 323707}, "status": "ok", "n_feasible": 17, "cand": {"strategy": "v6", "tv": 0, "zL": [-2.545930360407488, -1.8450976151669802, -1.7099905999835485], "zS": [1.8092547257262197, 2.023797709757865, 1.8113943473468812], "zXS": [2.6213401201733326, 2.508203819609692, 3.0], "zXLmax": [-99.0, -99.0, -99.0], "ptScale": [0.7394788688789511, 0.7910403181387599, 0.917989168802968], "eS3": [1.0, 1.0, 1.0], "eXS": [0.0, 1.0, 1.0], "lev": [7.279302238673375, 7.849177403882831, 9.601743060550154], "sl": 0.0}, "train": {"n": 149, "months": 14.267269736842106, "eq": 193063.87505083077, "growth": 0.368887754282243, "liq": false, "maxdd": 0.006023700562870371, "tpm": 10.443483774280939, "sl_hits": 0, "worst_mae": -0.09656968743856886, "win": 0.9798657718120806, "score": 0.2865612136299255}, "oos": {"n": 9, "months": 0.91796875, "eq": 1285.84434232952, "growth": 0.2738825023294656, "liq": false, "maxdd": 0.0, "tpm": 9.804255319148936, "sl_hits": 0, "worst_mae": -0.04506641366223907, "win": 1.0, "score": 0.2738825023294656}, "elapsed": 1.038844108581543}