{"job": {"strategy": "v6", "mode": "lev", "method": "vol3_7d", "window": "all", "fold_idx": 10, "n_samples": 500, "seed": 323707}, "status": "ok", "n_feasible": 24, "cand": {"strategy": "v6", "tv": 1, "zL": [-1.7766, -1.8829, -1.5833], "zS": [1.8846, 1.7536, 1.8922], "zXS": [1.9602, 1.9955, 2.0273], "zXLmax": [-99.0, -99.0, -99.0], "ptScale": [1.4915, 1.4655, 1.6929], "eS3": [1.0, 1.0, 1.0], "eXS": [0.0, 1.0, 1.0], "lev": [2.5769, 3.8635, 3.1305], "sl": 0.0}, "train": {"n": 197, "months": 15.185238486842106, "eq": 41810.91532907526, "growth": 0.2458412122371929, "liq": false, "maxdd": 0.0024405603518253597, "tpm": 12.97312519462233, "sl_hits": 0, "worst_mae": -0.10297113155861481, "win": 0.9644670050761421, "score": 0.19678027194212566}, "oos": {"n": 5, "months": 0.8395696271929824, "eq": 1089.9782453368368, "growth": 0.10262131316418474, "liq": false, "maxdd": 0.0, "tpm": 5.955432209615542, "sl_hits": 0, "worst_mae": -0.042864007688611205, "win": 1.0, "score": 0.10262131316418474}, "elapsed": 1.084648609161377}