{"job": {"strategy": "v6", "mode": "lev", "method": "vol3_7d", "window": "all", "fold_idx": 6, "n_samples": 500, "seed": 323707}, "status": "ok", "n_feasible": 21, "cand": {"strategy": "v6", "tv": 1, "zL": [-2.066980460792661, -2.6, -1.8384705651534379], "zS": [2.154639868296019, 2.4662968408656902, 2.1817265294179893], "zXS": [3.0, 1.8917704921892593, 3.0], "zXLmax": [-99.0, -99.0, -99.0], "ptScale": [1.3008232093126846, 1.4441472870962668, 1.310652227688796], "eS3": [1.0, 1.0, 1.0], "eXS": [0.0, 1.0, 1.0], "lev": [10.0, 8.219663509164702, 7.4700327657949765], "sl": 0.0}, "train": {"n": 96, "months": 11.518571820175438, "eq": 49129.58602986163, "growth": 0.3381028031017048, "liq": false, "maxdd": 0.005739748556452308, "tpm": 8.334366577621237, "sl_hits": 0, "worst_mae": -0.10297113155861481, "win": 0.9479166666666666, "score": 0.26665816137856746}, "oos": {"n": 11, "months": 0.9139939692982456, "eq": 1684.9285924192752, "growth": 0.5708168784972643, "liq": false, "maxdd": 0.0, "tpm": 12.035090350153707, "sl_hits": 0, "worst_mae": -0.05756034074775196, "win": 1.0, "score": 0.5708168784972643}, "elapsed": 1.0608601570129395}