{"job": {"strategy": "v6", "mode": "lev", "method": "vol3_7d", "window": "all", "fold_idx": 1, "n_samples": 500, "seed": 323707}, "status": "ok", "n_feasible": 25, "cand": {"strategy": "v6", "tv": 1, "zL": [-1.7812, -1.5219, -1.5227], "zS": [1.983, 1.9409, 2.1822], "zXS": [2.2147, 1.7945, 1.9298], "zXLmax": [-20.1102, -20.1191, -20.1546], "ptScale": [0.8631, 0.6876, 0.9076], "eS3": [1.0, 1.0, 1.0], "eXS": [0.0, 1.0, 1.0], "lev": [7.5317, 7.0695, 7.0813], "sl": 0.0}, "train": {"n": 110, "months": 6.951206140350878, "eq": 18485.635383414847, "growth": 0.41963853550313557, "liq": false, "maxdd": 0.021753799379825876, "tpm": 15.824591844782711, "sl_hits": 0, "worst_mae": -0.0692926624234419, "win": 0.9727272727272728, "score": 0.27090044396028523}, "oos": {"n": 9, "months": 0.9159813596491229, "eq": 1243.1524051962388, "growth": 0.23761445961433617, "liq": false, "maxdd": 0.0, "tpm": 9.825527457728564, "sl_hits": 0, "worst_mae": -0.09656968743856886, "win": 1.0, "score": 0.23761445961433617}, "elapsed": 1.0174827575683594}