{"job": {"strategy": "v6", "mode": "lev", "method": "vol3_7d", "window": "all", "fold_idx": 18, "n_samples": 500, "seed": 323707}, "status": "ok", "n_feasible": 6, "cand": {"strategy": "v6", "tv": 1, "zL": [-1.6846462748518862, -2.1947778661344026, -2.1002126330648982], "zS": [2.6, 1.7110678431900335, 1.6506320702355406], "zXS": [3.0, 2.162723956003756, 1.9117041125791563], "zXLmax": [-99.0, -99.0, -99.0], "ptScale": [0.6435343593260591, 0.5626659612009338, 0.850139375229612], "eS3": [1.0, 1.0, 1.0], "eXS": [1.0, 1.0, 1.0], "lev": [4.020448097744927, 3.1340854262652265, 4.124516137195228], "sl": 0.0}, "train": {"n": 240, "months": 22.337719298245617, "eq": 18724.39290008879, "growth": 0.13116053021655927, "liq": false, "maxdd": 0.014388470881186112, "tpm": 10.74415864912625, "sl_hits": 0, "worst_mae": -0.20531518392480952, "win": 0.9625, "score": 0.09940764784495601}, "oos": {"n": 11, "months": 0.920984100877193, "eq": 1097.1429955291599, "growth": 0.10066354473362461, "liq": false, "maxdd": 0.0, "tpm": 11.943745814420716, "sl_hits": 0, "worst_mae": -0.01107521919704646, "win": 1.0, "score": 0.10066354473362461}, "elapsed": 1.0853359699249268}