{"job": {"strategy": "v6", "mode": "lev", "method": "vol3_7d", "window": "all", "fold_idx": 16, "n_samples": 500, "seed": 323707}, "status": "ok", "n_feasible": 12, "cand": {"strategy": "v6", "tv": 0, "zL": [-2.1440900715646434, -2.373729894828018, -1.9568476400668353], "zS": [1.4999979654236488, 1.255026199479052, 1.5386716074108082], "zXS": [2.0003268043305633, 2.3018280742247663, 2.0437768943891466], "zXLmax": [-99.0, -99.0, -99.0], "ptScale": [2.4, 2.4, 1.9329390251780223], "eS3": [1.0, 0.0, 0.0], "eXS": [1.0, 1.0, 1.0], "lev": [1.67347251881284, 1.4263331909128165, 2.2038683264556416], "sl": 0.0}, "train": {"n": 160, "months": 20.495682565789473, "eq": 9529.416125971804, "growth": 0.1099930895984256, "liq": false, "maxdd": 0.0015560084642154389, "tpm": 7.806522153454174, "sl_hits": 0, "worst_mae": -0.3410907096436795, "win": 0.95, "score": 0.10054285923552098}, "oos": {"n": 8, "months": 0.9210526315789473, "eq": 1107.20226282645, "growth": 0.11056517958410794, "liq": false, "maxdd": 0.0, "tpm": 8.685714285714285, "sl_hits": 0, "worst_mae": -0.09907195371821143, "win": 1.0, "score": 0.11056517958410794}, "elapsed": 1.0919990539550781}