{"job": {"strategy": "v6", "mode": "lev", "method": "vol3_7d", "window": "all", "fold_idx": 17, "n_samples": 500, "seed": 323707}, "status": "ok", "n_feasible": 7, "cand": {"strategy": "v6", "tv": 1, "zL": [-1.2099650283236043, -1.7106181792965818, -1.1328042940825869], "zS": [1.625554225992411, 2.561285447127632, 2.186290032487473], "zXS": [2.207154954519846, 2.8711127889795978, 3.0], "zXLmax": [-1.9644195192638287, -1.8795006762832978, -1.3266851411732594], "ptScale": [2.158150959004513, 1.5886663675942256, 2.4], "eS3": [1.0, 1.0, 1.0], "eXS": [0.0, 1.0, 1.0], "lev": [1.2298023999539063, 1.2, 1.4394049383655736], "sl": 0.0}, "train": {"n": 115, "months": 21.41673519736842, "eq": 3908.219488368572, "growth": 0.06364564364748923, "liq": false, "maxdd": 0.0011146778110387003, "tpm": 5.369632623282872, "sl_hits": 0, "worst_mae": -0.5267637508609662, "win": 0.9739130434782609, "score": 0.08764688384460961}, "oos": {"n": 9, "months": 0.920984100877193, "eq": 1117.0723006158287, "growth": 0.12020972499458589, "liq": false, "maxdd": 0.0, "tpm": 9.772155666344222, "sl_hits": 0, "worst_mae": -0.07446113651208364, "win": 1.0, "score": 0.12020972499458589}, "elapsed": 1.0730936527252197}