{"job": {"strategy": "v6", "mode": "lev", "method": "vol3_7d", "window": "all", "fold_idx": 13, "n_samples": 500, "seed": 323707}, "status": "ok", "n_feasible": 19, "cand": {"strategy": "v6", "tv": 0, "zL": [-2.116882289420568, -1.6810668909669169, -2.0695444128385763], "zS": [1.4498205772452364, 1.6230912576248877, 1.671056232287775], "zXS": [1.819297461898347, 2.167980803550157, 2.0113798355472565], "zXLmax": [-0.39241070405854955, -0.5177193309589903, -0.6083728026354496], "ptScale": [1.4284429655564694, 1.284769857092522, 1.9406648978837808], "eS3": [1.0, 1.0, 1.0], "eXS": [1.0, 1.0, 1.0], "lev": [2.7322748526382883, 2.7405307829112897, 3.878211995622555], "sl": 0.0}, "train": {"n": 246, "months": 17.73266173245614, "eq": 76532.3146164986, "growth": 0.24461714379795269, "liq": false, "maxdd": 0.0027381539172602943, "tpm": 13.872705841433016, "sl_hits": 0, "worst_mae": -0.3410907096436795, "win": 0.9512195121951219, "score": 0.18859864007313276}, "oos": {"n": 4, "months": 0.920984100877193, "eq": 1072.4309207143615, "growth": 0.07592743467417758, "liq": false, "maxdd": 0.0006557000793934762, "tpm": 4.343180296152988, "sl_hits": 0, "worst_mae": -0.07691194559004422, "win": 0.75, "score": 0.07592743467417758}, "elapsed": 1.0906240940093994}