{"job": {"strategy": "v6", "mode": "lev", "method": "vol3_7d", "window": "all", "fold_idx": 0, "n_samples": 500, "seed": 323707}, "status": "ok", "n_feasible": 39, "cand": {"strategy": "v6", "tv": 0, "zL": [-1.2544391154757295, -1.7342229104560645, -1.4788905429296253], "zS": [1.2852330420934348, 2.3620335102564325, 1.7450156063665696], "zXS": [1.3001348844847542, 1.4549706308694068, 1.6682237060980207], "zXLmax": [-99.0, -99.0, -99.0], "ptScale": [0.9870927090575319, 1.2225631987810601, 1.201041427283574], "eS3": [1.0, 1.0, 1.0], "eXS": [0.0, 0.0, 1.0], "lev": [5.224271520885312, 4.9225863136241665, 7.545035168874507], "sl": 0.0}, "train": {"n": 116, "months": 6.024328399122807, "eq": 29935.30809905124, "growth": 0.5642186865323556, "liq": false, "maxdd": 0.005817481692100448, "tpm": 19.25525839807979, "sl_hits": 0, "worst_mae": -0.09380527246694181, "win": 0.9741379310344828, "score": 0.41835641282518854}, "oos": {"n": 17, "months": 0.9209155701754386, "eq": 1574.20446963135, "growth": 0.4927162279807052, "liq": false, "maxdd": 0.0, "tpm": 18.45988986456318, "sl_hits": 0, "worst_mae": -0.029242270851179697, "win": 1.0, "score": 0.4927162279807052}, "elapsed": 1.0119030475616455}