{"job": {"strategy": "v6", "mode": "lev", "method": "vol3_7d", "window": "all", "fold_idx": 7, "n_samples": 500, "seed": 323707}, "status": "ok", "n_feasible": 17, "cand": {"strategy": "v6", "tv": 1, "zL": [-2.6, -2.6, -1.585979829122498], "zS": [2.2194081198742373, 2.6, 2.0462049761968295], "zXS": [3.0, 3.0, 3.0], "zXLmax": [-99.0, -99.0, -99.0], "ptScale": [2.4, 1.882407531356162, 2.4], "eS3": [1.0, 0.0, 1.0], "eXS": [0.0, 1.0, 1.0], "lev": [2.6597358489971406, 2.911907602597161, 3.7849919436082855], "sl": 0.0}, "train": {"n": 90, "months": 12.432565789473685, "eq": 16762.293285629938, "growth": 0.22675383057012807, "liq": false, "maxdd": 0.0029082739963319586, "tpm": 7.239052784759888, "sl_hits": 0, "worst_mae": -0.13990087374176075, "win": 0.9777777777777777, "score": 0.18097738930717233}, "oos": {"n": 1, "months": 0.915296052631579, "eq": 1029.8882882633197, "growth": 0.03217575152662424, "liq": false, "maxdd": 0.0, "tpm": 1.0925426774483378, "sl_hits": 0, "worst_mae": -0.01020216561306897, "win": 1.0, "score": 0.03217575152662424}, "elapsed": 1.0514161586761475}