{"job": {"strategy": "v6", "mode": "lev", "method": "vol3_7d", "window": "all", "fold_idx": 19, "n_samples": 500, "seed": 323707}, "status": "ok", "n_feasible": 7, "cand": {"strategy": "v6", "tv": 1, "zL": [-1.6275, -1.5875, -1.8479], "zS": [2.2982, 2.234, 2.2597], "zXS": [2.1153, 1.6113, 2.1925], "zXLmax": [-40.2371, -40.0388, -40.0635], "ptScale": [1.6682, 1.4411, 1.9525], "eS3": [1.0, 1.0, 1.0], "eXS": [1.0, 1.0, 1.0], "lev": [1.6365, 1.7383, 1.9205], "sl": 0.0}, "train": {"n": 216, "months": 23.25870339912281, "eq": 9439.097698907757, "growth": 0.09651700502492024, "liq": false, "maxdd": 0.0013559404705141655, "tpm": 9.286846145006791, "sl_hits": 0, "worst_mae": -0.5260642491131258, "win": 0.9768518518518519, "score": 0.09098081432612265}, "oos": {"n": 12, "months": 0.9207785087719298, "eq": 1105.9667375157096, "growth": 0.10938551140089328, "liq": false, "maxdd": 0.00030297295099542513, "tpm": 13.032450133968444, "sl_hits": 0, "worst_mae": -0.027105921601334515, "win": 0.9166666666666666, "score": 0.10938551140089328}, "elapsed": 1.0726234912872314}