{"job": {"strategy": "v6", "mode": "lev", "method": "vol3_7d", "window": "all", "fold_idx": 12, "n_samples": 500, "seed": 323707}, "status": "ok", "n_feasible": 6, "cand": {"strategy": "v6", "tv": 1, "zL": [-1.3882655133111372, -1.5751838813241346, -1.1577535190053936], "zS": [2.6, 2.6, 2.1703960636991235], "zXS": [1.3598197635603746, 1.994627430615049, 1.9864450635296145], "zXLmax": [-99.0, -99.0, -99.0], "ptScale": [2.4, 2.4, 2.2763511727484587], "eS3": [1.0, 1.0, 1.0], "eXS": [1.0, 1.0, 1.0], "lev": [1.6080239111442334, 2.504966265638727, 1.655399242218514], "sl": 0.0}, "train": {"n": 125, "months": 16.945655153508774, "eq": 6992.081675238857, "growth": 0.11476560226847163, "liq": false, "maxdd": 0.0015823790217622132, "tpm": 7.376522115411834, "sl_hits": 0, "worst_mae": -0.5260642491131258, "win": 0.928, "score": 0.11822267061070178}, "oos": {"n": 4, "months": 0.7870065789473684, "eq": 1050.2934599019256, "growth": 0.0623496830320201, "liq": false, "maxdd": 0.0, "tpm": 5.082549634273772, "sl_hits": 0, "worst_mae": -0.08817769532055242, "win": 0.75, "score": 0.0623496830320201}, "elapsed": 1.0478479862213135}