{"job": {"strategy": "v6", "mode": "lev", "method": "vol3_7d", "window": "all", "fold_idx": 20, "n_samples": 500, "seed": 323707}, "status": "ok", "n_feasible": 3, "cand": {"strategy": "v6", "tv": 0, "zL": [-1.142537799397987, -1.373974091036984, -1.3522898757595312], "zS": [1.7861997894783979, 2.6, 2.6], "zXS": [3.0, 3.0, 2.0391736788975154], "zXLmax": [-99.0, -99.0, -99.0], "ptScale": [1.55327057500524, 1.8275435830508462, 1.049600405880354], "eS3": [0.0, 1.0, 0.0], "eXS": [1.0, 1.0, 0.0], "lev": [1.4504250243334178, 2.0359305936816785, 1.878985555779157], "sl": 0.0}, "train": {"n": 173, "months": 24.179481907894736, "eq": 7698.390978488097, "growth": 0.08441087989253145, "liq": false, "maxdd": 0.000348077647712331, "tpm": 7.1548265864007, "sl_hits": 0, "worst_mae": -0.5267637508609662, "win": 0.9942196531791907, "score": 0.09788858355023866}, "oos": null, "elapsed": 1.058849811553955}