{"job": {"strategy": "v6", "mode": "lev", "method": "vol3_7d", "window": "all", "fold_idx": 3, "n_samples": 500, "seed": 323707}, "status": "ok", "n_feasible": 27, "cand": {"strategy": "v6", "tv": 1, "zL": [-2.122783579672571, -1.7506443712391333, -1.3236874287593765], "zS": [1.189155866684667, 2.254124224279802, 2.0949318956759324], "zXS": [1.5619426748065284, 1.637972496295235, 2.306666481775609], "zXLmax": [-1.7353270181354654, -1.1530650773187654, -1.5473627680636852], "ptScale": [0.6325222676173683, 0.6327375588601885, 0.6340947020389878], "eS3": [1.0, 1.0, 1.0], "eXS": [0.0, 1.0, 0.0], "lev": [5.135910480307806, 8.575186605564346, 7.677727058128957], "sl": 0.0}, "train": {"n": 133, "months": 8.777275219298247, "eq": 21426.971256077282, "growth": 0.3491573855173332, "liq": false, "maxdd": 0.026386998947876997, "tpm": 15.152766283046267, "sl_hits": 0, "worst_mae": -0.17783994932432434, "win": 0.9924812030075187, "score": 0.23750507228827983}, "oos": {"n": 19, "months": 0.9172149122807017, "eq": 1544.8465908054097, "growth": 0.47417961223634286, "liq": false, "maxdd": 0.0, "tpm": 20.714883442916918, "sl_hits": 0, "worst_mae": -0.060660570629091026, "win": 1.0, "score": 0.47417961223634286}, "elapsed": 1.0469579696655273}