{"job": {"strategy": "v6", "mode": "lev", "method": "vol3_7d", "window": "all", "fold_idx": 8, "n_samples": 500, "seed": 323707}, "status": "ok", "n_feasible": 9, "cand": {"strategy": "v6", "tv": 0, "zL": [-2.6, -2.10265145655977, -2.4698853986421834], "zS": [1.7007279501365198, 1.5872245345379312, 0.9], "zXS": [3.0, 2.073763304166884, 3.0], "zXLmax": [-99.0, -99.0, -99.0], "ptScale": [0.5, 0.5563190097792701, 0.5], "eS3": [0.0, 1.0, 1.0], "eXS": [1.0, 1.0, 1.0], "lev": [8.984149872796534, 6.440309777221126, 10.0], "sl": 0.0}, "train": {"n": 167, "months": 13.347861842105264, "eq": 48970.01910987612, "growth": 0.2915229646501053, "liq": false, "maxdd": 0.03378181844382084, "tpm": 12.511367136960137, "sl_hits": 0, "worst_mae": -0.09656968743856886, "win": 0.9580838323353293, "score": 0.21946250712538495}, "oos": {"n": 6, "months": 0.9194078947368421, "eq": 0.0, "growth": -30.053060533961638, "liq": true, "maxdd": 0.9999999999999998, "tpm": 6.525939177101968, "sl_hits": 0, "worst_mae": -0.092, "win": 0.8333333333333334, "score": -30.053060533961638}, "elapsed": 1.0265092849731445}