{"job": {"strategy": "v6", "mode": "lev", "method": "vol3_7d", "window": "all", "fold_idx": 5, "n_samples": 500, "seed": 323707}, "status": "ok", "n_feasible": 17, "cand": {"strategy": "v6", "tv": 1, "zL": [-2.45673160899304, -1.8241736249164617, -1.369773588612592], "zS": [2.5946268263407473, 1.5445912524389231, 2.094924352827088], "zXS": [3.0, 3.0, 3.0], "zXLmax": [-99.0, -99.0, -99.0], "ptScale": [0.9404544640169981, 0.7549800820708584, 1.0114358607039555], "eS3": [1.0, 1.0, 1.0], "eXS": [1.0, 1.0, 1.0], "lev": [8.541918229398359, 6.1793939826769035, 10.0], "sl": 0.0}, "train": {"n": 118, "months": 10.610128837719298, "eq": 75352.06252294547, "growth": 0.4073627534002922, "liq": false, "maxdd": 0.032121490726897156, "tpm": 11.121448363615226, "sl_hits": 0, "worst_mae": -0.09656968743856886, "win": 0.9745762711864406, "score": 0.2919016186119376}, "oos": {"n": 12, "months": 0.9084429824561403, "eq": 1676.5246902421832, "growth": 0.5688007107206169, "liq": false, "maxdd": 0.0, "tpm": 13.209414604707304, "sl_hits": 0, "worst_mae": -0.07450178170779986, "win": 1.0, "score": 0.5688007107206169}, "elapsed": 1.0325086116790771}