{"job": {"strategy": "scalpx", "mode": "lev", "method": "trend3", "window": "all", "fold_idx": 19, "n_samples": 350, "seed": 528361}, "status": "ok", "n_feasible": 17, "cand": {"strategy": "scalpx", "tpL": [0.02, 0.015463461365662168, 0.015720825318077315], "tpS": [0.008932365173856446, 0.01004207955442333, 0.012061969409372332], "rsiOB": [50.0, 76.12938990091573, 50.0], "rsiOS": [26.45532163230193, 39.725177037186675, 44.513612501982244], "useCvd": [1.0, 1.0, 1.0], "useEma": [1.0, 1.0, 0.0], "eL": [1.0, 1.0, 1.0], "eS": [1.0, 1.0, 1.0], "lev": [1.452775541609461, 1.236452742249813, 1.731387161033161], "sl": 0.05, "slOn": 0.0}, "train": {"n": 140, "months": 23.25870339912281, "eq": 12553.218622220538, "growth": 0.10877550021614339, "liq": false, "maxdd": 0.0, "tpm": 6.01925213102292, "sl_hits": 0, "worst_mae": -0.44673875532037277, "win": 1.0, "score": 0.11190691484998529}, "oos": {"n": 5, "months": 0.9207785087719298, "eq": 1112.6969367854317, "growth": 0.11597440666134717, "liq": false, "maxdd": 0.0, "tpm": 5.430187555820185, "sl_hits": 0, "worst_mae": -0.017061398585699994, "win": 1.0, "score": 0.11597440666134717}, "elapsed": 0.884737491607666}