{"job": {"strategy": "scalpx", "mode": "lev", "method": "trend3", "window": "all", "fold_idx": 1, "n_samples": 350, "seed": 528361}, "status": "ok", "n_feasible": 49, "cand": {"strategy": "scalpx", "tpL": [0.007213646762079919, 0.00642446962876225, 0.006294616830693183], "tpS": [0.019094299636869413, 0.016056347855175335, 0.02], "rsiOB": [50.0, 80.89132497770215, 52.85225187135353], "rsiOS": [50.0, 47.66959066121329, 46.76211468414936], "useCvd": [1.0, 1.0, 1.0], "useEma": [1.0, 1.0, 1.0], "eL": [1.0, 1.0, 1.0], "eS": [1.0, 1.0, 1.0], "lev": [3.5719900238427837, 3.6378267259705175, 2.8685685755227004], "sl": 0.05, "slOn": 0.0}, "train": {"n": 153, "months": 6.951206140350878, "eq": 31752.25803046653, "growth": 0.49746242192511403, "liq": false, "maxdd": 0.0, "tpm": 22.010568656834135, "sl_hits": 0, "worst_mae": -0.3260622800711339, "win": 1.0, "score": 0.3630009035582073}, "oos": {"n": 18, "months": 0.9159813596491229, "eq": 1606.5746677299178, "growth": 0.5175917304556691, "liq": false, "maxdd": 0.0, "tpm": 19.651054915457127, "sl_hits": 0, "worst_mae": -0.08587299204323684, "win": 1.0, "score": 0.5175917304556691}, "elapsed": 1.4713757038116455}