{"job": {"strategy": "scalpx", "mode": "lev", "method": "trend3", "window": "all", "fold_idx": 11, "n_samples": 350, "seed": 528361}, "status": "ok", "n_feasible": 13, "cand": {"strategy": "scalpx", "tpL": [0.008957166048080114, 0.0072805147511727075, 0.005791276119817305], "tpS": [0.006533604888875535, 0.0069212741553091525, 0.005994391549133576], "rsiOB": [50.0, 50.0, 57.77895306542273], "rsiOS": [33.3145911937418, 50.0, 48.65862029986229], "useCvd": [1.0, 1.0, 1.0], "useEma": [0.0, 1.0, 0.0], "eL": [1.0, 1.0, 1.0], "eS": [1.0, 1.0, 1.0], "lev": [1.3373828584455096, 1.6591080607081827, 1.6338308455270758], "sl": 0.05, "slOn": 0.0}, "train": {"n": 307, "months": 16.02480811403509, "eq": 22453.290291570534, "growth": 0.19416377046012182, "liq": false, "maxdd": 0.0, "tpm": 19.157795701223943, "sl_hits": 0, "worst_mae": -0.5745311394196745, "win": 1.0, "score": 0.24220720291243866}, "oos": {"n": 24, "months": 0.9208470394736842, "eq": 1268.8356304015736, "growth": 0.2585659108039225, "liq": false, "maxdd": 0.0, "tpm": 26.062960482250503, "sl_hits": 0, "worst_mae": -0.21426017671995523, "win": 1.0, "score": 0.2585659108039225}, "elapsed": 0.8324148654937744}