{"job": {"strategy": "scalpx", "mode": "lev", "method": "trend3", "window": "all", "fold_idx": 4, "n_samples": 350, "seed": 528361}, "status": "ok", "n_feasible": 25, "cand": {"strategy": "scalpx", "tpL": [0.013353205883966227, 0.01835570388439351, 0.01246177258562733], "tpS": [0.006464058712688091, 0.00710186024935231, 0.007288833899616767], "rsiOB": [50.0, 50.0, 50.0], "rsiOS": [43.62629292782509, 47.182371452552474, 44.46809496465137], "useCvd": [1.0, 1.0, 1.0], "useEma": [0.0, 0.0, 1.0], "eL": [1.0, 1.0, 1.0], "eS": [1.0, 1.0, 1.0], "lev": [1.2896517861891625, 1.4182590546902751, 1.6071648034908323], "sl": 0.05, "slOn": 0.0}, "train": {"n": 177, "months": 9.694490131578949, "eq": 12354.445509243282, "growth": 0.25932420627024644, "liq": false, "maxdd": 0.0, "tpm": 18.25779361241888, "sl_hits": 0, "worst_mae": -0.32978561942705364, "win": 1.0, "score": 0.24931323501112101}, "oos": {"n": 25, "months": 0.9156387061403509, "eq": 1310.5702160370367, "growth": 0.29538104943609095, "liq": false, "maxdd": 0.0, "tpm": 27.303345557967216, "sl_hits": 0, "worst_mae": -0.1845034558021098, "win": 1.0, "score": 0.29538104943609095}, "elapsed": 0.7506105899810791}