{"job": {"strategy": "scalpx", "mode": "lev", "method": "trend3", "window": "all", "fold_idx": 14, "n_samples": 350, "seed": 528361}, "status": "ok", "n_feasible": 19, "cand": {"strategy": "scalpx", "tpL": [0.014202834999403651, 0.017775788306426617, 0.01886059733503751], "tpS": [0.004162583826174662, 0.006574163360494654, 0.0062750288762234005], "rsiOB": [85.0, 60.44946194098678, 68.01472174190128], "rsiOS": [26.303603566682032, 39.10372171078117, 20.51830865953438], "useCvd": [1.0, 1.0, 1.0], "useEma": [1.0, 1.0, 1.0], "eL": [1.0, 1.0, 1.0], "eS": [1.0, 1.0, 1.0], "lev": [2.3782789540430316, 2.100776575454956, 3.5873216331146316], "sl": 0.05, "slOn": 0.0}, "train": {"n": 130, "months": 18.653645833333336, "eq": 22021.87037383781, "growth": 0.165760414617536, "liq": false, "maxdd": 0.0, "tpm": 6.969147005444645, "sl_hits": 0, "worst_mae": -0.38973480522776305, "win": 1.0, "score": 0.14542082866814593}, "oos": {"n": 10, "months": 0.920984100877193, "eq": 1236.636642785525, "growth": 0.23061778089677845, "liq": false, "maxdd": 0.0, "tpm": 10.857950740382469, "sl_hits": 0, "worst_mae": -0.019058478579573324, "win": 1.0, "score": 0.23061778089677845}, "elapsed": 0.888702392578125}