{"job": {"strategy": "scalpx", "mode": "lev", "method": "trend3", "window": "all", "fold_idx": 20, "n_samples": 350, "seed": 528361}, "status": "ok", "n_feasible": 11, "cand": {"strategy": "scalpx", "tpL": [0.02, 0.02, 0.01800346642851266], "tpS": [0.006764277911438193, 0.0068166999623353545, 0.0042564178376628785], "rsiOB": [62.30521331925499, 50.0, 56.70048808523709], "rsiOS": [36.4132589978174, 50.0, 36.55144543244823], "useCvd": [1.0, 1.0, 1.0], "useEma": [1.0, 1.0, 1.0], "eL": [1.0, 1.0, 1.0], "eS": [0.0, 1.0, 1.0], "lev": [1.5606844970124096, 1.3488686953195475, 1.2025286077910853], "sl": 0.05, "slOn": 0.0}, "train": {"n": 162, "months": 24.179481907894736, "eq": 11356.58180610035, "growth": 0.10049005515997639, "liq": false, "maxdd": 0.0, "tpm": 6.69989541616713, "sl_hits": 0, "worst_mae": -0.6003905114037639, "win": 1.0, "score": 0.18251819320237075}, "oos": null, "elapsed": 0.8780066967010498}