{"job": {"strategy": "scalpx", "mode": "lev", "method": "trend3", "window": "all", "fold_idx": 16, "n_samples": 350, "seed": 528361}, "status": "ok", "n_feasible": 13, "cand": {"strategy": "scalpx", "tpL": [0.014548386698047302, 0.015392496371388623, 0.011276104445271927], "tpS": [0.02, 0.014363412613331045, 0.02], "rsiOB": [74.83393671942933, 59.295640120279494, 85.0], "rsiOS": [27.626879891131473, 38.20275095793203, 44.57757603911809], "useCvd": [1.0, 1.0, 1.0], "useEma": [1.0, 1.0, 0.0], "eL": [1.0, 1.0, 1.0], "eS": [1.0, 1.0, 1.0], "lev": [1.2, 1.9014164561195195, 1.2], "sl": 0.05, "slOn": 0.0}, "train": {"n": 152, "months": 20.495682565789473, "eq": 42191.80996202542, "growth": 0.18258606969858868, "liq": false, "maxdd": 0.0, "tpm": 7.416196045781465, "sl_hits": 0, "worst_mae": -0.44673875532037277, "win": 1.0, "score": 0.17390673487924938}, "oos": {"n": 6, "months": 0.9210526315789473, "eq": 1139.0453288917279, "growth": 0.1413496648345026, "liq": false, "maxdd": 0.0, "tpm": 6.514285714285714, "sl_hits": 0, "worst_mae": -0.12460914881297036, "win": 1.0, "score": 0.1413496648345026}, "elapsed": 0.882251501083374}