{"job": {"strategy": "scalpx", "mode": "lev", "method": "trend3", "window": "all", "fold_idx": 18, "n_samples": 350, "seed": 528361}, "status": "ok", "n_feasible": 17, "cand": {"strategy": "scalpx", "tpL": [0.017, 0.0194, 0.0176], "tpS": [0.0106, 0.0112, 0.0103], "rsiOB": [74.6518, 68.3286, 71.9507], "rsiOS": [37.2456, 39.021, 48.1094], "useCvd": [1.0, 1.0, 1.0], "useEma": [1.0, 1.0, 1.0], "eL": [1.0, 1.0, 1.0], "eS": [1.0, 1.0, 1.0], "lev": [1.9114, 2.0497, 1.7492], "sl": 0.05, "slOn": 0.0}, "train": {"n": 85, "months": 22.337719298245617, "eq": 17005.904867215257, "growth": 0.12685093724401472, "liq": false, "maxdd": 0.0, "tpm": 3.8052228548988802, "sl_hits": 0, "worst_mae": -0.44673875532037277, "win": 1.0, "score": 0.131691581938106}, "oos": {"n": 7, "months": 0.920984100877193, "eq": 1249.0585000912013, "growth": 0.24147003990381247, "liq": false, "maxdd": 0.0, "tpm": 7.600565518267729, "sl_hits": 0, "worst_mae": -0.03830239981085248, "win": 1.0, "score": 0.24147003990381247}, "elapsed": 0.9220819473266602}