{"job": {"strategy": "scalpx", "mode": "lev", "method": "trend3", "window": "all", "fold_idx": 17, "n_samples": 350, "seed": 528361}, "status": "ok", "n_feasible": 13, "cand": {"strategy": "scalpx", "tpL": [0.009199225518195577, 0.008279722922355744, 0.00873805192383568], "tpS": [0.010531479033014601, 0.006951237413767279, 0.008367958481658881], "rsiOB": [85.0, 54.15633172506574, 58.933263545575535], "rsiOS": [35.1155924069033, 50.0, 50.0], "useCvd": [1.0, 1.0, 1.0], "useEma": [1.0, 1.0, 0.0], "eL": [1.0, 1.0, 1.0], "eS": [1.0, 1.0, 1.0], "lev": [2.058955290274792, 1.2, 1.2210169654484568], "sl": 0.05, "slOn": 0.0}, "train": {"n": 281, "months": 21.41673519736842, "eq": 10861.314391280459, "growth": 0.11137119246727752, "liq": false, "maxdd": 0.0, "tpm": 13.120580583847712, "sl_hits": 0, "worst_mae": -0.5745311394196745, "win": 1.0, "score": 0.18649238789636208}, "oos": {"n": 15, "months": 0.920984100877193, "eq": 1136.6474740528529, "growth": 0.1390720180351425, "liq": false, "maxdd": 0.0, "tpm": 16.286926110573702, "sl_hits": 0, "worst_mae": -0.09237038714059309, "win": 1.0, "score": 0.1390720180351425}, "elapsed": 0.9176669120788574}