{"job": {"strategy": "scalpx", "mode": "lev", "method": "trend3", "window": "all", "fold_idx": 7, "n_samples": 350, "seed": 528361}, "status": "ok", "n_feasible": 27, "cand": {"strategy": "scalpx", "tpL": [0.014275607498098166, 0.02, 0.015405876836907386], "tpS": [0.012552898639693917, 0.0117143557701832, 0.013983124752629415], "rsiOB": [57.03304812868077, 67.59287319490198, 60.96360870214396], "rsiOS": [50.0, 46.599788400839124, 50.0], "useCvd": [1.0, 1.0, 1.0], "useEma": [0.0, 1.0, 1.0], "eL": [1.0, 1.0, 1.0], "eS": [1.0, 1.0, 1.0], "lev": [2.2433742877532286, 1.57101527753724, 2.849047474441955], "sl": 0.05, "slOn": 0.0}, "train": {"n": 60, "months": 12.432565789473685, "eq": 6829.537886770158, "growth": 0.15453423247432233, "liq": false, "maxdd": 0.0, "tpm": 4.826035189839925, "sl_hits": 0, "worst_mae": -0.35210346022093064, "win": 1.0, "score": 0.23624082686033138}, "oos": {"n": 1, "months": 0.915296052631579, "eq": 1030.4942861502757, "growth": 0.03281842690279564, "liq": false, "maxdd": 0.0, "tpm": 1.0925426774483378, "sl_hits": 0, "worst_mae": -0.1409571237701932, "win": 1.0, "score": 0.03281842690279564}, "elapsed": 0.8104407787322998}