{"job": {"strategy": "scalpx", "mode": "lev", "method": "trend3", "window": "all", "fold_idx": 9, "n_samples": 350, "seed": 528361}, "status": "ok", "n_feasible": 23, "cand": {"strategy": "scalpx", "tpL": [0.016003645688079084, 0.01412815289520461, 0.02], "tpS": [0.016436422801025873, 0.015097590793091475, 0.02], "rsiOB": [56.289135612941266, 50.0, 50.0], "rsiOS": [39.575905035917366, 50.0, 35.389249152732646], "useCvd": [1.0, 1.0, 1.0], "useEma": [0.0, 1.0, 1.0], "eL": [1.0, 1.0, 1.0], "eS": [1.0, 1.0, 1.0], "lev": [1.3694186075602883, 1.2968008959084276, 1.2], "sl": 0.05, "slOn": 0.0}, "train": {"n": 114, "months": 14.267269736842106, "eq": 8050.66655255762, "growth": 0.14619159292801193, "liq": false, "maxdd": 0.0, "tpm": 7.990316444751858, "sl_hits": 0, "worst_mae": -0.5650766242175695, "win": 1.0, "score": 0.1783834182095149}, "oos": {"n": 8, "months": 0.91796875, "eq": 1152.3922660569174, "growth": 0.15451507803911826, "liq": false, "maxdd": 0.0, "tpm": 8.714893617021277, "sl_hits": 0, "worst_mae": -0.158153613318199, "win": 1.0, "score": 0.15451507803911826}, "elapsed": 0.77545166015625}