{"job": {"strategy": "scalpx", "mode": "lev", "method": "trend3", "window": "all", "fold_idx": 2, "n_samples": 350, "seed": 528361}, "status": "ok", "n_feasible": 45, "cand": {"strategy": "scalpx", "tpL": [0.002, 0.002334646829223833, 0.002], "tpS": [0.008345941931735296, 0.008537141216273492, 0.009503371344904313], "rsiOB": [50.0, 61.71552188741868, 62.07032014550235], "rsiOS": [20.530053496979043, 22.269641617287164, 15.0], "useCvd": [1.0, 1.0, 1.0], "useEma": [1.0, 1.0, 1.0], "eL": [1.0, 1.0, 1.0], "eS": [1.0, 1.0, 1.0], "lev": [6.38784666927004, 4.923094395862934, 4.128387157587056], "sl": 0.05, "slOn": 0.0}, "train": {"n": 59, "months": 7.8671875, "eq": 11213.399457895239, "growth": 0.3072393334184298, "liq": false, "maxdd": 0.0, "tpm": 7.499503475670308, "sl_hits": 0, "worst_mae": -0.13217038384954694, "win": 1.0, "score": 0.2467709942778494}, "oos": {"n": 15, "months": 0.9100877192982456, "eq": 1878.3203604057335, "growth": 0.6926562558931821, "liq": false, "maxdd": 0.0, "tpm": 16.481927710843372, "sl_hits": 0, "worst_mae": -0.03999784378200655, "win": 1.0, "score": 0.6926562558931821}, "elapsed": 1.491851568222046}