{"job": {"strategy": "scalpx", "mode": "lev", "method": "trend3", "window": "all", "fold_idx": 15, "n_samples": 350, "seed": 528361}, "status": "ok", "n_feasible": 17, "cand": {"strategy": "scalpx", "tpL": [0.01716753267171203, 0.01784606225668206, 0.017259237765917243], "tpS": [0.008144553886234423, 0.011842890942788273, 0.011661557497606466], "rsiOB": [80.40873560254859, 50.0, 58.676812998607865], "rsiOS": [50.0, 48.05058737814297, 35.31445293176172], "useCvd": [1.0, 1.0, 1.0], "useEma": [1.0, 1.0, 1.0], "eL": [1.0, 1.0, 1.0], "eS": [1.0, 1.0, 1.0], "lev": [1.6825253620517862, 1.4511402122898942, 2.315464602104411], "sl": 0.05, "slOn": 0.0}, "train": {"n": 134, "months": 19.574629934210527, "eq": 16811.88009676881, "growth": 0.14417058174788167, "liq": false, "maxdd": 0.0, "tpm": 6.845595571940216, "sl_hits": 0, "worst_mae": -0.59704243642914, "win": 1.0, "score": 0.20919517157890227}, "oos": {"n": 1, "months": 0.9210526315789473, "eq": 1016.0316573851225, "growth": 0.017267751015729763, "liq": false, "maxdd": 0.0, "tpm": 1.0857142857142856, "sl_hits": 0, "worst_mae": -0.09458813141532674, "win": 1.0, "score": 0.017267751015729763}, "elapsed": 0.8942399024963379}