{"job": {"strategy": "scalpx", "mode": "lev", "method": "trend3", "window": "all", "fold_idx": 3, "n_samples": 350, "seed": 528361}, "status": "ok", "n_feasible": 38, "cand": {"strategy": "scalpx", "tpL": [0.013971409267957438, 0.01892525392525214, 0.01784473143555196], "tpS": [0.010060402513071493, 0.011657627097474492, 0.012164537993564102], "rsiOB": [83.20409295206359, 85.0, 85.0], "rsiOS": [35.432940080642894, 50.0, 40.729165189197296], "useCvd": [1.0, 1.0, 1.0], "useEma": [1.0, 1.0, 1.0], "eL": [1.0, 1.0, 1.0], "eS": [1.0, 0.0, 1.0], "lev": [2.595844678139537, 2.1916876208775666, 1.4474729418069952], "sl": 0.05, "slOn": 0.0}, "train": {"n": 49, "months": 8.777275219298247, "eq": 6530.052596081166, "growth": 0.21378103692821931, "liq": false, "maxdd": 0.0, "tpm": 5.582598104280204, "sl_hits": 0, "worst_mae": -0.35210346022093064, "win": 1.0, "score": 0.27707336168495417}, "oos": {"n": 3, "months": 0.9172149122807017, "eq": 1123.4417936486852, "growth": 0.12690265028005376, "liq": false, "maxdd": 0.0, "tpm": 3.27077106993425, "sl_hits": 0, "worst_mae": -0.06356164383561635, "win": 1.0, "score": 0.12690265028005376}, "elapsed": 1.492116928100586}