{"job": {"strategy": "scalpx", "mode": "lev", "method": "trend3", "window": "all", "fold_idx": 6, "n_samples": 350, "seed": 528361}, "status": "ok", "n_feasible": 27, "cand": {"strategy": "scalpx", "tpL": [0.002334201504029671, 0.002346111759018177, 0.0026456295099832696], "tpS": [0.02, 0.011896331900899823, 0.011149920110421324], "rsiOB": [50.0, 52.01409511448954, 55.291677417696214], "rsiOS": [50.0, 50.0, 45.59760275087155], "useCvd": [1.0, 1.0, 1.0], "useEma": [1.0, 1.0, 1.0], "eL": [1.0, 1.0, 1.0], "eS": [1.0, 1.0, 1.0], "lev": [1.7818282698965067, 1.6645314054364524, 1.2], "sl": 0.05, "slOn": 0.0}, "train": {"n": 402, "months": 11.518571820175438, "eq": 23041.356265650975, "growth": 0.27236802867319765, "liq": false, "maxdd": 0.0, "tpm": 34.90016004378894, "sl_hits": 0, "worst_mae": -0.5809972180612026, "win": 1.0, "score": 0.2373214329862716}, "oos": {"n": 7, "months": 0.9139939692982456, "eq": 1137.614485976306, "growth": 0.14106604433017056, "liq": false, "maxdd": 0.0, "tpm": 7.658693859188723, "sl_hits": 0, "worst_mae": -0.02052664316815256, "win": 1.0, "score": 0.14106604433017056}, "elapsed": 0.779508113861084}