{"job": {"strategy": "scalpx", "mode": "lev", "method": "trend3", "window": "all", "fold_idx": 8, "n_samples": 350, "seed": 528361}, "status": "ok", "n_feasible": 22, "cand": {"strategy": "scalpx", "tpL": [0.015024497289106513, 0.017668610054500506, 0.010008446354338337], "tpS": [0.016877068083995018, 0.013967508611272677, 0.02], "rsiOB": [78.23735655775798, 85.0, 83.34513910541808], "rsiOS": [40.24325548275655, 42.85229784216841, 50.0], "useCvd": [1.0, 1.0, 1.0], "useEma": [1.0, 1.0, 1.0], "eL": [1.0, 1.0, 1.0], "eS": [1.0, 1.0, 0.0], "lev": [1.4459165224471227, 1.5429686691634699, 1.6917363814216475], "sl": 0.05, "slOn": 0.0}, "train": {"n": 55, "months": 13.347861842105264, "eq": 3457.1119246032586, "growth": 0.09293125380767686, "liq": false, "maxdd": 0.0, "tpm": 4.120510134926992, "sl_hits": 0, "worst_mae": -0.35210346022093064, "win": 1.0, "score": 0.1556084356598838}, "oos": {"n": 13, "months": 0.9194078947368421, "eq": 1260.426198169893, "growth": 0.2517380127032044, "liq": false, "maxdd": 0.0, "tpm": 14.13953488372093, "sl_hits": 0, "worst_mae": -0.06398761530026442, "win": 1.0, "score": 0.2517380127032044}, "elapsed": 0.8057861328125}