{"job": {"strategy": "scalpx", "mode": "lev", "method": "trend3", "window": "all", "fold_idx": 10, "n_samples": 350, "seed": 528361}, "status": "ok", "n_feasible": 21, "cand": {"strategy": "scalpx", "tpL": [0.014799649114909467, 0.017007643065730833, 0.019899472816770625], "tpS": [0.009480592103576177, 0.011489083595306414, 0.007520687852902529], "rsiOB": [51.24920419822917, 57.977471213736955, 78.83035000692352], "rsiOS": [28.52262493369265, 25.891632779953596, 47.33019411558381], "useCvd": [1.0, 1.0, 1.0], "useEma": [1.0, 1.0, 1.0], "eL": [1.0, 1.0, 1.0], "eS": [1.0, 1.0, 1.0], "lev": [1.626854437411429, 1.313536973589406, 1.3246944820167512], "sl": 0.05, "slOn": 0.0}, "train": {"n": 119, "months": 15.185238486842106, "eq": 6933.607437450011, "growth": 0.12751727496299525, "liq": false, "maxdd": 0.0, "tpm": 7.836557858680494, "sl_hits": 0, "worst_mae": -0.5769477054429026, "win": 1.0, "score": 0.11616882085147162}, "oos": {"n": 13, "months": 0.8395696271929824, "eq": 1267.1275482711048, "growth": 0.2819927711954666, "liq": false, "maxdd": 0.0, "tpm": 15.484123745000408, "sl_hits": 0, "worst_mae": -0.03309752400202104, "win": 1.0, "score": 0.2819927711954666}, "elapsed": 0.813668966293335}