{"job": {"strategy": "scalpx", "mode": "lev", "method": "trend3", "window": "all", "fold_idx": 13, "n_samples": 350, "seed": 528361}, "status": "ok", "n_feasible": 16, "cand": {"strategy": "scalpx", "tpL": [0.010389286288646278, 0.011219707451777267, 0.00905206249216099], "tpS": [0.01601311314886498, 0.014791522271094175, 0.015361875808847325], "rsiOB": [85.0, 51.169591269607736, 60.987036415329996], "rsiOS": [46.14761674641718, 47.59553732844614, 26.823723743456586], "useCvd": [1.0, 1.0, 1.0], "useEma": [0.0, 0.0, 1.0], "eL": [1.0, 1.0, 1.0], "eS": [1.0, 1.0, 1.0], "lev": [1.9277188866164772, 1.4363850961344102, 1.6113160917951836], "sl": 0.05, "slOn": 0.0}, "train": {"n": 138, "months": 17.73266173245614, "eq": 11451.452981382485, "growth": 0.1374929864829164, "liq": false, "maxdd": 0.0, "tpm": 7.782249618364863, "sl_hits": 0, "worst_mae": -0.5745311394196745, "win": 1.0, "score": 0.16034176231598474}, "oos": {"n": 16, "months": 0.920984100877193, "eq": 1321.4519779761902, "growth": 0.3026448720555881, "liq": false, "maxdd": 0.0, "tpm": 17.37272118461195, "sl_hits": 0, "worst_mae": -0.15038119885290624, "win": 1.0, "score": 0.3026448720555881}, "elapsed": 0.8584463596343994}