{"job": {"strategy": "scalpx", "mode": "lev", "method": "trend3", "window": "all", "fold_idx": 5, "n_samples": 350, "seed": 528361}, "status": "ok", "n_feasible": 32, "cand": {"strategy": "scalpx", "tpL": [0.014945791629533767, 0.016455053842401923, 0.01485737220762808], "tpS": [0.0183069078522145, 0.016067697554165372, 0.009157116371989198], "rsiOB": [76.86163821665228, 63.894249394081285, 64.82443301669326], "rsiOS": [37.44927272733695, 50.0, 50.0], "useCvd": [1.0, 1.0, 1.0], "useEma": [1.0, 1.0, 1.0], "eL": [1.0, 1.0, 1.0], "eS": [1.0, 1.0, 1.0], "lev": [1.8829075566886346, 1.516918805433649, 2.329784968881141], "sl": 0.05, "slOn": 0.0}, "train": {"n": 73, "months": 10.610128837719298, "eq": 6086.451150937333, "growth": 0.17022085270158155, "liq": false, "maxdd": 0.0, "tpm": 6.880218055456877, "sl_hits": 0, "worst_mae": -0.35299996156359303, "win": 1.0, "score": 0.27814160287195205}, "oos": {"n": 13, "months": 0.9084429824561403, "eq": 1392.4422370381433, "growth": 0.36442486415950504, "liq": false, "maxdd": 0.0, "tpm": 14.310199155099578, "sl_hits": 0, "worst_mae": -0.21675759302988362, "win": 1.0, "score": 0.36442486415950504}, "elapsed": 0.7716944217681885}