{
 "cand": {
  "strategy": "v7",
  "mode": "lev",
  "regs": [
   {
    "vBB": 0.0,
    "eXS": 1.0,
    "zXLmax": 0.036519674373596184,
    "xDur2Long": 513.6552372387325,
    "dur1Short": 90.0,
    "eS3": 1.0,
    "slLong": 0.09325737158376085,
    "xApt2Long": 0.0,
    "ptLong": 0.008744096384136372,
    "xMinBetween": 12.013467326412844,
    "vHistN": 0.0,
    "apt1Short": 0.004803136576504187,
    "vX": 0.0,
    "xApt1Short": 0.0071128158813251055,
    "xCdPeriodShort": 76.10631648105236,
    "cdPctLong": 0.004315372655464547,
    "apt1Long": 0.018851416626783708,
    "xDur1Long": 118.48543342116609,
    "apt2Short": 0.010279914800482967,
    "apt2Long": 0.006059940425679323,
    "xTpLong": 0.018677698399807634,
    "dur1Long": 90.0,
    "dur2Short": 346.3550452508571,
    "zXS": 1.487783497759658,
    "xApt2Short": 0.001014129006014943,
    "leverage": 1.0,
    "requireHistPos": 1.0,
    "cdPeriodShort": 97.59030356341968,
    "xDur2Short": 496.0861158002755,
    "rsiValLong": 60.73608651011898,
    "xDur1Short": 21.59170480623576,
    "cdPctShort": 0.009373288739203307,
    "xTpShort": 0.008599567207247067,
    "vEmaUp": 3.0,
    "trendBlockZ": 99.0,
    "bbValShort": 0.931165815975663,
    "xApt1Long": 0.0024983427837878226,
    "xCdPctShort": 0.0011174897895406205,
    "ptShort": 0.0032006976282663918,
    "cdPeriodLong": 229.07198778118016,
    "vEmaDn": 0.0,
    "slShort": 0.10673917630513241,
    "vMacd": 3.0,
    "vRsi": 2.0,
    "zL": -2.5489413328617214,
    "eXL": 0.0,
    "eL3": 0.0,
    "rsiValShort": 84.60801380951467,
    "dur2Long": 268.82691898544573,
    "zS": 1.1469436964746589,
    "bbValLong": 0.09321549484865324
   },
   {
    "vBB": 2.0,
    "eXS": 1.0,
    "zXLmax": 0.3105145577702052,
    "xDur2Long": 367.89304884950513,
    "dur1Short": 7.6415115367211675,
    "eS3": 0.0,
    "slLong": 0.11776833147525081,
    "xApt2Long": 0.0007642743112434915,
    "ptLong": 0.01247924816669387,
    "xMinBetween": 7.9255883378958325,
    "vHistN": 0.0,
    "apt1Short": 0.0016422658800312748,
    "vX": 1.0,
    "xApt1Short": 0.014876486309683598,
    "xCdPeriodShort": 120.0,
    "cdPctLong": 0.007377367791235369,
    "apt1Long": 0.012732240803028299,
    "xDur1Long": 183.24263599324016,
    "apt2Short": 0.0007688772195717601,
    "apt2Long": 0.00576979621796854,
    "xTpLong": 0.004030449078536733,
    "dur1Long": 35.08964718974524,
    "dur2Short": 68.872944191796,
    "zXS": 1.2537079018421724,
    "xApt2Short": 0.00667091548521667,
    "leverage": 8.0,
    "requireHistPos": 1.0,
    "cdPeriodShort": 148.7894299940656,
    "xDur2Short": 196.13772868740773,
    "rsiValLong": 85.0,
    "xDur1Short": 104.22340207339064,
    "cdPctShort": 0.001792876835210674,
    "xTpShort": 0.016673323895393985,
    "vEmaUp": 3.0,
    "trendBlockZ": 1.5,
    "bbValShort": 0.8615858362181097,
    "xApt1Long": 0.001253570182861112,
    "xCdPctShort": 0.0018891210446273406,
    "ptShort": 0.007607468791146621,
    "cdPeriodLong": 161.93499172746368,
    "vEmaDn": 0.0,
    "slShort": 0.10263663203515146,
    "vMacd": 0.0,
    "vRsi": 4.0,
    "zL": -2.4709086973587313,
    "eXL": 0.0,
    "eL3": 1.0,
    "rsiValShort": 89.7538014753271,
    "dur2Long": 319.195174036466,
    "zS": 1.3572838265654237,
    "bbValLong": -0.1643453199949095
   },
   {
    "vBB": 2.0,
    "eXS": 0.0,
    "zXLmax": -1.464745439371905,
    "xDur2Long": 318.68290579552,
    "dur1Short": 0.6,
    "eS3": 1.0,
    "slLong": 0.040873377093994204,
    "xApt2Long": 0.003455849465100321,
    "ptLong": 0.01029277871283484,
    "xMinBetween": 5.2221898626387935,
    "vHistN": 2.0,
    "apt1Short": 0.011600470877909058,
    "vX": 4.0,
    "xApt1Short": 0.0014040265767340822,
    "xCdPeriodShort": 48.56197684466732,
    "cdPctLong": 0.012,
    "apt1Long": 0.02,
    "xDur1Long": 145.01309876888726,
    "apt2Short": 0.0039015149952502516,
    "apt2Long": 0.01372812650862131,
    "xTpLong": 0.017653796220931675,
    "dur1Long": 21.92211452456627,
    "dur2Short": 279.3899057756914,
    "zXS": 2.67141543508132,
    "xApt2Short": 0.0,
    "leverage": 8.0,
    "requireHistPos": 0.0,
    "cdPeriodShort": 61.55697716758726,
    "xDur2Short": 353.10950630784436,
    "rsiValLong": 80.67056453203399,
    "xDur1Short": 64.86101415549408,
    "cdPctShort": 0.012,
    "xTpShort": 0.01626668697961084,
    "vEmaUp": 4.0,
    "trendBlockZ": 1.0,
    "bbValShort": 0.857233456346029,
    "xApt1Long": 0.015,
    "xCdPctShort": 0.0012805503209145045,
    "ptShort": 0.008010533482664433,
    "cdPeriodLong": 191.09629213596725,
    "vEmaDn": 2.0,
    "slShort": 0.09511924026320576,
    "vMacd": 1.0,
    "vRsi": 5.0,
    "zL": -2.1350845023071052,
    "eXL": 0.0,
    "eL3": 1.0,
    "rsiValShort": 57.65957324808148,
    "dur2Long": 283.7842042379607,
    "zS": 2.5193581648364933,
    "bbValLong": -0.03579921044235835
   }
  ]
 },
 "metrics": {
  "n": 47,
  "months": 14.81640625,
  "eq": 263489.3966390646,
  "growth": 0.3762054733557802,
  "liq": false,
  "maxdd": 0.5497017031704545,
  "tpm": 3.1721592407065646,
  "sl_hits": 0,
  "worst_mae": -0.06641466309173216,
  "win": 1.0,
  "max_hold_days": 2.214583333333333,
  "in_market": 0.028339369383120337,
  "score": 0.5242064403272213
 },
 "strategy": "v7",
 "mode": "lev",
 "method": "vol3",
 "algo": "refine",
 "per_regime": true,
 "train_end": "2025-09-01",
 "holdout_days": null,
 "max_dd": null,
 "max_hold_days": 5.0,
 "gap_mode": "skip_contaminated",
 "scoring": "classic",
 "anchor": null,
 "anchor_strength": 0.0,
 "evaluated": 50400,
 "generated": "2026-07-20 16:40",
 "holdout": {
  "n": 1,
  "months": 2.1842105263157894,
  "eq": 0.0,
  "growth": -12.650347016931143,
  "liq": true,
  "maxdd": 1.0,
  "tpm": 0.45783132530120485,
  "sl_hits": 0,
  "worst_mae": -0.11699999999999999,
  "win": 0.0,
  "max_hold_days": 55.5125,
  "in_market": 0.9385981425702812,
  "score": -12.650347016931143
 },
 "holdout_scan": {
  "scanned": 600,
  "pool": 600,
  "reservoir": 300,
  "survivors": 0
 },
 "holdout_survivors": [],
 "holdout_top10": [
  {
   "rank": 1,
   "train_score": 0.5242064403272213,
   "holdout": {
    "n": 1,
    "months": 2.1842105263157894,
    "eq": 0.0,
    "growth": -12.650347016931143,
    "liq": true,
    "maxdd": 1.0,
    "tpm": 0.45783132530120485,
    "sl_hits": 0,
    "worst_mae": -0.11699999999999999,
    "win": 0.0,
    "max_hold_days": 55.5125,
    "in_market": 0.9385981425702812,
    "score": -12.650347016931143
   }
  },
  {
   "rank": 2,
   "train_score": 0.5242064403272213,
   "holdout": {
    "n": 2,
    "months": 2.1842105263157894,
    "eq": 0.0,
    "growth": -12.650347016931143,
    "liq": true,
    "maxdd": 1.0,
    "tpm": 0.9156626506024097,
    "sl_hits": 0,
    "worst_mae": -0.11699999999999999,
    "win": 0.5,
    "max_hold_days": 26.56875,
    "in_market": 0.41023468875502006,
    "score": -12.650347016931143
   }
  },
  {
   "rank": 3,
   "train_score": 0.5237004577756684,
   "holdout": {
    "n": 2,
    "months": 2.1842105263157894,
    "eq": 0.0,
    "growth": -12.650347016931143,
    "liq": true,
    "maxdd": 1.0,
    "tpm": 0.9156626506024097,
    "sl_hits": 0,
    "worst_mae": -0.11699999999999999,
    "win": 0.5,
    "max_hold_days": 26.56875,
    "in_market": 0.41023468875502006,
    "score": -12.650347016931143
   }
  },
  {
   "rank": 4,
   "train_score": 0.5230452133475817,
   "holdout": {
    "n": 2,
    "months": 2.1842105263157894,
    "eq": 0.0,
    "growth": -12.650347016931143,
    "liq": true,
    "maxdd": 1.0,
    "tpm": 0.9156626506024097,
    "sl_hits": 0,
    "worst_mae": -0.11699999999999999,
    "win": 0.5,
    "max_hold_days": 26.56875,
    "in_market": 0.41023468875502006,
    "score": -12.650347016931143
   }
  },
  {
   "rank": 5,
   "train_score": 0.5219844223506535,
   "holdout": {
    "n": 2,
    "months": 2.1842105263157894,
    "eq": 0.0,
    "growth": -12.650347016931143,
    "liq": true,
    "maxdd": 1.0,
    "tpm": 0.9156626506024097,
    "sl_hits": 0,
    "worst_mae": -0.11699999999999999,
    "win": 0.5,