{
 "cand": {
  "strategy": "v7",
  "mode": "spot",
  "regs": [
   {
    "zL": -2.0266911108129726,
    "zS": 1.9225854304301195,
    "zXS": 1.9939199244847623,
    "zXLmax": 0.5,
    "rsiValLong": 46.256148028832484,
    "rsiValShort": 86.4988018106318,
    "bbValLong": -0.2656522036103573,
    "bbValShort": 0.6966108389834595,
    "ptLong": 0.020196904712794547,
    "apt1Long": 0.011281884606560823,
    "apt2Long": 0.00192849298589796,
    "dur1Long": 44.314598208886736,
    "dur2Long": 202.5691516779728,
    "ptShort": 0.016752280721499417,
    "apt1Short": 0.0037665042741303455,
    "apt2Short": 0.014426894362135153,
    "dur1Short": 62.692856552414064,
    "dur2Short": 61.00277966545337,
    "xTpLong": 0.011486815118484225,
    "xApt1Long": 0.01446566293765499,
    "xApt2Long": 0.005869933840448116,
    "xDur1Long": 54.2337077265595,
    "xDur2Long": 579.4656246514472,
    "xTpShort": 0.009995872756205424,
    "xApt1Short": 0.010872580338908408,
    "xApt2Short": 0.0076532622643876195,
    "xDur1Short": 12.072939720558413,
    "xDur2Short": 523.9189920838188,
    "cdPctLong": 0.006964889920765278,
    "cdPeriodLong": 127.70304346901617,
    "cdPctShort": 0.007150541510883537,
    "cdPeriodShort": 140.1539050448084,
    "xCdPctShort": 0.0011711268737323523,
    "xCdPeriodShort": 47.933232160849904,
    "xMinBetween": 27.91308149053371,
    "slLong": 0.11236575899340008,
    "slShort": 0.04862484771242704,
    "leverage": 1.0,
    "vRsi": 3.0,
    "vMacd": 1.0,
    "vBB": 4.0,
    "vEmaUp": 3.0,
    "vEmaDn": 3.0,
    "vX": 0.0,
    "vHistN": 3.0,
    "trendBlockZ": 1.5,
    "eL3": 0.0,
    "eS3": 0.0,
    "eXL": 1.0,
    "eXS": 0.0,
    "requireHistPos": 0.0
   },
   {
    "zL": -1.811441304707005,
    "zS": 1.6632920375487072,
    "zXS": 2.727823159818657,
    "zXLmax": -2.4940090927244145,
    "rsiValLong": 61.41953102793494,
    "rsiValShort": 74.46127962901507,
    "bbValLong": 0.06411978941790474,
    "bbValShort": 1.0042114152934514,
    "ptLong": 0.020613383624367522,
    "apt1Long": 0.002568501470794943,
    "apt2Long": 0.004137193309478888,
    "dur1Long": 17.060523508301763,
    "dur2Long": 360.0,
    "ptShort": 0.002,
    "apt1Short": 0.018149253822810855,
    "apt2Short": 0.0013984198609016249,
    "dur1Short": 29.987323091503487,
    "dur2Short": 183.78094463011965,
    "xTpLong": 0.02,
    "xApt1Long": 0.015,
    "xApt2Long": 0.00020055818406442412,
    "xDur1Long": 48.75709775961969,
    "xDur2Long": 442.87500430275077,
    "xTpShort": 0.00578034370685035,
    "xApt1Short": 0.0005,
    "xApt2Short": 0.0005681953039191404,
    "xDur1Short": 110.31639218628611,
    "xDur2Short": 85.95237283509036,
    "cdPctLong": 0.006130312498598872,
    "cdPeriodLong": 110.95902733716883,
    "cdPctShort": 0.00852460825059844,
    "cdPeriodShort": 217.16034242795888,
    "xCdPctShort": 0.004232848907886664,
    "xCdPeriodShort": 103.40110375113568,
    "xMinBetween": 30.0,
    "slLong": 0.057445127574199215,
    "slShort": 0.11811740762478187,
    "leverage": 1.0,
    "vRsi": 5.0,
    "vMacd": 2.0,
    "vBB": 0.0,
    "vEmaUp": 4.0,
    "vEmaDn": 0.0,
    "vX": 1.0,
    "vHistN": 3.0,
    "trendBlockZ": 1.5,
    "eL3": 1.0,
    "eS3": 0.0,
    "eXL": 1.0,
    "eXS": 0.0,
    "requireHistPos": 0.0
   },
   {
    "zL": -1.5607278519572851,
    "zS": 1.582594850014772,
    "zXS": 2.8801860150277547,
    "zXLmax": -1.5591027127735286,
    "rsiValLong": 46.98227437653519,
    "rsiValShort": 58.067061219542275,
    "bbValLong": 0.19802428707000114,
    "bbValShort": 0.8344827873578932,
    "ptLong": 0.02869518848999108,
    "apt1Long": 0.001724101472669961,
    "apt2Long": 0.0014978714322605143,
    "dur1Long": 80.77010155145656,
    "dur2Long": 215.23935433024965,
    "ptShort": 0.012517387155280679,
    "apt1Short": 0.002015279451429976,
    "apt2Short": 0.006140273174578819,
    "dur1Short": 90.0,
    "dur2Short": 183.48286415457565,
    "xTpLong": 0.02,
    "xApt1Long": 0.006900446162808613,
    "xApt2Long": 0.0062575814498616895,
    "xDur1Long": 62.704137488709264,
    "xDur2Long": 460.8416682033412,
    "xTpShort": 0.007383846972966532,
    "xApt1Short": 0.0005,
    "xApt2Short": 0.006069052190530912,
    "xDur1Short": 174.07040034984,
    "xDur2Short": 492.0168140569856,
    "cdPctLong": 0.005331196485450237,
    "cdPeriodLong": 94.52683705469818,
    "cdPctShort": 0.007476880130585098,
    "cdPeriodShort": 187.12009422839765,
    "xCdPctShort": 0.002962186937748327,
    "xCdPeriodShort": 27.309137676575407,
    "xMinBetween": 7.238089219838348,
    "slLong": 0.11270575631157909,
    "slShort": 0.029936172120074343,
    "leverage": 1.0,
    "vRsi": 5.0,
    "vMacd": 1.0,
    "vBB": 2.0,
    "vEmaUp": 4.0,
    "vEmaDn": 2.0,
    "vX": 2.0,
    "vHistN": 1.0,
    "trendBlockZ": 99.0,
    "eL3": 1.0,
    "eS3": 0.0,
    "eXL": 1.0,
    "eXS": 0.0,
    "requireHistPos": 0.0
   }
  ]
 },
 "metrics": {
  "n": 267,
  "months": 14.81640625,
  "eq": 6843.874413745442,
  "growth": 0.12981245071010059,
  "liq": false,
  "maxdd": 0.17815401730140618,
  "tpm": 18.020564197205378,
  "sl_hits": 3,
  "worst_mae": -0.1620256170111728,
  "win": 0.9812734082397003,
  "score": 0.10938876000825845
 },
 "strategy": "v7",
 "mode": "spot",
 "method": "vol3",
 "algo": "genetic",
 "per_regime": true,
 "train_end": "2025-09-01",
 "evaluated": 9680,
 "generated": "2026-07-02 06:24",
 "holdout": {
  "n": 166,
  "months": 9.656661184210527,
  "eq": 880.6794587942636,
  "growth": -0.013157918119439048,
  "liq": false,
  "maxdd": 0.2850230106630001,
  "tpm": 17.190206514796678,
  "sl_hits": 10,
  "worst_mae": -0.13201761110989418,
  "win": 0.927710843373494,
  "score": -0.041808732217313724
 }
}