{
 "cand": {
  "strategy": "v7",
  "mode": "lev",
  "regs": [
   {
    "dur2Short": 129.5840119539598,
    "xDur1Short": 147.3657041013053,
    "bbValLong": 0.35,
    "xApt2Long": 0.007118129148898957,
    "vEmaUp": 3.0,
    "apt2Short": 0.005016825698892385,
    "zL": -2.412833235402088,
    "ptShort": 0.02238226966180837,
    "requireHistPos": 0.0,
    "apt2Long": 0.008103585863688957,
    "vBB": 0.0,
    "xDur2Long": 541.2180877603281,
    "cdPctLong": 0.009906886285214226,
    "cdPctShort": 0.00282505758547689,
    "leverage": 7.794967610038896,
    "vMacd": 1.0,
    "rsiValLong": 60.78713683865366,
    "xApt2Short": 0.004651920885119886,
    "eXS": 0.0,
    "xApt1Short": 0.0005,
    "xCdPeriodShort": 40.02947966289795,
    "eL3": 1.0,
    "zXS": 2.8331201862911204,
    "xCdPctShort": 0.00020218168056589081,
    "ptLong": 0.017959673249041196,
    "dur2Long": 249.9186715489225,
    "vHistN": 2.0,
    "cdPeriodShort": 146.32538258992324,
    "vRsi": 2.0,
    "xMinBetween": 1.0,
    "rsiValShort": 67.2997403630544,
    "xDur1Long": 134.13073818397467,
    "xTpShort": 0.011060629012704217,
    "dur1Long": 12.885123091517254,
    "trendBlockZ": 3.0,
    "cdPeriodLong": 17.178633941389492,
    "eXL": 0.0,
    "apt1Short": 0.0017931137831385573,
    "eS3": 1.0,
    "xDur2Short": 532.9901712167957,
    "dur1Short": 90.0,
    "zS": 1.2093687707017977,
    "slLong": 0.11352161479336662,
    "bbValShort": 0.7066935964694719,
    "xTpLong": 0.004331240409762597,
    "slShort": 0.06583109245140294,
    "apt1Long": 0.015423649542638597,
    "vEmaDn": 2.0,
    "vX": 3.0,
    "xApt1Long": 0.0017304294997771829,
    "zXLmax": -0.7723621409395011
   },
   {
    "dur2Short": 271.7546103021957,
    "xDur1Short": 44.16043567677752,
    "bbValLong": 0.35,
    "xApt2Long": 0.0045438276677700245,
    "vEmaUp": 2.0,
    "apt2Short": 0.0017323478468038024,
    "zL": -0.9029268179839041,
    "ptShort": 0.004202279841038569,
    "requireHistPos": 0.0,
    "apt2Long": 0.015,
    "vBB": 1.0,
    "xDur2Long": 392.73075414961096,
    "cdPctLong": 0.002260603598371487,
    "cdPctShort": 0.005464983978449861,
    "leverage": 8.567298864635845,
    "vMacd": 1.0,
    "rsiValLong": 81.73286430741157,
    "xApt2Short": 0.00951657080875445,
    "eXS": 1.0,
    "xApt1Short": 0.002962034072880426,
    "xCdPeriodShort": 120.0,
    "eL3": 1.0,
    "zXS": 2.769701188159463,
    "xCdPctShort": 0.004564431659117415,
    "ptLong": 0.014625353289896123,
    "dur2Long": 92.73052243025795,
    "vHistN": 3.0,
    "cdPeriodShort": 125.34911843735489,
    "vRsi": 5.0,
    "xMinBetween": 9.347651785431058,
    "rsiValShort": 76.06561802851141,
    "xDur1Long": 169.17479013564073,
    "xTpShort": 0.014583134025135665,
    "dur1Long": 37.105738493348916,
    "trendBlockZ": 2.0,
    "cdPeriodLong": 160.13315567945688,
    "eXL": 1.0,
    "apt1Short": 0.00358206147661591,
    "eS3": 0.0,
    "xDur2Short": 159.12542117614186,
    "dur1Short": 2.1382007658927265,
    "zS": 2.855762190676516,
    "slLong": 0.07186945590572807,
    "bbValShort": 1.25,
    "xTpLong": 0.010835693769507534,
    "slShort": 0.039130925421066574,
    "apt1Long": 0.013872985595275219,
    "vEmaDn": 0.0,
    "vX": 0.0,
    "xApt1Long": 0.012154493107864048,
    "zXLmax": -0.3846017412092519
   },
   {
    "dur2Short": 215.08988359080274,
    "xDur1Short": 157.36341000769153,
    "bbValLong": 0.09670584872627869,
    "xApt2Long": 0.008680987033413707,
    "vEmaUp": 4.0,
    "apt2Short": 0.0022501926146462265,
    "zL": -2.8173088055469218,
    "ptShort": 0.018806335730200907,
    "requireHistPos": 1.0,
    "apt2Long": 0.012118891788510219,
    "vBB": 3.0,
    "xDur2Long": 362.6072923652769,
    "cdPctLong": 0.009860619450517949,
    "cdPctShort": 0.00205891128245895,
    "leverage": 8.470833902701546,
    "vMacd": 2.0,
    "rsiValLong": 66.52386196262853,
    "xApt2Short": 0.0028789523023478214,
    "eXS": 0.0,
    "xApt1Short": 0.003079769443138235,
    "xCdPeriodShort": 120.0,
    "eL3": 1.0,
    "zXS": 1.7071113851615953,
    "xCdPctShort": 0.004525277055085596,
    "ptLong": 0.015119675974732275,
    "dur2Long": 231.54999516124047,
    "vHistN": 3.0,
    "cdPeriodShort": 182.57633702702105,
    "vRsi": 3.0,
    "xMinBetween": 17.67275066623987,
    "rsiValShort": 50.0,
    "xDur1Long": 45.55965889325152,
    "xTpShort": 0.0031802240361176893,
    "dur1Long": 82.58873763971874,
    "trendBlockZ": 1.0,
    "cdPeriodLong": 144.7180863200904,
    "eXL": 1.0,
    "apt1Short": 0.0027896164682207434,
    "eS3": 1.0,
    "xDur2Short": 205.441144452529,
    "dur1Short": 3.69303327520279,
    "zS": 2.1862615326776433,
    "slLong": 0.026202137074022382,
    "bbValShort": 1.0670738994448499,
    "xTpLong": 0.013594885818750225,
    "slShort": 0.057190876729647934,
    "apt1Long": 0.011605993223978662,
    "vEmaDn": 2.0,
    "vX": 0.0,
    "xApt1Long": 0.012516640956341835,
    "zXLmax": -0.11286043412017135
   }
  ]
 },
 "metrics": {
  "n": 116,
  "months": 14.81640625,
  "eq": 371877817.0349821,
  "growth": 0.865683649196205,
  "liq": false,
  "maxdd": 0.5396849834139589,
  "tpm": 7.829158977063011,
  "sl_hits": 0,
  "worst_mae": -0.06148924512628362,
  "win": 1.0,
  "max_hold_days": 4.233333333333333,
  "in_market": 0.08511523998501394,
  "score": 0.8068218623723176
 },
 "strategy": "v7",
 "mode": "lev",
 "method": "vol3",
 "algo": "genetic",
 "per_regime": true,
 "train_end": "2025-09-01",
 "holdout_days": null,
 "max_dd": null,
 "max_hold_days": 7.0,
 "gap_mode": "skip_contaminated",
 "scoring": "underwater",
 "anchor": null,
 "anchor_strength": 0.0,
 "evaluated": 100800,
 "generated": "2026-07-16 20:29",
 "holdout": {
  "n": 22,
  "months": 2.1842105263157894,
  "eq": 0.0,
  "growth": -12.650347016931143,
  "liq": true,
  "maxdd": 1.0,
  "tpm": 10.072289156626507,
  "sl_hits": 0,
  "worst_mae": -0.10872290365961282,
  "win": 0.9545454545454546,
  "max_hold_days": 26.93125,
  "in_market": 0.649410140562249,
  "score": -12.975052087212267
 },
 "holdout_scan": {
  "scanned": 595,
  "pool": 595,
  "reservoir": 295,
  "survivors": 4
 },
 "holdout_survivors": [
  {
   "rank": 307,
   "train_score": 0.23526954210547543,
   "holdout": {
    "n": 25,
    "months": 9.656661184210527,
    "eq": 8240.568945919009,
    "growth": 0.21840565265157058,
    "liq": false,
    "maxdd": 0.7728204728920387,
    "tpm": 2.5888865233127527,
    "sl_hits": 0,
    "worst_mae": -0.09075809704591298,
    "win": 1.0,
    "max_hold_days": 6.172916666666667,
    "in_market": 0.06482861400894188,
    "score": 0.14317867208287377
   }
  },
  {
   "rank": 313,
   "train_score": 0.06659246336418344,
   "holdout": {
    "n": 44,
    "months": 9.656661184210527,
    "eq": 2934.789849547256,
    "growth": 0.1114915216203114,
    "liq": false,
    "maxdd": 0.2569727855544933,
    "tpm": 4.5564402810304445,
    "sl_hits": 0,
    "worst_mae": -0.03497074431895508,
    "win": 1.0,
    "max_hold_days": 2.183333333333333,
    "in_market": 0.02239727485629125,
    "score": 0.07866009847992074
   }
  },
  {
   "rank": 353,
   "train_score": 0.04387722730017248,
   "holdout": {
    "n": 35,
    "months": 9.656661184210527,
    "eq": 1969.6814473927238,
    "growth": 0.07019732958551146,
    "liq": false,
    "maxdd": 0.3263860031739354,
    "tpm": 3.6244411326378536,
    "sl_hits": 0,
    "worst_mae": -0.09075809704591298,
    "win": 0.9714285714285714,
    "max_hold_days": 6.1625,
    "in_market": 0.06292669079554325,
    "score": 0.03154940737889046
   }
  },
  {
   "rank": 445,
   "train_score": 0.05709143707916739,
   "holdout": {
    "n": 47,
    "months": 9.656661184210527,
    "eq": 1837.5625534293272,
    "growth": 0.06300728404998764,
    "liq": false,
    "maxdd": 0.5231066077459707,
    "tpm": 4.8671066638279745,
    "sl_hits": 0,
    "worst_mae": -0.08463185879920254,
    "win": 0.9787234042553191,
    "max_hold_days": 2.966666666666667,
    "in_market": 0.030388191043928748,
    "score": 0.03342704813432095
   }
  }
 ],
 "holdout_top10": [
  {
   "rank": 307,