{
 "cand": {
  "strategy": "scalpx",
  "tpL": [
   0.0087,
   0.0079,
   0.0083
  ],
  "tpS": [
   0.0107,
   0.0118,
   0.0136
  ],
  "rsiOB": [
   71.7113,
   65.6408,
   70.9995
  ],
  "rsiOS": [
   33.9113,
   30.7807,
   44.0391
  ],
  "useCvd": [
   1.0,
   1.0,
   1.0
  ],
  "useEma": [
   1.0,
   1.0,
   1.0
  ],
  "eL": [
   1.0,
   1.0,
   1.0
  ],
  "eS": [
   0.0,
   0.0,
   0.0
  ],
  "lev": [
   1.0,
   1.0,
   1.0
  ],
  "sl": 0.08,
  "slOn": 1.0
 },
 "metrics": {
  "n": 63,
  "months": 24.6101288377193,
  "eq": 1201.9963064562692,
  "growth": 0.007475936614951185,
  "liq": false,
  "maxdd": 0.13056463205678892,
  "tpm": 2.559921584134153,
  "sl_hits": 3,
  "worst_mae": -0.08906965968182046,
  "win": 0.9523809523809523,
  "score": 0.0012487798655181782
 },
 "method": "trend3",
 "mode": "spot",
 "strategy": "scalpx"
}