{
 "cand": {
  "strategy": "v6",
  "tv": 0,
  "zL": [
   -2.0034,
   -1.9506,
   -2.2186
  ],
  "zS": [
   1.411,
   1.7141,
   1.4705
  ],
  "zXS": [
   1.8148,
   2.1506,
   1.8529
  ],
  "zXLmax": [
   -0.8737,
   -0.7897,
   -0.8298
  ],
  "ptScale": [
   1.3792,
   1.9726,
   1.739
  ],
  "eS3": [
   0.0,
   0.0,
   0.0
  ],
  "eXS": [
   0.0,
   0.0,
   0.0
  ],
  "lev": [
   1.0,
   1.0,
   1.0
  ],
  "sl": 0.08
 },
 "metrics": {
  "n": 155,
  "months": 24.473067434210524,
  "eq": 2206.870360595987,
  "growth": 0.03234475562067467,
  "liq": false,
  "maxdd": 0.1436633440386372,
  "tpm": 6.333492947570924,
  "sl_hits": 4,
  "worst_mae": -0.11090275917492642,
  "win": 0.9741935483870968,
  "score": 0.019734362722310165
 },
 "method": "vol3",
 "mode": "spot",
 "strategy": "v6"
}