{
 "cand": {
  "strategy": "v6",
  "tv": 0,
  "zL": [
   -2.1665775296134813
  ],
  "zS": [
   1.4988843445775208
  ],
  "zXS": [
   2.2374681465900434
  ],
  "zXLmax": [
   -0.09155392738907973
  ],
  "ptScale": [
   1.319945533476542
  ],
  "eS3": [
   0.0
  ],
  "eXS": [
   0.0
  ],
  "lev": [
   4.071559212186137
  ],
  "sl": 0.0
 },
 "metrics": {
  "n": 141,
  "months": 24.473067434210524,
  "eq": 31489.389164893546,
  "growth": 0.14095701923960233,
  "liq": false,
  "maxdd": 0.5078008475186024,
  "tpm": 5.761435520048389,
  "sl_hits": 0,
  "worst_mae": -0.13155612533464045,
  "win": 1.0,
  "score": 0.11250007084073706
 },
 "method": "none",
 "mode": "lev",
 "strategy": "v6"
}