{"baseline": {"cid": "v6__lev__none__all", "status": "ok", "months": 19.342105263157897, "final_eq": 125806.86517833205, "total_mult": 125.80686517833205, "monthly_growth_pct": 28.397374359696713, "liq": false, "maxdd_closed": 0.0006765671113210064, "maxdd_mtm": 0.6407606101376193, "n": 166, "tpm": 8.582312925170067, "sl_hits": 0, "worst_mae": -0.20531518392480952, "win": 0.9698795180722891}, "shift1": {"cid": "v6__lev__none__all", "status": "ok", "months": 19.342105263157897, "final_eq": 95147.24531047563, "total_mult": 95.14724531047563, "monthly_growth_pct": 26.556492641309216, "liq": false, "maxdd_closed": 0.0016053022559743293, "maxdd_mtm": 0.6761358475311163, "n": 160, "tpm": 8.272108843537413, "sl_hits": 0, "worst_mae": -0.2809299543993422, "win": 0.975}}