{
 "cand": {
  "strategy": "v7",
  "mode": "lev",
  "regs": [
   {
    "xTpShort": 0.001,
    "vRsi": 4.0,
    "apt2Short": 0.00948899838287982,
    "ptLong": 0.020406310420299917,
    "xCdPctShort": 0.001211821222547351,
    "zXS": 2.264236568103746,
    "leverage": 4.0,
    "xDur1Short": 82.02425772004798,
    "rsiValLong": 47.29385442941008,
    "eL3": 1.0,
    "vEmaDn": 2.0,
    "apt1Long": 0.0052909667651898215,
    "vMacd": 2.0,
    "eXS": 1.0,
    "xCdPeriodShort": 87.20620892509419,
    "slLong": 0.06816389139307506,
    "xDur2Long": 453.6938274742028,
    "zL": -2.719299214111622,
    "vX": 0.0,
    "apt2Long": 0.013087946771813675,
    "xTpLong": 0.02,
    "xDur1Long": 34.42137696243451,
    "cdPctShort": 0.002226066441266144,
    "dur1Long": 58.365934075506956,
    "trendBlockZ": 1.0,
    "vBB": 4.0,
    "zXLmax": -0.043040273496367784,
    "ptShort": 0.007290216752049237,
    "bbValLong": -0.003795146424423787,
    "requireHistPos": 0.0,
    "cdPeriodLong": 42.670866812414175,
    "dur2Short": 360.0,
    "apt1Short": 0.012391179561463355,
    "xDur2Short": 58.66973591380524,
    "eXL": 0.0,
    "dur1Short": 50.00820573018797,
    "xApt2Short": 0.00040419172195125695,
    "zS": 1.7868672075375256,
    "cdPeriodShort": 206.84362217290436,
    "slShort": 0.10481339594460476,
    "bbValShort": 0.6731705895869428,
    "xMinBetween": 6.257123961863715,
    "xApt2Long": 0.004762341355180689,
    "vEmaUp": 3.0,
    "xApt1Short": 0.014692512882398388,
    "vHistN": 0.0,
    "eS3": 0.0,
    "cdPctLong": 0.007968306797499177,
    "rsiValShort": 74.7685911742991,
    "dur2Long": 113.72585565309667,
    "xApt1Long": 0.014289584280276338
   },
   {
    "xTpShort": 0.0021764796086750243,
    "vRsi": 4.0,
    "apt2Short": 0.005149536733806983,
    "ptLong": 0.007100148983620888,
    "xCdPctShort": 0.009763470058915924,
    "zXS": 2.4883635094959486,
    "leverage": 10.0,
    "xDur1Short": 63.57647351491572,
    "rsiValLong": 71.20334054743836,
    "eL3": 1.0,
    "vEmaDn": 4.0,
    "apt1Long": 0.013188655829740957,
    "vMacd": 2.0,
    "eXS": 1.0,
    "xCdPeriodShort": 3.0,
    "slLong": 0.07727432475381701,
    "xDur2Long": 197.58690980936774,
    "zL": -0.9146460318782911,
    "vX": 3.0,
    "apt2Long": 0.015,
    "xTpLong": 0.011749425242472408,
    "xDur1Long": 97.02180794276262,
    "cdPctShort": 0.002360690022123018,
    "dur1Long": 47.50055525050654,
    "trendBlockZ": 99.0,
    "vBB": 0.0,
    "zXLmax": -1.7391861143708955,
    "ptShort": 0.022500036692455025,
    "bbValLong": 0.2606695030736743,
    "requireHistPos": 1.0,
    "cdPeriodLong": 71.59189715706124,
    "dur2Short": 48.98338294621816,
    "apt1Short": 0.008247305783330607,
    "xDur2Short": 562.258183783079,
    "eXL": 0.0,
    "dur1Short": 12.181872956179046,
    "xApt2Short": 0.01,
    "zS": 1.2646631842400613,
    "cdPeriodShort": 191.33126188812125,
    "slShort": 0.06052565692485917,
    "bbValShort": 1.2107756815310815,
    "xMinBetween": 16.709199810173835,
    "xApt2Long": 0.009498171599146912,
    "vEmaUp": 1.0,
    "xApt1Short": 0.015,
    "vHistN": 2.0,
    "eS3": 1.0,
    "cdPctLong": 0.010081860773925403,
    "rsiValShort": 78.69855456866716,
    "dur2Long": 46.453933157393124,
    "xApt1Long": 0.013785544189168473
   },
   {
    "xTpShort": 0.018960873314579782,
    "vRsi": 3.0,
    "apt2Short": 0.014215582844706746,
    "ptLong": 0.02777298196705656,
    "xCdPctShort": 0.001096551218045422,
    "zXS": 1.7936552045857264,
    "leverage": 10.0,
    "xDur1Short": 215.35740152541538,
    "rsiValLong": 31.596588373523918,
    "eL3": 1.0,
    "vEmaDn": 4.0,
    "apt1Long": 0.015584972376071727,
    "vMacd": 4.0,
    "eXS": 0.0,
    "xCdPeriodShort": 106.27995683472841,
    "slLong": 0.10658149190011361,
    "xDur2Long": 329.0186526762942,
    "zL": -1.6203853647053228,
    "vX": 4.0,
    "apt2Long": 0.015,
    "xTpLong": 0.013960339115359162,
    "xDur1Long": 218.4795812070027,
    "cdPctShort": 0.009341486064205333,
    "dur1Long": 74.43657217606959,
    "trendBlockZ": 1.5,
    "vBB": 4.0,
    "zXLmax": -0.9630079731374105,
    "ptShort": 0.01467018513677698,
    "bbValLong": 0.15394596353235943,
    "requireHistPos": 0.0,
    "cdPeriodLong": 114.25752435187448,
    "dur2Short": 360.0,
    "apt1Short": 0.02,
    "xDur2Short": 121.42526801890628,
    "eXL": 1.0,
    "dur1Short": 14.482165334931132,
    "xApt2Short": 0.01,
    "zS": 1.6605067540535483,
    "cdPeriodShort": 10.0,
    "slShort": 0.09606834140994035,
    "bbValShort": 0.9807110478831019,
    "xMinBetween": 2.1516343210005386,
    "xApt2Long": 0.01,
    "vEmaUp": 4.0,
    "xApt1Short": 0.008426243167957011,
    "vHistN": 3.0,
    "eS3": 1.0,
    "cdPctLong": 0.008956640345036416,
    "rsiValShort": 58.72992884007819,
    "dur2Long": 106.22129121387638,
    "xApt1Long": 0.009868817937138312
   }
  ]
 },
 "metrics": {
  "n": 132,
  "months": 14.81640625,
  "eq": 3862883786.181308,
  "growth": 1.0236574444204503,
  "liq": false,
  "maxdd": 0.5145321651818671,
  "tpm": 8.909042973899288,
  "sl_hits": 0,
  "worst_mae": -0.0467032781459189,
  "win": 0.9924242424242424,
  "max_hold_days": 2.65625,
  "in_market": 0.07200244217186784,
  "score": 1.035588531324784
 },
 "strategy": "v7",
 "mode": "lev",
 "method": "vol3",
 "algo": "genetic",
 "per_regime": true,
 "train_end": "2025-09-01",
 "holdout_days": null,
 "max_dd": 0.55,
 "max_hold_days": 5.0,
 "gap_mode": "skip_contaminated",
 "scoring": "classic",
 "anchor": null,
 "anchor_strength": 0.0,
 "evaluated": 100800,
 "generated": "2026-07-20 16:44",
 "holdout": {
  "n": 14,
  "months": 2.1842105263157894,
  "eq": 0.0,
  "growth": -12.650347016931143,
  "liq": true,
  "maxdd": 1.0,
  "tpm": 6.409638554216868,
  "sl_hits": 0,
  "worst_mae": -0.092,
  "win": 0.9285714285714286,
  "max_hold_days": 30.041666666666668,
  "in_market": 0.6255647590361446,
  "score": -12.650347016931143
 },
 "holdout_scan": {
  "scanned": 589,
  "pool": 589,
  "reservoir": 289,
  "survivors": 1
 },
 "holdout_survivors": [
  {
   "rank": 477,
   "train_score": 0.06488503966840921,
   "holdout": {
    "n": 40,
    "months": 9.656661184210527,
    "eq": 1776.8316806007826,
    "growth": 0.05952697444987971,
    "liq": false,
    "maxdd": 0.33329630041106545,
    "tpm": 4.142218437300404,
    "sl_hits": 0,
    "worst_mae": -0.051948051948051965,
    "win": 1.0,
    "max_hold_days": 2.154166666666667,
    "in_market": 0.03428429494003264,
    "score": 0.044635582058620685
   }
  }
 ],
 "holdout_top10": [
  {
   "rank": 477,
   "train_score": 0.06488503966840921,
   "holdout": {
    "n": 40,
    "months": 9.656661184210527,
    "eq": 1776.8316806007826,
    "growth": 0.05952697444987971,
    "liq": false,
    "maxdd": 0.33329630041106545,
    "tpm": 4.142218437300404,
    "sl_hits": 0,
    "worst_mae": -0.051948051948051965,
    "win": 1.0,
    "max_hold_days": 2.154166666666667,
    "in_market": 0.03428429494003264,
    "score": 0.044635582058620685
   }
  },
  {
   "rank": 486,
   "train_score": 0.07820894326308458,
   "holdout": {
    "n": 27,
    "months": 9.656661184210527,
    "eq": 1664.9950870310727,
    "growth": 0.05279487008714444,
    "liq": false,
    "maxdd": 0.5111695137976345,
    "tpm": 2.7959974451777727,
    "sl_hits": 0,
    "worst_mae": -0.12859081655734006,
    "win": 1.0,
    "max_hold_days": 10.15,
    "in_market": 0.12075083386558796,
    "score": 0.04433783159256081
   }
  },
  {
   "rank": 1,
   "train_score": 1.035588531324784,
   "holdout": {
    "n": 14,
    "months": 2.1842105263157894,
    "eq": 0.0,
    "growth": -12.650347016931143,
    "liq": true,
    "maxdd": 1.0,
    "tpm": 6.409638554216868,
    "sl_hits": 0,
    "worst_mae": -0.092,
    "win": 0.9285714285714286,
    "max_hold_days": 30.041666666666668,
    "in_market": 0.6255647590361446,
    "score": -12.650347016931143
   }
  },
  {
   "rank": 2,
   "train_score": 1.0305532388119263,
   "holdout": {
    "n": 13,
    "months": 2.1842105263157894,
    "eq": 0.0,
    "growth": -12.650347016931143,