{
 "cand": {
  "strategy": "v7",
  "mode": "lev",
  "regs": [
   {
    "eXS": 0.0,
    "xApt1Short": 0.01356001471752333,
    "vHistN": 2.0,
    "vEmaDn": 3.0,
    "xCdPctShort": 0.007130897356087436,
    "requireHistPos": 0.0,
    "vX": 2.0,
    "eS3": 0.0,
    "ptLong": 0.023620434827749216,
    "vBB": 3.0,
    "xApt2Short": 0.00016751145120586238,
    "leverage": 1.0,
    "zXLmax": 0.5,
    "vMacd": 1.0,
    "dur1Long": 83.46745676283864,
    "trendBlockZ": 3.0,
    "rsiValShort": 66.63957163708827,
    "slShort": 0.03267941365702487,
    "cdPeriodShort": 227.204160062851,
    "apt2Short": 0.0,
    "vEmaUp": 2.0,
    "xTpLong": 0.01635254569203324,
    "xDur1Short": 148.67993444007817,
    "cdPctLong": 0.001953973331153398,
    "xDur2Long": 30.0,
    "xApt2Long": 0.005601575851381079,
    "apt1Short": 0.02,
    "dur1Short": 50.45641811834651,
    "eL3": 1.0,
    "xTpShort": 0.004579309049929835,
    "bbValLong": -0.14549832400627513,
    "xApt1Long": 0.0015445128500079781,
    "zXS": 1.9808844759068764,
    "zS": 1.419488729138501,
    "ptShort": 0.029830570181431516,
    "dur2Long": 97.95993687156721,
    "zL": -2.653426727352919,
    "rsiValLong": 49.84045896592016,
    "slLong": 0.07564349604005026,
    "vRsi": 5.0,
    "cdPctShort": 0.007064149761212644,
    "xMinBetween": 17.203456279915613,
    "apt1Long": 0.016341448432987227,
    "xCdPeriodShort": 49.82083969651258,
    "eXL": 0.0,
    "cdPeriodLong": 47.78092041345945,
    "apt2Long": 0.009884539197417583,
    "dur2Short": 314.9759945513873,
    "xDur1Long": 126.91601684398448,
    "xDur2Short": 262.178538511799,
    "bbValShort": 0.7324169907346917
   },
   {
    "eXS": 0.0,
    "xApt1Short": 0.014392263791286443,
    "vHistN": 3.0,
    "vEmaDn": 3.0,
    "xCdPctShort": 0.00736819319585034,
    "requireHistPos": 0.0,
    "vX": 4.0,
    "eS3": 1.0,
    "ptLong": 0.027860934200346132,
    "vBB": 2.0,
    "xApt2Short": 0.001968349072520322,
    "leverage": 8.0,
    "zXLmax": -2.2025530115342096,
    "vMacd": 1.0,
    "dur1Long": 18.035637440197966,
    "trendBlockZ": 2.0,
    "rsiValShort": 59.11507543742046,
    "slShort": 0.029900388126178512,
    "cdPeriodShort": 150.935944699027,
    "apt2Short": 0.0,
    "vEmaUp": 3.0,
    "xTpLong": 0.002375177355921296,
    "xDur1Short": 48.23050922020893,
    "cdPctLong": 0.009976625030729122,
    "xDur2Long": 42.411005056459274,
    "xApt2Long": 0.003213120007749817,
    "apt1Short": 0.014487827245409455,
    "dur1Short": 87.55576315384964,
    "eL3": 1.0,
    "xTpShort": 0.00313954017050022,
    "bbValLong": 0.35,
    "xApt1Long": 0.014309675183394838,
    "zXS": 1.5538488158298143,
    "zS": 1.0826022238833635,
    "ptShort": 0.023614427468163487,
    "dur2Long": 324.6625101346335,
    "zL": -2.3217575835577873,
    "rsiValLong": 48.476539784876515,
    "slLong": 0.07126525615191909,
    "vRsi": 4.0,
    "cdPctShort": 0.009121162888408,
    "xMinBetween": 9.831491198183322,
    "apt1Long": 0.019292660824174763,
    "xCdPeriodShort": 41.22806314133663,
    "eXL": 1.0,
    "cdPeriodLong": 68.93161908917483,
    "apt2Long": 0.0057556895057589985,
    "dur2Short": 360.0,
    "xDur1Long": 10.0,
    "xDur2Short": 105.11084758068779,
    "bbValShort": 0.9780769885816895
   },
   {
    "eXS": 0.0,
    "xApt1Short": 0.012321673862179788,
    "vHistN": 3.0,
    "vEmaDn": 3.0,
    "xCdPctShort": 0.0028006331620524147,
    "requireHistPos": 0.0,
    "vX": 4.0,
    "eS3": 1.0,
    "ptLong": 0.029699523104853548,
    "vBB": 0.0,
    "xApt2Short": 0.007158800136698929,
    "leverage": 8.0,
    "zXLmax": -0.957307661995775,
    "vMacd": 1.0,
    "dur1Long": 19.671626439017018,
    "trendBlockZ": 1.0,
    "rsiValShort": 69.56595119544798,
    "slShort": 0.03012260531574784,
    "cdPeriodShort": 21.926973704537268,
    "apt2Short": 0.004269481276452252,
    "vEmaUp": 2.0,
    "xTpLong": 0.017636460034169025,
    "xDur1Short": 57.370747721212005,
    "cdPctLong": 0.003902218073068846,
    "xDur2Long": 383.2599105187143,
    "xApt2Long": 0.007243183348816945,
    "apt1Short": 0.008580101774216125,
    "dur1Short": 22.598148140137663,
    "eL3": 1.0,
    "xTpShort": 0.013418972578634778,
    "bbValLong": 0.35,
    "xApt1Long": 0.01221185820917755,
    "zXS": 1.7264577747952128,
    "zS": 2.539553562271585,
    "ptShort": 0.021492933250640313,
    "dur2Long": 287.9195269844406,
    "zL": -1.3775881698490453,
    "rsiValLong": 75.60397019646427,
    "slLong": 0.09771232073548568,
    "vRsi": 2.0,
    "cdPctShort": 0.007721635101359819,
    "xMinBetween": 2.158380339150556,
    "apt1Long": 0.00747061828125233,
    "xCdPeriodShort": 96.83038850134747,
    "eXL": 1.0,
    "cdPeriodLong": 61.91343783728853,
    "apt2Long": 0.010522100378780161,
    "dur2Short": 127.67895648536147,
    "xDur1Long": 115.88747829928448,
    "xDur2Short": 676.7430890816086,
    "bbValShort": 0.938509366131142
   }
  ]
 },
 "metrics": {
  "n": 187,
  "months": 14.81640625,
  "eq": 10006170855.14449,
  "growth": 1.0878962330122255,
  "liq": false,
  "maxdd": 0.5699467898712065,
  "tpm": 12.621144213023992,
  "sl_hits": 0,
  "worst_mae": -0.06973203586748244,
  "win": 0.9572192513368984,
  "max_hold_days": 4.245833333333334,
  "in_market": 0.12061923857891499,
  "score": 1.0117249375414747
 },
 "strategy": "v7",
 "mode": "lev",
 "method": "vol3",
 "algo": "genetic",
 "per_regime": true,
 "train_end": "2025-09-01",
 "holdout_days": null,
 "max_dd": null,
 "max_hold_days": 5.0,
 "gap_mode": "skip_contaminated",
 "scoring": "classic",
 "anchor": null,
 "anchor_strength": 0.0,
 "evaluated": 100800,
 "generated": "2026-07-20 15:13",
 "holdout": {
  "n": 2,
  "months": 2.1842105263157894,
  "eq": 0.0,
  "growth": -12.650347016931143,
  "liq": true,
  "maxdd": 1.0,
  "tpm": 0.9156626506024097,
  "sl_hits": 0,
  "worst_mae": -0.11699999999999999,
  "win": 0.5,
  "max_hold_days": 55.5875,
  "in_market": 0.9442143574297188,
  "score": -12.650347016931143
 },
 "holdout_scan": {
  "scanned": 553,
  "pool": 584,
  "reservoir": 284,
  "survivors": 5
 },
 "holdout_survivors": [
  {
   "rank": 385,
   "train_score": 0.12745272105619004,
   "holdout": {
    "n": 59,
    "months": 9.656661184210527,
    "eq": 4754.617041254542,
    "growth": 0.1614549920407748,
    "liq": false,
    "maxdd": 0.5781392359644881,
    "tpm": 6.109772195018096,
    "sl_hits": 0,
    "worst_mae": -0.08311209439528033,
    "win": 1.0,
    "max_hold_days": 2.9479166666666665,
    "in_market": 0.05210417997303243,
    "score": 0.14499787610231682
   }
  },
  {
   "rank": 412,
   "train_score": 0.08276954039239437,
   "holdout": {
    "n": 59,
    "months": 9.656661184210527,
    "eq": 4000.300293678893,
    "growth": 0.14356612552468745,
    "liq": false,
    "maxdd": 0.6590114790499574,
    "tpm": 6.109772195018096,
    "sl_hits": 0,
    "worst_mae": -0.08311209439528033,
    "win": 1.0,
    "max_hold_days": 2.9625,
    "in_market": 0.03231850117096019,
    "score": 0.13387506434911628
   }
  },
  {
   "rank": 372,
   "train_score": 0.07252206504998762,
   "holdout": {
    "n": 50,
    "months": 9.656661184210527,
    "eq": 3452.9504771853312,
    "growth": 0.1283289382010727,
    "liq": false,
    "maxdd": 0.5053332460387373,
    "tpm": 5.177773046625505,
    "sl_hits": 0,
    "worst_mae": -0.08463185879920254,
    "win": 1.0,
    "max_hold_days": 2.966666666666667,
    "in_market": 0.03723653395784543,
    "score": 0.09654435879085545
   }
  },
  {
   "rank": 553,
   "train_score": 0.06899754901512299,
   "holdout": {
    "n": 43,
    "months": 9.656661184210527,
    "eq": 2940.1108022257954,
    "growth": 0.11167910397805808,
    "liq": false,
    "maxdd": 0.22890487007764682,
    "tpm": 4.4528848200979345,
    "sl_hits": 0,
    "worst_mae": -0.029594104573634317,
    "win": 0.9302325581395349,
    "max_hold_days": 2.185416666666667,
    "in_market": 0.02747143566815698,
    "score": 0.09081403245465572
   }
  },
  {
   "rank": 407,
   "train_score": 0.06488503966840921,
   "holdout": {
    "n": 40,
    "months": 9.656661184210527,