{
 "cand": {
  "strategy": "macdx",
  "tpL": [
   0.1,
   0.09116113086951103,
   0.09287775314219039
  ],
  "tpS": [
   0.003,
   0.003,
   0.015650960916081164
  ],
  "slL": [
   0.07172803554071261,
   0.08195251550254251,
   0.016782878738809986
  ],
  "slS": [
   0.1,
   0.06485372626401163,
   0.1
  ],
  "minT": [
   92.32362732979627,
   58.99603938484014,
   66.77877295358907
  ],
  "mMinS": [
   0.01182787571430611,
   0.10033884269219681,
   0.08414058466918663
  ],
  "mMaxL": [
   -0.30742395634737985,
   -0.4571140378036905,
   -0.4324495088427882
  ],
  "hrb": [
   6.0,
   5.0,
   1.0
  ],
  "reqH": [
   0.0,
   1.0,
   0.0
  ],
  "a1L": [
   0.005005314105691533,
   0.005229728989058497,
   0.004610399958053428
  ],
  "a2L": [
   0.0031697322373837452,
   0.0011565705802814505,
   0.0027662399748320564
  ],
  "d1L": [
   2.5978036447346393,
   16.511911265595067,
   14.93124394324245
  ],
  "d2L": [
   16.184797683128018,
   18.074960068001836,
   16.055780036792605
  ],
  "cdPL": [
   0.09000201138120009,
   0.07367875565523714,
   0.0927562322113357
  ],
  "cdTL": [
   17.192239454456747,
   21.442804862527677,
   19.010329583714576
  ],
  "a1S": [
   0.0,
   0.0021,
   0.0011008610396614398
  ],
  "a2S": [
   0.0,
   0.0012599999999999998,
   0.0
  ],
  "d1S": [
   7.868566349267404,
   7.299713530357387,
   14.171999958269955
  ],
  "d2S": [
   17.69611336904409,
   10.798730160381645,
   18.85149776431516
  ],
  "cdPS": [
   0.018282499035951062,
   0.013111313823034133,
   0.04082733135563779
  ],
  "cdTS": [
   87.00061271210541,
   107.07129446650107,
   16.395141227322178
  ],
  "eL": [
   1.0,
   1.0,
   1.0
  ],
  "eS": [
   1.0,
   1.0,
   1.0
  ],
  "lev": [
   5.0,
   7.0,
   6.0
  ]
 },
 "metrics": {
  "n": 213,
  "months": 21.44956140350877,
  "eq": 2340.0649626219783,
  "growth": 0.03963618065633027,
  "liq": false,
  "maxdd": 0.970674393950908,
  "tpm": 9.930272978223087,
  "sl_hits": 19,
  "worst_mae": -0.10555220961365297,
  "win": 0.8779342723004695,
  "max_hold_days": 3.8833333333333333,
  "in_market": 0.09831880687046314,
  "score": -0.1303441082532274
 },
 "strategy": "macdx",
 "mode": "lev",
 "method": "vol3",
 "algo": "crossfit",
 "per_regime": true,
 "train_end": null,
 "holdout_days": 21.0,
 "lockbox": "2026-04-01..",
 "max_dd": null,
 "max_hold_days": 5.0,
 "gap_mode": "skip_contaminated",
 "scoring": "classic",
 "anchor": null,
 "anchor_strength": 0.0,
 "evaluated": 93800,
 "holdout": {
  "n": 31,
  "months": 3.0235060307017543,
  "eq": 2939.7437741538997,
  "growth": 0.3566463618576124,
  "liq": false,
  "maxdd": 0.3964319923371647,
  "tpm": 10.252997574741041,
  "sl_hits": 0,
  "worst_mae": -0.056553398058252435,
  "win": 0.9354838709677419,
  "max_hold_days": 1.9958333333333333,
  "in_market": 0.1011128992044244,
  "score": 0.39221350293378343
 },
 "holdout_scan": {
  "scanned": 600,
  "pool": 600,
  "survivors": 581
 },
 "crossfit": {
  "fold_days": 21.0,
  "lockboxes": [
   [
    "2026-04-01",
    null
   ]
  ],
  "foldA": {
   "feasible": 300,
   "survivors": 135
  },
  "foldB": {
   "feasible": 300,
   "survivors": 446
  },
  "merged": 300,
  "finalists": [
   {
    "origin": "fold A rank #343",
    "cross": {
     "n": 85,
     "months": 10.50185032894737,
     "eq": 1428.2202571074658,
     "growth": 0.03393964706512721,
     "liq": false,
     "maxdd": 0.6920397024105647,
     "tpm": 8.093811789119242,
     "sl_hits": 18,
     "worst_mae": -0.07323410013531806,
     "win": 0.788235294117647,
     "max_hold_days": 3.3854166666666665,
     "in_market": 0.11845891818875903,
     "score": -0.05885554548532518
    },
    "lockboxes": [
     {
      "range": [
       "2026-04-01",
       null
      ],
      "liq": false,
      "growth": -0.0860069262454216,
      "maxdd": 0.47483510004495866
     }
    ]
   },
   {
    "origin": "fold A rank #552",
    "cross": {
     "n": 79,
     "months": 10.50185032894737,
     "eq": 1343.3413899513741,
     "growth": 0.028105531454902608,
     "liq": false,
     "maxdd": 0.41673942263199265,
     "tpm": 7.522483898122588,
     "sl_hits": 6,
     "worst_mae": -0.06436519258202567,
     "win": 0.8481012658227848,
     "max_hold_days": 3.19375,
     "in_market": 0.04640995020979751,
     "score": -0.013463874181617971
    },
    "lockboxes": [
     {
      "range": [
       "2026-04-01",
       null
      ],
      "liq": false,
      "growth": -0.034329403024166656,
      "maxdd": 0.2504277159363703
     }
    ]
   },
   {
    "origin": "fold A rank #353",
    "cross": {
     "n": 107,
     "months": 10.50185032894737,
     "eq": 1273.8933945321996,
     "growth": 0.023050973714632238,
     "liq": false,
     "maxdd": 0.19395459482367142,
     "tpm": 10.188680722773633,
     "sl_hits": 7,
     "worst_mae": -0.10118868168310424,
     "win": 0.9158878504672897,
     "max_hold_days": 4.183333333333334,
     "in_market": 0.11672311296437685,
     "score": -0.009046519126906087
    },
    "lockboxes": [
     {
      "range": [
       "2026-04-01",
       null
      ],
      "liq": false,
      "growth": 0.05285559702149408,
      "maxdd": 0.09362395350193133
     }
    ]
   },
   {
    "origin": "fold A rank #515",
    "cross": {
     "n": 118,
     "months": 10.50185032894737,
     "eq": 1126.4368527051963,
     "growth": 0.011336994853530477,
     "liq": false,
     "maxdd": 0.2802496633546558,
     "tpm": 11.236115189600829,
     "sl_hits": 19,
     "worst_mae": -0.10973242492292468,
     "win": 0.8220338983050848,
     "max_hold_days": 4.714583333333334,
     "in_market": 0.19973506130785745,
     "score": -0.011072774233972533
    },
    "lockboxes": [
     {
      "range": [
       "2026-04-01",
       null
      ],
      "liq": false,
      "growth": -0.03962969795263095,
      "maxdd": 0.25470620135154454
     }
    ]
   },
   {
    "origin": "fold A rank #519",
    "cross": {
     "n": 90,
     "months": 10.50185032894737,
     "eq": 1123.827661369746,
     "growth": 0.011116175709584657,
     "liq": false,
     "maxdd": 0.6050771869728231,
     "tpm": 8.569918364949784,
     "sl_hits": 29,
     "worst_mae": -0.10661360423103106,
     "win": 0.6666666666666666,
     "max_hold_days": 3.7729166666666667,
     "in_market": 0.14860058860763622,
     "score": -0.03280862120159556
    },
    "lockboxes": [
     {
      "range": [
       "2026-04-01",
       null
      ],
      "liq": false,
      "growth": -0.16781991649530334,
      "maxdd": 0.4933534271232317
     }
    ]
   },
   {
    "origin": "fold B rank #334",
    "cross": {
     "n": 106,
     "months": 10.944558662280702,
     "eq": 11320.034955010711,
     "growth": 0.2217151221484774,
     "liq": false,
     "maxdd": 0.48012991243447034,
     "tpm": 9.685178111870158,
     "sl_hits": 3,
     "worst_mae": -0.06505917347003365,
     "win": 0.9528301886792453,
     "max_hold_days": 1.8458333333333334,
     "in_market": 0.05641722447292787,
     "score": 0.05265831164076955
    },
    "lockboxes": [
     {
      "range": [
       "2026-04-01",
       null
      ],
      "liq": false,
      "growth": -0.12083549362217523,
      "maxdd": 0.6296763807653495
     }
    ]
   },
   {
    "origin": "fold B rank #577",
    "cross": {
     "n": 113,
     "months": 10.944558662280702,
     "eq": 5420.512541220751,
     "growth": 0.15443202672086997,
     "liq": false,
     "maxdd": 0.7667707482424523,
     "tpm": 10.324765345672905,
     "sl_hits": 11,
     "worst_mae": -0.10007513853667693,
     "win": 0.8849557522123894,
     "max_hold_days": 4.308333333333334,
     "in_market": 0.10302248548868838,
     "score": -0.023429791470637354
    },
    "lockboxes": [
     {
      "range": [
       "2026-04-01",
       null
      ],
      "liq": false,
      "growth": 0.3566463618576124,
      "maxdd": 0.3964319923371647
     }
    ]
   },
   {
    "origin": "fold B rank #524",
    "cross": {
     "n": 104,
     "months": 10.944558662280702,
     "eq": 5323.89129046861,
     "growth": 0.15278866267284924,
     "liq": false,