{"pool": [[-0.1303441082532274, {"strategy": "macdx", "tpL": [0.1, 0.09116113086951103, 0.09287775314219039], "tpS": [0.003, 0.003, 0.015650960916081164], "slL": [0.07172803554071261, 0.08195251550254251, 0.016782878738809986], "slS": [0.1, 0.06485372626401163, 0.1], "minT": [92.32362732979627, 58.99603938484014, 66.77877295358907], "mMinS": [0.01182787571430611, 0.10033884269219681, 0.08414058466918663], "mMaxL": [-0.30742395634737985, -0.4571140378036905, -0.4324495088427882], "hrb": [6.0, 5.0, 1.0], "reqH": [0.0, 1.0, 0.0], "a1L": [0.005005314105691533, 0.005229728989058497, 0.004610399958053428], "a2L": [0.0031697322373837452, 0.0011565705802814505, 0.0027662399748320564], "d1L": [2.5978036447346393, 16.511911265595067, 14.93124394324245], "d2L": [16.184797683128018, 18.074960068001836, 16.055780036792605], "cdPL": [0.09000201138120009, 0.07367875565523714, 0.0927562322113357], "cdTL": [17.192239454456747, 21.442804862527677, 19.010329583714576], "a1S": [0.0, 0.0021, 0.0011008610396614398], "a2S": [0.0, 0.0012599999999999998, 0.0], "d1S": [7.868566349267404, 7.299713530357387, 14.171999958269955], "d2S": [17.69611336904409, 10.798730160381645, 18.85149776431516], "cdPS": [0.018282499035951062, 0.013111313823034133, 0.04082733135563779], "cdTS": [87.00061271210541, 107.07129446650107, 16.395141227322178], "eL": [1.0, 1.0, 1.0], "eS": [1.0, 1.0, 1.0], "lev": [5.0, 7.0, 6.0]}, {"n": 213, "months": 21.44956140350877, "eq": 2340.0649626219783, "growth": 0.03963618065633027, "liq": false, "maxdd": 0.970674393950908, "tpm": 9.930272978223087, "sl_hits": 19, "worst_mae": -0.10555220961365297, "win": 0.8779342723004695, "max_hold_days": 3.8833333333333333, "in_market": 0.09831880687046314, "score": -0.1303441082532274}]], "evaluated": 93800, "seed_base": 1005}