{
 "cand": {
  "strategy": "v7",
  "mode": "lev",
  "regs": [
   {
    "xApt2Long": 0.01,
    "eXS": 1.0,
    "rsiValLong": 85.0,
    "xDur1Long": 174.55101335541343,
    "ptLong": 0.0085945986374672,
    "xApt1Short": 0.002346944679688885,
    "xCdPeriodShort": 42.603994585417986,
    "eXL": 1.0,
    "zXLmax": -0.5616074706877037,
    "bbValLong": -0.2929892151286884,
    "dur2Short": 360.0,
    "cdPeriodLong": 44.32458990343994,
    "vEmaDn": 3.0,
    "xApt1Long": 0.015,
    "vEmaUp": 4.0,
    "trendBlockZ": 3.0,
    "zL": -1.9692142050041102,
    "zS": 0.9314232238720759,
    "vBB": 2.0,
    "vMacd": 0.0,
    "apt2Short": 0.009563811882178494,
    "ptShort": 0.027944210539215485,
    "xCdPctShort": 0.0025998651024043582,
    "xTpShort": 0.007163488062343411,
    "xDur1Short": 189.1011291221574,
    "xApt2Short": 0.003084758950623824,
    "apt1Short": 0.017260899279227557,
    "slLong": 0.02,
    "apt2Long": 0.0,
    "cdPeriodShort": 231.576107289966,
    "leverage": 8.4089735462113,
    "apt1Long": 0.008082393637188974,
    "eS3": 1.0,
    "dur2Long": 130.71465159075487,
    "vRsi": 3.0,
    "xTpLong": 0.01909638563786217,
    "rsiValShort": 86.19139444189292,
    "dur1Long": 90.0,
    "xDur2Long": 720.0,
    "xMinBetween": 7.783154823319487,
    "vX": 0.0,
    "requireHistPos": 0.0,
    "slShort": 0.09434921643555319,
    "dur1Short": 22.088056861117977,
    "bbValShort": 0.8786809387158201,
    "zXS": 1.5133627715629896,
    "cdPctLong": 0.009394131480096136,
    "vHistN": 3.0,
    "xDur2Short": 142.90223913162515,
    "eL3": 1.0,
    "cdPctShort": 0.007571879730521201
   },
   {
    "xApt2Long": 0.01,
    "eXS": 0.0,
    "rsiValLong": 61.64132457751487,
    "xDur1Long": 154.17190229789844,
    "ptLong": 0.019514468214820283,
    "xApt1Short": 0.015,
    "xCdPeriodShort": 24.616692917933904,
    "eXL": 1.0,
    "zXLmax": -2.5,
    "bbValLong": -0.2179925181740483,
    "dur2Short": 227.78163762246578,
    "cdPeriodLong": 84.34374080072263,
    "vEmaDn": 4.0,
    "xApt1Long": 0.00727318735018464,
    "vEmaUp": 3.0,
    "trendBlockZ": 1.5,
    "zL": -2.1817799493443015,
    "zS": 1.6872655532968144,
    "vBB": 1.0,
    "vMacd": 0.0,
    "apt2Short": 0.014693021949211472,
    "ptShort": 0.019758699807098955,
    "xCdPctShort": 0.0076756770784071945,
    "xTpShort": 0.00641302377595275,
    "xDur1Short": 193.6858462109402,
    "xApt2Short": 0.01,
    "apt1Short": 0.017789980221395853,
    "slLong": 0.056903773221444756,
    "apt2Long": 0.0050191816242861256,
    "cdPeriodShort": 79.9254430720326,
    "leverage": 7.980715616307842,
    "apt1Long": 0.02,
    "eS3": 1.0,
    "dur2Long": 244.8062318177672,
    "vRsi": 4.0,
    "xTpLong": 0.004599067219460997,
    "rsiValShort": 55.20246595785882,
    "dur1Long": 64.79472510618551,
    "xDur2Long": 41.67095140446992,
    "xMinBetween": 5.862446840787149,
    "vX": 1.0,
    "requireHistPos": 0.0,
    "slShort": 0.12,
    "dur1Short": 14.168187217236923,
    "bbValShort": 1.2439706320723611,
    "zXS": 1.7922667090258275,
    "cdPctLong": 0.007804699081308257,
    "vHistN": 2.0,
    "xDur2Short": 484.5307507839434,
    "eL3": 1.0,
    "cdPctShort": 0.009086962016545058
   },
   {
    "xApt2Long": 0.007392947843341895,
    "eXS": 1.0,
    "rsiValLong": 51.683417447308216,
    "xDur1Long": 14.072210605265802,
    "ptLong": 0.0059434378562004415,
    "xApt1Short": 0.005797285914513571,
    "xCdPeriodShort": 120.0,
    "eXL": 0.0,
    "zXLmax": 0.043862100592133274,
    "bbValLong": 0.1439575964596354,
    "dur2Short": 76.06905289648085,
    "cdPeriodLong": 240.0,
    "vEmaDn": 0.0,
    "xApt1Long": 0.008142552778420018,
    "vEmaUp": 4.0,
    "trendBlockZ": 99.0,
    "zL": -2.257239291877809,
    "zS": 1.9283407070030165,
    "vBB": 2.0,
    "vMacd": 2.0,
    "apt2Short": 0.0,
    "ptShort": 0.013028516050232534,
    "xCdPctShort": 0.0015432034089458274,
    "xTpShort": 0.01566993930775685,
    "xDur1Short": 64.98473606600005,
    "xApt2Short": 0.009656266530626642,
    "apt1Short": 0.013091991810709433,
    "slLong": 0.09634123596021768,
    "apt2Long": 0.014747495600679669,
    "cdPeriodShort": 240.0,
    "leverage": 8.063435102683718,
    "apt1Long": 0.014553789576313172,
    "eS3": 0.0,
    "dur2Long": 360.0,
    "vRsi": 0.0,
    "xTpLong": 0.008347281141093253,
    "rsiValShort": 64.09386656057367,
    "dur1Long": 55.20007485401194,
    "xDur2Long": 319.99031226081877,
    "xMinBetween": 13.741004843582791,
    "vX": 1.0,
    "requireHistPos": 1.0,
    "slShort": 0.02,
    "dur1Short": 38.164392869618865,
    "bbValShort": 1.0411821098320144,
    "zXS": 1.3746886735459896,
    "cdPctLong": 0.010785513877931795,
    "vHistN": 1.0,
    "xDur2Short": 58.35044264109054,
    "eL3": 1.0,
    "cdPctShort": 0.0012824504898574297
   }
  ]
 },
 "metrics": {
  "n": 93,
  "months": 14.81640625,
  "eq": 4930303.137279436,
  "growth": 0.5739013637965268,
  "liq": false,
  "maxdd": 0.2997319837566327,
  "tpm": 6.276825731610862,
  "sl_hits": 0,
  "worst_mae": -0.06641466309173216,
  "win": 1.0,
  "max_hold_days": 1.1104166666666666,
  "in_market": 0.034652938700561055,
  "score": 0.7344506524621716
 },
 "strategy": "v7",
 "mode": "lev",
 "method": "vol3",
 "algo": "genetic",
 "per_regime": true,
 "train_end": "2025-09-01",
 "holdout_days": null,
 "max_dd": 0.3,
 "max_hold_days": 7.0,
 "gap_mode": "skip_contaminated",
 "scoring": "underwater",
 "anchor": null,
 "anchor_strength": 0.0,
 "evaluated": 1001000,
 "generated": "2026-07-11 09:49",
 "holdout": {
  "n": 1,
  "months": 2.1842105263157894,
  "eq": 0.0,
  "growth": -12.650347016931143,
  "liq": true,
  "maxdd": 1.0,
  "tpm": 0.45783132530120485,
  "sl_hits": 0,
  "worst_mae": -0.11092057865380661,
  "win": 0.0,
  "max_hold_days": 66.25625,
  "in_market": 1.120105421686747,
  "score": -13.210399727774517
 },
 "holdout_scan": {
  "scanned": 451,
  "pool": 598,
  "reservoir": 298,
  "survivors": 2
 },
 "holdout_survivors": [
  {
   "rank": 354,
   "train_score": 0.012332653177888436,
   "holdout": {
    "n": 39,
    "months": 9.656661184210527,
    "eq": 1889.085882987227,
    "growth": 0.06587090922433665,
    "liq": false,
    "maxdd": 0.3575293676360692,
    "tpm": 4.038662976367894,
    "sl_hits": 0,
    "worst_mae": -0.09629368988974907,
    "win": 1.0,
    "max_hold_days": 6.702083333333333,
    "in_market": 0.08125044354552552,
    "score": -0.0007257991062524921
   }
  },
  {
   "rank": 397,
   "train_score": 0.14918667847413364,
   "holdout": {
    "n": 13,
    "months": 9.656661184210527,
    "eq": 1652.672749676134,
    "growth": 0.05202562418606261,
    "liq": false,
    "maxdd": 0.4852522083796317,
    "tpm": 1.3462209921226314,
    "sl_hits": 0,
    "worst_mae": -0.06240139274250589,
    "win": 1.0,
    "max_hold_days": 2.3208333333333333,
    "in_market": 0.013859910581222056,
    "score": 0.0522518847834768
   }
  }
 ],
 "holdout_top10": [
  {
   "rank": 392,
   "train_score": 0.33272742593603355,
   "holdout": {
    "n": 41,
    "months": 9.656661184210527,
    "eq": 10911.39320947074,
    "growth": 0.24747761636558258,
    "liq": false,
    "maxdd": 0.8861932289634487,
    "tpm": 4.2457738982329145,
    "sl_hits": 0,
    "worst_mae": -0.11054892039771724,
    "win": 1.0,
    "max_hold_days": 8.560416666666667,
    "in_market": 0.14986871052444822,
    "score": 0.14019879256072848
   }
  },
  {
   "rank": 402,
   "train_score": 0.3054281811215903,
   "holdout": {
    "n": 37,
    "months": 9.656661184210527,
    "eq": 6752.74730832238,
    "growth": 0.1977856936559164,
    "liq": false,
    "maxdd": 0.7958755552549884,
    "tpm": 3.8315520545028736,
    "sl_hits": 0,
    "worst_mae": -0.11054892039771724,
    "win": 0.972972972972973,
    "max_hold_days": 8.560416666666667,
    "in_market": 0.1367894400681286,
    "score": 0.08786332228757512
   }
  },
  {
   "rank": 451,
   "train_score": 0.2402848355912073,
   "holdout": {
    "n": 30,
    "months": 9.656661184210527,
    "eq": 6487.608204378241,
    "growth": 0.1936377275318085,
    "liq": false,