{
 "cand": {
  "strategy": "v7",
  "mode": "lev",
  "regs": [
   {
    "zS": 2.010349567495666,
    "xTpShort": 0.001,
    "eS3": 1.0,
    "xDur1Short": 190.32705842876814,
    "xCdPeriodShort": 40.36388701191498,
    "xDur2Long": 174.8579620881908,
    "xTpLong": 0.02,
    "zL": -2.5221421594454263,
    "dur1Short": 35.64881416785476,
    "xDur2Short": 446.90505422828346,
    "ptLong": 0.02361524303441049,
    "xDur1Long": 240.0,
    "zXS": 1.1050900248330031,
    "bbValShort": 0.8598595838316271,
    "bbValLong": 0.30000589513430326,
    "trendBlockZ": 99.0,
    "vX": 0.0,
    "rsiValShort": 88.0097279418566,
    "cdPeriodShort": 202.45391314566515,
    "dur1Long": 32.27356544368502,
    "apt2Short": 0.012700477604952638,
    "dur2Short": 360.0,
    "ptShort": 0.008481842945089807,
    "vEmaDn": 3.0,
    "xApt2Short": 0.0062129572015017865,
    "xApt1Short": 0.001131656460364671,
    "eL3": 1.0,
    "slShort": 0.10734455590549202,
    "apt1Long": 0.015559987831247825,
    "apt2Long": 0.006041778122670843,
    "leverage": 9.737818069495074,
    "eXL": 1.0,
    "vEmaUp": 3.0,
    "rsiValLong": 75.8156039064566,
    "slLong": 0.07357114805282611,
    "cdPctLong": 0.007120969347439993,
    "requireHistPos": 1.0,
    "zXLmax": 0.37192901257189903,
    "cdPeriodLong": 93.7983299008695,
    "xMinBetween": 8.126385526613664,
    "dur2Long": 170.16869809584378,
    "vMacd": 1.0,
    "xApt1Long": 0.0005,
    "xApt2Long": 0.00918930902338298,
    "apt1Short": 0.00887728743818956,
    "vRsi": 1.0,
    "vBB": 3.0,
    "vHistN": 3.0,
    "xCdPctShort": 0.005090143377702534,
    "cdPctShort": 0.003958777472963966,
    "eXS": 0.0
   },
   {
    "zS": 1.6962537691913258,
    "xTpShort": 0.012615727687228663,
    "eS3": 1.0,
    "xDur1Short": 139.61230181552327,
    "xCdPeriodShort": 23.9748450985487,
    "xDur2Long": 71.60478524197809,
    "xTpLong": 0.008114077062620777,
    "zL": -2.6096737323109074,
    "dur1Short": 82.70272175564374,
    "xDur2Short": 457.77656754832987,
    "ptLong": 0.02299512073612582,
    "xDur1Long": 24.34443382785021,
    "zXS": 2.046977606556209,
    "bbValShort": 0.8271579609862755,
    "bbValLong": 0.12912187481355442,
    "trendBlockZ": 3.0,
    "vX": 4.0,
    "rsiValShort": 50.0,
    "cdPeriodShort": 109.83657733037325,
    "dur1Long": 5.268099582495546,
    "apt2Short": 0.005377943446872733,
    "dur2Short": 287.8333600506699,
    "ptShort": 0.02246759712510021,
    "vEmaDn": 4.0,
    "xApt2Short": 0.006198679459918762,
    "xApt1Short": 0.005072069939004701,
    "eL3": 1.0,
    "slShort": 0.09146354983246929,
    "apt1Long": 0.018391788109452942,
    "apt2Long": 0.006181370497716009,
    "leverage": 10.0,
    "eXL": 1.0,
    "vEmaUp": 3.0,
    "rsiValLong": 85.0,
    "slLong": 0.05244413846727842,
    "cdPctLong": 0.007586440581480351,
    "requireHistPos": 0.0,
    "zXLmax": -1.3167528314884147,
    "cdPeriodLong": 194.28048892643386,
    "xMinBetween": 25.978790422891873,
    "dur2Long": 360.0,
    "vMacd": 0.0,
    "xApt1Long": 0.013320419001550983,
    "xApt2Long": 0.009284247819076104,
    "apt1Short": 0.015234493848663313,
    "vRsi": 1.0,
    "vBB": 2.0,
    "vHistN": 3.0,
    "xCdPctShort": 0.008329785492369202,
    "cdPctShort": 0.0066298071497044395,
    "eXS": 0.0
   },
   {
    "zS": 1.2233770045083596,
    "xTpShort": 0.01413442044298958,
    "eS3": 1.0,
    "xDur1Short": 169.14049808222072,
    "xCdPeriodShort": 53.44665622917444,
    "xDur2Long": 424.6267714917799,
    "xTpLong": 0.019339121240716017,
    "zL": -1.7772004644825536,
    "dur1Short": 18.783301891642964,
    "xDur2Short": 609.3429296144456,
    "ptLong": 0.03,
    "xDur1Long": 213.9095019255262,
    "zXS": 2.1875412913915184,
    "bbValShort": 1.035073875140287,
    "bbValLong": 0.07900318046005993,
    "trendBlockZ": 2.0,
    "vX": 4.0,
    "rsiValShort": 66.1247361686964,
    "cdPeriodShort": 10.0,
    "dur1Long": 74.23683047635949,
    "apt2Short": 0.00453320070455424,
    "dur2Short": 203.81094244929395,
    "ptShort": 0.017192546162686867,
    "vEmaDn": 4.0,
    "xApt2Short": 0.006839115211557828,
    "xApt1Short": 0.004125364132539496,
    "eL3": 1.0,
    "slShort": 0.052137051190827476,
    "apt1Long": 0.01727085109810437,
    "apt2Long": 0.000644733483196686,
    "leverage": 10.0,
    "eXL": 1.0,
    "vEmaUp": 4.0,
    "rsiValLong": 36.769898429745545,
    "slLong": 0.0761937386968583,
    "cdPctLong": 0.012,
    "requireHistPos": 0.0,
    "zXLmax": -1.0834845649142353,
    "cdPeriodLong": 98.82819250462848,
    "xMinBetween": 1.868390248830384,
    "dur2Long": 126.70274626572744,
    "vMacd": 4.0,
    "xApt1Long": 0.013872883839377863,
    "xApt2Long": 0.01,
    "apt1Short": 0.02,
    "vRsi": 0.0,
    "vBB": 1.0,
    "vHistN": 3.0,
    "xCdPctShort": 0.0016112842311865401,
    "cdPctShort": 0.010565406981999245,
    "eXS": 0.0
   }
  ]
 },
 "metrics": {
  "n": 154,
  "months": 14.81640625,
  "eq": 202835259693.89612,
  "growth": 1.2909948847371115,
  "liq": false,
  "maxdd": 0.5462451751600139,
  "tpm": 10.39388346954917,
  "sl_hits": 0,
  "worst_mae": -0.05428111480028164,
  "win": 1.0,
  "max_hold_days": 2.65625,
  "in_market": 0.08828821328300979,
  "score": 1.2303390018719453
 },
 "strategy": "v7",
 "mode": "lev",
 "method": "vol3",
 "algo": "genetic",
 "per_regime": true,
 "train_end": "2025-09-01",
 "holdout_days": null,
 "max_dd": 0.55,
 "max_hold_days": 7.0,
 "gap_mode": "skip_contaminated",
 "scoring": "classic",
 "anchor": null,
 "anchor_strength": 0.0,
 "evaluated": 201600,
 "generated": "2026-07-17 13:08",
 "holdout": {
  "n": 12,
  "months": 2.1842105263157894,
  "eq": 0.0,
  "growth": -12.650347016931143,
  "liq": true,
  "maxdd": 1.0,
  "tpm": 5.493975903614458,
  "sl_hits": 0,
  "worst_mae": -0.092,
  "win": 0.9166666666666666,
  "max_hold_days": 27.833333333333332,
  "in_market": 0.6152735943775101,
  "score": -12.650347016931143
 },
 "holdout_scan": {
  "scanned": 595,
  "pool": 595,
  "reservoir": 295,
  "survivors": 4
 },
 "holdout_survivors": [
  {
   "rank": 536,
   "train_score": 0.16049982857362205,
   "holdout": {
    "n": 57,
    "months": 9.656661184210527,
    "eq": 4116.808933714251,
    "growth": 0.14653908898859308,
    "liq": false,
    "maxdd": 0.396363977967799,
    "tpm": 5.902661273153075,
    "sl_hits": 0,
    "worst_mae": -0.11582595302271836,
    "win": 1.0,
    "max_hold_days": 6.23125,
    "in_market": 0.12163792491661345,
    "score": 0.09332166324058676
   }
  },
  {
   "rank": 315,
   "train_score": 0.07982212648556077,
   "holdout": {
    "n": 37,
    "months": 9.656661184210527,
    "eq": 2631.873495127761,
    "growth": 0.10021019995286085,
    "liq": false,
    "maxdd": 0.6479219384406515,
    "tpm": 3.8315520545028736,
    "sl_hits": 0,
    "worst_mae": -0.22926248579622321,
    "win": 1.0,
    "max_hold_days": 6.225,
    "in_market": 0.10332836562344759,
    "score": 0.08105472160723146
   }
  },
  {
   "rank": 313,
   "train_score": 0.06845981334397425,
   "holdout": {
    "n": 39,
    "months": 9.656661184210527,
    "eq": 2352.2246531237092,
    "growth": 0.08857735866901059,
    "liq": false,
    "maxdd": 0.3705313910923474,
    "tpm": 4.038662976367894,
    "sl_hits": 0,
    "worst_mae": -0.22926248579622321,
    "win": 1.0,
    "max_hold_days": 6.222916666666666,
    "in_market": 0.0883045915832801,
    "score": 0.05708513283512518
   }
  },
  {
   "rank": 411,
   "train_score": 0.06375371561199948,
   "holdout": {
    "n": 26,
    "months": 9.656661184210527,
    "eq": 2080.5792651555635,
    "growth": 0.07586953024741916,
    "liq": false,
    "maxdd": 0.3476893777568106,
    "tpm": 2.6924419842452627,
    "sl_hits": 0,
    "worst_mae": -0.0914048606994664,
    "win": 0.9615384615384616,
    "max_hold_days": 6.23125,
    "in_market": 0.05912284436874601,
    "score": 0.05736088835315564
   }
  }
 ],
 "holdout_top10": [
  {
   "rank": 536,
   "train_score": 0.16049982857362205,
   "holdout": {
    "n": 57,
    "months": 9.656661184210527,
    "eq": 4116.808933714251,