{
 "cand": {
  "strategy": "v7",
  "mode": "lev",
  "regs": [
   {
    "xApt2Long": 0.009417114524650896,
    "cdPctShort": 0.0012777083061104838,
    "eXS": 0.0,
    "bbValShort": 1.0298001856423706,
    "xTpShort": 0.008308060918798443,
    "xMinBetween": 23.904219439861457,
    "rsiValLong": 64.84866855997019,
    "ptLong": 0.02830818850344294,
    "xDur1Short": 56.56774482811613,
    "slLong": 0.11865383125685751,
    "rsiValShort": 86.55174211325016,
    "zL": -2.0853271301375367,
    "dur2Long": 120.1330187645953,
    "requireHistPos": 0.0,
    "vEmaDn": 3.0,
    "xTpLong": 0.011224592594762916,
    "vMacd": 0.0,
    "apt2Short": 0.006381916450278442,
    "xCdPctShort": 0.0038321216537549807,
    "apt1Long": 0.018497878112512325,
    "zXS": 3.0,
    "xCdPeriodShort": 18.985819598808,
    "eS3": 0.0,
    "vX": 3.0,
    "xDur1Long": 100.94716588045817,
    "dur1Short": 2.1194925133037517,
    "zS": 2.9464608129505083,
    "bbValLong": 0.13237375341044788,
    "vEmaUp": 1.0,
    "xApt2Short": 0.0018655285175611452,
    "vHistN": 2.0,
    "xDur2Short": 110.11546508204222,
    "xDur2Long": 673.1080904611811,
    "eL3": 1.0,
    "xApt1Short": 0.010288579965695942,
    "leverage": 4.0,
    "eXL": 1.0,
    "apt2Long": 0.006388120190969174,
    "trendBlockZ": 3.0,
    "zXLmax": -2.3555653249795423,
    "cdPeriodLong": 127.91241582410143,
    "xApt1Long": 0.013067904298108902,
    "vRsi": 5.0,
    "cdPeriodShort": 105.1731850041793,
    "vBB": 0.0,
    "ptShort": 0.024644048974103293,
    "apt1Short": 0.01601569220862991,
    "dur1Long": 4.3629006284063845,
    "slShort": 0.1181494218317122,
    "dur2Short": 315.1643009234002,
    "cdPctLong": 0.00999433862150742
   },
   {
    "xApt2Long": 0.008843823329832808,
    "cdPctShort": 0.007001175167572594,
    "eXS": 1.0,
    "bbValShort": 1.1464287389079568,
    "xTpShort": 0.017415270233165636,
    "xMinBetween": 27.024185862252274,
    "rsiValLong": 64.89979943788775,
    "ptLong": 0.01484198019314396,
    "xDur1Short": 36.65536339878884,
    "slLong": 0.09796976275693627,
    "rsiValShort": 90.0,
    "zL": -1.3043777972312958,
    "dur2Long": 230.1784863987788,
    "requireHistPos": 0.0,
    "vEmaDn": 2.0,
    "xTpLong": 0.010179689735458918,
    "vMacd": 4.0,
    "apt2Short": 0.006032581853408924,
    "xCdPctShort": 0.0028331140128131367,
    "apt1Long": 0.013453523182131848,
    "zXS": 2.55675821115658,
    "xCdPeriodShort": 13.666046561348177,
    "eS3": 1.0,
    "vX": 4.0,
    "xDur1Long": 24.66491820952024,
    "dur1Short": 50.67294949240394,
    "zS": 2.9629706725506813,
    "bbValLong": -0.2109383788556743,
    "vEmaUp": 0.0,
    "xApt2Short": 0.00623354984232045,
    "vHistN": 3.0,
    "xDur2Short": 30.0,
    "xDur2Long": 720.0,
    "eL3": 0.0,
    "xApt1Short": 0.0069936337125475374,
    "leverage": 4.0,
    "eXL": 1.0,
    "apt2Long": 0.01197382842430802,
    "trendBlockZ": 3.0,
    "zXLmax": 0.24366985410807548,
    "cdPeriodLong": 176.42795033924523,
    "xApt1Long": 0.015,
    "vRsi": 0.0,
    "cdPeriodShort": 144.3494627767228,
    "vBB": 3.0,
    "ptShort": 0.0027668039225863085,
    "apt1Short": 0.009991052843740411,
    "dur1Long": 8.222518432884826,
    "slShort": 0.07279318842248478,
    "dur2Short": 305.20213181531136,
    "cdPctLong": 0.006456736396034137
   },
   {
    "xApt2Long": 0.009364896061564012,
    "cdPctShort": 0.004946934530116996,
    "eXS": 0.0,
    "bbValShort": 1.1667992528937825,
    "xTpShort": 0.012197646841910395,
    "xMinBetween": 3.145478616645721,
    "rsiValLong": 50.63854725700956,
    "ptLong": 0.03,
    "xDur1Short": 45.80624808628087,
    "slLong": 0.04621095770425698,
    "rsiValShort": 76.68370715573333,
    "zL": -1.5264727237243991,
    "dur2Long": 251.64191726139353,
    "requireHistPos": 1.0,
    "vEmaDn": 4.0,
    "xTpLong": 0.018721213228334966,
    "vMacd": 0.0,
    "apt2Short": 0.004347144030617652,
    "xCdPctShort": 0.0002,
    "apt1Long": 0.006489779689597653,
    "zXS": 1.1252473238960343,
    "xCdPeriodShort": 41.697140225442496,
    "eS3": 1.0,
    "vX": 4.0,
    "xDur1Long": 157.3447676593492,
    "dur1Short": 3.964692066793499,
    "zS": 1.5497413012110164,
    "bbValLong": -0.12525514319445746,
    "vEmaUp": 4.0,
    "xApt2Short": 0.006150921043134092,
    "vHistN": 3.0,
    "xDur2Short": 475.94137631278966,
    "xDur2Long": 244.8961050672804,
    "eL3": 1.0,
    "xApt1Short": 0.006379779493691571,
    "leverage": 4.0,
    "eXL": 1.0,
    "apt2Long": 0.01099343037039205,
    "trendBlockZ": 1.0,
    "zXLmax": -1.701230749033065,
    "cdPeriodLong": 124.59324560714268,
    "xApt1Long": 0.003137616378297063,
    "vRsi": 1.0,
    "cdPeriodShort": 10.0,
    "vBB": 4.0,
    "ptShort": 0.021349747863652166,
    "apt1Short": 0.001,
    "dur1Long": 11.876870718689961,
    "slShort": 0.12,
    "dur2Short": 164.16333565530388,
    "cdPctLong": 0.0029903296536527534
   }
  ]
 },
 "metrics": {
  "n": 91,
  "months": 14.81640625,
  "eq": 50580.3817347688,
  "growth": 0.2648121091011387,
  "liq": false,
  "maxdd": 0.5203947312426052,
  "tpm": 6.141840232006327,
  "sl_hits": 0,
  "worst_mae": -0.13737744562446275,
  "win": 1.0,
  "max_hold_days": 3.60625,
  "in_market": 0.08607268236502144,
  "score": 0.27212448773283643
 },
 "strategy": "v7",
 "mode": "lev",
 "method": "vol3",
 "algo": "genetic",
 "per_regime": true,
 "train_end": "2025-09-01",
 "holdout_days": null,
 "max_dd": null,
 "max_hold_days": 5.0,
 "gap_mode": "skip_contaminated",
 "scoring": "worst_window",
 "anchor": null,
 "anchor_strength": 0.0,
 "evaluated": 100800,
 "generated": "2026-07-20 15:27",
 "holdout": {
  "n": 8,
  "months": 2.1842105263157894,
  "eq": 0.0,
  "growth": -12.650347016931143,
  "liq": true,
  "maxdd": 1.0912878999183222,
  "tpm": 3.662650602409639,
  "sl_hits": 0,
  "worst_mae": -0.242,
  "win": 0.875,
  "max_hold_days": 28.414583333333333,
  "in_market": 0.5550953815261044,
  "score": -12.650347016931143
 },
 "holdout_scan": {
  "scanned": 422,
  "pool": 595,
  "reservoir": 295,
  "survivors": 1
 },
 "holdout_survivors": [
  {
   "rank": 354,
   "train_score": 0.011770330484192884,
   "holdout": {
    "n": 41,
    "months": 9.656661184210527,
    "eq": 1493.0711115545373,
    "growth": 0.041508668446857105,
    "liq": false,
    "maxdd": 0.1618744038265127,
    "tpm": 4.2457738982329145,
    "sl_hits": 0,
    "worst_mae": -0.0400679597904573,
    "win": 1.0,
    "max_hold_days": 1.3,
    "in_market": 0.013874104038038465,
    "score": 0.023534917299643077
   }
  }
 ],
 "holdout_top10": [
  {
   "rank": 308,
   "train_score": 0.15825890265009365,
   "holdout": {
    "n": 41,
    "months": 9.656661184210527,
    "eq": 4025.7496100783937,
    "growth": 0.14422284322621579,
    "liq": false,
    "maxdd": 0.614376407945935,
    "tpm": 4.2457738982329145,
    "sl_hits": 0,
    "worst_mae": -0.203491997505716,
    "win": 1.0,
    "max_hold_days": 55.675,
    "in_market": 0.4976084025264353,
    "score": 0.12987066802530803
   }
  },
  {
   "rank": 336,
   "train_score": 0.21064429963923045,
   "holdout": {
    "n": 26,
    "months": 9.656661184210527,
    "eq": 3679.317286278808,
    "growth": 0.13490451721211966,
    "liq": false,
    "maxdd": 0.5958941857260953,
    "tpm": 2.6924419842452627,
    "sl_hits": 0,
    "worst_mae": -0.22926248579622321,
    "win": 1.0,
    "max_hold_days": 163.875,
    "in_market": 0.6724505003193528,
    "score": 0.25958160199222924
   }
  },
  {
   "rank": 374,
   "train_score": 0.12069237403403991,
   "holdout": {
    "n": 29,
    "months": 9.656661184210527,
    "eq": 3290.2287690542526,
    "growth": 0.12333011113345482,
    "liq": false,
    "maxdd": 0.5958941857260953,
    "tpm": 3.0031083670427927,
    "sl_hits": 0,
    "worst_mae": -0.1525447378518855,
    "win": 1.0,
    "max_hold_days": 163.875,
    "in_market": 0.7189482648499042,
    "score": 0.16603385677773255
   }
  },
  {
   "rank": 351,
   "train_score": 0.07290765995319741,
   "holdout": {
    "n": 25,
    "months": 9.656661184210527,
    "eq": 3223.5078995174986,