{
 "cand": {
  "strategy": "v7",
  "mode": "lev",
  "regs": [
   {
    "zL": -2.1550011387886547,
    "zS": 2.222874107660694,
    "zXS": 1.0068062251540555,
    "zXLmax": -0.6767794028816179,
    "rsiValLong": 76.43720962656803,
    "rsiValShort": 52.46927000425586,
    "bbValLong": 0.19526529647369276,
    "bbValShort": 1.25,
    "ptLong": 0.02772774805940462,
    "apt1Long": 0.006591342755787834,
    "apt2Long": 0.004295842594289159,
    "dur1Long": 74.1029072689133,
    "dur2Long": 214.8735243964448,
    "ptShort": 0.002,
    "apt1Short": 0.012436380521397446,
    "apt2Short": 0.006487915367356473,
    "dur1Short": 87.83081844564012,
    "dur2Short": 360.0,
    "xTpLong": 0.01216661247747826,
    "xApt1Long": 0.01386302560820278,
    "xApt2Long": 0.005459542627025389,
    "xDur1Long": 188.697223759241,
    "xDur2Long": 590.4214157052331,
    "xTpShort": 0.01950749449951703,
    "xApt1Short": 0.010167869152134,
    "xApt2Short": 0.0,
    "xDur1Short": 183.32155190352617,
    "xDur2Short": 218.4109439425792,
    "cdPctLong": 0.005186113919119472,
    "cdPeriodLong": 100.05678739059238,
    "cdPctShort": 0.00726959045249006,
    "cdPeriodShort": 63.34471468391552,
    "xCdPctShort": 0.002112576808585419,
    "xCdPeriodShort": 38.12870989594693,
    "xMinBetween": 21.39976169536904,
    "slLong": 0.06624954454017853,
    "slShort": 0.028167927845537975,
    "leverage": 1.5495701411307006,
    "vRsi": 4,
    "vMacd": 1,
    "vBB": 3,
    "vEmaUp": 4,
    "vEmaDn": 2.0,
    "vX": 2.0,
    "vHistN": 1.0,
    "trendBlockZ": 1.0,
    "eL3": 1,
    "eS3": 0.0,
    "eXL": 1,
    "eXS": 1.0,
    "requireHistPos": 0.0
   },
   {
    "zL": -2.234365920033362,
    "zS": 1.3534418928365075,
    "zXS": 1.7645818567919205,
    "zXLmax": -0.5377102475958319,
    "rsiValLong": 44.72468412327827,
    "rsiValShort": 61.161418438417996,
    "bbValLong": 0.22451183266753041,
    "bbValShort": 1.013180816872771,
    "ptLong": 0.021683818137498475,
    "apt1Long": 0.012173841240172512,
    "apt2Long": 0.012032932581058043,
    "dur1Long": 20.277597002125795,
    "dur2Long": 204.45969846578967,
    "ptShort": 0.01596684345467056,
    "apt1Short": 0.005994928427540961,
    "apt2Short": 0.0030168141848248855,
    "dur1Short": 58.15426589154334,
    "dur2Short": 62.13317668777742,
    "xTpLong": 0.010795835402513528,
    "xApt1Long": 0.0021148413005061145,
    "xApt2Long": 0.009605360368038815,
    "xDur1Long": 33.4429279521809,
    "xDur2Long": 315.37329074859963,
    "xTpShort": 0.007140127477817733,
    "xApt1Short": 0.011978288898704422,
    "xApt2Short": 0.0009269056438452846,
    "xDur1Short": 99.99293715728047,
    "xDur2Short": 342.34362435283003,
    "cdPctLong": 0.0016894406307258775,
    "cdPeriodLong": 167.19974746396605,
    "cdPctShort": 0.0037092732390130445,
    "cdPeriodShort": 126.86886091966106,
    "xCdPctShort": 0.0049035160702961145,
    "xCdPeriodShort": 76.03146515000599,
    "xMinBetween": 29.39062748872089,
    "slLong": 0.11841992183961823,
    "slShort": 0.09407254708884856,
    "leverage": 3.8162789440232303,
    "vRsi": 4.0,
    "vMacd": 0.0,
    "vBB": 1.0,
    "vEmaUp": 4.0,
    "vEmaDn": 1.0,
    "vX": 2,
    "vHistN": 2.0,
    "trendBlockZ": 1.0,
    "eL3": 1.0,
    "eS3": 0.0,
    "eXL": 1.0,
    "eXS": 1,
    "requireHistPos": 1.0
   },
   {
    "zL": -1.0593824647130816,
    "zS": 2.5681234516175864,
    "zXS": 1.7005693563452917,
    "zXLmax": 0.46965594701076036,
    "rsiValLong": 47.310976596122295,
    "rsiValShort": 81.23810131638758,
    "bbValLong": 0.29200201331506703,
    "bbValShort": 1.2191741801550242,
    "ptLong": 0.006044678724414877,
    "apt1Long": 0.004836225654061031,
    "apt2Long": 0.0016150695262250449,
    "dur1Long": 49.78049946277385,
    "dur2Long": 124.0155465775689,
    "ptShort": 0.005230696365784214,
    "apt1Short": 0.00191938609789814,
    "apt2Short": 0.0006517185476679244,
    "dur1Short": 36.37482553486064,
    "dur2Short": 270.9995636522657,
    "xTpLong": 0.018990761616124188,
    "xApt1Long": 0.007918534703113751,
    "xApt2Long": 0.008727317684774938,
    "xDur1Long": 131.488305190974,
    "xDur2Long": 213.19912305480298,
    "xTpShort": 0.019873111222735666,
    "xApt1Short": 0.0016871493195617629,
    "xApt2Short": 0.009951695935894294,
    "xDur1Short": 94.38268631233743,
    "xDur2Short": 98.1111323861019,
    "cdPctLong": 0.0044131412129548245,
    "cdPeriodLong": 57.46692116485534,
    "cdPctShort": 0.004596948253137485,
    "cdPeriodShort": 86.81355239489312,
    "xCdPctShort": 0.005496483325050177,
    "xCdPeriodShort": 7.618762290377907,
    "xMinBetween": 20.79209282246236,
    "slLong": 0.058690324676774965,
    "slShort": 0.08513249493232684,
    "leverage": 10.0,
    "vRsi": 4.0,
    "vMacd": 0.0,
    "vBB": 0,
    "vEmaUp": 2,
    "vEmaDn": 2.0,
    "vX": 2,
    "vHistN": 1.0,
    "trendBlockZ": 3.0,
    "eL3": 1,
    "eS3": 0.0,
    "eXL": 1,
    "eXS": 1,
    "requireHistPos": 0.0
   }
  ]
 },
 "metrics": {
  "n": 185,
  "months": 14.81640625,
  "eq": 5897034249.011317,
  "growth": 1.0522092773229745,
  "liq": false,
  "maxdd": 0.7385414840926738,
  "tpm": 12.486158713419456,
  "sl_hits": 0,
  "worst_mae": -0.34524874557547924,
  "win": 1.0,
  "score": 2.8815535573874955
 },
 "strategy": "v7",
 "mode": "lev",
 "method": "vol3",
 "algo": "refine",
 "per_regime": true,
 "train_end": "2025-09-01",
 "evaluated": 100800,
 "generated": "2026-07-06 08:30",
 "holdout": {
  "n": 10,
  "months": 2.1842105263157894,
  "eq": 0.0,
  "growth": -12.650347016931143,
  "liq": true,
  "maxdd": 1.0,
  "tpm": 4.578313253012048,
  "sl_hits": 0,
  "worst_mae": -0.13738950957957563,
  "win": 0.9,
  "score": -12.650347016931143
 }
}