{
 "cand": {
  "strategy": "v7",
  "mode": "lev",
  "regs": [
   {
    "xDur1Long": 172.76348565464932,
    "vBB": 0.0,
    "rsiValShort": 60.46492666433175,
    "cdPeriodLong": 10.0,
    "xCdPctShort": 0.00038875788456320696,
    "eS3": 1.0,
    "rsiValLong": 70.36510548614727,
    "cdPeriodShort": 240.0,
    "xDur2Long": 178.74631906543112,
    "ptLong": 0.027751873469101747,
    "slShort": 0.02,
    "requireHistPos": 1.0,
    "zS": 1.6818511558369522,
    "vX": 3.0,
    "vMacd": 1.0,
    "xCdPeriodShort": 21.671487071711645,
    "apt1Short": 0.001,
    "xTpShort": 0.01887478563018991,
    "cdPctShort": 0.010443467505263194,
    "bbValShort": 0.8619901785937468,
    "eL3": 1.0,
    "zL": -2.4205470438012067,
    "xApt2Short": 0.0013710677678353776,
    "leverage": 7.214408624112409,
    "ptShort": 0.0263927188833559,
    "zXLmax": -0.48149151496021525,
    "apt2Long": 0.0055274136230454764,
    "xApt1Long": 0.004507535229085297,
    "dur2Short": 153.97886272771976,
    "apt1Long": 0.003354337340273441,
    "xDur1Short": 215.5714736449283,
    "xApt1Short": 0.010452375393022375,
    "dur1Short": 41.74159674728381,
    "xTpLong": 0.016398490090260658,
    "vEmaDn": 3.0,
    "xDur2Short": 381.2961837954396,
    "eXS": 0.0,
    "bbValLong": 0.09708916177721309,
    "xApt2Long": 0.007776136319589339,
    "dur2Long": 164.85218608899814,
    "vHistN": 3.0,
    "apt2Short": 0.006009602658681124,
    "trendBlockZ": 3.0,
    "vRsi": 0.0,
    "cdPctLong": 0.006642418604762151,
    "dur1Long": 71.61219427918991,
    "zXS": 2.246805260439918,
    "eXL": 0.0,
    "xMinBetween": 1.0,
    "slLong": 0.02,
    "vEmaUp": 3.0
   },
   {
    "xDur1Long": 96.75718625600746,
    "vBB": 2.0,
    "rsiValShort": 51.869875538295815,
    "cdPeriodLong": 89.85833772544149,
    "xCdPctShort": 0.008604821571040968,
    "eS3": 1.0,
    "rsiValLong": 54.86169739021794,
    "cdPeriodShort": 177.71599132537494,
    "xDur2Long": 451.00746522411697,
    "ptLong": 0.004163984830679169,
    "slShort": 0.057210215403635745,
    "requireHistPos": 0.0,
    "zS": 1.6233785263441298,
    "vX": 3.0,
    "vMacd": 3.0,
    "xCdPeriodShort": 3.0,
    "apt1Short": 0.011532117245692386,
    "xTpShort": 0.0021859029742523684,
    "cdPctShort": 0.011415573507844286,
    "bbValShort": 0.9570223457679939,
    "eL3": 1.0,
    "zL": -2.9708502106179324,
    "xApt2Short": 0.0037845674344359126,
    "leverage": 8.672844336144912,
    "ptShort": 0.02460279858534903,
    "zXLmax": -1.060440834310594,
    "apt2Long": 0.004057946792293969,
    "xApt1Long": 0.009628553912244273,
    "dur2Short": 189.9094931567436,
    "apt1Long": 0.00543467352872992,
    "xDur1Short": 79.68072054624959,
    "xApt1Short": 0.009064651211483508,
    "dur1Short": 81.26642044553567,
    "xTpLong": 0.001,
    "vEmaDn": 4.0,
    "xDur2Short": 179.08976763338472,
    "eXS": 1.0,
    "bbValLong": 0.35,
    "xApt2Long": 0.0005446289645309264,
    "dur2Long": 187.15827558545817,
    "vHistN": 0.0,
    "apt2Short": 0.0,
    "trendBlockZ": 2.0,
    "vRsi": 2.0,
    "cdPctLong": 0.0005,
    "dur1Long": 87.85654893561573,
    "zXS": 2.452004174463217,
    "eXL": 0.0,
    "xMinBetween": 4.775418506154488,
    "slLong": 0.11151210264041568,
    "vEmaUp": 3.0
   },
   {
    "xDur1Long": 170.55818759354722,
    "vBB": 4.0,
    "rsiValShort": 60.35149092291581,
    "cdPeriodLong": 112.74282283026898,
    "xCdPctShort": 0.003982356021796736,
    "eS3": 0.0,
    "rsiValLong": 80.36232923493286,
    "cdPeriodShort": 148.95702247780045,
    "xDur2Long": 548.0806425139898,
    "ptLong": 0.013878080820327422,
    "slShort": 0.08879747267725917,
    "requireHistPos": 1.0,
    "zS": 3.0,
    "vX": 4.0,
    "vMacd": 3.0,
    "xCdPeriodShort": 94.4168607165117,
    "apt1Short": 0.012205525005094345,
    "xTpShort": 0.016937402677014875,
    "cdPctShort": 0.009201517948001331,
    "bbValShort": 0.9346467782746116,
    "eL3": 1.0,
    "zL": -1.2701004972526078,
    "xApt2Short": 0.00431022333066434,
    "leverage": 8.27380252991029,
    "ptShort": 0.029191785921265763,
    "zXLmax": -1.1490179977863721,
    "apt2Long": 0.009520637713707215,
    "xApt1Long": 0.0005,
    "dur2Short": 162.11651188383286,
    "apt1Long": 0.01322233420609598,
    "xDur1Short": 139.55248195117176,
    "xApt1Short": 0.012229375811704354,
    "dur1Short": 23.02081697480357,
    "xTpLong": 0.017128320200913226,
    "vEmaDn": 4.0,
    "xDur2Short": 327.3930613071588,
    "eXS": 0.0,
    "bbValLong": 0.31567892587464375,
    "xApt2Long": 0.004156713625824712,
    "dur2Long": 187.85695851426027,
    "vHistN": 3.0,
    "apt2Short": 0.009296138687298689,
    "trendBlockZ": 1.0,
    "vRsi": 5.0,
    "cdPctLong": 0.004741809154249194,
    "dur1Long": 11.254870582423685,
    "zXS": 2.0596727780268287,
    "eXL": 1.0,
    "xMinBetween": 27.895863824428364,
    "slLong": 0.11300214060472458,
    "vEmaUp": 3.0
   }
  ]
 },
 "metrics": {
  "n": 202,
  "months": 14.81640625,
  "eq": 41394947.87024851,
  "growth": 0.7175096268872406,
  "liq": false,
  "maxdd": 0.4922941854066207,
  "tpm": 13.633535460058,
  "sl_hits": 0,
  "worst_mae": -0.058207758220421235,
  "win": 0.9851485148514851,
  "max_hold_days": 2.65625,
  "in_market": 0.06783964921531353,
  "score": 0.5669802217745925
 },
 "strategy": "v7",
 "mode": "lev",
 "method": "vol3",
 "algo": "genetic",
 "per_regime": true,
 "train_end": "2025-09-01",
 "holdout_days": null,
 "max_dd": 0.5,
 "max_hold_days": 7.0,
 "gap_mode": "skip_contaminated",
 "scoring": "underwater",
 "anchor": null,
 "anchor_strength": 0.0,
 "evaluated": 100800,
 "generated": "2026-07-12 01:04",
 "holdout": {
  "n": 31,
  "months": 2.1842105263157894,
  "eq": 0.0,
  "growth": -12.650347016931143,
  "liq": true,
  "maxdd": 1.0,
  "tpm": 14.19277108433735,
  "sl_hits": 0,
  "worst_mae": -0.11286341151906157,
  "win": 0.9354838709677419,
  "max_hold_days": 26.585416666666667,
  "in_market": 0.4831199799196787,
  "score": -12.891907006890982
 },
 "holdout_scan": {
  "scanned": 392,
  "pool": 588,
  "reservoir": 288,
  "survivors": 8
 },
 "holdout_survivors": [
  {
   "rank": 376,
   "train_score": 0.19557592670413926,
   "holdout": {
    "n": 60,
    "months": 9.656661184210527,
    "eq": 12030.839282594567,
    "growth": 0.2575914434506628,
    "liq": false,
    "maxdd": 0.8280246208254065,
    "tpm": 6.213327655950606,
    "sl_hits": 0,
    "worst_mae": -0.08463185879920254,
    "win": 1.0,
    "max_hold_days": 2.966666666666667,
    "in_market": 0.04434745582286566,
    "score": 0.15128153107298328
   }
  },
  {
   "rank": 392,
   "train_score": 0.1815130739301615,
   "holdout": {
    "n": 45,
    "months": 9.656661184210527,
    "eq": 5392.277462347141,
    "growth": 0.1744876203373048,
    "liq": false,
    "maxdd": 0.374948879714153,
    "tpm": 4.6599957419629545,
    "sl_hits": 0,
    "worst_mae": -0.05034566897112647,
    "win": 0.9555555555555556,
    "max_hold_days": 0.8125,
    "in_market": 0.025974025974025976,
    "score": 0.1120877452837955
   }
  },
  {
   "rank": 303,
   "train_score": 0.10301408481090549,
   "holdout": {
    "n": 54,
    "months": 9.656661184210527,
    "eq": 4847.165450381033,
    "growth": 0.16345132761376002,
    "liq": false,
    "maxdd": 0.4805788407454507,
    "tpm": 5.591994890355545,
    "sl_hits": 0,
    "worst_mae": -0.06377083422140761,
    "win": 0.9814814814814815,
    "max_hold_days": 3.2104166666666667,
    "in_market": 0.04743453268043432,
    "score": 0.08249164219406661
   }
  },
  {
   "rank": 329,
   "train_score": 0.1002515330273977,
   "holdout": {
    "n": 57,
    "months": 9.656661184210527,
    "eq": 3127.13258599268,
    "growth": 0.11806528739171628,
    "liq": false,
    "maxdd": 0.613668872418886,
    "tpm": 5.902661273153075,
    "sl_hits": 0,
    "worst_mae": -0.08463185879920254,
    "win": 0.9824561403508771,
    "max_hold_days": 2.966666666666667,
    "in_market": 0.030721737279114328,
    "score": 0.0837765954581666
   }
  },
  {
   "rank": 333,
   "train_score": 0.0628567594340173,