{
 "cand": {
  "strategy": "v7",
  "mode": "lev",
  "regs": [
   {
    "zXLmax": 0.4544114180722873,
    "apt1Long": 0.013904539563598002,
    "vEmaUp": 4.0,
    "bbValShort": 1.2497758573253737,
    "xDur2Long": 720.0,
    "vHistN": 0.0,
    "eXL": 0.0,
    "vMacd": 2.0,
    "xTpLong": 0.009057520227258517,
    "apt1Short": 0.016244056822517585,
    "dur1Long": 45.21032270189824,
    "eXS": 0.0,
    "trendBlockZ": 1.5,
    "zL": -2.517531615318211,
    "xApt1Short": 0.009914775352370158,
    "ptLong": 0.027957744681420055,
    "dur1Short": 34.096328926186935,
    "vBB": 1.0,
    "cdPeriodShort": 132.11596003886197,
    "apt2Long": 0.001686620917443748,
    "apt2Short": 0.004415971825522565,
    "vEmaDn": 0.0,
    "slLong": 0.08287966474143642,
    "slShort": 0.07512674682008104,
    "bbValLong": -0.35,
    "cdPctLong": 0.0012530857525854286,
    "rsiValLong": 78.8994522114862,
    "zS": 1.8680701975066332,
    "dur2Short": 10.0,
    "eS3": 0.0,
    "dur2Long": 310.92405613064204,
    "rsiValShort": 71.27655333500216,
    "xTpShort": 0.017300963544728917,
    "zXS": 2.970316287528103,
    "vX": 4.0,
    "xMinBetween": 17.63301420741076,
    "cdPeriodLong": 119.35616960840281,
    "leverage": 1.0,
    "xDur1Short": 56.94304941743824,
    "xCdPeriodShort": 3.0,
    "eL3": 1.0,
    "xCdPctShort": 0.0002,
    "xDur2Short": 581.1136792454874,
    "vRsi": 3.0,
    "xApt2Long": 0.006938698976287238,
    "xApt2Short": 0.00688476702347582,
    "xDur1Long": 68.6250250189485,
    "ptShort": 0.03,
    "xApt1Long": 0.009376862820241524,
    "requireHistPos": 1.0,
    "cdPctShort": 0.005163111739742046
   },
   {
    "zXLmax": -0.24259819197885998,
    "apt1Long": 0.017344280765932654,
    "vEmaUp": 1.0,
    "bbValShort": 0.6157754238164732,
    "xDur2Long": 99.79467719583428,
    "vHistN": 1.0,
    "eXL": 0.0,
    "vMacd": 4.0,
    "xTpLong": 0.015926529009987766,
    "apt1Short": 0.005494816639255367,
    "dur1Long": 4.924674449655235,
    "eXS": 0.0,
    "trendBlockZ": 99.0,
    "zL": -2.4333697403445,
    "xApt1Short": 0.013319234661289005,
    "ptLong": 0.026802180005880433,
    "dur1Short": 49.18550913534026,
    "vBB": 4.0,
    "cdPeriodShort": 55.105749093207024,
    "apt2Long": 0.009965736319812261,
    "apt2Short": 0.006530254995764185,
    "vEmaDn": 3.0,
    "slLong": 0.11088887740389712,
    "slShort": 0.10890151286694069,
    "bbValLong": -0.03393393571971329,
    "cdPctLong": 0.003460754202200094,
    "rsiValLong": 75.35212035137418,
    "zS": 2.6169645148461163,
    "dur2Short": 140.414657726996,
    "eS3": 1.0,
    "dur2Long": 10.0,
    "rsiValShort": 69.64041544530309,
    "xTpShort": 0.015424694906820354,
    "zXS": 1.8892739763378703,
    "vX": 0.0,
    "xMinBetween": 14.719532315612657,
    "cdPeriodLong": 225.08509900255578,
    "leverage": 1.0,
    "xDur1Short": 102.46723853984389,
    "xCdPeriodShort": 79.23750836217759,
    "eL3": 1.0,
    "xCdPctShort": 0.01,
    "xDur2Short": 72.74507069141708,
    "vRsi": 1.0,
    "xApt2Long": 0.01,
    "xApt2Short": 0.009238513329737784,
    "xDur1Long": 98.80931103068792,
    "ptShort": 0.002,
    "xApt1Long": 0.010828531971597827,
    "requireHistPos": 1.0,
    "cdPctShort": 0.004663057446109951
   },
   {
    "zXLmax": 0.15806148737558767,
    "apt1Long": 0.012584239423001894,
    "vEmaUp": 4.0,
    "bbValShort": 1.1450868625577593,
    "xDur2Long": 605.8790825325372,
    "vHistN": 3.0,
    "eXL": 1.0,
    "vMacd": 1.0,
    "xTpLong": 0.02,
    "apt1Short": 0.00994144210019356,
    "dur1Long": 0.6,
    "eXS": 1.0,
    "trendBlockZ": 99.0,
    "zL": -2.8911072231766815,
    "xApt1Short": 0.015,
    "ptLong": 0.029359758406470992,
    "dur1Short": 34.51313561688178,
    "vBB": 0.0,
    "cdPeriodShort": 97.57904968505976,
    "apt2Long": 0.015,
    "apt2Short": 0.00926566226807206,
    "vEmaDn": 4.0,
    "slLong": 0.04743329221048845,
    "slShort": 0.10907199721216006,
    "bbValLong": 0.061619360132295554,
    "cdPctLong": 0.0073422429396629565,
    "rsiValLong": 40.17322127215371,
    "zS": 0.8,
    "dur2Short": 28.529886583385718,
    "eS3": 1.0,
    "dur2Long": 133.84232922247787,
    "rsiValShort": 83.33176472456688,
    "xTpShort": 0.009982695349889641,
    "zXS": 2.387735620546841,
    "vX": 0.0,
    "xMinBetween": 13.570796137070847,
    "cdPeriodLong": 72.0230702821841,
    "leverage": 9.0,
    "xDur1Short": 26.131510865526014,
    "xCdPeriodShort": 48.0625114186969,
    "eL3": 1.0,
    "xCdPctShort": 0.00832987398592421,
    "xDur2Short": 720.0,
    "vRsi": 2.0,
    "xApt2Long": 0.004093037863672254,
    "xApt2Short": 0.009611113451441815,
    "xDur1Long": 240.0,
    "ptShort": 0.02446345188380362,
    "xApt1Long": 0.014629781726112916,
    "requireHistPos": 1.0,
    "cdPctShort": 0.005168989154268656
   }
  ]
 },
 "metrics": {
  "n": 66,
  "months": 12.310032894736842,
  "eq": 2792013.0573236793,
  "growth": 0.6445570217733207,
  "liq": false,
  "maxdd": 0.5360628660093102,
  "tpm": 5.361480392811811,
  "sl_hits": 0,
  "worst_mae": -0.06030718652077871,
  "win": 1.0,
  "max_hold_days": 4.6625,
  "in_market": 0.06452223484089341,
  "score": 0.6678648152395571
 },
 "strategy": "v7",
 "mode": "lev",
 "method": "vol3",
 "algo": "genetic",
 "per_regime": true,
 "train_end": null,
 "holdout_days": 42.0,
 "max_dd": null,
 "max_hold_days": 5.0,
 "gap_mode": "skip_contaminated",
 "scoring": "classic",
 "anchor": null,
 "anchor_strength": 0.0,
 "evaluated": 100800,
 "generated": "2026-07-20 21:46",
 "holdout": {
  "n": 10,
  "months": 4.131921600877193,
  "eq": 0.0,
  "growth": -6.6872084673781265,
  "liq": true,
  "maxdd": 1.0,
  "tpm": 2.420181447265852,
  "sl_hits": 0,
  "worst_mae": -0.1031111111111111,
  "win": 0.9,
  "max_hold_days": 6.116666666666666,
  "in_market": 0.0772726518833032,
  "score": -19.205347310607927
 },
 "holdout_scan": {
  "scanned": 597,
  "pool": 597,
  "reservoir": 297,
  "survivors": 1
 },
 "holdout_survivors": [
  {
   "rank": 313,
   "train_score": 0.11938742510148126,
   "holdout": {
    "n": 25,
    "months": 12.163034539473683,
    "eq": 4962.0119760502,
    "growth": 0.13169503824240994,
    "liq": false,
    "maxdd": 0.537816979051819,
    "tpm": 2.055408123594936,
    "sl_hits": 0,
    "worst_mae": -0.06039737196232098,
    "win": 1.0,
    "max_hold_days": 1.7875,
    "in_market": 0.01953426525357358,
    "score": 0.1154923246044937
   }
  }
 ],
 "holdout_top10": [
  {
   "rank": 313,
   "train_score": 0.11938742510148126,
   "holdout": {
    "n": 25,
    "months": 12.163034539473683,
    "eq": 4962.0119760502,
    "growth": 0.13169503824240994,
    "liq": false,
    "maxdd": 0.537816979051819,
    "tpm": 2.055408123594936,
    "sl_hits": 0,
    "worst_mae": -0.06039737196232098,
    "win": 1.0,
    "max_hold_days": 1.7875,
    "in_market": 0.01953426525357358,
    "score": 0.1154923246044937
   }
  },
  {
   "rank": 447,
   "train_score": 0.10565162721051245,
   "holdout": {
    "n": 22,
    "months": 12.163034539473683,
    "eq": 2388.4552347483504,
    "growth": 0.07158138118025499,
    "liq": false,
    "maxdd": 0.8902096046696736,
    "tpm": 1.8087591487635437,
    "sl_hits": 0,
    "worst_mae": -0.2235687650800613,
    "win": 1.0,
    "max_hold_days": 20.710416666666667,
    "in_market": 0.11956638100550475,
    "score": 0.05521017152569818
   }
  },
  {
   "rank": 395,
   "train_score": 0.02188849281629468,
   "holdout": {
    "n": 27,
    "months": 12.163034539473683,
    "eq": 1491.4437012729309,
    "growth": 0.032865530109452465,
    "liq": false,
    "maxdd": 0.6167277032481475,
    "tpm": 2.219840773482531,
    "sl_hits": 0,
    "worst_mae": -0.24376656633271931,
    "win": 0.9629629629629629,
    "max_hold_days": 30.81875,
    "in_market": 0.12582613546086105,
    "score": 0.025117214349791396
   }
  },
  {
   "rank": 1,
   "train_score": 0.6678648152395571,
   "holdout": {
    "n": 10,
    "months": 4.131921600877193,
    "eq": 0.0,
    "growth": -6.6872084673781265,
    "liq": true,
    "maxdd": 1.0,
    "tpm": 2.420181447265852,
    "sl_hits": 0,