{
 "cand": {
  "strategy": "macdx",
  "tpL": [
   0.038651081868685995,
   0.0676682116287826,
   0.03912974946038363
  ],
  "tpS": [
   0.027069907604279794,
   0.021226767622397676,
   0.023060632787070594
  ],
  "slL": [
   0.03174514380598828,
   0.06632373429671688,
   0.021964810709285337
  ],
  "slS": [
   0.029192096254558694,
   0.010295674958128054,
   0.032105460858441175
  ],
  "minT": [
   80.38593337295443,
   90.68479851539306,
   73.69615943829312
  ],
  "mMinS": [
   0.35658591004304785,
   0.25712919502085063,
   0.17716847572275873
  ],
  "mMaxL": [
   -0.492384790553061,
   -0.2669604889182979,
   -0.35451926822095603
  ],
  "hrb": [
   2.0,
   1.0,
   7.0
  ],
  "reqH": [
   1.0,
   0.0,
   0.0
  ],
  "a1L": [
   0.0,
   0.007380750901080432,
   0.004427180496249773
  ],
  "a2L": [
   0.0,
   0.0023253517553587775,
   0.0038872654740105565
  ],
  "d1L": [
   18.419654040713233,
   12.480370625766378,
   31.675305519126006
  ],
  "d2L": [
   23.932027117889675,
   24.0,
   31.959906374127694
  ],
  "cdPL": [
   0.08835770009758823,
   0.07567215946011611,
   0.07062374409643685
  ],
  "cdTL": [
   6.94802702793399,
   7.469010657979439,
   1.0
  ],
  "a1S": [
   0.02690533558342375,
   0.014858737335678373,
   0.006205391239288909
  ],
  "a2S": [
   0.010881645208535233,
   0.0,
   0.0
  ],
  "d1S": [
   12.952307296144777,
   17.94854742829015,
   11.824030823985783
  ],
  "d2S": [
   13.91569713330158,
   24.0,
   16.60480448654001
  ],
  "cdPS": [
   0.05253117320956996,
   0.05224945855518433,
   0.09
  ],
  "cdTS": [
   87.85444687735725,
   162.97086685531588,
   58.345113956021095
  ],
  "eL": [
   1.0,
   1.0,
   1.0
  ],
  "eS": [
   1.0,
   1.0,
   1.0
  ],
  "lev": [
   10.0,
   10.0,
   10.0
  ]
 },
 "metrics": {
  "n": 103,
  "months": 12.555235745614036,
  "eq": 58399742.83185219,
  "growth": 0.8741426276345632,
  "liq": false,
  "maxdd": 0.6103054028098335,
  "tpm": 8.203748785520125,
  "sl_hits": 24,
  "worst_mae": -0.05473537604456813,
  "win": 0.7572815533980582,
  "max_hold_days": 2.38125,
  "in_market": 0.1173433184502691,
  "score": 0.6378271732924325
 },
 "strategy": "macdx",
 "mode": "lev",
 "method": "trend3",
 "algo": "genetic",
 "per_regime": true,
 "train_end": null,
 "holdout_days": 21.0,
 "max_dd": null,
 "max_hold_days": 5.0,
 "gap_mode": "skip_contaminated",
 "scoring": "recent",
 "anchor": null,
 "anchor_strength": 0.0,
 "evaluated": 100800,
 "generated": "2026-07-20 21:01",
 "holdout": {
  "n": 99,
  "months": 11.91467927631579,
  "eq": 53.80279306093999,
  "growth": -0.24527977881371688,
  "liq": false,
  "maxdd": 0.9536498849119907,
  "tpm": 8.309078046002796,
  "sl_hits": 42,
  "worst_mae": -0.06926437429537757,
  "win": 0.5757575757575758,
  "max_hold_days": 2.1625,
  "in_market": 0.14927038577237878,
  "score": -0.3018415481416518
 },
 "holdout_scan": {
  "scanned": 11,
  "pool": 595,
  "reservoir": 295,
  "survivors": 10
 },
 "holdout_survivors": [
  {
   "rank": 1,
   "train_score": 0.6378271732924325,
   "holdout": {
    "n": 99,
    "months": 11.91467927631579,
    "eq": 53.80279306093999,
    "growth": -0.24527977881371688,
    "liq": false,
    "maxdd": 0.9536498849119907,
    "tpm": 8.309078046002796,
    "sl_hits": 42,
    "worst_mae": -0.06926437429537757,
    "win": 0.5757575757575758,
    "max_hold_days": 2.1625,
    "in_market": 0.14927038577237878,
    "score": -0.3018415481416518
   }
  },
  {
   "rank": 8,
   "train_score": 0.6287422342645825,
   "holdout": {
    "n": 101,
    "months": 11.91467927631579,
    "eq": 38.900966856699114,
    "growth": -0.27249883093307736,
    "liq": false,
    "maxdd": 0.9775519176082039,
    "tpm": 8.476938208548306,
    "sl_hits": 42,
    "worst_mae": -0.05816958408503592,
    "win": 0.5742574257425742,
    "max_hold_days": 2.127083333333333,
    "in_market": 0.148948285679775,
    "score": -0.3902049702003294
   }
  },
  {
   "rank": 5,
   "train_score": 0.6307292774226841,
   "holdout": {
    "n": 98,
    "months": 11.91467927631579,
    "eq": 32.38833164782372,
    "growth": -0.2878765744196196,
    "liq": false,
    "maxdd": 0.9724991780541796,
    "tpm": 8.22514796473004,
    "sl_hits": 43,
    "worst_mae": -0.07335118376550165,
    "win": 0.5612244897959183,
    "max_hold_days": 2.15625,
    "in_market": 0.14951771262919952,
    "score": -0.3191701261368307
   }
  },
  {
   "rank": 10,
   "train_score": 0.6273622292579576,
   "holdout": {
    "n": 99,
    "months": 11.91467927631579,
    "eq": 30.37550857365603,
    "growth": -0.29326166095310935,
    "liq": false,
    "maxdd": 0.9792912530889739,
    "tpm": 8.309078046002796,
    "sl_hits": 43,
    "worst_mae": -0.06926437429537757,
    "win": 0.5656565656565656,
    "max_hold_days": 2.1479166666666667,
    "in_market": 0.14897129282924668,
    "score": -0.30640090370468565
   }
  },
  {
   "rank": 7,
   "train_score": 0.6298638861103726,
   "holdout": {
    "n": 99,
    "months": 11.91467927631579,
    "eq": 26.88565799042959,
    "growth": -0.3035047952948373,
    "liq": false,
    "maxdd": 0.9818824729975517,
    "tpm": 8.309078046002796,
    "sl_hits": 43,
    "worst_mae": -0.06788978672671875,
    "win": 0.5656565656565656,
    "max_hold_days": 2.1333333333333333,
    "in_market": 0.15406737643722787,
    "score": -0.3253238858537228
   }
  },
  {
   "rank": 3,
   "train_score": 0.6368552787731852,
   "holdout": {
    "n": 98,
    "months": 11.91467927631579,
    "eq": 20.31296479988043,
    "growth": -0.32703322064605234,
    "liq": false,
    "maxdd": 0.9822425355343481,
    "tpm": 8.22514796473004,
    "sl_hits": 44,
    "worst_mae": -0.07335118376550165,
    "win": 0.5510204081632653,
    "max_hold_days": 2.15625,
    "in_market": 0.15256615993419956,
    "score": -0.29117683027239655
   }
  },
  {
   "rank": 11,
   "train_score": 0.6270185803814101,
   "holdout": {
    "n": 99,
    "months": 11.91467927631579,
    "eq": 16.570904043125697,
    "growth": -0.344122304504856,
    "liq": false,
    "maxdd": 0.9830848172095503,
    "tpm": 8.309078046002796,
    "sl_hits": 44,
    "worst_mae": -0.06926437429537757,
    "win": 0.5555555555555556,
    "max_hold_days": 2.1479166666666667,
    "in_market": 0.15127200777641653,
    "score": -0.3278939291092705
   }
  },
  {
   "rank": 6,
   "train_score": 0.6300397006891358,
   "holdout": {
    "n": 99,
    "months": 11.91467927631579,
    "eq": 13.218862362733262,
    "growth": -0.36309080607122834,
    "liq": false,
    "maxdd": 0.9865065012406378,
    "tpm": 8.309078046002796,
    "sl_hits": 43,
    "worst_mae": -0.07335118376550165,
    "win": 0.5555555555555556,
    "max_hold_days": 2.15625,
    "in_market": 0.15261217423314294,
    "score": -0.3355561969847568
   }
  },
  {
   "rank": 4,
   "train_score": 0.6308457941767409,
   "holdout": {
    "n": 101,
    "months": 11.91467927631579,
    "eq": 9.054610403292365,
    "growth": -0.3948474906507097,
    "liq": false,
    "maxdd": 0.9946379997122199,
    "tpm": 8.476938208548306,
    "sl_hits": 46,
    "worst_mae": -0.0880365999657945,
    "win": 0.5445544554455446,
    "max_hold_days": 2.13125,
    "in_market": 0.1339763831610673,
    "score": -0.3672561479993579
   }
  },
  {
   "rank": 9,
   "train_score": 0.6278344886368459,
   "holdout": {
    "n": 99,
    "months": 11.91467927631579,
    "eq": 7.2368237928904575,
    "growth": -0.4136555216621913,
    "liq": false,
    "maxdd": 0.992612823237619,
    "tpm": 8.309078046002796,
    "sl_hits": 43,
    "worst_mae": -0.08286358511837655,
    "win": 0.5656565656565656,
    "max_hold_days": 2.410416666666667,
    "in_market": 0.15949706371254868,
    "score": -0.3414260107985222
   }
  }
 ],
 "holdout_top10": [
  {
   "rank": 1,
   "train_score": 0.6378271732924325,
   "holdout": {
    "n": 99,
    "months": 11.91467927631579,
    "eq": 53.80279306093999,
    "growth": -0.24527977881371688,
    "liq": false,
    "maxdd": 0.9536498849119907,
    "tpm": 8.309078046002796,
    "sl_hits": 42,
    "worst_mae": -0.06926437429537757,