{
 "cand": {
  "strategy": "v7",
  "mode": "lev",
  "regs": [
   {
    "apt1Long": 0.011930786608844324,
    "apt1Short": 0.0018084044589744706,
    "apt2Long": 0.0,
    "apt2Short": 0.004459944947969362,
    "bbValLong": 0.1929432760607496,
    "bbValShort": 0.7533660897413786,
    "cdPctLong": 0.010376220574672907,
    "cdPctShort": 0.008526700899016892,
    "cdPeriodLong": 85.25078402806832,
    "cdPeriodShort": 67.7621441304335,
    "dur1Long": 80.50639438280986,
    "dur1Short": 48.09634111214914,
    "dur2Long": 196.7300923489063,
    "dur2Short": 216.12750755869473,
    "leverage": 1.440244450492333,
    "ptLong": 0.020463132029651734,
    "ptShort": 0.026112800840077416,
    "rsiValLong": 38.302444738506395,
    "rsiValShort": 90.0,
    "slLong": 0.052883677144914515,
    "slShort": 0.04108751614930122,
    "xApt1Long": 0.007650208491864052,
    "xApt1Short": 0.0018843323453575616,
    "xApt2Long": 0.009441249258518662,
    "xApt2Short": 0.0015409957703755074,
    "xCdPctShort": 0.006722925967233032,
    "xCdPeriodShort": 26.04368384916087,
    "xDur1Long": 87.25934912360054,
    "xDur1Short": 161.42579230886804,
    "xDur2Long": 482.1615899127227,
    "xDur2Short": 446.83726973685026,
    "xMinBetween": 12.970999622041974,
    "xTpLong": 0.009355034983282839,
    "xTpShort": 0.011662694841815036,
    "zL": -1.7681817895234506,
    "zS": 2.172954062304192,
    "zXLmax": -0.6612675561130037,
    "zXS": 2.7221148504816726,
    "trendBlockZ": 2.0,
    "vBB": 1.0,
    "vEmaDn": 4.0,
    "vEmaUp": 3.0,
    "vHistN": 2.0,
    "vMacd": 0.0,
    "vRsi": 1.0,
    "vX": 4.0,
    "eL3": 0.0,
    "eS3": 1.0,
    "eXL": 1.0,
    "eXS": 0.0,
    "requireHistPos": 1.0
   },
   {
    "apt1Long": 0.005410498235368199,
    "apt1Short": 0.02,
    "apt2Long": 0.0033039598508534597,
    "apt2Short": 0.0017720601034555469,
    "bbValLong": 0.30494115433517877,
    "bbValShort": 1.1279180938745386,
    "cdPctLong": 0.00858284312594694,
    "cdPctShort": 0.004975964525334465,
    "cdPeriodLong": 10.0,
    "cdPeriodShort": 33.235889688517126,
    "dur1Long": 18.493978816208042,
    "dur1Short": 50.67596945250679,
    "dur2Long": 25.440865703194277,
    "dur2Short": 86.5390503974852,
    "leverage": 1.504421304468453,
    "ptLong": 0.015325918326462051,
    "ptShort": 0.004066423307280949,
    "rsiValLong": 74.68827892706278,
    "rsiValShort": 70.3166779346407,
    "slLong": 0.07569702021237709,
    "slShort": 0.031352851996280455,
    "xApt1Long": 0.007940619614679824,
    "xApt1Short": 0.011032483068638823,
    "xApt2Long": 0.002428860807791448,
    "xApt2Short": 0.0044999782375489805,
    "xCdPctShort": 0.004667707352524202,
    "xCdPeriodShort": 106.9017094378576,
    "xDur1Long": 161.21431795344176,
    "xDur1Short": 196.71994986293026,
    "xDur2Long": 692.5710994421686,
    "xDur2Short": 599.9278700396699,
    "xMinBetween": 20.135843331823843,
    "xTpLong": 0.015200659383850687,
    "xTpShort": 0.011904384389688785,
    "zL": -2.6421039985858683,
    "zS": 1.6499709861014538,
    "zXLmax": -1.1208292416265824,
    "zXS": 1.2901798187826585,
    "trendBlockZ": 1.0,
    "vBB": 2.0,
    "vEmaDn": 3.0,
    "vEmaUp": 2.0,
    "vHistN": 3.0,
    "vMacd": 2.0,
    "vRsi": 2.0,
    "vX": 2.0,
    "eL3": 1.0,
    "eS3": 0.0,
    "eXL": 1.0,
    "eXS": 1.0,
    "requireHistPos": 0.0
   },
   {
    "apt1Long": 0.0011082778776677455,
    "apt1Short": 0.003579628573141783,
    "apt2Long": 0.008586934627511623,
    "apt2Short": 0.0014399268713197006,
    "bbValLong": -0.06548735314840104,
    "bbValShort": 0.8451619640529485,
    "cdPctLong": 0.011955774890008637,
    "cdPctShort": 0.0019242223377276162,
    "cdPeriodLong": 98.51436792674588,
    "cdPeriodShort": 195.65421404067956,
    "dur1Long": 70.64065686856313,
    "dur1Short": 27.46506735836097,
    "dur2Long": 271.2774997495081,
    "dur2Short": 313.8326174409794,
    "leverage": 1.4754420360740275,
    "ptLong": 0.013974757887354115,
    "ptShort": 0.02412452485685653,
    "rsiValLong": 45.130029022361356,
    "rsiValShort": 86.29147949996812,
    "slLong": 0.09646485644893785,
    "slShort": 0.11040596898260535,
    "xApt1Long": 0.010174797994007055,
    "xApt1Short": 0.0009530255618420072,
    "xApt2Long": 0.009409820488735872,
    "xApt2Short": 0.00040835718514924097,
    "xCdPctShort": 0.0025240272606550456,
    "xCdPeriodShort": 16.202273306386143,
    "xDur1Long": 211.83592765640603,
    "xDur1Short": 186.76117383054637,
    "xDur2Long": 419.83176480330576,
    "xDur2Short": 156.31227315844552,
    "xMinBetween": 3.4428914589763906,
    "xTpLong": 0.015137326570073113,
    "xTpShort": 0.004616490088219261,
    "zL": -2.3845122476847895,
    "zS": 2.092227807360929,
    "zXLmax": 0.26036358190889164,
    "zXS": 1.6353412226461645,
    "trendBlockZ": 99.0,
    "vBB": 0.0,
    "vEmaDn": 2.0,
    "vEmaUp": 4.0,
    "vHistN": 0.0,
    "vMacd": 4.0,
    "vRsi": 3.0,
    "vX": 2.0,
    "eL3": 1.0,
    "eS3": 1.0,
    "eXL": 1.0,
    "eXS": 1.0,
    "requireHistPos": 1.0
   }
  ]
 },
 "metrics": {
  "n": 111,
  "months": 14.81640625,
  "eq": 8286.57000864673,
  "growth": 0.14272260745172624,
  "liq": false,
  "maxdd": 0.4871362591494324,
  "tpm": 7.491695228051674,
  "sl_hits": 0,
  "worst_mae": -0.3387673331500176,
  "win": 1.0,
  "score": 0.3871543855503382
 },
 "strategy": "v7",
 "mode": "lev",
 "method": "vol3",
 "algo": "genetic",
 "per_regime": true,
 "train_end": "2025-09-01",
 "evaluated": 10080,
 "generated": "2026-07-06 12:32",
 "holdout": {
  "n": 47,
  "months": 9.656661184210527,
  "eq": 1881.0789623416695,
  "growth": 0.06543105492686055,
  "liq": false,
  "maxdd": 0.1532323549594167,
  "tpm": 4.8671066638279745,
  "sl_hits": 0,
  "worst_mae": -0.1067073170731706,
  "win": 1.0,
  "score": 0.12828322009547746
 },
 "holdout_best": {
  "rank": 10,
  "holdout": {
   "n": 77,
   "months": 9.656661184210527,
   "eq": 2160.5285450093456,
   "growth": 0.07977424845203046,
   "liq": false,
   "maxdd": 0.2139206739389535,
   "tpm": 7.973770491803278,
   "sl_hits": 0,
   "worst_mae": -0.13799098747471872,
   "win": 0.974025974025974,
   "score": 0.1307970542111415
  }
 }
}