{
 "cand": {
  "strategy": "v7",
  "mode": "lev",
  "regs": [
   {
    "apt1Long": 0.016649596415041126,
    "apt1Short": 0.003081822978323639,
    "apt2Long": 0.007298418602687269,
    "apt2Short": 0.003197974677629073,
    "bbValLong": 0.1424749364715383,
    "bbValShort": 0.7013371310151744,
    "cdPctLong": 0.0038025298231711174,
    "cdPctShort": 0.005463051825180061,
    "cdPeriodLong": 186.7770914677874,
    "cdPeriodShort": 54.48639126256502,
    "dur1Long": 15.698268068254908,
    "dur1Short": 29.57144122386362,
    "dur2Long": 330.36642542084246,
    "dur2Short": 36.595067842549994,
    "leverage": 1.5286962959689425,
    "ptLong": 0.018752456379825297,
    "ptShort": 0.025773141521257054,
    "rsiValLong": 70.32637794310834,
    "rsiValShort": 54.79281905704778,
    "slLong": 0.053954431667969316,
    "slShort": 0.0498470888607853,
    "xApt1Long": 0.015,
    "xApt1Short": 0.010862724949437142,
    "xApt2Long": 0.01,
    "xApt2Short": 0.008050208757442114,
    "xCdPctShort": 0.0013980278802102845,
    "xCdPeriodShort": 47.2277658925854,
    "xDur1Long": 76.27056422945489,
    "xDur1Short": 23.568366827173996,
    "xDur2Long": 687.4009440958033,
    "xDur2Short": 30.0,
    "xMinBetween": 1.9143558273772365,
    "xTpLong": 0.016528680039278272,
    "xTpShort": 0.009832073992542446,
    "zL": -1.3935251276503104,
    "zS": 2.622211137481534,
    "zXLmax": 0.2495515194969274,
    "zXS": 1.3488688867710341,
    "trendBlockZ": 2.0,
    "vBB": 0.0,
    "vEmaDn": 2.0,
    "vEmaUp": 4.0,
    "vHistN": 0.0,
    "vMacd": 0.0,
    "vRsi": 4.0,
    "vX": 4.0,
    "eL3": 1.0,
    "eS3": 1.0,
    "eXL": 1.0,
    "eXS": 0.0,
    "requireHistPos": 0.0
   },
   {
    "apt1Long": 0.001,
    "apt1Short": 0.02,
    "apt2Long": 0.0040398005524678125,
    "apt2Short": 0.0037705088854022442,
    "bbValLong": -0.24987788419336956,
    "bbValShort": 1.1122886823626215,
    "cdPctLong": 0.006243133395968286,
    "cdPctShort": 0.0051085520283161955,
    "cdPeriodLong": 140.84245260837005,
    "cdPeriodShort": 222.96312087989597,
    "dur1Long": 34.104623945869704,
    "dur1Short": 89.87091259144718,
    "dur2Long": 283.266397661587,
    "dur2Short": 39.34315432947919,
    "leverage": 1.6084575764504843,
    "ptLong": 0.005534047865984764,
    "ptShort": 0.026847181843462638,
    "rsiValLong": 36.17387634847951,
    "rsiValShort": 62.74099744060557,
    "slLong": 0.04062349604376796,
    "slShort": 0.04213602806283453,
    "xApt1Long": 0.008318626632289931,
    "xApt1Short": 0.010106808584586765,
    "xApt2Long": 0.007213377044419911,
    "xApt2Short": 0.01,
    "xCdPctShort": 0.00974008079459119,
    "xCdPeriodShort": 3.0,
    "xDur1Long": 56.29474617948318,
    "xDur1Short": 136.03412952061439,
    "xDur2Long": 583.26502920215,
    "xDur2Short": 720.0,
    "xMinBetween": 21.351968102054748,
    "xTpLong": 0.005099519167295812,
    "xTpShort": 0.017862239697005667,
    "zL": -1.8669505883052864,
    "zS": 0.8216371110207001,
    "zXLmax": 0.5,
    "zXS": 1.7149503243983824,
    "trendBlockZ": 1.0,
    "vBB": 1.0,
    "vEmaDn": 4.0,
    "vEmaUp": 3.0,
    "vHistN": 1.0,
    "vMacd": 3.0,
    "vRsi": 4.0,
    "vX": 1.0,
    "eL3": 0.0,
    "eS3": 0.0,
    "eXL": 1.0,
    "eXS": 1.0,
    "requireHistPos": 1.0
   },
   {
    "apt1Long": 0.02,
    "apt1Short": 0.008860126023549823,
    "apt2Long": 0.0021068363967530626,
    "apt2Short": 0.0007714471494114288,
    "bbValLong": 0.14711825623892077,
    "bbValShort": 0.6369285999598059,
    "cdPctLong": 0.009145407929256718,
    "cdPctShort": 0.01136742880853064,
    "cdPeriodLong": 35.2382606144882,
    "cdPeriodShort": 200.47779224527156,
    "dur1Long": 90.0,
    "dur1Short": 23.83727536361981,
    "dur2Long": 238.72795291548016,
    "dur2Short": 261.2177596770575,
    "leverage": 1.6742089506644182,
    "ptLong": 0.028673978000702427,
    "ptShort": 0.012780734384487534,
    "rsiValLong": 52.99447435737392,
    "rsiValShort": 78.70777313429564,
    "slLong": 0.09266120065020057,
    "slShort": 0.05829550448983791,
    "xApt1Long": 0.014142116410474297,
    "xApt1Short": 0.012898084676201455,
    "xApt2Long": 0.01,
    "xApt2Short": 0.0064687173649196445,
    "xCdPctShort": 0.01,
    "xCdPeriodShort": 3.0,
    "xDur1Long": 240.0,
    "xDur1Short": 101.05213851289164,
    "xDur2Long": 424.4039304018594,
    "xDur2Short": 637.1610964152334,
    "xMinBetween": 3.1662687444189475,
    "xTpLong": 0.01985646561850995,
    "xTpShort": 0.01085841986598222,
    "zL": -0.8819976901022836,
    "zS": 0.9913516516922897,
    "zXLmax": 0.288862946208012,
    "zXS": 1.2548124018480418,
    "trendBlockZ": 1.5,
    "vBB": 2.0,
    "vEmaDn": 4.0,
    "vEmaUp": 3.0,
    "vHistN": 0.0,
    "vMacd": 0.0,
    "vRsi": 2.0,
    "vX": 0.0,
    "eL3": 1.0,
    "eS3": 1.0,
    "eXL": 1.0,
    "eXS": 1.0,
    "requireHistPos": 1.0
   }
  ]
 },
 "metrics": {
  "n": 224,
  "months": 14.81640625,
  "eq": 180865.76428974935,
  "growth": 0.350810786006976,
  "liq": false,
  "maxdd": 0.5423991693876001,
  "tpm": 15.118375955707883,
  "sl_hits": 0,
  "worst_mae": -0.35349694665284015,
  "win": 1.0,
  "score": 0.8552553443802633
 },
 "strategy": "v7",
 "mode": "lev",
 "method": "vol3_7d",
 "algo": "genetic",
 "per_regime": true,
 "train_end": "2025-09-01",
 "holdout_days": null,
 "max_dd": null,
 "evaluated": 100800,
 "generated": "2026-07-07 17:08",
 "holdout": {
  "n": 64,
  "months": 9.656661184210527,
  "eq": 3250.8103574531156,
  "growth": 0.1220819788048297,
  "liq": false,
  "maxdd": 0.31067850118108153,
  "tpm": 6.627549499680646,
  "sl_hits": 0,
  "worst_mae": -0.18925639221205715,
  "win": 1.0,
  "score": 0.2152443441557208
 },
 "holdout_top10": [
  {
   "rank": 8,
   "train_score": 0.8493924629764805,
   "holdout": {
    "n": 70,
    "months": 9.656661184210527,
    "eq": 3469.419775550909,
    "growth": 0.12882168532065388,
    "liq": false,
    "maxdd": 0.31067850118108153,
    "tpm": 7.248882265275707,
    "sl_hits": 0,
    "worst_mae": -0.18925639221205715,
    "win": 0.9857142857142858,
    "score": 0.22348051197720478
   }
  },
  {
   "rank": 4,
   "train_score": 0.8506796602392174,
   "holdout": {
    "n": 62,
    "months": 9.656661184210527,
    "eq": 3282.6504729533945,
    "growth": 0.12309131949750553,
    "liq": false,
    "maxdd": 0.3106785011810817,
    "tpm": 6.420438577815626,
    "sl_hits": 0,
    "worst_mae": -0.18925639221205715,
    "win": 1.0,
    "score": 0.22061127915745374
   }
  },
  {
   "rank": 1,
   "train_score": 0.8552553443802633,
   "holdout": {
    "n": 64,
    "months": 9.656661184210527,
    "eq": 3250.8103574531156,
    "growth": 0.1220819788048297,
    "liq": false,
    "maxdd": 0.31067850118108153,
    "tpm": 6.627549499680646,
    "sl_hits": 0,
    "worst_mae": -0.18925639221205715,
    "win": 1.0,
    "score": 0.2152443441557208
   }
  },
  {
   "rank": 6,
   "train_score": 0.8500872911521772,
   "holdout": {
    "n": 65,
    "months": 9.656661184210527,
    "eq": 3238.896779524482,
    "growth": 0.12170177137370652,
    "liq": false,
    "maxdd": 0.31067850118108165,
    "tpm": 6.731104960613156,
    "sl_hits": 0,
    "worst_mae": -0.18925639221205715,
    "win": 1.0,
    "score": 0.21629453481389213
   }
  },
  {
   "rank": 2,
   "train_score": 0.8546483851478079,
   "holdout": {
    "n": 63,
    "months": 9.656661184210527,
    "eq": 3171.2272371569356,
    "growth": 0.11951528918871865,
    "liq": false,
    "maxdd": 0.3106785011810816,
    "tpm": 6.523994038748136,
    "sl_hits": 0,
    "worst_mae": -0.18925639221205715,
    "win": 1.0,
    "score": 0.20960090818223304
   }
  },
  {
   "rank": 9,
   "train_score": 0.8465357213975319,
   "holdout": {
    "n": 62,
    "months": 9.656661184210527,
    "eq": 3108.523228313216,
    "growth": 0.11744719479946901,
    "liq": false,
    "maxdd": 0.31067850118108165,
    "tpm": 6.420438577815626,
    "sl_hits": 0,
    "worst_mae": -0.18925639221205715,
    "win": 1.0,
    "score": 0.20856028033651802
   }
  },
  {
   "rank": 7,