{
 "cand": {
  "strategy": "v7",
  "mode": "lev",
  "regs": [
   {
    "requireHistPos": 1.0,
    "cdPeriodShort": 136.40206326917908,
    "vMacd": 0.0,
    "xMinBetween": 1.879055081159878,
    "vX": 1.0,
    "eXS": 1.0,
    "xTpShort": 0.001,
    "dur2Long": 360.0,
    "xCdPeriodShort": 95.42454262696599,
    "rsiValLong": 79.89682865879227,
    "xTpLong": 0.009230285406089942,
    "ptLong": 0.02030995583994367,
    "apt1Long": 0.02,
    "eXL": 1.0,
    "xDur1Long": 51.70709923436367,
    "zL": -2.7693383664423914,
    "bbValLong": -0.011245651921935525,
    "xApt2Short": 0.0015114026912988348,
    "trendBlockZ": 1.5,
    "xDur2Long": 236.36435205239803,
    "dur1Long": 23.10677497694804,
    "vRsi": 2.0,
    "cdPctLong": 0.011247856733063534,
    "xApt1Short": 0.00696485506064706,
    "zS": 2.341110992517632,
    "eS3": 1.0,
    "vHistN": 3.0,
    "zXS": 2.8745281787436587,
    "xDur1Short": 229.04205158318868,
    "xDur2Short": 30.0,
    "zXLmax": -0.20058647041241606,
    "slLong": 0.11416702479135268,
    "cdPeriodLong": 11.995976197461074,
    "xApt1Long": 0.013678052163206333,
    "cdPctShort": 0.012,
    "vEmaDn": 3.0,
    "dur1Short": 72.30262398322839,
    "apt2Long": 0.013011712769073699,
    "vEmaUp": 3.0,
    "xCdPctShort": 0.0012290861083096183,
    "ptShort": 0.02420760687086515,
    "dur2Short": 101.32681924375972,
    "apt2Short": 0.010340491202232361,
    "rsiValShort": 78.70177480595167,
    "slShort": 0.06087372191860095,
    "bbValShort": 0.8235157869728534,
    "xApt2Long": 0.0036151971823978257,
    "vBB": 2.0,
    "leverage": 8.933631908061919,
    "apt1Short": 0.010500971696326212,
    "eL3": 1.0
   },
   {
    "requireHistPos": 1.0,
    "cdPeriodShort": 91.38896278203974,
    "vMacd": 2.0,
    "xMinBetween": 9.110241611399047,
    "vX": 1.0,
    "eXS": 1.0,
    "xTpShort": 0.011619375989562532,
    "dur2Long": 253.86527441921098,
    "xCdPeriodShort": 73.3410806367838,
    "rsiValLong": 82.23524172568503,
    "xTpLong": 0.01371227137348942,
    "ptLong": 0.006875966709682872,
    "apt1Long": 0.013285973578682816,
    "eXL": 0.0,
    "xDur1Long": 77.8426405402677,
    "zL": -0.8953518052121403,
    "bbValLong": 0.2895229889058428,
    "xApt2Short": 0.0009221490928646158,
    "trendBlockZ": 2.0,
    "xDur2Long": 213.0786842762168,
    "dur1Long": 0.6,
    "vRsi": 3.0,
    "cdPctLong": 0.010705386496631447,
    "xApt1Short": 0.004563008355838654,
    "zS": 1.5299120570920057,
    "eS3": 1.0,
    "vHistN": 1.0,
    "zXS": 2.1263359690238373,
    "xDur1Short": 11.23289684083468,
    "xDur2Short": 194.42987762451617,
    "zXLmax": -1.9691274431064332,
    "slLong": 0.10103100372313585,
    "cdPeriodLong": 113.557453306533,
    "xApt1Long": 0.013081720693761584,
    "cdPctShort": 0.007728562952026305,
    "vEmaDn": 4.0,
    "dur1Short": 0.6,
    "apt2Long": 0.015,
    "vEmaUp": 1.0,
    "xCdPctShort": 0.004100384460434307,
    "ptShort": 0.02933811819568355,
    "dur2Short": 309.2515018417707,
    "apt2Short": 0.0028899591077171656,
    "rsiValShort": 57.47498496729746,
    "slShort": 0.07634738930663791,
    "bbValShort": 0.9202954193997929,
    "xApt2Long": 0.009306784496511015,
    "vBB": 0.0,
    "leverage": 8.974725727440351,
    "apt1Short": 0.02,
    "eL3": 1.0
   },
   {
    "requireHistPos": 0.0,
    "cdPeriodShort": 10.0,
    "vMacd": 4.0,
    "xMinBetween": 16.028343347303863,
    "vX": 4.0,
    "eXS": 0.0,
    "xTpShort": 0.013044251401796655,
    "dur2Long": 209.13150749195168,
    "xCdPeriodShort": 49.96066629509159,
    "rsiValLong": 77.25136892142119,
    "xTpLong": 0.018624830284463927,
    "ptLong": 0.02664475657208855,
    "apt1Long": 0.019324708803574026,
    "eXL": 1.0,
    "xDur1Long": 240.0,
    "zL": -1.7061910833789318,
    "bbValLong": 0.17371647422851844,
    "xApt2Short": 0.008105753589644426,
    "trendBlockZ": 1.5,
    "xDur2Long": 528.9846164555513,
    "dur1Long": 81.20575651164944,
    "vRsi": 4.0,
    "cdPctLong": 0.008380608489431448,
    "xApt1Short": 0.013553726945474144,
    "zS": 1.4786627898024765,
    "eS3": 1.0,
    "vHistN": 3.0,
    "zXS": 2.7695681577150504,
    "xDur1Short": 42.207984926547624,
    "xDur2Short": 266.0150078414221,
    "zXLmax": -0.9682554286484599,
    "slLong": 0.05800177956441321,
    "cdPeriodLong": 98.9153137905309,
    "xApt1Long": 0.01171410370811545,
    "cdPctShort": 0.0021606776993418862,
    "vEmaDn": 3.0,
    "dur1Short": 30.584509695830597,
    "apt2Long": 0.015,
    "vEmaUp": 4.0,
    "xCdPctShort": 0.00709325523690376,
    "ptShort": 0.0277243859250767,
    "dur2Short": 357.76622546121524,
    "apt2Short": 0.012418071605516442,
    "rsiValShort": 52.761748478880264,
    "slShort": 0.07993654834266076,
    "bbValShort": 0.6,
    "xApt2Long": 0.007488373660842831,
    "vBB": 4.0,
    "leverage": 8.801135908621836,
    "apt1Short": 0.011470466295859046,
    "eL3": 1.0
   }
  ]
 },
 "metrics": {
  "n": 171,
  "months": 14.81640625,
  "eq": 1246865680046.8923,
  "growth": 1.4135613204696962,
  "liq": false,
  "maxdd": 0.4885412595680082,
  "tpm": 11.541260216187714,
  "sl_hits": 0,
  "worst_mae": -0.0620495572791544,
  "win": 1.0,
  "max_hold_days": 2.65625,
  "in_market": 0.1119652545547893,
  "score": 1.2608616054720758
 },
 "strategy": "v7",
 "mode": "lev",
 "method": "vol3",
 "algo": "genetic",
 "per_regime": true,
 "train_end": "2025-09-01",
 "holdout_days": null,
 "max_dd": 0.5,
 "max_hold_days": 7.0,
 "gap_mode": "skip_contaminated",
 "scoring": "underwater",
 "anchor": null,
 "anchor_strength": 0.0,
 "evaluated": 1001000,
 "generated": "2026-07-10 10:57",
 "holdout": {
  "n": 17,
  "months": 2.1842105263157894,
  "eq": 0.0,
  "growth": -12.650347016931143,
  "liq": true,
  "maxdd": 1.0,
  "tpm": 7.783132530120482,
  "sl_hits": 0,
  "worst_mae": -0.10562169728800261,
  "win": 0.9411764705882353,
  "max_hold_days": 26.56875,
  "in_market": 0.7028739959839357,
  "score": -13.00178401492311
 },
 "holdout_scan": {
  "scanned": 599,
  "pool": 599,
  "reservoir": 299,
  "survivors": 1
 },
 "holdout_survivors": [
  {
   "rank": 354,
   "train_score": 0.015074699834613172,
   "holdout": {
    "n": 41,
    "months": 9.656661184210527,
    "eq": 1317.5087034198687,
    "growth": 0.028554652810405028,
    "liq": false,
    "maxdd": 0.2505411412300845,
    "tpm": 4.2457738982329145,
    "sl_hits": 0,
    "worst_mae": -0.08463185879920254,
    "win": 1.0,
    "max_hold_days": 2.966666666666667,
    "in_market": 0.028968845362287984,
    "score": 0.007525923484940376
   }
  }
 ],
 "holdout_top10": [
  {
   "rank": 354,
   "train_score": 0.015074699834613172,
   "holdout": {
    "n": 41,
    "months": 9.656661184210527,
    "eq": 1317.5087034198687,
    "growth": 0.028554652810405028,
    "liq": false,
    "maxdd": 0.2505411412300845,
    "tpm": 4.2457738982329145,
    "sl_hits": 0,
    "worst_mae": -0.08463185879920254,
    "win": 1.0,
    "max_hold_days": 2.966666666666667,
    "in_market": 0.028968845362287984,
    "score": 0.007525923484940376
   }
  },
  {
   "rank": 1,
   "train_score": 1.2608616054720758,
   "holdout": {
    "n": 17,
    "months": 2.1842105263157894,
    "eq": 0.0,
    "growth": -12.650347016931143,
    "liq": true,
    "maxdd": 1.0,
    "tpm": 7.783132530120482,
    "sl_hits": 0,
    "worst_mae": -0.10562169728800261,
    "win": 0.9411764705882353,
    "max_hold_days": 26.56875,
    "in_market": 0.7028739959839357,
    "score": -13.00178401492311
   }
  },
  {
   "rank": 2,
   "train_score": 1.2572024597136129,
   "holdout": {
    "n": 15,
    "months": 2.1842105263157894,
    "eq": 0.0,
    "growth": -12.650347016931143,
    "liq": true,
    "maxdd": 1.0,
    "tpm": 6.867469879518072,
    "sl_hits": 0,
    "worst_mae": -0.10562169728800261,
    "win": 0.9333333333333333,
    "max_hold_days": 26.56875,
    "in_market": 0.7061370481927711,
    "score": -13.003415541027529
   }
  },
  {
   "rank": 3,
   "train_score": 1.2458625072830805,
   "holdout": {
    "n": 17,
    "months": 2.1842105263157894,
    "eq": 0.0,