{"job": {"strategy": "scalpx", "mode": "spot", "method": "vol3_7d", "window": "all", "fold_idx": 18, "n_samples": 350, "seed": 183657}, "status": "ok", "n_feasible": 77, "cand": {"strategy": "scalpx", "tpL": [0.005719678171303118, 0.004275387986191023, 0.004526399185910763], "tpS": [0.02, 0.0124332106216577, 0.018085693819868607], "rsiOB": [50.0, 84.21198907206745, 50.0], "rsiOS": [21.293212904681177, 23.958041185378477, 40.8659201584162], "useCvd": [1.0, 1.0, 1.0], "useEma": [1.0, 1.0, 1.0], "eL": [1.0, 1.0, 1.0], "eS": [0.0, 0.0, 0.0], "lev": [1.0, 1.0, 1.0], "sl": 0.01, "slOn": 1.0}, "train": {"n": 100, "months": 22.337719298245617, "eq": 882.154536719912, "growth": -0.0056132868780560926, "liq": false, "maxdd": 0.12661809585274872, "tpm": 4.476732770469271, "sl_hits": 33, "worst_mae": -0.022607889586981234, "win": 0.67, "score": -0.0076408635587297165}, "oos": {"n": 2, "months": 0.920984100877193, "eq": 1007.4205352405055, "growth": 0.008027433384124372, "liq": false, "maxdd": 0.0, "tpm": 2.171590148076494, "sl_hits": 0, "worst_mae": -0.003095238095238151, "win": 1.0, "score": 0.008027433384124372}, "elapsed": 1.578505516052246}