{"job": {"strategy": "scalpx", "mode": "spot", "method": "vol3_7d", "window": "all", "fold_idx": 17, "n_samples": 350, "seed": 183657}, "status": "ok", "n_feasible": 73, "cand": {"strategy": "scalpx", "tpL": [0.0061, 0.0064, 0.0056], "tpS": [0.0078, 0.0074, 0.0088], "rsiOB": [62.1296, 61.8766, 67.9151], "rsiOS": [33.2362, 35.8144, 33.0947], "useCvd": [1.0, 1.0, 1.0], "useEma": [1.0, 1.0, 1.0], "eL": [1.0, 1.0, 1.0], "eS": [0.0, 0.0, 0.0], "lev": [1.0, 1.0, 1.0], "sl": 0.01, "slOn": 1.0}, "train": {"n": 48, "months": 21.41673519736842, "eq": 881.997704891228, "growth": -0.005862976965709549, "liq": false, "maxdd": 0.11863687918484818, "tpm": 2.2412379645006766, "sl_hits": 23, "worst_mae": -0.02852752538749337, "win": 0.5208333333333334, "score": -0.009670396701655551}, "oos": {"n": 3, "months": 0.920984100877193, "eq": 967.3761110031111, "growth": -0.036013556464842465, "liq": false, "maxdd": 0.021981634453846228, "tpm": 3.2573852221147406, "sl_hits": 3, "worst_mae": -0.013631284916201136, "win": 0.0, "score": -0.036013556464842465}, "elapsed": 1.5438637733459473}