{"job": {"strategy": "scalpx", "mode": "spot", "method": "vol3_7d", "window": "all", "fold_idx": 20, "n_samples": 350, "seed": 183657}, "status": "ok", "n_feasible": 65, "cand": {"strategy": "scalpx", "tpL": [0.0107, 0.0101, 0.0128], "tpS": [0.0086, 0.0072, 0.0089], "rsiOB": [77.4014, 72.5969, 64.2197], "rsiOS": [32.9534, 33.556, 36.0718], "useCvd": [1.0, 1.0, 1.0], "useEma": [1.0, 1.0, 1.0], "eL": [1.0, 1.0, 1.0], "eS": [0.0, 0.0, 0.0], "lev": [1.0, 1.0, 1.0], "sl": 0.03, "slOn": 1.0}, "train": {"n": 58, "months": 24.179481907894736, "eq": 913.6068092370914, "growth": -0.003736845448524742, "liq": false, "maxdd": 0.2173886745969648, "tpm": 2.398727988504281, "sl_hits": 17, "worst_mae": -0.05546006066734077, "win": 0.7068965517241379, "score": -0.015295971026736353}, "oos": {"n": 2, "months": 0.9185855263157895, "eq": 938.739209189559, "growth": -0.0688205605576186, "liq": false, "maxdd": 0.031243882510013525, "tpm": 2.1772605192479855, "sl_hits": 2, "worst_mae": -0.03337783711615483, "win": 0.0, "score": -0.0688205605576186}, "elapsed": 1.6331799030303955}