{"job": {"strategy": "scalpx", "mode": "spot", "method": "vol3_7d", "window": "all", "fold_idx": 0, "n_samples": 350, "seed": 183657}, "status": "ok", "n_feasible": 172, "cand": {"strategy": "scalpx", "tpL": [0.0136, 0.0118, 0.0126], "tpS": [0.0043, 0.0051, 0.0047], "rsiOB": [55.7802, 63.589, 59.4629], "rsiOS": [42.1419, 33.1671, 48.4294], "useCvd": [1.0, 1.0, 1.0], "useEma": [1.0, 1.0, 1.0], "eL": [1.0, 1.0, 1.0], "eS": [0.0, 0.0, 0.0], "lev": [1.0, 1.0, 1.0], "sl": 0.05, "slOn": 1.0}, "train": {"n": 101, "months": 6.024328399122807, "eq": 1439.8072973758888, "growth": 0.06050621068721559, "liq": false, "maxdd": 0.11349571475102557, "tpm": 16.765354294879817, "sl_hits": 13, "worst_mae": -0.07991271842750092, "win": 0.8712871287128713, "score": 0.03607214571782853}, "oos": {"n": 13, "months": 0.9209155701754386, "eq": 961.25165945048, "growth": -0.04291276322957795, "liq": false, "maxdd": 0.060443414519711566, "tpm": 14.116386367018903, "sl_hits": 3, "worst_mae": -0.052004458623208016, "win": 0.7692307692307693, "score": -0.04291276322957795}, "elapsed": 0.8621976375579834}