{"job": {"strategy": "scalpx", "mode": "spot", "method": "vol3_7d", "window": "all", "fold_idx": 1, "n_samples": 350, "seed": 183657}, "status": "ok", "n_feasible": 173, "cand": {"strategy": "scalpx", "tpL": [0.0122, 0.014, 0.0124], "tpS": [0.011, 0.0106, 0.0098], "rsiOB": [67.0635, 71.3415, 64.0963], "rsiOS": [35.3343, 34.5448, 48.6086], "useCvd": [1.0, 1.0, 1.0], "useEma": [1.0, 1.0, 1.0], "eL": [1.0, 1.0, 1.0], "eS": [0.0, 0.0, 0.0], "lev": [1.0, 1.0, 1.0], "sl": 0.08, "slOn": 1.0}, "train": {"n": 82, "months": 6.951206140350878, "eq": 1180.9385454071003, "growth": 0.02392527231076955, "liq": false, "maxdd": 0.2708183282510474, "tpm": 11.796513920656203, "sl_hits": 8, "worst_mae": -0.08739999719781988, "win": 0.9024390243902439, "score": -0.005596629374455476}, "oos": {"n": 9, "months": 0.9159813596491229, "eq": 1009.1421332025488, "growth": 0.00993535159730931, "liq": false, "maxdd": 0.08100100329974133, "tpm": 9.825527457728564, "sl_hits": 1, "worst_mae": -0.08142334789975914, "win": 0.8888888888888888, "score": 0.00993535159730931}, "elapsed": 0.986485481262207}