{"job": {"strategy": "scalpx", "mode": "spot", "method": "vol3_7d", "window": "all", "fold_idx": 4, "n_samples": 350, "seed": 183657}, "status": "ok", "n_feasible": 138, "cand": {"strategy": "scalpx", "tpL": [0.0072, 0.0077, 0.0075], "tpS": [0.0151, 0.0119, 0.015], "rsiOB": [78.3475, 70.7214, 67.3708], "rsiOS": [32.9927, 33.0491, 37.511], "useCvd": [1.0, 1.0, 1.0], "useEma": [1.0, 1.0, 1.0], "eL": [1.0, 1.0, 1.0], "eS": [0.0, 0.0, 0.0], "lev": [1.0, 1.0, 1.0], "sl": 0.05, "slOn": 1.0}, "train": {"n": 27, "months": 9.694490131578949, "eq": 1058.8112799736243, "growth": 0.005894775700795038, "liq": false, "maxdd": 0.05097500000000008, "tpm": 2.785087161216439, "sl_hits": 2, "worst_mae": -0.050993447474106945, "win": 0.9259259259259259, "score": -0.0029516510586948146}, "oos": {"n": 2, "months": 0.9156387061403509, "eq": 1012.7329033635002, "growth": 0.013818246732750354, "liq": false, "maxdd": 0.0, "tpm": 2.1842676446373774, "sl_hits": 0, "worst_mae": -0.00643760760535983, "win": 1.0, "score": 0.013818246732750354}, "elapsed": 0.9085698127746582}