{"job": {"strategy": "scalpx", "mode": "spot", "method": "vol3_7d", "window": "all", "fold_idx": 2, "n_samples": 350, "seed": 183657}, "status": "ok", "n_feasible": 166, "cand": {"strategy": "scalpx", "tpL": [0.0069, 0.0084, 0.0078], "tpS": [0.0097, 0.0096, 0.0096], "rsiOB": [70.134, 64.0, 67.4548], "rsiOS": [38.0378, 32.7308, 44.4949], "useCvd": [1.0, 1.0, 1.0], "useEma": [1.0, 1.0, 1.0], "eL": [1.0, 1.0, 1.0], "eS": [0.0, 0.0, 0.0], "lev": [1.0, 1.0, 1.0], "sl": 0.05, "slOn": 1.0}, "train": {"n": 67, "months": 7.8671875, "eq": 1157.5027464832795, "growth": 0.01859176227173545, "liq": false, "maxdd": 0.08112368678806595, "tpm": 8.516385302879842, "sl_hits": 5, "worst_mae": -0.05558166862514691, "win": 0.9253731343283582, "score": 0.005429597577227538}, "oos": {"n": 10, "months": 0.9100877192982456, "eq": 1007.3549480719768, "growth": 0.008052006615771946, "liq": false, "maxdd": 0.05101157082884005, "tpm": 10.987951807228916, "sl_hits": 1, "worst_mae": -0.06027576644584798, "win": 0.9, "score": 0.008052006615771946}, "elapsed": 0.992152214050293}