{"job": {"strategy": "scalpx", "mode": "spot", "method": "vol3_7d", "window": "all", "fold_idx": 7, "n_samples": 350, "seed": 183657}, "status": "ok", "n_feasible": 144, "cand": {"strategy": "scalpx", "tpL": [0.0126, 0.0141, 0.0109], "tpS": [0.0119, 0.0104, 0.0101], "rsiOB": [65.4539, 68.2973, 71.5422], "rsiOS": [33.3731, 37.962, 43.5651], "useCvd": [1.0, 1.0, 1.0], "useEma": [1.0, 1.0, 1.0], "eL": [1.0, 1.0, 1.0], "eS": [0.0, 0.0, 0.0], "lev": [1.0, 1.0, 1.0], "sl": 0.05, "slOn": 1.0}, "train": {"n": 101, "months": 12.432565789473685, "eq": 1159.8564114319445, "growth": 0.011928045804811214, "liq": false, "maxdd": 0.15425909862013043, "tpm": 8.123825902897208, "sl_hits": 15, "worst_mae": -0.08001144553534711, "win": 0.8514851485148515, "score": -0.006985089201592844}, "oos": {"n": 12, "months": 0.915296052631579, "eq": 880.4291014739106, "growth": -0.1391308032829406, "liq": false, "maxdd": 0.16455872618634107, "tpm": 13.110512129380053, "sl_hits": 4, "worst_mae": -0.07331518039482643, "win": 0.6666666666666666, "score": -0.1391308032829406}, "elapsed": 0.9981043338775635}