{"job": {"strategy": "scalpx", "mode": "spot", "method": "vol3_7d", "window": "all", "fold_idx": 10, "n_samples": 350, "seed": 183657}, "status": "ok", "n_feasible": 114, "cand": {"strategy": "scalpx", "tpL": [0.0077, 0.008, 0.0071], "tpS": [0.0074, 0.007, 0.0069], "rsiOB": [69.2062, 74.0156, 73.3434], "rsiOS": [32.6753, 32.6973, 42.2826], "useCvd": [1.0, 1.0, 1.0], "useEma": [1.0, 1.0, 1.0], "eL": [1.0, 1.0, 1.0], "eS": [0.0, 0.0, 0.0], "lev": [1.0, 1.0, 1.0], "sl": 0.08, "slOn": 1.0}, "train": {"n": 83, "months": 15.185238486842106, "eq": 968.6833395646674, "growth": -0.0020952921800784286, "liq": false, "maxdd": 0.2815461110039463, "tpm": 5.465834472861185, "sl_hits": 6, "worst_mae": -0.09758037785880014, "win": 0.927710843373494, "score": -0.01489443565409946}, "oos": {"n": 3, "months": 0.8395696271929824, "eq": 930.3231324817256, "growth": -0.0860241921127398, "liq": false, "maxdd": 0.0809173101207057, "tpm": 3.573259325769325, "sl_hits": 1, "worst_mae": -0.08050139275766022, "win": 0.6666666666666666, "score": -0.0860241921127398}, "elapsed": 1.05362868309021}