{"job": {"strategy": "scalpx", "mode": "spot", "method": "vol3_7d", "window": "all", "fold_idx": 6, "n_samples": 350, "seed": 183657}, "status": "ok", "n_feasible": 123, "cand": {"strategy": "scalpx", "tpL": [0.0073, 0.0084, 0.0092], "tpS": [0.0066, 0.0065, 0.0075], "rsiOB": [70.5889, 79.2161, 72.6236], "rsiOS": [31.6987, 30.7762, 38.4907], "useCvd": [1.0, 1.0, 1.0], "useEma": [1.0, 1.0, 1.0], "eL": [1.0, 1.0, 1.0], "eS": [0.0, 0.0, 0.0], "lev": [1.0, 1.0, 1.0], "sl": 0.03, "slOn": 1.0}, "train": {"n": 30, "months": 11.518571820175438, "eq": 1002.7366410370635, "growth": 0.0002372605992660362, "liq": false, "maxdd": 0.08347627919751571, "tpm": 2.6044895555066367, "sl_hits": 6, "worst_mae": -0.03138604128633615, "win": 0.8, "score": -0.007711073702536117}, "oos": {"n": 1, "months": 0.9139939692982456, "eq": 1008.3123840997391, "growth": 0.009056981531062566, "liq": false, "maxdd": 0.0, "tpm": 1.0940991227412462, "sl_hits": 0, "worst_mae": -0.0013337199188170334, "win": 1.0, "score": 0.009056981531062566}, "elapsed": 0.9600739479064941}