{"job": {"strategy": "scalpx", "mode": "spot", "method": "vol3_7d", "window": "all", "fold_idx": 8, "n_samples": 350, "seed": 183657}, "status": "ok", "n_feasible": 138, "cand": {"strategy": "scalpx", "tpL": [0.0108, 0.0101, 0.0102], "tpS": [0.0106, 0.0119, 0.0093], "rsiOB": [70.7821, 67.1352, 71.559], "rsiOS": [36.6418, 32.158, 45.0129], "useCvd": [1.0, 1.0, 1.0], "useEma": [1.0, 1.0, 1.0], "eL": [1.0, 1.0, 1.0], "eS": [0.0, 0.0, 0.0], "lev": [1.0, 1.0, 1.0], "sl": 0.05, "slOn": 1.0}, "train": {"n": 113, "months": 13.347861842105264, "eq": 999.2152418441519, "growth": -5.881587995199866e-05, "liq": false, "maxdd": 0.2616481420465617, "tpm": 8.465775368122728, "sl_hits": 17, "worst_mae": -0.07331518039482643, "win": 0.8495575221238938, "score": -0.017292713627698953}, "oos": {"n": 10, "months": 0.9194078947368421, "eq": 969.1482193024203, "growth": -0.03408467326820936, "liq": false, "maxdd": 0.06580597351720756, "tpm": 10.876565295169947, "sl_hits": 2, "worst_mae": -0.05101558809636275, "win": 0.8, "score": -0.03408467326820936}, "elapsed": 1.0422685146331787}