{"job": {"strategy": "scalpx", "mode": "spot", "method": "vol3_7d", "window": "all", "fold_idx": 3, "n_samples": 350, "seed": 183657}, "status": "ok", "n_feasible": 155, "cand": {"strategy": "scalpx", "tpL": [0.0071, 0.0086, 0.009], "tpS": [0.0168, 0.0131, 0.0147], "rsiOB": [67.9613, 72.6362, 72.0326], "rsiOS": [30.8203, 33.1147, 41.3557], "useCvd": [1.0, 1.0, 1.0], "useEma": [1.0, 1.0, 1.0], "eL": [1.0, 1.0, 1.0], "eS": [0.0, 0.0, 0.0], "lev": [1.0, 1.0, 1.0], "sl": 0.08, "slOn": 1.0}, "train": {"n": 39, "months": 8.777275219298247, "eq": 1243.496368404095, "growth": 0.024828555371577937, "liq": false, "maxdd": 0.08100100329974123, "tpm": 4.443292368712815, "sl_hits": 1, "worst_mae": -0.08142334789975914, "win": 0.9743589743589743, "score": 0.01602400322296286}, "oos": {"n": 5, "months": 0.9172149122807017, "eq": 948.3796655517564, "growth": -0.057784021066695154, "liq": false, "maxdd": 0.08096000000000003, "tpm": 5.4512851165570835, "sl_hits": 1, "worst_mae": -0.08341525066704114, "win": 0.8, "score": -0.057784021066695154}, "elapsed": 1.0172414779663086}