{"job": {"strategy": "scalpx", "mode": "spot", "method": "vol3_7d", "window": "all", "fold_idx": 9, "n_samples": 350, "seed": 183657}, "status": "ok", "n_feasible": 120, "cand": {"strategy": "scalpx", "tpL": [0.0105, 0.0115, 0.009], "tpS": [0.0037, 0.004, 0.004], "rsiOB": [71.8782, 69.7932, 70.5166], "rsiOS": [35.6991, 29.851, 44.0048], "useCvd": [1.0, 1.0, 1.0], "useEma": [1.0, 1.0, 1.0], "eL": [1.0, 1.0, 1.0], "eS": [0.0, 0.0, 0.0], "lev": [1.0, 1.0, 1.0], "sl": 0.08, "slOn": 1.0}, "train": {"n": 97, "months": 14.267269736842106, "eq": 962.4782019108749, "growth": -0.002680531114038002, "liq": false, "maxdd": 0.3401528176784245, "tpm": 6.79877802755202, "sl_hits": 9, "worst_mae": -0.10967952910398959, "win": 0.9072164948453608, "score": -0.020112491636491637}, "oos": {"n": 6, "months": 0.91796875, "eq": 957.2618639569976, "growth": -0.04758146168913446, "liq": false, "maxdd": 0.08137839534883722, "tpm": 6.536170212765957, "sl_hits": 1, "worst_mae": -0.08104145601617796, "win": 0.8333333333333334, "score": -0.04758146168913446}, "elapsed": 1.034341812133789}