{"job": {"strategy": "scalpx", "mode": "spot", "method": "vol3_7d", "window": "all", "fold_idx": 14, "n_samples": 350, "seed": 183657}, "status": "ok", "n_feasible": 90, "cand": {"strategy": "scalpx", "tpL": [0.00358134670758892, 0.0040248215181027825, 0.0038959140312396752], "tpS": [0.007658681482489968, 0.006911386475033482, 0.005657749487469084], "rsiOB": [62.5745589600387, 80.0330214487228, 50.0], "rsiOS": [27.888437817767834, 19.691926307858058, 39.12299383521136], "useCvd": [1.0, 1.0, 1.0], "useEma": [1.0, 0.0, 1.0], "eL": [1.0, 1.0, 1.0], "eS": [0.0, 0.0, 0.0], "lev": [1.0, 1.0, 1.0], "sl": 0.01, "slOn": 1.0}, "train": {"n": 60, "months": 18.653645833333336, "eq": 915.3769128618436, "growth": -0.004740058468469921, "liq": false, "maxdd": 0.10515329910873064, "tpm": 3.216529387128298, "sl_hits": 19, "worst_mae": -0.022607889586981234, "win": 0.6833333333333333, "score": -0.007090083809457756}, "oos": {"n": 3, "months": 0.920984100877193, "eq": 1008.1842227315612, "growth": 0.008850221832397732, "liq": false, "maxdd": 0.0, "tpm": 3.2573852221147406, "sl_hits": 0, "worst_mae": -0.005256348051107862, "win": 1.0, "score": 0.008850221832397732}, "elapsed": 1.4614412784576416}