{"job": {"strategy": "scalpx", "mode": "spot", "method": "vol3_7d", "window": "all", "fold_idx": 19, "n_samples": 350, "seed": 183657}, "status": "ok", "n_feasible": 53, "cand": {"strategy": "scalpx", "tpL": [0.002017869662761972, 0.002, 0.002171298545652717], "tpS": [0.013866651602696633, 0.012804050094328862, 0.013472100245770436], "rsiOB": [57.513816891771874, 81.17068345853035, 85.0], "rsiOS": [35.889789795135776, 18.01317377977661, 34.73268879628683], "useCvd": [1.0, 1.0, 1.0], "useEma": [1.0, 1.0, 1.0], "eL": [1.0, 1.0, 1.0], "eS": [0.0, 0.0, 0.0], "lev": [1.0, 1.0, 1.0], "sl": 0.01, "slOn": 1.0}, "train": {"n": 58, "months": 23.25870339912281, "eq": 902.8306630018196, "growth": -0.004394925569418692, "liq": false, "maxdd": 0.10488805714017878, "tpm": 2.4936901685666384, "sl_hits": 14, "worst_mae": -0.01967975206611572, "win": 0.7586206896551724, "score": -0.006404242155115975}, "oos": null, "elapsed": 1.6080851554870605}