{"job": {"strategy": "scalpx", "mode": "spot", "method": "vol3_7d", "window": "all", "fold_idx": 12, "n_samples": 350, "seed": 183657}, "status": "ok", "n_feasible": 109, "cand": {"strategy": "scalpx", "tpL": [0.0065, 0.0082, 0.0062], "tpS": [0.0141, 0.0136, 0.0165], "rsiOB": [69.4323, 74.7115, 70.3771], "rsiOS": [30.782, 25.3836, 38.6942], "useCvd": [1.0, 1.0, 1.0], "useEma": [1.0, 1.0, 1.0], "eL": [1.0, 1.0, 1.0], "eS": [0.0, 0.0, 0.0], "lev": [1.0, 1.0, 1.0], "sl": 0.01, "slOn": 1.0}, "train": {"n": 52, "months": 16.945655153508774, "eq": 860.0965614021467, "growth": -0.008893761496510387, "liq": false, "maxdd": 0.16217767116813878, "tpm": 3.0686332000113232, "sl_hits": 26, "worst_mae": -0.022607889586981234, "win": 0.5, "score": -0.011502022170799327}, "oos": null, "elapsed": 1.1021769046783447}