{"job": {"strategy": "scalpx", "mode": "spot", "method": "vol3_7d", "window": "all", "fold_idx": 5, "n_samples": 350, "seed": 183657}, "status": "ok", "n_feasible": 160, "cand": {"strategy": "scalpx", "tpL": [0.0059, 0.0059, 0.0068], "tpS": [0.0075, 0.0065, 0.0072], "rsiOB": [66.8754, 71.3226, 67.6936], "rsiOS": [32.5638, 28.5588, 41.4065], "useCvd": [1.0, 1.0, 1.0], "useEma": [1.0, 1.0, 1.0], "eL": [1.0, 1.0, 1.0], "eS": [0.0, 0.0, 0.0], "lev": [1.0, 1.0, 1.0], "sl": 0.05, "slOn": 1.0}, "train": {"n": 50, "months": 10.610128837719298, "eq": 1117.8078091564362, "growth": 0.010496522305846183, "liq": false, "maxdd": 0.061140420397618966, "tpm": 4.712478120175943, "sl_hits": 3, "worst_mae": -0.05125180309870181, "win": 0.94, "score": 0.0013292376012511205}, "oos": {"n": 3, "months": 0.9084429824561403, "eq": 905.6758070314762, "growth": -0.10905898088497011, "liq": false, "maxdd": 0.05097500000000002, "tpm": 3.302353651176826, "sl_hits": 2, "worst_mae": -0.053492513686432375, "win": 0.3333333333333333, "score": -0.10905898088497011}, "elapsed": 0.919609785079956}