{
 "cand": {
  "strategy": "v7",
  "mode": "lev",
  "regs": [
   {
    "rsiValLong": 68.0,
    "rsiValShort": 68.0,
    "zL": -1.7,
    "zS": 1.7,
    "bbValLong": -0.05,
    "bbValShort": 0.825,
    "zXS": 2.0,
    "zXLmax": -99.0,
    "ptLong": 0.01266850051763255,
    "apt1Long": 0.007,
    "apt2Long": 0.00407,
    "dur1Long": 0.6,
    "dur2Long": 16.51329044806337,
    "ptShort": 0.01,
    "apt1Short": 0.009,
    "apt2Short": 0.0044142360931912015,
    "dur1Short": 0.6,
    "dur2Short": 14.4,
    "xTpLong": 0.004,
    "xApt1Long": 0.003,
    "xApt2Long": 0.00207,
    "xDur1Long": 60.0,
    "xDur2Long": 120.0,
    "xTpShort": 0.001,
    "xApt1Short": 0.0005,
    "xApt2Short": 0.0,
    "xDur1Short": 60.0,
    "xDur2Short": 120.0,
    "cdPctLong": 0.00402,
    "cdPeriodLong": 90.0,
    "cdPctShort": 0.003,
    "cdPeriodShort": 70.0,
    "xCdPctShort": 0.0003,
    "xCdPeriodShort": 7.0,
    "xMinBetween": 13.340019835433392,
    "slLong": 0.1,
    "slShort": 0.1,
    "leverage": 8.0,
    "eL3": 0.0,
    "eS3": 1.0,
    "eXL": 0.0,
    "eXS": 0.0,
    "requireHistPos": 1.0,
    "vRsi": 1,
    "vMacd": 0,
    "vBB": 1,
    "vEmaUp": 2,
    "vEmaDn": 4,
    "vX": 1,
    "vHistN": 3,
    "trendBlockZ": 99.0
   },
   {
    "rsiValLong": 68.0,
    "rsiValShort": 68.0,
    "zL": -1.7715526628606233,
    "zS": 1.7,
    "bbValLong": -0.05403140927592025,
    "bbValShort": 0.825,
    "zXS": 1.932968021494867,
    "zXLmax": -99.0,
    "ptLong": 0.012,
    "apt1Long": 0.007,
    "apt2Long": 0.004002136264588293,
    "dur1Long": 0.6,
    "dur2Long": 14.4,
    "ptShort": 0.01,
    "apt1Short": 0.008754106840570028,
    "apt2Short": 0.0039131089265936345,
    "dur1Short": 0.6,
    "dur2Short": 14.4,
    "xTpLong": 0.004,
    "xApt1Long": 0.003,
    "xApt2Long": 0.00207,
    "xDur1Long": 60.0,
    "xDur2Long": 130.7684679776944,
    "xTpShort": 0.0015,
    "xApt1Short": 0.001,
    "xApt2Short": 0.0,
    "xDur1Short": 60.0,
    "xDur2Short": 120.0,
    "cdPctLong": 0.00402,
    "cdPeriodLong": 90.0,
    "cdPctShort": 0.003,
    "cdPeriodShort": 70.0,
    "xCdPctShort": 0.0003,
    "xCdPeriodShort": 7.0,
    "xMinBetween": 14.210627731828218,
    "slLong": 0.1,
    "slShort": 0.1,
    "leverage": 8.0,
    "eL3": 1.0,
    "eS3": 1.0,
    "eXL": 1.0,
    "eXS": 0.0,
    "requireHistPos": 1.0,
    "vRsi": 1,
    "vMacd": 3.0,
    "vBB": 1,
    "vEmaUp": 2,
    "vEmaDn": 4,
    "vX": 1,
    "vHistN": 3,
    "trendBlockZ": 99.0
   },
   {
    "rsiValLong": 68.0,
    "rsiValShort": 68.0,
    "zL": -1.7,
    "zS": 1.7,
    "bbValLong": -0.05,
    "bbValShort": 0.825,
    "zXS": 2.0,
    "zXLmax": -99.0,
    "ptLong": 0.012135934796217634,
    "apt1Long": 0.007,
    "apt2Long": 0.005304919619376129,
    "dur1Long": 0.6,
    "dur2Long": 14.4,
    "ptShort": 0.01,
    "apt1Short": 0.009,
    "apt2Short": 0.004,
    "dur1Short": 0.6,
    "dur2Short": 22.107589643229055,
    "xTpLong": 0.004,
    "xApt1Long": 0.003,
    "xApt2Long": 0.00207,
    "xDur1Long": 45.246111898659514,
    "xDur2Long": 120.0,
    "xTpShort": 0.0015,
    "xApt1Short": 0.001,
    "xApt2Short": 0.0,
    "xDur1Short": 60.0,
    "xDur2Short": 120.0,
    "cdPctLong": 0.00402,
    "cdPeriodLong": 92.80948655085403,
    "cdPctShort": 0.003,
    "cdPeriodShort": 70.0,
    "xCdPctShort": 0.0003,
    "xCdPeriodShort": 7.0,
    "xMinBetween": 13.0,
    "slLong": 0.1,
    "slShort": 0.1,
    "leverage": 8.0,
    "eL3": 1.0,
    "eS3": 1.0,
    "eXL": 0.0,
    "eXS": 1.0,
    "requireHistPos": 1.0,
    "vRsi": 1,
    "vMacd": 0,
    "vBB": 1,
    "vEmaUp": 2,
    "vEmaDn": 4,
    "vX": 1,
    "vHistN": 3,
    "trendBlockZ": 99.0
   }
  ]
 },
 "metrics": {
  "n": 64,
  "months": 14.81640625,
  "eq": 6372.930339640107,
  "growth": 0.1250005807398775,
  "liq": false,
  "maxdd": 0.3380319575623462,
  "tpm": 4.31953598734511,
  "sl_hits": 0,
  "worst_mae": -0.04321965161639185,
  "win": 0.96875,
  "max_hold_days": 0.9729166666666667,
  "in_market": 0.013066544558073274,
  "score": 0.10808925592004415
 },
 "strategy": "v7",
 "mode": "lev",
 "method": "vol3",
 "algo": "genetic",
 "per_regime": true,
 "train_end": "2025-09-01",
 "holdout_days": null,
 "max_dd": 0.5,
 "max_hold_days": 7.0,
 "gap_mode": "skip_contaminated",
 "scoring": "underwater",
 "anchor": "defaults",
 "anchor_strength": 0.3,
 "evaluated": 1000500,
 "generated": "2026-07-10 08:46",
 "holdout": {
  "n": 4,
  "months": 2.1842105263157894,
  "eq": 0.0,
  "growth": -12.650347016931143,
  "liq": true,
  "maxdd": 1.0,
  "tpm": 1.8313253012048194,
  "sl_hits": 0,
  "worst_mae": -0.11699999999999999,
  "win": 0.75,
  "max_hold_days": 60.6375,
  "in_market": 0.9734563253012049,
  "score": -13.137075179581744
 },
 "holdout_scan": {
  "scanned": 18,
  "pool": 18,
  "reservoir": 0,
  "survivors": 4
 },
 "holdout_survivors": [
  {
   "rank": 10,
   "train_score": -0.03892468716110643,
   "holdout": {
    "n": 30,
    "months": 9.656661184210527,
    "eq": 5318.304530303431,
    "growth": 0.17305718025810712,
    "liq": false,
    "maxdd": 0.6148078518506059,
    "tpm": 3.106663827975303,
    "sl_hits": 0,
    "worst_mae": -0.0749709976798143,
    "win": 1.0,
    "max_hold_days": 3.0104166666666665,
    "in_market": 0.03688169753743524,
    "score": 0.1407346290268586
   }
  },
  {
   "rank": 14,
   "train_score": -0.06828120080468705,
   "holdout": {
    "n": 53,
    "months": 9.656661184210527,
    "eq": 4655.01101271447,
    "growth": 0.15926252844230926,
    "liq": false,
    "maxdd": 0.6252043305870197,
    "tpm": 5.488439429423035,
    "sl_hits": 0,
    "worst_mae": -0.10903458692813817,
    "win": 1.0,
    "max_hold_days": 5.066666666666666,
    "in_market": 0.0576183379462068,
    "score": 0.06995100992081961
   }
  },
  {
   "rank": 11,
   "train_score": -0.05086078019238044,
   "holdout": {
    "n": 30,
    "months": 9.656661184210527,
    "eq": 3133.595390709359,
    "growth": 0.11827908328304482,
    "liq": false,
    "maxdd": 0.7882117930094956,
    "tpm": 3.106663827975303,
    "sl_hits": 0,
    "worst_mae": -0.0862048408250865,
    "win": 1.0,
    "max_hold_days": 6.185416666666667,
    "in_market": 0.03678944006812859,
    "score": 0.08596939605619736
   }
  },
  {
   "rank": 8,
   "train_score": -0.020850393371680376,
   "holdout": {
    "n": 19,
    "months": 9.656661184210527,
    "eq": 2214.8595868976636,
    "growth": 0.08234616441427582,
    "liq": false,
    "maxdd": 0.5800471062364367,
    "tpm": 1.9675537577176918,
    "sl_hits": 0,
    "worst_mae": -0.09075809704591298,
    "win": 1.0,
    "max_hold_days": 6.1625,
    "in_market": 0.03728621105670286,
    "score": 0.06161443625467029
   }
  }
 ],
 "holdout_top10": [
  {
   "rank": 10,
   "train_score": -0.03892468716110643,
   "holdout": {
    "n": 30,
    "months": 9.656661184210527,
    "eq": 5318.304530303431,
    "growth": 0.17305718025810712,
    "liq": false,
    "maxdd": 0.6148078518506059,
    "tpm": 3.106663827975303,
    "sl_hits": 0,
    "worst_mae": -0.0749709976798143,
    "win": 1.0,
    "max_hold_days": 3.0104166666666665,
    "in_market": 0.03688169753743524,
    "score": 0.1407346290268586
   }
  },
  {
   "rank": 14,
   "train_score": -0.06828120080468705,
   "holdout": {
    "n": 53,
    "months": 9.656661184210527,
    "eq": 4655.01101271447,
    "growth": 0.15926252844230926,
    "liq": false,
    "maxdd": 0.6252043305870197,
    "tpm": 5.488439429423035,
    "sl_hits": 0,
    "worst_mae": -0.10903458692813817,
    "win": 1.0,
    "max_hold_days": 5.066666666666666,
    "in_market": 0.0576183379462068,
    "score": 0.06995100992081961
   }
  },
  {
   "rank": 11,
   "train_score": -0.05086078019238044,
   "holdout": {
    "n": 30,
    "months": 9.656661184210527,
    "eq": 3133.595390709359,
    "growth": 0.11827908328304482,
    "liq": false,
    "maxdd": 0.7882117930094956,
    "tpm": 3.106663827975303,
    "sl_hits": 0,
    "worst_mae": -0.0862048408250865,
    "win": 1.0,
    "max_hold_days": 6.185416666666667,
    "in_market": 0.03678944006812859,