{
 "cand": {
  "strategy": "macdx",
  "tpL": [
   0.02382732788778451,
   0.03,
   0.003
  ],
  "tpS": [
   0.023982102059552663,
   0.020725759888643308,
   0.016725587837073033
  ],
  "slL": [
   0.03824331269161753,
   0.013590533111810832,
   0.02042920242416111
  ],
  "slS": [
   0.012462242607245867,
   0.020658597308125394,
   0.027391451834531243
  ],
  "minT": [
   20.646798659020252,
   4.597032014209246,
   18.87279877066412
  ],
  "mMinS": [
   0.2682515634540218,
   0.4285099990414585,
   0.3514369398502153
  ],
  "mMaxL": [
   0.19239471104388914,
   -0.058320789074849236,
   -0.047704332796504656
  ],
  "hrb": [
   1.0,
   6.0,
   2.0
  ],
  "reqH": [
   0.0,
   0.0,
   1.0
  ],
  "a1L": [
   0.00967431695315082,
   0.012054177336754542,
   0.0011757156990607437
  ],
  "a2L": [
   0.0027985586125132958,
   0.0021492896645159557,
   0.0
  ],
  "d1L": [
   40.82175769075216,
   7.13671327844906,
   4.0
  ],
  "d2L": [
   90.43560101539518,
   51.57135780035765,
   6.805190737572761
  ],
  "cdPL": [
   0.0007628351010313177,
   0.0015501953441305867,
   0.002151173022361989
  ],
  "cdTL": [
   161.26186744826805,
   164.30477566901632,
   219.33768359815795
  ],
  "a1S": [
   0.0133372149704378,
   0.004889538856595199,
   0.006755727387635215
  ],
  "a2S": [
   0.0012007078140472206,
   0.0011286350489334825,
   0.004778160507869827
  ],
  "d1S": [
   31.164064770829235,
   4.592429216077655,
   9.076874720527053
  ],
  "d2S": [
   91.82350525332285,
   115.95322061889912,
   98.82175341195166
  ],
  "cdPS": [
   0.0005,
   0.0031855576707143147,
   0.0005
  ],
  "cdTS": [
   142.28204499860848,
   69.12038642503988,
   79.08876141233151
  ],
  "eL": [
   1.0,
   1.0,
   0.0
  ],
  "eS": [
   0.0,
   0.0,
   1.0
  ],
  "lev": [
   10.0,
   3.126596685610105,
   1.2
  ]
 },
 "metrics": {
  "n": 37,
  "months": 14.81640625,
  "eq": 48108.647449190335,
  "growth": 0.26143059769311866,
  "liq": false,
  "maxdd": 0.045594449168720796,
  "tpm": 2.4972317426838915,
  "sl_hits": 6,
  "worst_mae": -0.037490513836353934,
  "win": 0.8378378378378378,
  "max_hold_days": 2.6104166666666666,
  "in_market": 0.03709048524289897,
  "score": 0.380151255711033
 },
 "strategy": "macdx",
 "mode": "spot",
 "method": "vol3",
 "algo": "genetic",
 "per_regime": true,
 "train_end": "2025-09-01",
 "holdout_days": null,
 "max_dd": 0.05,
 "max_hold_days": 7.0,
 "gap_mode": "skip_contaminated",
 "scoring": "underwater",
 "anchor": null,
 "anchor_strength": 0.0,
 "evaluated": 100800,
 "generated": "2026-07-12 16:03",
 "holdout": {
  "n": 66,
  "months": 9.656661184210527,
  "eq": 31.34732222606942,
  "growth": -0.35857387609802316,
  "liq": false,
  "maxdd": 0.9814829910238845,
  "tpm": 6.834660421545666,
  "sl_hits": 36,
  "worst_mae": -0.05529739776951681,
  "win": 0.45454545454545453,
  "max_hold_days": 11.979166666666666,
  "in_market": 0.20179547228727557,
  "score": -0.5695088492886571
 },
 "holdout_scan": {
  "scanned": 50,
  "pool": 591,
  "reservoir": 291,
  "survivors": 0
 },
 "holdout_survivors": [],
 "holdout_top10": [
  {
   "rank": 36,
   "train_score": 0.36819895711733713,
   "holdout": {
    "n": 65,
    "months": 9.656661184210527,
    "eq": 72.18863415530762,
    "growth": -0.27219269859492085,
    "liq": false,
    "maxdd": 0.9574126834641886,
    "tpm": 6.731104960613156,
    "sl_hits": 34,
    "worst_mae": -0.05529739776951681,
    "win": 0.47692307692307695,
    "max_hold_days": 12.054166666666667,
    "in_market": 0.19564260875736286,
    "score": -0.3947682187920695
   }
  },
  {
   "rank": 32,
   "train_score": 0.3686399177653361,
   "holdout": {
    "n": 65,
    "months": 9.656661184210527,
    "eq": 70.02548812777292,
    "growth": -0.27534319951531944,
    "liq": false,
    "maxdd": 0.9586356186066665,
    "tpm": 6.731104960613156,
    "sl_hits": 34,
    "worst_mae": -0.05529739776951681,
    "win": 0.47692307692307695,
    "max_hold_days": 12.054166666666667,
    "in_market": 0.1957135760414449,
    "score": -0.3961406132850515
   }
  },
  {
   "rank": 46,
   "train_score": 0.3669820477103538,
   "holdout": {
    "n": 54,
    "months": 9.656661184210527,
    "eq": 38.998312519387866,
    "growth": -0.3359584478149508,
    "liq": false,
    "maxdd": 0.9761717055153547,
    "tpm": 5.591994890355545,
    "sl_hits": 30,
    "worst_mae": -0.05529739776951681,
    "win": 0.4444444444444444,
    "max_hold_days": 11.979166666666666,
    "in_market": 0.17401887729756582,
    "score": -0.5223806715761656
   }
  },
  {
   "rank": 47,
   "train_score": 0.3669820477103538,
   "holdout": {
    "n": 54,
    "months": 9.656661184210527,
    "eq": 38.998312519387866,
    "growth": -0.3359584478149508,
    "liq": false,
    "maxdd": 0.9761717055153547,
    "tpm": 5.591994890355545,
    "sl_hits": 30,
    "worst_mae": -0.05529739776951681,
    "win": 0.4444444444444444,
    "max_hold_days": 11.979166666666666,
    "in_market": 0.17401887729756582,
    "score": -0.5223806715761656
   }
  },
  {
   "rank": 31,
   "train_score": 0.3686853998313075,
   "holdout": {
    "n": 66,
    "months": 9.656661184210527,
    "eq": 35.42104737940951,
    "growth": -0.3459217438677427,
    "liq": false,
    "maxdd": 0.979406224636545,
    "tpm": 6.834660421545666,
    "sl_hits": 36,
    "worst_mae": -0.05529739776951681,
    "win": 0.45454545454545453,
    "max_hold_days": 11.979166666666666,
    "in_market": 0.19236392023277268,
    "score": -0.545545507105884
   }
  },
  {
   "rank": 26,
   "train_score": 0.370124233214035,
   "holdout": {
    "n": 60,
    "months": 9.656661184210527,
    "eq": 33.3117398593321,
    "growth": -0.3522796679829999,
    "liq": false,
    "maxdd": 0.980755860943401,
    "tpm": 6.213327655950606,
    "sl_hits": 33,
    "worst_mae": -0.05529739776951681,
    "win": 0.45,
    "max_hold_days": 11.735416666666667,
    "in_market": 0.18125044354552552,
    "score": -0.4707751968441296
   }
  },
  {
   "rank": 50,
   "train_score": 0.36670921780642024,
   "holdout": {
    "n": 63,
    "months": 9.656661184210527,
    "eq": 32.44435752655999,
    "growth": -0.35501180663095055,
    "liq": false,
    "maxdd": 0.9811446706871829,
    "tpm": 6.523994038748136,
    "sl_hits": 35,
    "worst_mae": -0.05529739776951681,
    "win": 0.4444444444444444,
    "max_hold_days": 11.76875,
    "in_market": 0.20172450500319353,
    "score": -0.5735106546820973
   }
  },
  {
   "rank": 1,
   "train_score": 0.380151255711033,
   "holdout": {
    "n": 66,
    "months": 9.656661184210527,
    "eq": 31.34732222606942,
    "growth": -0.35857387609802316,
    "liq": false,
    "maxdd": 0.9814829910238845,
    "tpm": 6.834660421545666,
    "sl_hits": 36,
    "worst_mae": -0.05529739776951681,
    "win": 0.45454545454545453,
    "max_hold_days": 11.979166666666666,
    "in_market": 0.20179547228727557,
    "score": -0.5695088492886571
   }
  },
  {
   "rank": 7,
   "train_score": 0.37538383166095574,
   "holdout": {
    "n": 65,
    "months": 9.656661184210527,
    "eq": 28.71437056911573,
    "growth": -0.36765891410216894,
    "liq": false,
    "maxdd": 0.9830382878085309,
    "tpm": 6.731104960613156,
    "sl_hits": 35,
    "worst_mae": -0.05529739776951681,
    "win": 0.46153846153846156,
    "max_hold_days": 11.979166666666666,
    "in_market": 0.20178837555886736,
    "score": -0.5858235412821846
   }
  },
  {
   "rank": 18,
   "train_score": 0.37174202671184514,
   "holdout": {
    "n": 63,
    "months": 9.656661184210527,
    "eq": 19.19536073485199,
    "growth": -0.4093637109275416,
    "liq": false,
    "maxdd": 0.9886612111725628,
    "tpm": 6.523994038748136,
    "sl_hits": 34,
    "worst_mae": -0.055480700641990954,
    "win": 0.4603174603174603,
    "max_hold_days": 11.979166666666666,
    "in_market": 0.20307998012916045,
    "score": -0.620958564578237
   }
  }
 ]
}