{"job": {"strategy": "v6", "mode": "spot", "method": "volXtrend9", "window": "all", "fold_idx": 7, "n_samples": 350, "seed": 331108}, "status": "ok", "n_feasible": 350, "cand": {"strategy": "v6", "tv": 1, "zL": [-1.4448, -1.1732, -1.655, -1.4218, -1.1569, -1.4958, -1.3899, -1.2671, -1.3738], "zS": [1.6719, 1.7624, 1.8318, 1.6357, 1.8292, 1.6864, 1.6903, 1.5817, 1.3248], "zXS": [2.0728, 1.8733, 1.7785, 1.8353, 1.9003, 1.867, 2.0092, 2.1582, 1.8316], "zXLmax": [-40.249, -40.1392, -40.1972, -40.1192, -40.3486, -40.2878, -40.2386, -40.1509, -40.2598], "ptScale": [1.8826, 2.1479, 1.8831, 2.0737, 2.0279, 2.1081, 1.8369, 2.1096, 1.9533], "eS3": [0.0, 0.0, 0.0, 0.0, 0.0, 0.0, 0.0, 0.0, 0.0], "eXS": [0.0, 0.0, 0.0, 0.0, 0.0, 0.0, 0.0, 0.0, 0.0], "lev": [1.0, 1.0, 1.0, 1.0, 1.0, 1.0, 1.0, 1.0, 1.0], "sl": 0.08}, "train": {"n": 178, "months": 12.432565789473685, "eq": 2727.7837558978745, "growth": 0.08071459145810901, "liq": false, "maxdd": 0.14079293767540293, "tpm": 14.317237729858446, "sl_hits": 7, "worst_mae": -0.08497785379116785, "win": 0.9606741573033708, "score": 0.0499561668750248}, "oos": {"n": 5, "months": 0.915296052631579, "eq": 960.9418285112055, "growth": -0.04352843429822593, "liq": false, "maxdd": 0.07736537984880405, "tpm": 5.462713387241689, "sl_hits": 1, "worst_mae": -0.08079806679472079, "win": 0.8, "score": -0.04352843429822593}, "elapsed": 1.6128723621368408}