{"job": {"strategy": "v6", "mode": "spot", "method": "volXtrend9", "window": "all", "fold_idx": 3, "n_samples": 350, "seed": 331108}, "status": "ok", "n_feasible": 350, "cand": {"strategy": "v6", "tv": 1, "zL": [-1.1432, -1.3205, -1.1498, -1.0904, -1.1178, -1.2355, -1.0313, -1.2077, -0.9597], "zS": [1.5219, 1.2063, 1.6715, 1.553, 1.4054, 1.5858, 1.477, 1.3821, 1.411], "zXS": [2.439, 2.1107, 2.1519, 2.462, 2.5356, 2.274, 2.3427, 2.5356, 2.588], "zXLmax": [-40.4058, -40.4892, -40.3863, -40.379, -40.4489, -40.4522, -40.4551, -40.4828, -40.4856], "ptScale": [1.8928, 1.7908, 1.4746, 1.7822, 1.6719, 1.7545, 1.6723, 1.6772, 1.6889], "eS3": [0.0, 0.0, 0.0, 0.0, 0.0, 0.0, 0.0, 0.0, 0.0], "eXS": [0.0, 0.0, 0.0, 0.0, 0.0, 0.0, 0.0, 0.0, 0.0], "lev": [1.0, 1.0, 1.0, 1.0, 1.0, 1.0, 1.0, 1.0, 1.0], "sl": 0.1}, "train": {"n": 130, "months": 8.777275219298247, "eq": 2350.0245341174377, "growth": 0.0973452178271626, "liq": false, "maxdd": 0.09857166587072522, "tpm": 14.81097456237605, "sl_hits": 1, "worst_mae": -0.10001920651152651, "win": 0.9923076923076923, "score": 0.06270378012359683}, "oos": {"n": 17, "months": 0.9172149122807017, "eq": 898.5296844361837, "growth": -0.11665263407938715, "liq": false, "maxdd": 0.1742665352793435, "tpm": 18.534369396294082, "sl_hits": 2, "worst_mae": -0.10454590180064938, "win": 0.8823529411764706, "score": -0.11665263407938715}, "elapsed": 1.4828040599822998}