{"job": {"strategy": "v6", "mode": "spot", "method": "volXtrend9", "window": "all", "fold_idx": 8, "n_samples": 350, "seed": 331108}, "status": "ok", "n_feasible": 350, "cand": {"strategy": "v6", "tv": 1, "zL": [-1.3457, -1.3486, -1.4518, -1.4928, -1.6798, -1.46, -1.5112, -1.5042, -1.1864], "zS": [1.7522, 1.5041, 1.6839, 1.7962, 1.8818, 1.639, 1.4885, 1.4693, 1.555], "zXS": [1.6163, 1.8732, 1.7335, 1.7691, 1.759, 1.8512, 1.6329, 1.7882, 1.8237], "zXLmax": [-99.0, -99.0, -99.0, -99.0, -99.0, -99.0, -99.0, -99.0, -99.0], "ptScale": [1.9039, 2.2549, 1.9879, 1.751, 2.108, 1.7773, 2.0459, 1.588, 2.1277], "eS3": [0.0, 0.0, 0.0, 0.0, 0.0, 0.0, 0.0, 0.0, 0.0], "eXS": [0.0, 0.0, 0.0, 0.0, 0.0, 0.0, 0.0, 0.0, 0.0], "lev": [1.0, 1.0, 1.0, 1.0, 1.0, 1.0, 1.0, 1.0, 1.0], "sl": 0.08}, "train": {"n": 153, "months": 13.347861842105264, "eq": 2919.261560801351, "growth": 0.08026234514820171, "liq": false, "maxdd": 0.08498448101987371, "tpm": 11.462510011705994, "sl_hits": 3, "worst_mae": -0.08497785379116785, "win": 0.9803921568627451, "score": 0.05572508157078809}, "oos": {"n": 9, "months": 0.9194078947368421, "eq": 1087.6764726990073, "growth": 0.09141072753786943, "liq": false, "maxdd": 0.0, "tpm": 9.788908765652952, "sl_hits": 0, "worst_mae": -0.012907474481396175, "win": 1.0, "score": 0.09141072753786943}, "elapsed": 1.6679065227508545}