{"job": {"strategy": "v6", "mode": "spot", "method": "volXtrend9", "window": "all", "fold_idx": 13, "n_samples": 350, "seed": 331108}, "status": "ok", "n_feasible": 350, "cand": {"strategy": "v6", "tv": 0, "zL": [-1.8261, -1.6584, -2.0673, -1.6851, -1.6307, -2.0447, -1.7617, -1.706, -1.294], "zS": [1.5424, 1.7119, 1.5181, 1.624, 1.561, 1.3288, 1.5506, 1.5183, 1.7111], "zXS": [1.9978, 2.2667, 1.9863, 2.0004, 1.9608, 2.0591, 2.1712, 2.1865, 2.0489], "zXLmax": [-39.9375, -40.0654, -40.0396, -40.0727, -39.9737, -40.0837, -40.0688, -39.9473, -39.9118], "ptScale": [1.3479, 1.4403, 1.3533, 1.1831, 1.4623, 1.233, 1.3672, 1.3228, 1.289], "eS3": [0.0, 0.0, 0.0, 0.0, 0.0, 0.0, 0.0, 0.0, 0.0], "eXS": [0.0, 0.0, 0.0, 0.0, 0.0, 0.0, 0.0, 0.0, 0.0], "lev": [1.0, 1.0, 1.0, 1.0, 1.0, 1.0, 1.0, 1.0, 1.0], "sl": 0.08}, "train": {"n": 166, "months": 17.73266173245614, "eq": 2396.038686541232, "growth": 0.04927725118819517, "liq": false, "maxdd": 0.13413337446527623, "tpm": 9.361256787308458, "sl_hits": 2, "worst_mae": -0.11090275917492642, "win": 0.9879518072289156, "score": 0.03329750893785442}, "oos": {"n": 2, "months": 0.920984100877193, "eq": 1010.646236078228, "growth": 0.011498530686282803, "liq": false, "maxdd": 0.0, "tpm": 2.171590148076494, "sl_hits": 0, "worst_mae": -0.012261793189628167, "win": 1.0, "score": 0.011498530686282803}, "elapsed": 2.1776342391967773}