{"job": {"strategy": "v6", "mode": "spot", "method": "volXtrend9", "window": "all", "fold_idx": 11, "n_samples": 350, "seed": 331108}, "status": "ok", "n_feasible": 350, "cand": {"strategy": "v6", "tv": 1, "zL": [-1.7738, -1.3375, -1.9448, -1.6322, -1.6108, -1.9076, -1.3561, -1.646, -1.1692], "zS": [2.0952, 1.7065, 1.7172, 1.4843, 1.4532, 1.5391, 1.4705, 1.5194, 1.6938], "zXS": [1.8509, 1.629, 2.1678, 1.7709, 2.0907, 2.0963, 1.9107, 1.8704, 1.8336], "zXLmax": [-99.0, -99.0, -99.0, -99.0, -99.0, -99.0, -99.0, -99.0, -99.0], "ptScale": [1.8995, 1.6416, 1.4398, 1.6652, 1.6646, 1.6383, 1.4748, 1.7027, 1.6394], "eS3": [0.0, 0.0, 0.0, 0.0, 0.0, 0.0, 0.0, 0.0, 0.0], "eXS": [0.0, 0.0, 0.0, 0.0, 0.0, 0.0, 0.0, 0.0, 0.0], "lev": [1.0, 1.0, 1.0, 1.0, 1.0, 1.0, 1.0, 1.0, 1.0], "sl": 0.1}, "train": {"n": 163, "months": 16.02480811403509, "eq": 3351.1699803498213, "growth": 0.0754648370279453, "liq": false, "maxdd": 0.0, "tpm": 10.171728662213365, "sl_hits": 0, "worst_mae": -0.0757922247631494, "win": 1.0, "score": 0.05854689275843067}, "oos": {"n": 14, "months": 0.9208470394736842, "eq": 996.1445594507533, "growth": -0.004194933309165556, "liq": false, "maxdd": 0.09749878839552141, "tpm": 15.203393614646126, "sl_hits": 1, "worst_mae": -0.11102636006730227, "win": 0.9285714285714286, "score": -0.004194933309165556}, "elapsed": 1.7838680744171143}