{"job": {"strategy": "v6", "mode": "spot", "method": "volXtrend9", "window": "all", "fold_idx": 17, "n_samples": 350, "seed": 331108}, "status": "ok", "n_feasible": 349, "cand": {"strategy": "v6", "tv": 1, "zL": [-1.789, -1.4589, -2.0131, -1.7786, -1.7698, -1.8396, -2.0224, -1.9277, -1.9166], "zS": [1.7043, 1.3865, 1.5555, 1.5352, 1.8944, 2.0933, 1.3746, 1.7275, 1.5997], "zXS": [2.0121, 1.9947, 2.0146, 2.1414, 2.0205, 1.935, 1.7553, 1.5662, 1.9257], "zXLmax": [-99.0, -99.0, -99.0, -99.0, -99.0, -99.0, -99.0, -99.0, -99.0], "ptScale": [1.339, 1.5617, 1.5547, 1.49, 1.5823, 1.5709, 1.1587, 1.5404, 1.5137], "eS3": [0.0, 0.0, 0.0, 0.0, 0.0, 0.0, 0.0, 0.0, 0.0], "eXS": [0.0, 0.0, 0.0, 0.0, 0.0, 0.0, 0.0, 0.0, 0.0], "lev": [1.0, 1.0, 1.0, 1.0, 1.0, 1.0, 1.0, 1.0, 1.0], "sl": 0.08}, "train": {"n": 174, "months": 21.41673519736842, "eq": 2754.313327198785, "growth": 0.04730731160352434, "liq": false, "maxdd": 0.12352202810965476, "tpm": 8.124487621314954, "sl_hits": 2, "worst_mae": -0.08817769532055242, "win": 0.9885057471264368, "score": 0.03366507773196439}, "oos": {"n": 3, "months": 0.920984100877193, "eq": 1021.513168756296, "growth": 0.02311117722807884, "liq": false, "maxdd": 0.0, "tpm": 3.2573852221147406, "sl_hits": 0, "worst_mae": -0.03887812108083455, "win": 1.0, "score": 0.02311117722807884}, "elapsed": 2.383293628692627}