{"job": {"strategy": "v6", "mode": "spot", "method": "volXtrend9", "window": "all", "fold_idx": 6, "n_samples": 350, "seed": 331108}, "status": "ok", "n_feasible": 350, "cand": {"strategy": "v6", "tv": 1, "zL": [-1.7544, -1.5351, -1.6041, -1.312, -1.5202, -1.6525, -1.7052, -1.3045, -1.5565], "zS": [1.6069, 1.8054, 1.828, 1.9455, 1.5626, 1.5092, 1.5852, 1.6439, 1.6015], "zXS": [2.406, 2.2837, 2.1781, 2.0976, 2.0685, 2.0169, 1.8964, 1.8104, 1.8618], "zXLmax": [-99.0, -99.0, -99.0, -99.0, -99.0, -99.0, -99.0, -99.0, -99.0], "ptScale": [1.6594, 1.9505, 1.8852, 1.875, 2.1459, 1.9743, 1.8878, 1.7025, 1.7417], "eS3": [0.0, 0.0, 0.0, 0.0, 0.0, 0.0, 0.0, 0.0, 0.0], "eXS": [0.0, 0.0, 0.0, 0.0, 0.0, 0.0, 0.0, 0.0, 0.0], "lev": [1.0, 1.0, 1.0, 1.0, 1.0, 1.0, 1.0, 1.0, 1.0], "sl": 0.1}, "train": {"n": 128, "months": 11.518571820175438, "eq": 2202.737461826154, "growth": 0.06855892379908023, "liq": false, "maxdd": 0.11820328775723385, "tpm": 11.11248877016165, "sl_hits": 3, "worst_mae": -0.1032223098147419, "win": 0.9765625, "score": 0.03858895826403763}, "oos": {"n": 12, "months": 0.9139939692982456, "eq": 1105.1939937917737, "growth": 0.10943275657520402, "liq": false, "maxdd": 0.0, "tpm": 13.129189472894954, "sl_hits": 0, "worst_mae": -0.05756034074775196, "win": 1.0, "score": 0.10943275657520402}, "elapsed": 1.52189040184021}