{"job": {"strategy": "v6", "mode": "spot", "method": "volXtrend9", "window": "all", "fold_idx": 4, "n_samples": 350, "seed": 331108}, "status": "ok", "n_feasible": 350, "cand": {"strategy": "v6", "tv": 0, "zL": [-1.5281, -1.37, -1.1054, -1.3028, -1.3373, -1.4532, -1.4159, -1.4071, -1.5793], "zS": [2.242, 2.2584, 2.133, 2.1872, 2.1445, 2.3366, 2.039, 2.2163, 2.2549], "zXS": [2.0457, 2.0947, 2.2733, 2.2797, 2.2348, 1.9993, 2.0935, 1.8181, 2.3898], "zXLmax": [-99.0, -99.0, -99.0, -99.0, -99.0, -99.0, -99.0, -99.0, -99.0], "ptScale": [2.0406, 1.8454, 1.5626, 1.8069, 2.2099, 1.9833, 1.7157, 1.9445, 1.9224], "eS3": [0.0, 0.0, 0.0, 0.0, 0.0, 0.0, 0.0, 0.0, 0.0], "eXS": [0.0, 0.0, 0.0, 0.0, 0.0, 0.0, 0.0, 0.0, 0.0], "lev": [1.0, 1.0, 1.0, 1.0, 1.0, 1.0, 1.0, 1.0, 1.0], "sl": 0.1}, "train": {"n": 119, "months": 9.694490131578949, "eq": 2141.7197142267687, "growth": 0.07856102804358002, "liq": false, "maxdd": 0.1053021156211561, "tpm": 12.275013784620603, "sl_hits": 2, "worst_mae": -0.10454590180064938, "win": 0.9831932773109243, "score": 0.05484140236390603}, "oos": {"n": 9, "months": 0.9156387061403509, "eq": 992.6385500124289, "growth": -0.008069426427850532, "liq": false, "maxdd": 0.09918973582828833, "tpm": 9.829204400868198, "sl_hits": 1, "worst_mae": -0.10044028618602108, "win": 0.8888888888888888, "score": -0.008069426427850532}, "elapsed": 1.4274928569793701}