{"job": {"strategy": "v6", "mode": "spot", "method": "volXtrend9", "window": "all", "fold_idx": 10, "n_samples": 350, "seed": 331108}, "status": "ok", "n_feasible": 350, "cand": {"strategy": "v6", "tv": 0, "zL": [-1.5391, -1.7632, -1.5439, -1.5183, -1.4134, -1.8858, -1.6081, -1.6012, -1.4119], "zS": [1.6656, 1.4275, 1.4351, 1.359, 1.5943, 1.2927, 1.595, 1.5714, 1.5934], "zXS": [2.1502, 2.0761, 1.9474, 2.3324, 1.9523, 2.1488, 2.4001, 2.2525, 2.1665], "zXLmax": [-40.272, -40.195, -40.0627, -40.1575, -40.2964, -40.2857, -40.0938, -40.1118, -40.1828], "ptScale": [1.8216, 1.6791, 1.849, 1.6341, 1.5601, 1.949, 1.6827, 1.6552, 2.0159], "eS3": [0.0, 0.0, 0.0, 0.0, 0.0, 0.0, 0.0, 0.0, 0.0], "eXS": [0.0, 0.0, 0.0, 0.0, 0.0, 0.0, 0.0, 0.0, 0.0], "lev": [1.0, 1.0, 1.0, 1.0, 1.0, 1.0, 1.0, 1.0, 1.0], "sl": 0.08}, "train": {"n": 151, "months": 15.185238486842106, "eq": 2131.6631882391257, "growth": 0.049844624780142316, "liq": false, "maxdd": 0.0849844810198736, "tpm": 9.943867534964324, "sl_hits": 5, "worst_mae": -0.08497785379116785, "win": 0.9668874172185431, "score": 0.03143909275193517}, "oos": {"n": 4, "months": 0.8395696271929824, "eq": 1026.8227499335953, "growth": 0.03152725522802596, "liq": false, "maxdd": 0.0, "tpm": 4.764345767692434, "sl_hits": 0, "worst_mae": -0.06798752076496095, "win": 1.0, "score": 0.03152725522802596}, "elapsed": 1.744797706604004}