{"job": {"strategy": "v6", "mode": "spot", "method": "volXtrend9", "window": "all", "fold_idx": 15, "n_samples": 350, "seed": 331108}, "status": "ok", "n_feasible": 350, "cand": {"strategy": "v6", "tv": 1, "zL": [-1.8289, -1.7382, -1.7195, -1.6351, -1.5795, -1.6017, -1.8723, -1.873, -1.3703], "zS": [1.8264, 1.7598, 1.5536, 1.915, 1.763, 1.7559, 1.7529, 1.6486, 1.8199], "zXS": [1.8982, 1.744, 1.9634, 1.9212, 1.8958, 2.0897, 2.0205, 1.9916, 2.2055], "zXLmax": [-20.6109, -20.4993, -20.5876, -20.4677, -20.3589, -20.3768, -20.4807, -20.6418, -20.3789], "ptScale": [1.4556, 1.5622, 1.4465, 1.6156, 1.3867, 1.4552, 1.3791, 1.4305, 1.3597], "eS3": [0.0, 0.0, 0.0, 0.0, 0.0, 0.0, 0.0, 0.0, 0.0], "eXS": [0.0, 0.0, 0.0, 0.0, 0.0, 0.0, 0.0, 0.0, 0.0], "lev": [1.0, 1.0, 1.0, 1.0, 1.0, 1.0, 1.0, 1.0, 1.0], "sl": 0.08}, "train": {"n": 178, "months": 19.574629934210527, "eq": 2264.163837015668, "growth": 0.04174819787869408, "liq": false, "maxdd": 0.10209857758967082, "tpm": 9.093403073174317, "sl_hits": 4, "worst_mae": -0.11090275917492642, "win": 0.9775280898876404, "score": 0.02486163352450338}, "oos": {"n": 4, "months": 0.9210526315789473, "eq": 1024.0619101337816, "growth": 0.025815011096594905, "liq": false, "maxdd": 0.0, "tpm": 4.3428571428571425, "sl_hits": 0, "worst_mae": -0.047367135997395726, "win": 1.0, "score": 0.025815011096594905}, "elapsed": 2.2550857067108154}