{"job": {"strategy": "v6", "mode": "spot", "method": "volXtrend9", "window": "all", "fold_idx": 19, "n_samples": 350, "seed": 331108}, "status": "ok", "n_feasible": 350, "cand": {"strategy": "v6", "tv": 0, "zL": [-1.597, -1.3083, -1.5642, -1.5798, -1.5563, -1.5293, -1.5099, -1.3571, -1.2814], "zS": [1.8172, 1.8848, 1.7525, 1.7366, 1.795, 1.7478, 1.5418, 1.6226, 1.8544], "zXS": [1.6133, 1.8956, 2.0532, 2.0018, 1.7236, 1.8469, 1.7234, 1.8291, 2.0273], "zXLmax": [-40.1495, -40.1952, -40.2433, -40.3695, -40.2096, -40.141, -40.2381, -40.2939, -40.3096], "ptScale": [1.2689, 1.5511, 1.2488, 1.3776, 1.2802, 1.1965, 1.5927, 1.446, 1.6403], "eS3": [0.0, 0.0, 0.0, 0.0, 0.0, 0.0, 0.0, 0.0, 0.0], "eXS": [0.0, 0.0, 0.0, 0.0, 0.0, 0.0, 0.0, 0.0, 0.0], "lev": [1.0, 1.0, 1.0, 1.0, 1.0, 1.0, 1.0, 1.0, 1.0], "sl": 0.08}, "train": {"n": 255, "months": 23.25870339912281, "eq": 2449.6656819269942, "growth": 0.03852113092955481, "liq": false, "maxdd": 0.1570552842754003, "tpm": 10.963637810077461, "sl_hits": 8, "worst_mae": -0.08526526972804283, "win": 0.9686274509803922, "score": 0.02007882952263288}, "oos": {"n": 17, "months": 0.9207785087719298, "eq": 1010.2979984077127, "growth": 0.011126818410630306, "liq": false, "maxdd": 0.07923433462532294, "tpm": 18.46263768978863, "sl_hits": 1, "worst_mae": -0.0804993542832545, "win": 0.9411764705882353, "score": 0.011126818410630306}, "elapsed": 2.4682483673095703}