{"job": {"strategy": "v6", "mode": "spot", "method": "volXtrend9", "window": "all", "fold_idx": 5, "n_samples": 350, "seed": 331108}, "status": "ok", "n_feasible": 350, "cand": {"strategy": "v6", "tv": 0, "zL": [-1.3544, -1.3558, -1.2392, -1.1479, -1.1162, -1.1303, -1.4125, -1.2323, -1.1812], "zS": [1.4106, 1.4739, 1.66, 1.628, 1.3592, 1.4343, 1.7186, 1.5758, 1.5811], "zXS": [1.7747, 1.979, 2.0751, 1.9961, 1.526, 1.6834, 2.0166, 1.9764, 2.1467], "zXLmax": [-99.0, -99.0, -99.0, -99.0, -99.0, -99.0, -99.0, -99.0, -99.0], "ptScale": [2.0997, 2.0572, 1.863, 1.9625, 2.1297, 2.107, 2.1146, 2.0758, 1.93], "eS3": [0.0, 0.0, 0.0, 0.0, 0.0, 0.0, 0.0, 0.0, 0.0], "eXS": [0.0, 0.0, 0.0, 0.0, 0.0, 0.0, 0.0, 0.0, 0.0], "lev": [1.0, 1.0, 1.0, 1.0, 1.0, 1.0, 1.0, 1.0, 1.0], "sl": 0.08}, "train": {"n": 152, "months": 10.610128837719298, "eq": 2287.231437207951, "growth": 0.07797663152162784, "liq": false, "maxdd": 0.12945355971945666, "tpm": 14.325933485334867, "sl_hits": 6, "worst_mae": -0.08497785379116785, "win": 0.9605263157894737, "score": 0.04720519553796805}, "oos": {"n": 13, "months": 0.9084429824561403, "eq": 1134.7061526540058, "growth": 0.1391102397336659, "liq": false, "maxdd": 0.0, "tpm": 14.310199155099578, "sl_hits": 0, "worst_mae": -0.07450178170779986, "win": 1.0, "score": 0.1391102397336659}, "elapsed": 1.4652612209320068}