{"job": {"strategy": "v6", "mode": "spot", "method": "volXtrend9", "window": "all", "fold_idx": 1, "n_samples": 350, "seed": 331108}, "status": "ok", "n_feasible": 350, "cand": {"strategy": "v6", "tv": 0, "zL": [-1.239, -1.3242, -1.0163, -1.2734, -1.2256, -1.1881, -1.4621, -1.3, -1.1881], "zS": [1.4844, 1.6125, 1.884, 1.6736, 1.803, 1.7254, 1.7933, 1.724, 1.85], "zXS": [2.1442, 2.2375, 1.945, 2.5503, 1.9238, 2.2076, 1.8632, 2.3295, 2.6747], "zXLmax": [-99.0, -99.0, -99.0, -99.0, -99.0, -99.0, -99.0, -99.0, -99.0], "ptScale": [2.0073, 1.7642, 1.6594, 1.7575, 1.929, 1.7713, 1.8295, 1.8944, 1.9066], "eS3": [0.0, 0.0, 0.0, 0.0, 0.0, 0.0, 0.0, 0.0, 0.0], "eXS": [0.0, 0.0, 0.0, 0.0, 0.0, 0.0, 0.0, 0.0, 0.0], "lev": [1.0, 1.0, 1.0, 1.0, 1.0, 1.0, 1.0, 1.0, 1.0], "sl": 0.1}, "train": {"n": 93, "months": 6.951206140350878, "eq": 2111.848553480203, "growth": 0.10754445207730313, "liq": false, "maxdd": 0.0, "tpm": 13.378973105134474, "sl_hits": 0, "worst_mae": -0.08164533243920236, "win": 1.0, "score": 0.06900234224651243}, "oos": {"n": 13, "months": 0.9159813596491229, "eq": 1113.0198630763905, "growth": 0.1168985781599311, "liq": false, "maxdd": 0.0, "tpm": 14.192428550052371, "sl_hits": 0, "worst_mae": -0.05810220280032108, "win": 1.0, "score": 0.1168985781599311}, "elapsed": 1.3637807369232178}