{"job": {"strategy": "v6", "mode": "spot", "method": "volXtrend9", "window": "all", "fold_idx": 14, "n_samples": 350, "seed": 331108}, "status": "ok", "n_feasible": 350, "cand": {"strategy": "v6", "tv": 1, "zL": [-1.6166, -1.722, -1.8211, -1.8166, -1.8353, -1.9224, -1.6876, -1.8478, -1.5876], "zS": [1.5054, 1.4363, 1.5261, 1.5118, 1.2861, 1.5393, 1.7523, 1.5034, 1.5336], "zXS": [2.249, 2.0621, 1.8708, 2.2919, 1.9599, 2.1359, 2.2655, 2.3681, 1.9237], "zXLmax": [-99.0, -99.0, -99.0, -99.0, -99.0, -99.0, -99.0, -99.0, -99.0], "ptScale": [1.4775, 1.6615, 1.371, 1.4865, 1.5563, 1.3822, 1.6602, 1.6361, 1.6382], "eS3": [0.0, 0.0, 0.0, 0.0, 0.0, 0.0, 0.0, 0.0, 0.0], "eXS": [0.0, 0.0, 0.0, 0.0, 0.0, 0.0, 0.0, 0.0, 0.0], "lev": [1.0, 1.0, 1.0, 1.0, 1.0, 1.0, 1.0, 1.0, 1.0], "sl": 0.08}, "train": {"n": 151, "months": 18.653645833333336, "eq": 2570.947334833574, "growth": 0.05062144163123639, "liq": false, "maxdd": 0.10209857758967072, "tpm": 8.09493229093955, "sl_hits": 1, "worst_mae": -0.11090275917492642, "win": 0.9933774834437086, "score": 0.035494919677566975}, "oos": {"n": 7, "months": 0.920984100877193, "eq": 1045.3671403745468, "growth": 0.04817472329257924, "liq": false, "maxdd": 0.0, "tpm": 7.600565518267729, "sl_hits": 0, "worst_mae": -0.057170542635658905, "win": 1.0, "score": 0.04817472329257924}, "elapsed": 2.222479820251465}