{"job": {"strategy": "v6", "mode": "spot", "method": "volXtrend9", "window": "all", "fold_idx": 12, "n_samples": 350, "seed": 331108}, "status": "ok", "n_feasible": 350, "cand": {"strategy": "v6", "tv": 1, "zL": [-1.5789, -1.5373, -1.8449, -1.4818, -1.3543, -1.7207, -1.5972, -1.4859, -1.4132], "zS": [1.959, 1.768, 1.9634, 1.8655, 1.9381, 2.005, 1.7099, 1.9396, 1.8214], "zXS": [2.0825, 1.9268, 1.8925, 2.0915, 2.2303, 2.2796, 2.0131, 2.4405, 2.2832], "zXLmax": [-99.0, -99.0, -99.0, -99.0, -99.0, -99.0, -99.0, -99.0, -99.0], "ptScale": [1.962, 1.727, 1.9846, 2.351, 2.1097, 2.0893, 1.9933, 2.1149, 2.043], "eS3": [0.0, 0.0, 0.0, 0.0, 0.0, 0.0, 0.0, 0.0, 0.0], "eXS": [0.0, 0.0, 0.0, 0.0, 0.0, 0.0, 0.0, 0.0, 0.0], "lev": [1.0, 1.0, 1.0, 1.0, 1.0, 1.0, 1.0, 1.0, 1.0], "sl": 0.08}, "train": {"n": 179, "months": 16.945655153508774, "eq": 2212.696798891056, "growth": 0.04686818157226136, "liq": false, "maxdd": 0.15807635915442958, "tpm": 10.563179669269747, "sl_hits": 9, "worst_mae": -0.08497785379116785, "win": 0.9497206703910615, "score": 0.02476651178311869}, "oos": {"n": 7, "months": 0.7870065789473684, "eq": 745.6987605631696, "growth": -0.37284766658256224, "liq": false, "maxdd": 0.2662715489300552, "tpm": 8.894461859979103, "sl_hits": 4, "worst_mae": -0.08817769532055242, "win": 0.42857142857142855, "score": -0.37284766658256224}, "elapsed": 1.8466429710388184}