{"job": {"strategy": "v6", "mode": "spot", "method": "volXtrend9", "window": "all", "fold_idx": 9, "n_samples": 350, "seed": 331108}, "status": "ok", "n_feasible": 350, "cand": {"strategy": "v6", "tv": 1, "zL": [-1.8625, -1.4443, -1.6738, -1.5812, -1.5781, -1.7372, -1.6549, -1.5918, -1.5505], "zS": [1.3784, 1.5558, 1.7684, 1.9126, 1.4262, 1.5253, 1.3351, 1.4274, 1.7089], "zXS": [2.2484, 2.146, 1.7879, 1.9344, 2.1881, 2.0809, 2.1328, 1.7039, 1.9458], "zXLmax": [-99.0, -99.0, -99.0, -99.0, -99.0, -99.0, -99.0, -99.0, -99.0], "ptScale": [1.7056, 2.1865, 1.8218, 1.8827, 2.019, 1.8971, 2.1095, 2.0212, 1.8525], "eS3": [0.0, 0.0, 0.0, 0.0, 0.0, 0.0, 0.0, 0.0, 0.0], "eXS": [0.0, 0.0, 0.0, 0.0, 0.0, 0.0, 0.0, 0.0, 0.0], "lev": [1.0, 1.0, 1.0, 1.0, 1.0, 1.0, 1.0, 1.0, 1.0], "sl": 0.08}, "train": {"n": 141, "months": 14.267269736842106, "eq": 2504.655758714724, "growth": 0.06435367946061266, "liq": false, "maxdd": 0.09301460490595341, "tpm": 9.88275981324572, "sl_hits": 4, "worst_mae": -0.08497785379116785, "win": 0.9716312056737588, "score": 0.042038426571938105}, "oos": {"n": 9, "months": 0.91796875, "eq": 974.2280316135905, "growth": -0.02844310772161156, "liq": false, "maxdd": 0.0, "tpm": 9.804255319148936, "sl_hits": 1, "worst_mae": -0.0811719500480308, "win": 0.8888888888888888, "score": -0.02844310772161156}, "elapsed": 1.6833159923553467}