{"job": {"strategy": "v6", "mode": "spot", "method": "volXtrend9", "window": "all", "fold_idx": 2, "n_samples": 350, "seed": 331108}, "status": "ok", "n_feasible": 350, "cand": {"strategy": "v6", "tv": 1, "zL": [-1.1493, -1.3529, -1.1353, -1.1882, -1.2623, -0.9972, -1.159, -1.2016, -1.1233], "zS": [1.6872, 1.9579, 1.9788, 2.0075, 2.0736, 2.2431, 2.1505, 2.0088, 2.0382], "zXS": [1.8529, 2.2136, 1.9697, 1.7887, 1.8121, 1.9206, 2.1356, 2.0757, 2.1898], "zXLmax": [-40.3583, -40.5144, -40.5279, -40.3441, -40.5903, -40.6834, -40.4764, -40.6175, -40.5979], "ptScale": [1.4834, 1.9292, 1.6456, 1.6223, 2.139, 1.7059, 1.7542, 1.6849, 1.8598], "eS3": [0.0, 0.0, 0.0, 0.0, 0.0, 0.0, 0.0, 0.0, 0.0], "eXS": [0.0, 0.0, 0.0, 0.0, 0.0, 0.0, 0.0, 0.0, 0.0], "lev": [1.0, 1.0, 1.0, 1.0, 1.0, 1.0, 1.0, 1.0, 1.0], "sl": 0.1}, "train": {"n": 107, "months": 7.8671875, "eq": 2335.084434630672, "growth": 0.10779558144616344, "liq": false, "maxdd": 0.0, "tpm": 13.600794438927508, "sl_hits": 0, "worst_mae": -0.08164533243920236, "win": 1.0, "score": 0.07349882170080604}, "oos": {"n": 10, "months": 0.9100877192982456, "eq": 1090.1550392138543, "growth": 0.09484791642244042, "liq": false, "maxdd": 0.0, "tpm": 10.987951807228916, "sl_hits": 0, "worst_mae": -0.023793194407808027, "win": 1.0, "score": 0.09484791642244042}, "elapsed": 1.4220926761627197}