{"job": {"strategy": "v6", "mode": "spot", "method": "volXtrend9", "window": "all", "fold_idx": 20, "n_samples": 350, "seed": 331108}, "status": "ok", "n_feasible": 350, "cand": {"strategy": "v6", "tv": 0, "zL": [-1.7324, -1.5364, -1.968, -1.7615, -1.6481, -1.5284, -1.8729, -1.7999, -1.6043], "zS": [1.4103, 1.4574, 1.5194, 1.5159, 1.6715, 1.304, 1.6209, 1.441, 1.5258], "zXS": [2.3326, 2.0091, 2.0863, 2.1372, 1.8226, 2.142, 2.1372, 1.8079, 2.1893], "zXLmax": [-39.7379, -39.8385, -39.8184, -39.7999, -39.7519, -39.7614, -39.7737, -39.7833, -39.7376], "ptScale": [1.553, 1.3502, 1.4368, 1.5594, 1.5984, 1.5091, 1.1682, 1.1309, 1.5682], "eS3": [0.0, 0.0, 0.0, 0.0, 0.0, 0.0, 0.0, 0.0, 0.0], "eXS": [0.0, 0.0, 0.0, 0.0, 0.0, 0.0, 0.0, 0.0, 0.0], "lev": [1.0, 1.0, 1.0, 1.0, 1.0, 1.0, 1.0, 1.0, 1.0], "sl": 0.08}, "train": {"n": 215, "months": 24.179481907894736, "eq": 2606.5862987001888, "growth": 0.039622082779213835, "liq": false, "maxdd": 0.12254506564884647, "tpm": 8.891836509110698, "sl_hits": 5, "worst_mae": -0.08817769532055242, "win": 0.9767441860465116, "score": 0.025905446396855766}, "oos": {"n": 4, "months": 0.9185855263157895, "eq": 1029.3033747303664, "growth": 0.03144207848158598, "liq": false, "maxdd": 0.0, "tpm": 4.354521038495971, "sl_hits": 0, "worst_mae": -0.015655577299413026, "win": 1.0, "score": 0.03144207848158598}, "elapsed": 2.5295214653015137}