{
 "cand": {
  "strategy": "prime",
  "tv": 0,
  "zL": [
   -1.8752683435181683,
   -1.9193660346576442,
   -2.441965737731657
  ],
  "zS": [
   1.0216422073978253,
   1.2052074949629816,
   1.1639683540540753
  ],
  "rsiL": [
   30.0,
   49.365338267614064,
   30.0
  ],
  "rsiS": [
   50.0,
   64.17825257730843,
   58.257635993440594
  ],
  "bbL": [
   -0.0478947907593142,
   -0.07033525598214671,
   -0.009365230876968786
  ],
  "bbS": [
   1.1574361470812586,
   1.1982626331435486,
   1.602663181534537
  ],
  "ptL": [
   0.020118314657588128,
   0.019181939316147603,
   0.009650372697106455
  ],
  "a1L": [
   0.006576708758980592,
   0.01855834758052611,
   0.003400543374585991
  ],
  "a2L": [
   0.005658700561687835,
   0.011063056876928776,
   0.0020200030109777146
  ],
  "d1L": [
   59.72973189197087,
   90.0,
   62.235735402232656
  ],
  "d2L": [
   168.64681270192702,
   348.97099482075737,
   254.04703769310967
  ],
  "ptS": [
   0.020476886177942594,
   0.02177489727078978,
   0.00918208541708423
  ],
  "a1S": [
   0.00682790098978748,
   0.0189487759262865,
   0.001
  ],
  "a2S": [
   0.003289902736408797,
   0.006341076304510257,
   0.0
  ],
  "d1S": [
   43.15301798955322,
   85.81380090590729,
   5.35997372315376
  ],
  "d2S": [
   81.41907547207416,
   254.27157934510456,
   24.274982004175214
  ],
  "cdPL": [
   0.010497876622918827,
   0.00987270547163584,
   0.01111220379196658
  ],
  "cdTL": [
   157.70984553188347,
   140.85469095392884,
   10.0
  ],
  "cdPS": [
   0.005012051071389919,
   0.008918663386478797,
   0.001031198901303754
  ],
  "cdTS": [
   74.91063872385021,
   39.805041751113485,
   124.0424134578029
  ],
  "eL3": [
   1.0,
   1.0,
   1.0
  ],
  "eS3": [
   1.0,
   1.0,
   1.0
  ],
  "lev": [
   8.650465635445766,
   8.780616341359515,
   8.469039637073918
  ],
  "sl": 0.0
 },
 "metrics": {
  "n": 199,
  "months": 14.81640625,
  "eq": 47730848954.523895,
  "growth": 1.1933452807036875,
  "liq": false,
  "maxdd": 0.4980185927904893,
  "tpm": 13.431057210651199,
  "sl_hits": 0,
  "worst_mae": -0.06254077784781431,
  "win": 1.0,
  "max_hold_days": 4.233333333333333,
  "in_market": 0.10854251367940018,
  "score": 0.9485345773758536
 },
 "strategy": "prime",
 "mode": "lev",
 "method": "vol3",
 "algo": "genetic",
 "per_regime": true,
 "train_end": "2025-09-01",
 "holdout_days": null,
 "max_dd": 0.5,
 "max_hold_days": 7.0,
 "gap_mode": "skip_contaminated",
 "scoring": "underwater",
 "anchor": null,
 "anchor_strength": 0.0,
 "evaluated": 1001000,
 "generated": "2026-07-11 05:24",
 "holdout": {
  "n": 4,
  "months": 2.1842105263157894,
  "eq": 0.0,
  "growth": -12.650347016931143,
  "liq": true,
  "maxdd": 1.0,
  "tpm": 1.8313253012048194,
  "sl_hits": 0,
  "worst_mae": -0.10760071355031389,
  "win": 0.75,
  "max_hold_days": 57.645833333333336,
  "in_market": 0.9497678212851406,
  "score": -13.125230927573712
 },
 "holdout_scan": {
  "scanned": 600,
  "pool": 600,
  "reservoir": 300,
  "survivors": 0
 },
 "holdout_survivors": [],
 "holdout_top10": [
  {
   "rank": 528,
   "train_score": 0.04338028116292163,
   "holdout": {
    "n": 31,
    "months": 9.656661184210527,
    "eq": 2047.4563205497225,
    "growth": 0.07420765726195151,
    "liq": false,
    "maxdd": 0.6840223291768348,
    "tpm": 3.210219288907813,
    "sl_hits": 0,
    "worst_mae": -0.18567639257294433,
    "win": 1.0,
    "max_hold_days": 23.04375,
    "in_market": 0.2398055496416152,
    "score": -0.06613786550810884
   }
  },
  {
   "rank": 526,
   "train_score": 0.02165617827989196,
   "holdout": {
    "n": 47,
    "months": 9.656661184210527,
    "eq": 1487.7975273550946,
    "growth": 0.041142259135717715,
    "liq": false,
    "maxdd": 0.4614454900036072,
    "tpm": 4.8671066638279745,
    "sl_hits": 0,
    "worst_mae": -0.20678186095562578,
    "win": 1.0,
    "max_hold_days": 26.533333333333335,
    "in_market": 0.17115889574905968,
    "score": -0.055598503894124726
   }
  },
  {
   "rank": 428,
   "train_score": 0.0253263433621243,
   "holdout": {
    "n": 21,
    "months": 9.656661184210527,
    "eq": 1193.5166433016645,
    "growth": 0.018319386823055193,
    "liq": false,
    "maxdd": 0.11012463008381272,
    "tpm": 2.1746646795827123,
    "sl_hits": 0,
    "worst_mae": -0.047367135997395726,
    "win": 0.8571428571428571,
    "max_hold_days": 26.791666666666668,
    "in_market": 0.11168121495990349,
    "score": -0.03501153771266101
   }
  },
  {
   "rank": 1,
   "train_score": 0.9485345773758536,
   "holdout": {
    "n": 4,
    "months": 2.1842105263157894,
    "eq": 0.0,
    "growth": -12.650347016931143,
    "liq": true,
    "maxdd": 1.0,
    "tpm": 1.8313253012048194,
    "sl_hits": 0,
    "worst_mae": -0.10760071355031389,
    "win": 0.75,
    "max_hold_days": 57.645833333333336,
    "in_market": 0.9497678212851406,
    "score": -13.125230927573712
   }
  },
  {
   "rank": 2,
   "train_score": 0.9404484592847455,
   "holdout": {
    "n": 4,
    "months": 2.1842105263157894,
    "eq": 0.0,
    "growth": -12.650347016931143,
    "liq": true,
    "maxdd": 1.0000000000000002,
    "tpm": 1.8313253012048194,
    "sl_hits": 0,
    "worst_mae": -0.10741355660954435,
    "win": 0.75,
    "max_hold_days": 57.645833333333336,
    "in_market": 0.9497678212851406,
    "score": -13.125230927573712
   }
  },
  {
   "rank": 3,
   "train_score": 0.9384712502825859,
   "holdout": {
    "n": 4,
    "months": 2.1842105263157894,
    "eq": 0.0,
    "growth": -12.650347016931143,
    "liq": true,
    "maxdd": 1.0000000000000002,
    "tpm": 1.8313253012048194,
    "sl_hits": 0,
    "worst_mae": -0.10657687964626308,
    "win": 0.75,
    "max_hold_days": 57.645833333333336,
    "in_market": 0.9496736947791165,
    "score": -13.1251838643207
   }
  },
  {
   "rank": 4,
   "train_score": 0.9364744365262896,
   "holdout": {
    "n": 4,
    "months": 2.1842105263157894,
    "eq": 0.0,
    "growth": -12.650347016931143,
    "liq": true,
    "maxdd": 1.0000000000000002,
    "tpm": 1.8313253012048194,
    "sl_hits": 0,
    "worst_mae": -0.10741355660954435,
    "win": 0.75,
    "max_hold_days": 57.645833333333336,
    "in_market": 0.9497991967871486,
    "score": -13.125246615324716
   }
  },
  {
   "rank": 5,
   "train_score": 0.9348644836867499,
   "holdout": {
    "n": 4,
    "months": 2.1842105263157894,
    "eq": 0.0,
    "growth": -12.650347016931143,
    "liq": true,
    "maxdd": 1.0000000000000002,
    "tpm": 1.8313253012048194,
    "sl_hits": 0,
    "worst_mae": -0.10663891737554543,
    "win": 0.75,
    "max_hold_days": 57.645833333333336,
    "in_market": 0.9499874497991968,
    "score": -13.12534074183074
   }
  },
  {
   "rank": 6,
   "train_score": 0.9344470651997949,
   "holdout": {
    "n": 4,
    "months": 2.1842105263157894,
    "eq": 0.0,
    "growth": -12.650347016931143,
    "liq": true,
    "maxdd": 1.0,
    "tpm": 1.8313253012048194,
    "sl_hits": 0,
    "worst_mae": -0.10657687964626308,
    "win": 0.75,
    "max_hold_days": 57.645833333333336,
    "in_market": 0.9499874497991968,
    "score": -13.12534074183074
   }
  },
  {
   "rank": 7,
   "train_score": 0.933741596737669,
   "holdout": {
    "n": 4,
    "months": 2.1842105263157894,
    "eq": 0.0,
    "growth": -12.650347016931143,
    "liq": true,
    "maxdd": 1.0,
    "tpm": 1.8313253012048194,
    "sl_hits": 0,
    "worst_mae": -0.10657687964626308,
    "win": 0.75,
    "max_hold_days": 57.645833333333336,
    "in_market": 0.9499874497991968,
    "score": -13.12534074183074
   }
  }
 ]
}