{"job": {"strategy": "v6", "mode": "spot", "method": "vol3_7d", "window": "all", "fold_idx": 18, "n_samples": 350, "seed": 220826}, "status": "ok", "n_feasible": 350, "cand": {"strategy": "v6", "tv": 0, "zL": [-1.8383, -1.6834, -1.709], "zS": [1.7397, 1.3602, 1.3829], "zXS": [1.8106, 2.1246, 2.0208], "zXLmax": [-39.9869, -39.9516, -39.9309], "ptScale": [1.2729, 1.5882, 1.5333], "eS3": [0.0, 0.0, 0.0], "eXS": [0.0, 0.0, 0.0], "lev": [1.0, 1.0, 1.0], "sl": 0.08}, "train": {"n": 181, "months": 22.337719298245617, "eq": 2361.7141493513063, "growth": 0.03847249033712606, "liq": false, "maxdd": 0.20250166537258676, "tpm": 8.10288631454938, "sl_hits": 4, "worst_mae": -0.11090275917492642, "win": 0.9779005524861878, "score": 0.023400332773908274}, "oos": {"n": 5, "months": 0.920984100877193, "eq": 938.7350256267162, "growth": -0.06864616595130052, "liq": false, "maxdd": 0.08423617614269781, "tpm": 5.428975370191234, "sl_hits": 1, "worst_mae": -0.08526526972804283, "win": 0.8, "score": -0.06864616595130052}, "elapsed": 2.4811089038848877}