{"job": {"strategy": "v6", "mode": "spot", "method": "vol3_7d", "window": "all", "fold_idx": 7, "n_samples": 350, "seed": 220826}, "status": "ok", "n_feasible": 350, "cand": {"strategy": "v6", "tv": 1, "zL": [-1.7553, -1.5785, -1.4244], "zS": [1.5721, 1.4011, 1.2702], "zXS": [1.672, 1.5729, 1.3927], "zXLmax": [-99.0, -99.0, -99.0], "ptScale": [1.7666, 2.0569, 1.9162], "eS3": [0.0, 0.0, 0.0], "eXS": [0.0, 0.0, 0.0], "lev": [1.0, 1.0, 1.0], "sl": 0.08}, "train": {"n": 135, "months": 12.432565789473685, "eq": 2068.78091637498, "growth": 0.058472202505323125, "liq": false, "maxdd": 0.09776977654842108, "tpm": 10.858579177139832, "sl_hits": 5, "worst_mae": -0.08497785379116785, "win": 0.9629629629629629, "score": 0.034736541282302254}, "oos": {"n": 2, "months": 0.915296052631579, "eq": 1018.6625222470794, "growth": 0.02020167584029256, "liq": false, "maxdd": 0.0, "tpm": 2.1850853548966755, "sl_hits": 0, "worst_mae": -0.011957423278960544, "win": 1.0, "score": 0.02020167584029256}, "elapsed": 1.586557388305664}