{"job": {"strategy": "v6", "mode": "spot", "method": "vol3_7d", "window": "all", "fold_idx": 4, "n_samples": 350, "seed": 220826}, "status": "ok", "n_feasible": 350, "cand": {"strategy": "v6", "tv": 0, "zL": [-1.336, -1.3177, -1.5292], "zS": [1.593, 1.7157, 1.532], "zXS": [2.022, 2.1662, 1.7995], "zXLmax": [-40.3094, -40.4693, -40.3954], "ptScale": [1.5035, 2.0483, 1.6732], "eS3": [0.0, 0.0, 0.0], "eXS": [0.0, 0.0, 0.0], "lev": [1.0, 1.0, 1.0], "sl": 0.08}, "train": {"n": 115, "months": 9.694490131578949, "eq": 2002.3524338706025, "growth": 0.07162034277928248, "liq": false, "maxdd": 0.13406571389672473, "tpm": 11.862408279255204, "sl_hits": 2, "worst_mae": -0.08180393912264994, "win": 0.9826086956521739, "score": 0.046103682465022236}, "oos": {"n": 9, "months": 0.9156387061403509, "eq": 1020.205896990603, "growth": 0.021847554702296657, "liq": false, "maxdd": 0.0729920542102368, "tpm": 9.829204400868198, "sl_hits": 1, "worst_mae": -0.0800082553659881, "win": 0.8888888888888888, "score": 0.021847554702296657}, "elapsed": 1.402632713317871}