{"job": {"strategy": "v6", "mode": "spot", "method": "vol3_7d", "window": "all", "fold_idx": 17, "n_samples": 350, "seed": 220826}, "status": "ok", "n_feasible": 348, "cand": {"strategy": "v6", "tv": 1, "zL": [-1.6277, -1.6639, -1.6611], "zS": [1.7408, 2.0103, 2.0423], "zXS": [2.0823, 2.0163, 1.6716], "zXLmax": [-1.0588, -0.8717, -0.907], "ptScale": [1.5736, 1.1988, 1.4328], "eS3": [0.0, 0.0, 0.0], "eXS": [0.0, 0.0, 0.0], "lev": [1.0, 1.0, 1.0], "sl": 0.08}, "train": {"n": 201, "months": 21.41673519736842, "eq": 2506.047201660444, "growth": 0.042896673245904134, "liq": false, "maxdd": 0.10209857758967078, "tpm": 9.385183976346584, "sl_hits": 4, "worst_mae": -0.11090275917492642, "win": 0.9800995024875622, "score": 0.026783417814624837}, "oos": {"n": 6, "months": 0.920984100877193, "eq": 1024.138244444609, "growth": 0.025897864928147225, "liq": false, "maxdd": 0.0, "tpm": 6.514770444229481, "sl_hits": 0, "worst_mae": -0.07446113651208364, "win": 1.0, "score": 0.025897864928147225}, "elapsed": 2.4242448806762695}