{"job": {"strategy": "v6", "mode": "spot", "method": "vol3_7d", "window": "all", "fold_idx": 11, "n_samples": 350, "seed": 220826}, "status": "ok", "n_feasible": 350, "cand": {"strategy": "v6", "tv": 0, "zL": [-1.8373, -1.6714, -1.3584], "zS": [1.5207, 1.921, 1.5922], "zXS": [2.0068, 1.8889, 1.598], "zXLmax": [-40.3909, -40.3086, -40.3982], "ptScale": [1.4322, 1.4306, 1.6009], "eS3": [0.0, 0.0, 0.0], "eXS": [0.0, 0.0, 0.0], "lev": [1.0, 1.0, 1.0], "sl": 0.1}, "train": {"n": 160, "months": 16.02480811403509, "eq": 2436.578470707547, "growth": 0.055576003329889254, "liq": false, "maxdd": 0.10224319870123476, "tpm": 9.984518932233977, "sl_hits": 2, "worst_mae": -0.10173660648398686, "win": 0.9875, "score": 0.03684942751466461}, "oos": {"n": 14, "months": 0.9208470394736842, "eq": 976.0635316214282, "growth": -0.02631012510719711, "liq": false, "maxdd": 0.10813551104578455, "tpm": 15.203393614646126, "sl_hits": 1, "worst_mae": -0.10771323271323263, "win": 0.9285714285714286, "score": -0.02631012510719711}, "elapsed": 1.8048782348632812}