{"job": {"strategy": "v6", "mode": "spot", "method": "vol3_7d", "window": "all", "fold_idx": 5, "n_samples": 350, "seed": 220826}, "status": "ok", "n_feasible": 350, "cand": {"strategy": "v6", "tv": 1, "zL": [-1.9054, -2.1084, -1.4193], "zS": [1.8227, 1.4932, 1.806], "zXS": [1.855, 1.8994, 2.0857], "zXLmax": [-99.0, -99.0, -99.0], "ptScale": [1.8188, 1.6791, 1.8677], "eS3": [0.0, 0.0, 0.0], "eXS": [0.0, 0.0, 0.0], "lev": [1.0, 1.0, 1.0], "sl": 0.1}, "train": {"n": 89, "months": 10.610128837719298, "eq": 1694.0193627977828, "growth": 0.04967932382815949, "liq": false, "maxdd": 0.10136397941398928, "tpm": 8.388211053913178, "sl_hits": 2, "worst_mae": -0.1028263824935316, "win": 0.9775280898876404, "score": 0.02647561607700693}, "oos": {"n": 10, "months": 0.9084429824561403, "eq": 1075.8703999038844, "growth": 0.0805003833060243, "liq": false, "maxdd": 0.0, "tpm": 11.007845503922752, "sl_hits": 0, "worst_mae": -0.07450178170779986, "win": 1.0, "score": 0.0805003833060243}, "elapsed": 1.461815595626831}