{"job": {"strategy": "v6", "mode": "spot", "method": "vol3_7d", "window": "all", "fold_idx": 10, "n_samples": 350, "seed": 220826}, "status": "ok", "n_feasible": 350, "cand": {"strategy": "v6", "tv": 1, "zL": [-1.6955, -1.7065, -1.4988], "zS": [2.1454, 2.2038, 1.9614], "zXS": [2.7471, 2.6851, 2.363], "zXLmax": [-99.0, -99.0, -99.0], "ptScale": [1.7676, 1.5419, 1.4637], "eS3": [0.0, 0.0, 0.0], "eXS": [0.0, 0.0, 0.0], "lev": [1.0, 1.0, 1.0], "sl": 0.1}, "train": {"n": 153, "months": 15.185238486842106, "eq": 1920.7461627341634, "growth": 0.042983436679879305, "liq": false, "maxdd": 0.13138526101710443, "tpm": 10.075574389732063, "sl_hits": 4, "worst_mae": -0.10741873606718855, "win": 0.9738562091503268, "score": 0.02216354871201011}, "oos": {"n": 4, "months": 0.8395696271929824, "eq": 1025.2664798744609, "growth": 0.02972065491469311, "liq": false, "maxdd": 0.0, "tpm": 4.764345767692434, "sl_hits": 0, "worst_mae": -0.06798752076496095, "win": 1.0, "score": 0.02972065491469311}, "elapsed": 1.7691607475280762}