{"job": {"strategy": "v6", "mode": "spot", "method": "vol3_7d", "window": "all", "fold_idx": 8, "n_samples": 350, "seed": 220826}, "status": "ok", "n_feasible": 350, "cand": {"strategy": "v6", "tv": 0, "zL": [-1.4168, -1.7846, -1.2669], "zS": [1.7534, 1.7264, 1.7271], "zXS": [2.4045, 1.996, 2.1255], "zXLmax": [-1.1377, -0.8635, -1.1263], "ptScale": [1.8165, 2.208, 2.1094], "eS3": [0.0, 0.0, 0.0], "eXS": [0.0, 0.0, 0.0], "lev": [1.0, 1.0, 1.0], "sl": 0.08}, "train": {"n": 156, "months": 13.347861842105264, "eq": 2750.057781620596, "growth": 0.07578906156827465, "liq": false, "maxdd": 0.0849844810198735, "tpm": 11.687265109974739, "sl_hits": 5, "worst_mae": -0.08497785379116785, "win": 0.967948717948718, "score": 0.05390521681912754}, "oos": {"n": 12, "months": 0.9194078947368421, "eq": 1019.3170712027835, "growth": 0.02080998556628744, "liq": false, "maxdd": 0.08139467211098539, "tpm": 13.051878354203936, "sl_hits": 1, "worst_mae": -0.08279628080877655, "win": 0.9166666666666666, "score": 0.02080998556628744}, "elapsed": 1.655449390411377}