{"job": {"strategy": "v6", "mode": "spot", "method": "vol3_7d", "window": "all", "fold_idx": 14, "n_samples": 350, "seed": 220826}, "status": "ok", "n_feasible": 350, "cand": {"strategy": "v6", "tv": 1, "zL": [-1.7798, -1.8859, -1.711], "zS": [1.2166, 1.2901, 1.2337], "zXS": [2.0234, 1.7284, 1.9586], "zXLmax": [-40.3666, -40.3313, -40.3295], "ptScale": [1.3836, 1.1994, 1.2921], "eS3": [0.0, 0.0, 0.0], "eXS": [0.0, 0.0, 0.0], "lev": [1.0, 1.0, 1.0], "sl": 0.08}, "train": {"n": 155, "months": 18.653645833333336, "eq": 2336.28396721173, "growth": 0.04549038973218032, "liq": false, "maxdd": 0.10209857758967089, "tpm": 8.309367583414769, "sl_hits": 1, "worst_mae": -0.11090275917492642, "win": 0.9935483870967742, "score": 0.03132136185137696}, "oos": {"n": 7, "months": 0.920984100877193, "eq": 1042.1452182266305, "growth": 0.04482303058464101, "liq": false, "maxdd": 0.0, "tpm": 7.600565518267729, "sl_hits": 0, "worst_mae": -0.057170542635658905, "win": 1.0, "score": 0.04482303058464101}, "elapsed": 2.24871563911438}