{"job": {"strategy": "v6", "mode": "spot", "method": "vol3_7d", "window": "all", "fold_idx": 19, "n_samples": 350, "seed": 220826}, "status": "ok", "n_feasible": 349, "cand": {"strategy": "v6", "tv": 0, "zL": [-1.5346, -1.5351, -1.68], "zS": [1.7594, 1.7692, 1.5294], "zXS": [1.8187, 1.4762, 1.5593], "zXLmax": [-20.1858, -20.1016, -20.1968], "ptScale": [1.42, 1.5565, 1.3415], "eS3": [0.0, 0.0, 0.0], "eXS": [0.0, 0.0, 0.0], "lev": [1.0, 1.0, 1.0], "sl": 0.1}, "train": {"n": 212, "months": 23.25870339912281, "eq": 2283.3032901213896, "growth": 0.03549738743990045, "liq": false, "maxdd": 0.1431989890889231, "tpm": 9.11486751269185, "sl_hits": 5, "worst_mae": -0.11275662959794697, "win": 0.9764150943396226, "score": 0.019509770454714234}, "oos": {"n": 15, "months": 0.9207785087719298, "eq": 986.9624082831078, "growth": -0.01425242552345129, "liq": false, "maxdd": 0.09214777131782956, "tpm": 16.290562667460556, "sl_hits": 1, "worst_mae": -0.10320705983641842, "win": 0.9333333333333333, "score": -0.01425242552345129}, "elapsed": 2.5259857177734375}