{"job": {"strategy": "v6", "mode": "spot", "method": "vol3_7d", "window": "all", "fold_idx": 3, "n_samples": 350, "seed": 220826}, "status": "ok", "n_feasible": 350, "cand": {"strategy": "v6", "tv": 0, "zL": [-1.1081, -1.0966, -1.2341], "zS": [1.8156, 1.9325, 2.1463], "zXS": [2.1421, 2.2645, 1.8817], "zXLmax": [-99.0, -99.0, -99.0], "ptScale": [1.6839, 1.7763, 1.4649], "eS3": [0.0, 0.0, 0.0], "eXS": [0.0, 0.0, 0.0], "lev": [1.0, 1.0, 1.0], "sl": 0.1}, "train": {"n": 138, "months": 8.777275219298247, "eq": 2502.5157024855584, "growth": 0.10450811715351402, "liq": false, "maxdd": 0.09810056888293994, "tpm": 15.72241915082996, "sl_hits": 1, "worst_mae": -0.10369731199665311, "win": 0.9927536231884058, "score": 0.06761880416429877}, "oos": {"n": 17, "months": 0.9172149122807017, "eq": 890.0499392434078, "growth": -0.12699063737534386, "liq": false, "maxdd": 0.17748892085473653, "tpm": 18.534369396294082, "sl_hits": 2, "worst_mae": -0.10454590180064938, "win": 0.8823529411764706, "score": -0.12699063737534386}, "elapsed": 1.476149320602417}