{"job": {"strategy": "v6", "mode": "spot", "method": "vol3_7d", "window": "all", "fold_idx": 9, "n_samples": 350, "seed": 220826}, "status": "ok", "n_feasible": 350, "cand": {"strategy": "v6", "tv": 0, "zL": [-1.3694, -1.637, -1.1619], "zS": [1.6126, 1.6308, 1.7911], "zXS": [1.8279, 1.6877, 1.7988], "zXLmax": [-99.0, -99.0, -99.0], "ptScale": [2.0339, 1.9143, 1.9855], "eS3": [0.0, 0.0, 0.0], "eXS": [0.0, 0.0, 0.0], "lev": [1.0, 1.0, 1.0], "sl": 0.08}, "train": {"n": 176, "months": 14.267269736842106, "eq": 2132.2140620231485, "growth": 0.05306978276539297, "liq": false, "maxdd": 0.1365204880372265, "tpm": 12.335927142774798, "sl_hits": 9, "worst_mae": -0.08497785379116785, "win": 0.9488636363636364, "score": 0.03021136136127319}, "oos": {"n": 13, "months": 0.91796875, "eq": 1010.327584186878, "growth": 0.011192776491743465, "liq": false, "maxdd": 0.0, "tpm": 14.161702127659574, "sl_hits": 1, "worst_mae": -0.08268961584322665, "win": 0.9230769230769231, "score": 0.011192776491743465}, "elapsed": 1.7039198875427246}