{"job": {"strategy": "v6", "mode": "spot", "method": "vol3_7d", "window": "all", "fold_idx": 16, "n_samples": 350, "seed": 220826}, "status": "ok", "n_feasible": 350, "cand": {"strategy": "v6", "tv": 0, "zL": [-2.1002, -1.7134, -1.7404], "zS": [1.7013, 1.9583, 1.8722], "zXS": [2.2905, 2.0388, 2.1957], "zXLmax": [-99.0, -99.0, -99.0], "ptScale": [1.6604, 1.1588, 1.6102], "eS3": [0.0, 0.0, 0.0], "eXS": [0.0, 0.0, 0.0], "lev": [1.0, 1.0, 1.0], "sl": 0.08}, "train": {"n": 159, "months": 20.495682565789473, "eq": 2367.970743069539, "growth": 0.04205926585053785, "liq": false, "maxdd": 0.10209857758967085, "tpm": 7.757731389995085, "sl_hits": 2, "worst_mae": -0.11090275917492642, "win": 0.9874213836477987, "score": 0.02885085078654949}, "oos": {"n": 3, "months": 0.9210526315789473, "eq": 1025.81733313537, "growth": 0.027674523848328095, "liq": false, "maxdd": 0.0, "tpm": 3.257142857142857, "sl_hits": 0, "worst_mae": -0.009053313959986653, "win": 1.0, "score": 0.027674523848328095}, "elapsed": 2.3716952800750732}