{"job": {"strategy": "v6", "mode": "spot", "method": "vol3_7d", "window": "all", "fold_idx": 12, "n_samples": 350, "seed": 220826}, "status": "ok", "n_feasible": 350, "cand": {"strategy": "v6", "tv": 0, "zL": [-1.6633, -1.6382, -1.3281], "zS": [1.8775, 1.8706, 1.9258], "zXS": [2.3383, 2.5529, 2.5924], "zXLmax": [-40.4918, -40.592, -40.2042], "ptScale": [1.9039, 1.7481, 1.4539], "eS3": [0.0, 0.0, 0.0], "eXS": [0.0, 0.0, 0.0], "lev": [1.0, 1.0, 1.0], "sl": 0.08}, "train": {"n": 186, "months": 16.945655153508774, "eq": 2128.4435879182834, "growth": 0.04457726749908534, "liq": false, "maxdd": 0.15182141362034737, "tpm": 10.97626490773281, "sl_hits": 7, "worst_mae": -0.08497785379116785, "win": 0.9623655913978495, "score": 0.023953998295520147}, "oos": {"n": 8, "months": 0.7870065789473684, "eq": 794.0268096532942, "growth": -0.2930573379794385, "liq": false, "maxdd": 0.23044331601401766, "tpm": 10.165099268547545, "sl_hits": 3, "worst_mae": -0.11090275917492642, "win": 0.625, "score": -0.2930573379794385}, "elapsed": 1.8718500137329102}