{"job": {"strategy": "v6", "mode": "spot", "method": "vol3_7d", "window": "all", "fold_idx": 1, "n_samples": 350, "seed": 220826}, "status": "ok", "n_feasible": 350, "cand": {"strategy": "v6", "tv": 0, "zL": [-1.0563, -1.1704, -1.1143], "zS": [1.3901, 1.326, 1.2748], "zXS": [2.0562, 1.8592, 1.6428], "zXLmax": [-99.0, -99.0, -99.0], "ptScale": [1.6679, 1.8711, 1.8813], "eS3": [0.0, 0.0, 0.0], "eXS": [0.0, 0.0, 0.0], "lev": [1.0, 1.0, 1.0], "sl": 0.1}, "train": {"n": 112, "months": 6.951206140350878, "eq": 1959.5128130884464, "growth": 0.09677397907816032, "liq": false, "maxdd": 0.13492170075787557, "tpm": 16.112311696506033, "sl_hits": 2, "worst_mae": -0.10369731199665311, "win": 0.9821428571428571, "score": 0.05767976178856157}, "oos": {"n": 16, "months": 0.9159813596491229, "eq": 1140.1400961571355, "growth": 0.14318102092386034, "liq": false, "maxdd": 0.0, "tpm": 17.467604369295227, "sl_hits": 0, "worst_mae": -0.05810220280032108, "win": 1.0, "score": 0.14318102092386034}, "elapsed": 1.362579107284546}