{"job": {"strategy": "v6", "mode": "spot", "method": "vol3_7d", "window": "all", "fold_idx": 0, "n_samples": 350, "seed": 220826}, "status": "ok", "n_feasible": 350, "cand": {"strategy": "v6", "tv": 0, "zL": [-0.9895, -1.1034, -1.0917], "zS": [1.3622, 1.7945, 1.754], "zXS": [2.4885, 2.2159, 2.0662], "zXLmax": [-99.0, -99.0, -99.0], "ptScale": [1.4058, 1.1737, 1.235], "eS3": [0.0, 0.0, 0.0], "eXS": [0.0, 0.0, 0.0], "lev": [1.0, 1.0, 1.0], "sl": 0.1}, "train": {"n": 103, "months": 6.024328399122807, "eq": 1655.4729106706159, "growth": 0.08367517194338277, "liq": false, "maxdd": 0.09857166587072548, "tpm": 17.09734150863981, "sl_hits": 1, "worst_mae": -0.10001920651152651, "win": 0.9902912621359223, "score": 0.055618143534681926}, "oos": {"n": 18, "months": 0.9209155701754386, "eq": 1092.9202457609501, "growth": 0.09648358786942246, "liq": false, "maxdd": 0.0, "tpm": 19.54576573894925, "sl_hits": 0, "worst_mae": -0.09534023046513573, "win": 1.0, "score": 0.09648358786942246}, "elapsed": 1.2073109149932861}