{"job": {"strategy": "v6", "mode": "spot", "method": "vol3_7d", "window": "all", "fold_idx": 13, "n_samples": 350, "seed": 220826}, "status": "ok", "n_feasible": 350, "cand": {"strategy": "v6", "tv": 0, "zL": [-1.9334, -1.8105, -1.8065], "zS": [1.5203, 1.5353, 1.2423], "zXS": [2.2468, 2.3775, 1.9984], "zXLmax": [-20.6935, -20.6912, -20.7931], "ptScale": [1.9031, 1.54, 1.721], "eS3": [0.0, 0.0, 0.0], "eXS": [0.0, 0.0, 0.0], "lev": [1.0, 1.0, 1.0], "sl": 0.08}, "train": {"n": 137, "months": 17.73266173245614, "eq": 2189.44200412069, "growth": 0.044192278099456736, "liq": false, "maxdd": 0.1387527694137396, "tpm": 7.725856505188306, "sl_hits": 3, "worst_mae": -0.11090275917492642, "win": 0.9781021897810219, "score": 0.02761192854789898}, "oos": {"n": 4, "months": 0.920984100877193, "eq": 1028.0210368562437, "growth": 0.030006631672806296, "liq": false, "maxdd": 0.0, "tpm": 4.343180296152988, "sl_hits": 0, "worst_mae": -0.012261793189628167, "win": 1.0, "score": 0.030006631672806296}, "elapsed": 2.2105300426483154}