{"job": {"strategy": "v6", "mode": "spot", "method": "vol3_7d", "window": "all", "fold_idx": 2, "n_samples": 350, "seed": 220826}, "status": "ok", "n_feasible": 350, "cand": {"strategy": "v6", "tv": 1, "zL": [-1.2848, -1.4639, -1.6524], "zS": [1.7356, 1.7463, 1.752], "zXS": [1.5589, 1.9446, 1.6722], "zXLmax": [-99.0, -99.0, -99.0], "ptScale": [1.6233, 1.6518, 1.8375], "eS3": [0.0, 0.0, 0.0], "eXS": [0.0, 0.0, 0.0], "lev": [1.0, 1.0, 1.0], "sl": 0.1}, "train": {"n": 92, "months": 7.8671875, "eq": 2007.5364246171603, "growth": 0.08858417457849468, "liq": false, "maxdd": 0.0, "tpm": 11.694141012909633, "sl_hits": 0, "worst_mae": -0.07023244188952771, "win": 1.0, "score": 0.058366984845400455}, "oos": {"n": 4, "months": 0.9100877192982456, "eq": 1026.2970106706716, "growth": 0.028521634113066952, "liq": false, "maxdd": 0.0, "tpm": 4.395180722891566, "sl_hits": 0, "worst_mae": -0.026105263157894742, "win": 1.0, "score": 0.028521634113066952}, "elapsed": 1.4161288738250732}