{"job": {"strategy": "v6", "mode": "spot", "method": "vol3_7d", "window": "all", "fold_idx": 15, "n_samples": 350, "seed": 220826}, "status": "ok", "n_feasible": 350, "cand": {"strategy": "v6", "tv": 0, "zL": [-1.5358, -1.7583, -1.4902], "zS": [1.649, 1.5931, 1.7845], "zXS": [2.5759, 2.2669, 2.1998], "zXLmax": [-40.0732, -40.0867, -40.0643], "ptScale": [1.3834, 1.2592, 1.3442], "eS3": [0.0, 0.0, 0.0], "eXS": [0.0, 0.0, 0.0], "lev": [1.0, 1.0, 1.0], "sl": 0.08}, "train": {"n": 201, "months": 19.574629934210527, "eq": 2703.8453017036313, "growth": 0.050814495547489257, "liq": false, "maxdd": 0.08116946648001232, "tpm": 10.268393357910325, "sl_hits": 3, "worst_mae": -0.08268961584322665, "win": 0.9850746268656716, "score": 0.03449911427624698}, "oos": {"n": 4, "months": 0.9210526315789473, "eq": 1024.0619101337816, "growth": 0.025815011096594905, "liq": false, "maxdd": 0.0, "tpm": 4.3428571428571425, "sl_hits": 0, "worst_mae": -0.047367135997395726, "win": 1.0, "score": 0.025815011096594905}, "elapsed": 2.3092243671417236}