{
 "cand": {
  "strategy": "v7",
  "mode": "lev",
  "regs": [
   {
    "vHistN": 1.0,
    "apt2Short": 0.007747484833021574,
    "dur2Long": 224.22903914088656,
    "xApt2Long": 0.0049720187682702815,
    "vEmaUp": 4.0,
    "bbValShort": 0.6111164825793299,
    "ptLong": 0.014503880598333364,
    "xDur2Short": 403.83948390946307,
    "eXS": 1.0,
    "apt2Long": 0.01135554186813739,
    "vMacd": 2.0,
    "xApt2Short": 0.00564308957567292,
    "eL3": 1.0,
    "zS": 2.889916640703337,
    "zXS": 2.928178393072773,
    "cdPctShort": 0.007396528277823292,
    "cdPeriodShort": 96.54485271239906,
    "bbValLong": -0.18515306574926998,
    "dur1Short": 84.21659293717963,
    "eS3": 1.0,
    "slShort": 0.0299915151633056,
    "trendBlockZ": 1.5,
    "xApt1Long": 0.013183941924273473,
    "vEmaDn": 1.0,
    "dur1Long": 16.558169476727617,
    "cdPctLong": 0.0059029276785980845,
    "vRsi": 3.0,
    "dur2Short": 224.72437160924753,
    "ptShort": 0.01631047513815598,
    "zXLmax": -1.1257153979690981,
    "apt1Long": 0.009789854113518721,
    "xTpLong": 0.01610524958267161,
    "xDur1Short": 120.11073065275448,
    "xMinBetween": 16.518146955854956,
    "slLong": 0.019303531582783726,
    "xDur1Long": 132.46410902820358,
    "xApt1Short": 0.0069358867092003465,
    "xCdPctShort": 0.01,
    "vBB": 3.0,
    "xTpShort": 0.0114350595028101,
    "zL": -2.6343891481173936,
    "eXL": 0.0,
    "rsiValShort": 50.72857401017708,
    "leverage": 3.0,
    "vX": 0.0,
    "cdPeriodLong": 134.9305990587107,
    "requireHistPos": 0.0,
    "xDur2Long": 534.4082593941635,
    "rsiValLong": 51.23630082047706,
    "apt1Short": 0.014634710192573102,
    "xCdPeriodShort": 73.97772046785354
   },
   {
    "vHistN": 3.0,
    "apt2Short": 0.0014196690866352954,
    "dur2Long": 360.0,
    "xApt2Long": 0.007128667716382074,
    "vEmaUp": 1.0,
    "bbValShort": 0.8575197331370014,
    "ptLong": 0.016972120159054888,
    "xDur2Short": 718.2392775833672,
    "eXS": 1.0,
    "apt2Long": 0.01056495965109131,
    "vMacd": 3.0,
    "xApt2Short": 0.0,
    "eL3": 0.0,
    "zS": 2.3450878858407713,
    "zXS": 1.8127324865954246,
    "cdPctShort": 0.006429979703015179,
    "cdPeriodShort": 62.440849137843514,
    "bbValLong": -0.01831674616996949,
    "dur1Short": 22.598455688576017,
    "eS3": 1.0,
    "slShort": 0.028602515037196533,
    "trendBlockZ": 3.0,
    "xApt1Long": 0.007169797200731038,
    "vEmaDn": 3.0,
    "dur1Long": 24.90365671414898,
    "cdPctLong": 0.001483612237329907,
    "vRsi": 3.0,
    "dur2Short": 298.56365257043717,
    "ptShort": 0.018857975098375602,
    "zXLmax": 0.2876367921742599,
    "apt1Long": 0.010938396156857863,
    "xTpLong": 0.010371053685283666,
    "xDur1Short": 179.684480107372,
    "xMinBetween": 15.849700543264738,
    "slLong": 0.04,
    "xDur1Long": 123.86999952650737,
    "xApt1Short": 0.014681670246333824,
    "xCdPctShort": 0.0031541457145759103,
    "vBB": 1.0,
    "xTpShort": 0.014054864491165966,
    "zL": -2.891344410369421,
    "eXL": 1.0,
    "rsiValShort": 89.64935202888898,
    "leverage": 3.0,
    "vX": 4.0,
    "cdPeriodLong": 152.1196774999758,
    "requireHistPos": 1.0,
    "xDur2Long": 164.1149667704609,
    "rsiValLong": 44.048520156277554,
    "apt1Short": 0.008864216114418032,
    "xCdPeriodShort": 14.321404296955816
   },
   {
    "vHistN": 3.0,
    "apt2Short": 0.005264536773375247,
    "dur2Long": 351.5546297800366,
    "xApt2Long": 0.008952608097216617,
    "vEmaUp": 2.0,
    "bbValShort": 0.6547626018941228,
    "ptLong": 0.005274461876287417,
    "xDur2Short": 581.0492885988128,
    "eXS": 1.0,
    "apt2Long": 0.002606335075077587,
    "vMacd": 2.0,
    "xApt2Short": 0.00861377660377558,
    "eL3": 1.0,
    "zS": 3.0,
    "zXS": 2.4435534995477655,
    "cdPctShort": 0.008364886197144986,
    "cdPeriodShort": 58.86528754524838,
    "bbValLong": -0.20342746480672683,
    "dur1Short": 54.81983770685852,
    "eS3": 0.0,
    "slShort": 0.02068703800145338,
    "trendBlockZ": 3.0,
    "xApt1Long": 0.0014188291744416976,
    "vEmaDn": 3.0,
    "dur1Long": 14.37064990844545,
    "cdPctLong": 0.012,
    "vRsi": 0.0,
    "dur2Short": 85.80176486781369,
    "ptShort": 0.01082359669330918,
    "zXLmax": -1.9136342812992662,
    "apt1Long": 0.003152211326281047,
    "xTpLong": 0.013244412490745946,
    "xDur1Short": 142.49717353522183,
    "xMinBetween": 10.822028847550722,
    "slLong": 0.03913529626264603,
    "xDur1Long": 91.10973529242372,
    "xApt1Short": 0.011142268540882768,
    "xCdPctShort": 0.009230007053011382,
    "vBB": 2.0,
    "xTpShort": 0.002415357423318196,
    "zL": -2.2223179362181082,
    "eXL": 1.0,
    "rsiValShort": 73.67128311109104,
    "leverage": 1.0,
    "vX": 0.0,
    "cdPeriodLong": 24.9225369112714,
    "requireHistPos": 1.0,
    "xDur2Long": 646.5072409900523,
    "rsiValLong": 48.95338681536466,
    "apt1Short": 0.011988158001915317,
    "xCdPeriodShort": 101.68281165532801
   }
  ],
  "lev_stops": true
 },
 "metrics": {
  "n": 185,
  "months": 21.44956140350877,
  "eq": 25038.276248494523,
  "growth": 0.15013853399441385,
  "liq": false,
  "maxdd": 0.32363237809244827,
  "tpm": 8.62488498108578,
  "sl_hits": 15,
  "worst_mae": -0.052832462836480576,
  "win": 0.8972972972972973,
  "max_hold_days": 2.0395833333333333,
  "in_market": 0.061777936816276455,
  "score": 0.1330170398208581
 },
 "strategy": "v7",
 "mode": "lev",
 "method": "vol3",
 "algo": "crossfit",
 "per_regime": true,
 "train_end": null,
 "holdout_days": 21.0,
 "lockbox": "2026-04-01..",
 "max_dd": 0.4,
 "max_hold_days": 5.0,
 "gap_mode": "skip_contaminated",
 "scoring": "classic",
 "anchor": null,
 "anchor_strength": 0.0,
 "evaluated": 93800,
 "holdout": {
  "n": 30,
  "months": 3.0235060307017543,
  "eq": 947.7329318287389,
  "growth": -0.017755060963021315,
  "liq": false,
  "maxdd": 0.21950337018205374,
  "tpm": 9.92225571749133,
  "sl_hits": 5,
  "worst_mae": -0.041545542635659016,
  "win": 0.8,
  "max_hold_days": 4.320833333333334,
  "in_market": 0.17391599990933612,
  "score": -0.021584558799488875
 },
 "holdout_scan": {
  "scanned": 600,
  "pool": 600,
  "survivors": 1176
 },
 "crossfit": {
  "fold_days": 21.0,
  "lockboxes": [
   [
    "2026-04-01",
    null
   ]
  ],
  "foldA": {
   "feasible": 300,
   "survivors": 599
  },
  "foldB": {
   "feasible": 300,
   "survivors": 577
  },
  "merged": 300,
  "finalists": [
   {
    "origin": "fold A rank #123",
    "cross": {
     "n": 189,
     "months": 10.50185032894737,
     "eq": 2941.735491998954,
     "growth": 0.10274377150633307,
     "liq": false,
     "maxdd": 0.5763135054430901,
     "tpm": 17.996828566394548,
     "sl_hits": 43,
     "worst_mae": -0.10973242492292468,
     "win": 0.7671957671957672,
     "max_hold_days": 2.60625,
     "in_market": 0.13053124775683064,
     "score": -0.011134427180929628
    },
    "lockboxes": [
     {
      "range": [
       "2026-04-01",
       null
      ],
      "liq": false,
      "growth": -0.10396176469917394,
      "maxdd": 0.48118921677476145
     }
    ]
   },
   {
    "origin": "fold A rank #43",
    "cross": {
     "n": 205,
     "months": 10.50185032894737,
     "eq": 2806.1430223841153,
     "growth": 0.09825039571724623,
     "liq": false,
     "maxdd": 0.5648260758052189,
     "tpm": 19.52036960905229,
     "sl_hits": 46,
     "worst_mae": -0.10973242492292468,
     "win": 0.7707317073170732,
     "max_hold_days": 2.0854166666666667,
     "in_market": 0.1254739205053412,
     "score": -0.00641887272739463
    },
    "lockboxes": [
     {
      "range": [
       "2026-04-01",
       null
      ],
      "liq": false,
      "growth": -0.10819245426793417,
      "maxdd": 0.5068839602674157
     }
    ]
   },
   {
    "origin": "fold A rank #193",
    "cross": {
     "n": 182,
     "months": 10.50185032894737,
     "eq": 2565.694103606961,
     "growth": 0.08972028911068852,
     "liq": false,
     "maxdd": 0.5265410752758091,
     "tpm": 17.330279360231785,
     "sl_hits": 46,
     "worst_mae": -0.10973242492292468,