{"pool": [[0.1330170398208581, {"strategy": "v7", "mode": "lev", "regs": [{"vHistN": 1.0, "apt2Short": 0.007747484833021574, "dur2Long": 224.22903914088656, "xApt2Long": 0.0049720187682702815, "vEmaUp": 4.0, "bbValShort": 0.6111164825793299, "ptLong": 0.014503880598333364, "xDur2Short": 403.83948390946307, "eXS": 1.0, "apt2Long": 0.01135554186813739, "vMacd": 2.0, "xApt2Short": 0.00564308957567292, "eL3": 1.0, "zS": 2.889916640703337, "zXS": 2.928178393072773, "cdPctShort": 0.007396528277823292, "cdPeriodShort": 96.54485271239906, "bbValLong": -0.18515306574926998, "dur1Short": 84.21659293717963, "eS3": 1.0, "slShort": 0.0299915151633056, "trendBlockZ": 1.5, "xApt1Long": 0.013183941924273473, "vEmaDn": 1.0, "dur1Long": 16.558169476727617, "cdPctLong": 0.0059029276785980845, "vRsi": 3.0, "dur2Short": 224.72437160924753, "ptShort": 0.01631047513815598, "zXLmax": -1.1257153979690981, "apt1Long": 0.009789854113518721, "xTpLong": 0.01610524958267161, "xDur1Short": 120.11073065275448, "xMinBetween": 16.518146955854956, "slLong": 0.019303531582783726, "xDur1Long": 132.46410902820358, "xApt1Short": 0.0069358867092003465, "xCdPctShort": 0.01, "vBB": 3.0, "xTpShort": 0.0114350595028101, "zL": -2.6343891481173936, "eXL": 0.0, "rsiValShort": 50.72857401017708, "leverage": 3.0, "vX": 0.0, "cdPeriodLong": 134.9305990587107, "requireHistPos": 0.0, "xDur2Long": 534.4082593941635, "rsiValLong": 51.23630082047706, "apt1Short": 0.014634710192573102, "xCdPeriodShort": 73.97772046785354}, {"vHistN": 3.0, "apt2Short": 0.0014196690866352954, "dur2Long": 360.0, "xApt2Long": 0.007128667716382074, "vEmaUp": 1.0, "bbValShort": 0.8575197331370014, "ptLong": 0.016972120159054888, "xDur2Short": 718.2392775833672, "eXS": 1.0, "apt2Long": 0.01056495965109131, "vMacd": 3.0, "xApt2Short": 0.0, "eL3": 0.0, "zS": 2.3450878858407713, "zXS": 1.8127324865954246, "cdPctShort": 0.006429979703015179, "cdPeriodShort": 62.440849137843514, "bbValLong": -0.01831674616996949, "dur1Short": 22.598455688576017, "eS3": 1.0, "slShort": 0.028602515037196533, "trendBlockZ": 3.0, "xApt1Long": 0.007169797200731038, "vEmaDn": 3.0, "dur1Long": 24.90365671414898, "cdPctLong": 0.001483612237329907, "vRsi": 3.0, "dur2Short": 298.56365257043717, "ptShort": 0.018857975098375602, "zXLmax": 0.2876367921742599, "apt1Long": 0.010938396156857863, "xTpLong": 0.010371053685283666, "xDur1Short": 179.684480107372, "xMinBetween": 15.849700543264738, "slLong": 0.04, "xDur1Long": 123.86999952650737, "xApt1Short": 0.014681670246333824, "xCdPctShort": 0.0031541457145759103, "vBB": 1.0, "xTpShort": 0.014054864491165966, "zL": -2.891344410369421, "eXL": 1.0, "rsiValShort": 89.64935202888898, "leverage": 3.0, "vX": 4.0, "cdPeriodLong": 152.1196774999758, "requireHistPos": 1.0, "xDur2Long": 164.1149667704609, "rsiValLong": 44.048520156277554, "apt1Short": 0.008864216114418032, "xCdPeriodShort": 14.321404296955816}, {"vHistN": 3.0, "apt2Short": 0.005264536773375247, "dur2Long": 351.5546297800366, "xApt2Long": 0.008952608097216617, "vEmaUp": 2.0, "bbValShort": 0.6547626018941228, "ptLong": 0.005274461876287417, "xDur2Short": 581.0492885988128, "eXS": 1.0, "apt2Long": 0.002606335075077587, "vMacd": 2.0, "xApt2Short": 0.00861377660377558, "eL3": 1.0, "zS": 3.0, "zXS": 2.4435534995477655, "cdPctShort": 0.008364886197144986, "cdPeriodShort": 58.86528754524838, "bbValLong": -0.20342746480672683, "dur1Short": 54.81983770685852, "eS3": 0.0, "slShort": 0.02068703800145338, "trendBlockZ": 3.0, "xApt1Long": 0.0014188291744416976, "vEmaDn": 3.0, "dur1Long": 14.37064990844545, "cdPctLong": 0.012, "vRsi": 0.0, "dur2Short": 85.80176486781369, "ptShort": 0.01082359669330918, "zXLmax": -1.9136342812992662, "apt1Long": 0.003152211326281047, "xTpLong": 0.013244412490745946, "xDur1Short": 142.49717353522183, "xMinBetween": 10.822028847550722, "slLong": 0.03913529626264603, "xDur1Long": 91.10973529242372, "xApt1Short": 0.011142268540882768, "xCdPctShort": 0.009230007053011382, "vBB": 2.0, "xTpShort": 0.002415357423318196, "zL": -2.2223179362181082, "eXL": 1.0, "rsiValShort": 73.67128311109104, "leverage": 1.0, "vX": 0.0, "cdPeriodLong": 24.9225369112714, "requireHistPos": 1.0, "xDur2Long": 646.5072409900523, "rsiValLong": 48.95338681536466, "apt1Short": 0.011988158001915317, "xCdPeriodShort": 101.68281165532801}], "lev_stops": true}, {"n": 185, "months": 21.44956140350877, "eq": 25038.276248494523, "growth": 0.15013853399441385, "liq": false, "maxdd": 0.32363237809244827, "tpm": 8.62488498108578, "sl_hits": 15, "worst_mae": -0.052832462836480576, "win": 0.8972972972972973, "max_hold_days": 2.0395833333333333, "in_market": 0.061777936816276455, "score": 0.1330170398208581}]], "evaluated": 93800, "seed_base": 1005}