{"job": {"strategy": "scalpx", "mode": "spot", "method": "none", "window": "all", "fold_idx": 17, "n_samples": 350, "seed": 436743}, "status": "ok", "n_feasible": 50, "cand": {"strategy": "scalpx", "tpL": [0.007], "tpS": [0.006], "rsiOB": [71.3498], "rsiOS": [34.3359], "useCvd": [1.0], "useEma": [1.0], "eL": [1.0], "eS": [0.0], "lev": [1.0], "sl": 0.03, "slOn": 1.0}, "train": {"n": 49, "months": 21.41673519736842, "eq": 1008.3113274128464, "growth": 0.00038647246869767926, "liq": false, "maxdd": 0.09130312837425435, "tpm": 2.287930422094441, "sl_hits": 8, "worst_mae": -0.032158862414740086, "win": 0.8367346938775511, "score": -0.006513331612791258}, "oos": {"n": 2, "months": 0.920984100877193, "eq": 938.7842700197089, "growth": -0.06858920854002734, "liq": false, "maxdd": 0.03130860313751659, "tpm": 2.171590148076494, "sl_hits": 2, "worst_mae": -0.03148642634623944, "win": 0.0, "score": -0.06858920854002734}, "elapsed": 1.5204827785491943}