{"job": {"strategy": "scalpx", "mode": "spot", "method": "none", "window": "all", "fold_idx": 13, "n_samples": 350, "seed": 436743}, "status": "ok", "n_feasible": 77, "cand": {"strategy": "scalpx", "tpL": [0.0057], "tpS": [0.0107], "rsiOB": [71.6779], "rsiOS": [34.4334], "useCvd": [1.0], "useEma": [1.0], "eL": [1.0], "eS": [0.0], "lev": [1.0], "sl": 0.05, "slOn": 1.0}, "train": {"n": 42, "months": 17.73266173245614, "eq": 920.5680079288579, "growth": -0.0046673421496456246, "liq": false, "maxdd": 0.12505945587314515, "tpm": 2.368510753415393, "sl_hits": 5, "worst_mae": -0.07331518039482643, "win": 0.8809523809523809, "score": -0.01362393498598756}, "oos": {"n": 3, "months": 0.920984100877193, "eq": 1013.9983043338634, "growth": 0.015093890220016136, "liq": false, "maxdd": 0.0, "tpm": 3.2573852221147406, "sl_hits": 0, "worst_mae": -0.02803341356364142, "win": 1.0, "score": 0.015093890220016136}, "elapsed": 1.3905932903289795}