{"job": {"strategy": "scalpx", "mode": "spot", "method": "none", "window": "all", "fold_idx": 8, "n_samples": 350, "seed": 436743}, "status": "ok", "n_feasible": 87, "cand": {"strategy": "scalpx", "tpL": [0.0107], "tpS": [0.0116], "rsiOB": [60.5272], "rsiOS": [38.4928], "useCvd": [1.0], "useEma": [1.0], "eL": [1.0], "eS": [0.0], "lev": [1.0], "sl": 0.05, "slOn": 1.0}, "train": {"n": 97, "months": 13.347861842105264, "eq": 891.5079152813729, "growth": -0.00860369731618512, "liq": false, "maxdd": 0.29647506589042816, "tpm": 7.2670815106894215, "sl_hits": 17, "worst_mae": -0.08001144553534711, "win": 0.8247422680412371, "score": -0.030868097036160953}, "oos": {"n": 4, "months": 0.9194078947368421, "eq": 1039.2770340421014, "growth": 0.041902306977635966, "liq": false, "maxdd": 0.0, "tpm": 4.350626118067979, "sl_hits": 0, "worst_mae": -0.024139638524387275, "win": 1.0, "score": 0.041902306977635966}, "elapsed": 0.9739174842834473}