{"job": {"strategy": "scalpx", "mode": "spot", "method": "none", "window": "all", "fold_idx": 12, "n_samples": 350, "seed": 436743}, "status": "ok", "n_feasible": 80, "cand": {"strategy": "scalpx", "tpL": [0.0052], "tpS": [0.0118], "rsiOB": [62.8833], "rsiOS": [34.4405], "useCvd": [1.0], "useEma": [1.0], "eL": [1.0], "eS": [0.0], "lev": [1.0], "sl": 0.03, "slOn": 1.0}, "train": {"n": 41, "months": 16.945655153508774, "eq": 930.626450740922, "growth": -0.0042428171708283995, "liq": false, "maxdd": 0.09182382011905162, "tpm": 2.419499253855082, "sl_hits": 7, "worst_mae": -0.032158862414740086, "win": 0.8292682926829268, "score": -0.012033803677607004}, "oos": {"n": 2, "months": 0.7870065789473684, "eq": 1008.4171054505811, "growth": 0.010650329201405054, "liq": false, "maxdd": 0.0, "tpm": 2.541274817136886, "sl_hits": 0, "worst_mae": -0.021374287523749147, "win": 1.0, "score": 0.010650329201405054}, "elapsed": 1.0610711574554443}