{"job": {"strategy": "scalpx", "mode": "spot", "method": "none", "window": "all", "fold_idx": 1, "n_samples": 350, "seed": 436743}, "status": "ok", "n_feasible": 132, "cand": {"strategy": "scalpx", "tpL": [0.0105], "tpS": [0.0152], "rsiOB": [72.2651], "rsiOS": [46.1812], "useCvd": [1.0], "useEma": [1.0], "eL": [1.0], "eS": [0.0], "lev": [1.0], "sl": 0.05, "slOn": 1.0}, "train": {"n": 206, "months": 6.951206140350878, "eq": 1322.5004795141704, "growth": 0.04021233749769725, "liq": false, "maxdd": 0.19336499950831795, "tpm": 29.635144727502166, "sl_hits": 27, "worst_mae": -0.060040288900899075, "win": 0.8689320388349514, "score": 0.006656456078646303}, "oos": {"n": 20, "months": 0.9159813596491229, "eq": 943.382989849014, "growth": -0.06362895747657887, "liq": false, "maxdd": 0.07350584801837133, "tpm": 21.83450546161903, "sl_hits": 4, "worst_mae": -0.051828801714023376, "win": 0.8, "score": -0.06362895747657887}, "elapsed": 0.9473133087158203}