{"job": {"strategy": "scalpx", "mode": "spot", "method": "none", "window": "all", "fold_idx": 19, "n_samples": 350, "seed": 436743}, "status": "ok", "n_feasible": 38, "cand": {"strategy": "scalpx", "tpL": [0.0084], "tpS": [0.0106], "rsiOB": [69.013], "rsiOS": [34.7362], "useCvd": [1.0], "useEma": [1.0], "eL": [1.0], "eS": [0.0], "lev": [1.0], "sl": 0.03, "slOn": 1.0}, "train": {"n": 61, "months": 23.25870339912281, "eq": 959.3234173043793, "growth": -0.0017854398810892309, "liq": false, "maxdd": 0.10797169079090191, "tpm": 2.6226741428028437, "sl_hits": 13, "worst_mae": -0.03308765877371811, "win": 0.7868852459016393, "score": -0.01122782883344011}, "oos": null, "elapsed": 1.5391607284545898}