{"job": {"strategy": "scalpx", "mode": "spot", "method": "none", "window": "all", "fold_idx": 18, "n_samples": 350, "seed": 436743}, "status": "ok", "n_feasible": 46, "cand": {"strategy": "scalpx", "tpL": [0.0056], "tpS": [0.0116], "rsiOB": [62.6691], "rsiOS": [34.7054], "useCvd": [1.0], "useEma": [1.0], "eL": [1.0], "eS": [0.0], "lev": [1.0], "sl": 0.05, "slOn": 1.0}, "train": {"n": 56, "months": 22.337719298245617, "eq": 923.3360498563742, "growth": -0.0035707327738127314, "liq": false, "maxdd": 0.17177382948725511, "tpm": 2.5069703514627917, "sl_hits": 6, "worst_mae": -0.07331518039482643, "win": 0.8928571428571429, "score": -0.01180283290772954}, "oos": {"n": 4, "months": 0.920984100877193, "eq": 1018.9982995368509, "growth": 0.020434756109795758, "liq": false, "maxdd": 0.0, "tpm": 4.343180296152988, "sl_hits": 0, "worst_mae": -0.009335978527249322, "win": 1.0, "score": 0.020434756109795758}, "elapsed": 1.5243010520935059}