{"job": {"strategy": "scalpx", "mode": "spot", "method": "none", "window": "all", "fold_idx": 3, "n_samples": 350, "seed": 436743}, "status": "ok", "n_feasible": 97, "cand": {"strategy": "scalpx", "tpL": [0.0087], "tpS": [0.0116], "rsiOB": [70.1336], "rsiOS": [40.0827], "useCvd": [1.0], "useEma": [1.0], "eL": [1.0], "eS": [0.0], "lev": [1.0], "sl": 0.05, "slOn": 1.0}, "train": {"n": 104, "months": 8.777275219298247, "eq": 1148.8175218614224, "growth": 0.015805949801730952, "liq": false, "maxdd": 0.17637640355016135, "tpm": 11.848779649900841, "sl_hits": 11, "worst_mae": -0.08001144553534711, "win": 0.8942307692307693, "score": -0.010353635015432391}, "oos": {"n": 11, "months": 0.9172149122807017, "eq": 1024.1001009924887, "growth": 0.025963682443715722, "liq": false, "maxdd": 0.05097500000000011, "tpm": 11.992827256425583, "sl_hits": 1, "worst_mae": -0.05083555680381957, "win": 0.9090909090909091, "score": 0.025963682443715722}, "elapsed": 0.9551196098327637}