{"job": {"strategy": "scalpx", "mode": "spot", "method": "none", "window": "all", "fold_idx": 6, "n_samples": 350, "seed": 436743}, "status": "ok", "n_feasible": 87, "cand": {"strategy": "scalpx", "tpL": [0.0077], "tpS": [0.0081], "rsiOB": [60.5412], "rsiOS": [35.3371], "useCvd": [1.0], "useEma": [1.0], "eL": [1.0], "eS": [0.0], "lev": [1.0], "sl": 0.03, "slOn": 1.0}, "train": {"n": 34, "months": 11.518571820175438, "eq": 997.5127247744662, "growth": -0.00021620507057919868, "liq": false, "maxdd": 0.1050436809681254, "tpm": 2.951754829574188, "sl_hits": 6, "worst_mae": -0.03308765877371811, "win": 0.8235294117647058, "score": -0.008678973416451217}, "oos": {"n": 3, "months": 0.9139939692982456, "eq": 1020.3508025971436, "growth": 0.022042259532798526, "liq": false, "maxdd": 0.0, "tpm": 3.2822973682237384, "sl_hits": 0, "worst_mae": -0.02200808945990973, "win": 1.0, "score": 0.022042259532798526}, "elapsed": 0.867896556854248}