{"job": {"strategy": "scalpx", "mode": "spot", "method": "none", "window": "all", "fold_idx": 7, "n_samples": 350, "seed": 436743}, "status": "ok", "n_feasible": 87, "cand": {"strategy": "scalpx", "tpL": [0.0091], "tpS": [0.0091], "rsiOB": [60.9144], "rsiOS": [35.3348], "useCvd": [1.0], "useEma": [1.0], "eL": [1.0], "eS": [0.0], "lev": [1.0], "sl": 0.05, "slOn": 1.0}, "train": {"n": 37, "months": 12.432565789473685, "eq": 1058.0337773286553, "growth": 0.004537459083120958, "liq": false, "maxdd": 0.1478027627489798, "tpm": 2.976055033734621, "sl_hits": 4, "worst_mae": -0.05476713188019444, "win": 0.8918918918918919, "score": -0.004837876714504046}, "oos": {"n": 3, "months": 0.915296052631579, "eq": 854.9055450451393, "growth": -0.17127167688393174, "liq": false, "maxdd": 0.09905444892488556, "tpm": 3.2776280323450133, "sl_hits": 3, "worst_mae": -0.07331518039482643, "win": 0.0, "score": -0.17127167688393174}, "elapsed": 0.9247002601623535}