{"job": {"strategy": "scalpx", "mode": "spot", "method": "none", "window": "all", "fold_idx": 11, "n_samples": 350, "seed": 436743}, "status": "ok", "n_feasible": 64, "cand": {"strategy": "scalpx", "tpL": [0.0069], "tpS": [0.011], "rsiOB": [65.3976], "rsiOS": [34.4314], "useCvd": [1.0], "useEma": [1.0], "eL": [1.0], "eS": [0.0], "lev": [1.0], "sl": 0.03, "slOn": 1.0}, "train": {"n": 39, "months": 16.02480811403509, "eq": 937.0686196339033, "growth": -0.004056133816309146, "liq": false, "maxdd": 0.08758543687137203, "tpm": 2.433726489732032, "sl_hits": 8, "worst_mae": -0.032158862414740086, "win": 0.7948717948717948, "score": -0.012257156711895117}, "oos": {"n": 2, "months": 0.9208470394736842, "eq": 1011.6042338019626, "growth": 0.012529139545843223, "liq": false, "maxdd": 0.0, "tpm": 2.171913373520875, "sl_hits": 0, "worst_mae": -0.006584821428571308, "win": 1.0, "score": 0.012529139545843223}, "elapsed": 1.022735834121704}