{"job": {"strategy": "scalpx", "mode": "spot", "method": "none", "window": "all", "fold_idx": 14, "n_samples": 350, "seed": 436743}, "status": "ok", "n_feasible": 57, "cand": {"strategy": "scalpx", "tpL": [0.0039], "tpS": [0.0161], "rsiOB": [68.1989], "rsiOS": [34.5006], "useCvd": [1.0], "useEma": [1.0], "eL": [1.0], "eS": [0.0], "lev": [1.0], "sl": 0.08, "slOn": 1.0}, "train": {"n": 47, "months": 18.653645833333336, "eq": 968.5841197095067, "growth": -0.0017111906449351515, "liq": false, "maxdd": 0.0951942434077634, "tpm": 2.519614686583833, "sl_hits": 2, "worst_mae": -0.09758037785880014, "win": 0.9574468085106383, "score": -0.009057049691520705}, "oos": {"n": 2, "months": 0.920984100877193, "eq": 1005.5603681873205, "growth": 0.006020697210212513, "liq": false, "maxdd": 0.0, "tpm": 2.171590148076494, "sl_hits": 0, "worst_mae": -0.005256348051107862, "win": 1.0, "score": 0.006020697210212513}, "elapsed": 1.3863544464111328}