{"job": {"strategy": "scalpx", "mode": "spot", "method": "none", "window": "all", "fold_idx": 9, "n_samples": 350, "seed": 436743}, "status": "ok", "n_feasible": 75, "cand": {"strategy": "scalpx", "tpL": [0.007], "tpS": [0.0107], "rsiOB": [57.9189], "rsiOS": [35.8623], "useCvd": [1.0], "useEma": [0.0], "eL": [1.0], "eS": [0.0], "lev": [1.0], "sl": 0.08, "slOn": 1.0}, "train": {"n": 38, "months": 14.267269736842106, "eq": 957.3094691533786, "growth": -0.0030579477617044917, "liq": false, "maxdd": 0.12525907420790197, "tpm": 2.6634388149172863, "sl_hits": 3, "worst_mae": -0.09823794382617923, "win": 0.9210526315789473, "score": -0.014233154874773921}, "oos": {"n": 2, "months": 0.91796875, "eq": 924.1811478263357, "growth": -0.08589309725863752, "liq": false, "maxdd": 0.08137839534883716, "tpm": 2.178723404255319, "sl_hits": 1, "worst_mae": -0.08104145601617796, "win": 0.5, "score": -0.08589309725863752}, "elapsed": 0.9853794574737549}