{"job": {"strategy": "scalpx", "mode": "spot", "method": "none", "window": "all", "fold_idx": 4, "n_samples": 350, "seed": 436743}, "status": "ok", "n_feasible": 111, "cand": {"strategy": "scalpx", "tpL": [0.0078], "tpS": [0.0082], "rsiOB": [65.5767], "rsiOS": [37.2085], "useCvd": [1.0], "useEma": [0.0], "eL": [1.0], "eS": [0.0], "lev": [1.0], "sl": 0.08, "slOn": 1.0}, "train": {"n": 40, "months": 9.694490131578949, "eq": 996.594813622297, "growth": -0.0003518490579313051, "liq": false, "maxdd": 0.15560385747570968, "tpm": 4.126055053653984, "sl_hits": 3, "worst_mae": -0.08341525066704114, "win": 0.925, "score": -0.018092153443670194}, "oos": {"n": 4, "months": 0.9156387061403509, "eq": 1027.1406604308738, "growth": 0.02924612495431115, "liq": false, "maxdd": 0.0, "tpm": 4.368535289274755, "sl_hits": 0, "worst_mae": -0.016174233325326304, "win": 1.0, "score": 0.02924612495431115}, "elapsed": 0.8928594589233398}