{"job": {"strategy": "scalpx", "mode": "spot", "method": "none", "window": "all", "fold_idx": 10, "n_samples": 350, "seed": 436743}, "status": "ok", "n_feasible": 77, "cand": {"strategy": "scalpx", "tpL": [0.0085], "tpS": [0.0122], "rsiOB": [61.3657], "rsiOS": [34.6546], "useCvd": [1.0], "useEma": [1.0], "eL": [1.0], "eS": [0.0], "lev": [1.0], "sl": 0.01, "slOn": 1.0}, "train": {"n": 41, "months": 15.185238486842106, "eq": 890.9144301481628, "growth": -0.007606524864027672, "liq": false, "maxdd": 0.09941149252691231, "tpm": 2.6999905227386574, "sl_hits": 23, "worst_mae": -0.01967975206611572, "win": 0.43902439024390244, "score": -0.009972703463108539}, "oos": {"n": 1, "months": 0.8395696271929824, "eq": 988.7919079010337, "growth": -0.013425183217892028, "liq": false, "maxdd": 0.0, "tpm": 1.1910864419231084, "sl_hits": 1, "worst_mae": -0.010767611026033741, "win": 0.0, "score": -0.013425183217892028}, "elapsed": 1.0037977695465088}