{"job": {"strategy": "scalpx", "mode": "spot", "method": "none", "window": "all", "fold_idx": 20, "n_samples": 350, "seed": 436743}, "status": "ok", "n_feasible": 50, "cand": {"strategy": "scalpx", "tpL": [0.0081], "tpS": [0.0121], "rsiOB": [70.1358], "rsiOS": [35.6475], "useCvd": [1.0], "useEma": [1.0], "eL": [1.0], "eS": [0.0], "lev": [1.0], "sl": 0.01, "slOn": 1.0}, "train": {"n": 85, "months": 24.179481907894736, "eq": 776.4122143085199, "growth": -0.010466382067076778, "liq": false, "maxdd": 0.2373759773650456, "tpm": 3.5153772245321364, "sl_hits": 47, "worst_mae": -0.02852752538749337, "win": 0.4470588235294118, "score": -0.013916101266742222}, "oos": {"n": 2, "months": 0.9185855263157895, "eq": 996.0229300297501, "growth": -0.004338191088535401, "liq": false, "maxdd": 0.0, "tpm": 2.1772605192479855, "sl_hits": 1, "worst_mae": -0.017537171178040323, "win": 0.5, "score": -0.004338191088535401}, "elapsed": 1.5193862915039062}