{"job": {"strategy": "scalpx", "mode": "spot", "method": "none", "window": "all", "fold_idx": 2, "n_samples": 350, "seed": 436743}, "status": "ok", "n_feasible": 112, "cand": {"strategy": "scalpx", "tpL": [0.0076], "tpS": [0.0112], "rsiOB": [75.8453], "rsiOS": [37.6235], "useCvd": [1.0], "useEma": [0.0], "eL": [1.0], "eS": [0.0], "lev": [1.0], "sl": 0.08, "slOn": 1.0}, "train": {"n": 35, "months": 7.8671875, "eq": 1049.0039515620513, "growth": 0.006081092688727058, "liq": false, "maxdd": 0.15560385747570968, "tpm": 4.448857994041708, "sl_hits": 2, "worst_mae": -0.08203335479885909, "win": 0.9428571428571428, "score": -0.01350445381792623}, "oos": {"n": 3, "months": 0.9100877192982456, "eq": 1020.3130899467433, "growth": 0.022096255886264758, "liq": false, "maxdd": 0.0, "tpm": 3.2963855421686747, "sl_hits": 0, "worst_mae": -0.022125856206573702, "win": 1.0, "score": 0.022096255886264758}, "elapsed": 0.9331028461456299}