{"job": {"strategy": "scalpx", "mode": "spot", "method": "none", "window": "all", "fold_idx": 16, "n_samples": 350, "seed": 436743}, "status": "ok", "n_feasible": 53, "cand": {"strategy": "scalpx", "tpL": [0.0043], "tpS": [0.009], "rsiOB": [69.5961], "rsiOS": [35.0846], "useCvd": [1.0], "useEma": [1.0], "eL": [1.0], "eS": [0.0], "lev": [1.0], "sl": 0.03, "slOn": 1.0}, "train": {"n": 61, "months": 20.495682565789473, "eq": 834.6851089234859, "growth": -0.008816527077773945, "liq": false, "maxdd": 0.19954499675400567, "tpm": 2.976236571004404, "sl_hits": 11, "worst_mae": -0.03727952966328174, "win": 0.819672131147541, "score": -0.01820952436779135}, "oos": {"n": 3, "months": 0.9210526315789473, "eq": 1009.6736375034988, "growth": 0.010452331517558587, "liq": false, "maxdd": 0.0, "tpm": 3.257142857142857, "sl_hits": 0, "worst_mae": -0.018497687789026385, "win": 1.0, "score": 0.010452331517558587}, "elapsed": 1.5205280780792236}