{"job": {"strategy": "scalpx", "mode": "spot", "method": "none", "window": "all", "fold_idx": 5, "n_samples": 350, "seed": 436743}, "status": "ok", "n_feasible": 88, "cand": {"strategy": "scalpx", "tpL": [0.0078], "tpS": [0.0118], "rsiOB": [65.1751], "rsiOS": [38.4397], "useCvd": [1.0], "useEma": [0.0], "eL": [1.0], "eS": [0.0], "lev": [1.0], "sl": 0.03, "slOn": 1.0}, "train": {"n": 58, "months": 10.610128837719298, "eq": 1009.8549649347907, "growth": 0.0009242792069127469, "liq": false, "maxdd": 0.11426447624323427, "tpm": 5.466474619404094, "sl_hits": 10, "worst_mae": -0.032158862414740086, "win": 0.8275862068965517, "score": -0.01029856865026003}, "oos": {"n": 5, "months": 0.9084429824561403, "eq": 996.0273195353651, "growth": -0.004381774748897248, "liq": false, "maxdd": 0.0, "tpm": 5.503922751961376, "sl_hits": 1, "worst_mae": -0.030127839752463137, "win": 0.8, "score": -0.004381774748897248}, "elapsed": 0.8501250743865967}