{"job": {"strategy": "scalpx", "mode": "spot", "method": "none", "window": "all", "fold_idx": 15, "n_samples": 350, "seed": 436743}, "status": "ok", "n_feasible": 74, "cand": {"strategy": "scalpx", "tpL": [0.0054], "tpS": [0.01], "rsiOB": [73.6876], "rsiOS": [34.5461], "useCvd": [1.0], "useEma": [1.0], "eL": [1.0], "eS": [0.0], "lev": [1.0], "sl": 0.03, "slOn": 1.0}, "train": {"n": 50, "months": 19.574629934210527, "eq": 974.0023419379767, "growth": -0.0013456995599534056, "liq": false, "maxdd": 0.08231345663287702, "tpm": 2.554326705947842, "sl_hits": 7, "worst_mae": -0.032158862414740086, "win": 0.86, "score": -0.008099515425691577}, "oos": {"n": 1, "months": 0.9210526315789473, "eq": 1004.3618188440081, "growth": 0.004725390856796849, "liq": false, "maxdd": 0.0, "tpm": 1.0857142857142856, "sl_hits": 0, "worst_mae": -0.0014123296377375194, "win": 1.0, "score": 0.004725390856796849}, "elapsed": 1.4811928272247314}