{"job": {"strategy": "scalpx", "mode": "spot", "method": "none", "window": "all", "fold_idx": 0, "n_samples": 350, "seed": 436743}, "status": "ok", "n_feasible": 129, "cand": {"strategy": "scalpx", "tpL": [0.0124], "tpS": [0.0111], "rsiOB": [62.201], "rsiOS": [43.0149], "useCvd": [1.0], "useEma": [1.0], "eL": [1.0], "eS": [0.0], "lev": [1.0], "sl": 0.03, "slOn": 1.0}, "train": {"n": 123, "months": 6.024328399122807, "eq": 1166.5614385087613, "growth": 0.025573054785311407, "liq": false, "maxdd": 0.12551644828497546, "tpm": 20.417213646239777, "sl_hits": 29, "worst_mae": -0.03860465392307555, "win": 0.7642276422764228, "score": 0.004184119484628773}, "oos": {"n": 17, "months": 0.9209155701754386, "eq": 938.2224718751795, "growth": -0.06924432958228052, "liq": false, "maxdd": 0.09289226281913332, "tpm": 18.45988986456318, "sl_hits": 6, "worst_mae": -0.0365933436912258, "win": 0.6470588235294118, "score": -0.06924432958228052}, "elapsed": 0.7846052646636963}