{
 "cand": {
  "strategy": "macdx",
  "tpL": [
   0.035299751650794846,
   0.051068149350746425,
   0.042483554260242376
  ],
  "tpS": [
   0.04832815288213192,
   0.02816758070760557,
   0.0840523940159742
  ],
  "slL": [
   0.027513702458349377,
   0.04109831748318614,
   0.04450206127456359
  ],
  "slS": [
   0.01658336498642278,
   0.03220006111574555,
   0.013276079276002488
  ],
  "minT": [
   94.2516857082785,
   30.461734222434657,
   100.0
  ],
  "mMinS": [
   -0.09528612999760627,
   -0.04694000049498512,
   -0.06841571835239331
  ],
  "mMaxL": [
   1.4003707884139234,
   0.7885986761595258,
   1.4984279735723642
  ],
  "hrb": [
   1.0,
   1.0,
   6.0
  ],
  "reqH": [
   1.0,
   1.0,
   1.0
  ],
  "a1L": [
   0.02470982615555639,
   0.03656035777203372,
   0.029738487982169663
  ],
  "a2L": [
   0.014825895693333833,
   0.009437779548412923,
   0.008408777626384915
  ],
  "d1L": [
   14.221203972383282,
   14.498070709467463,
   14.04411774634671
  ],
  "d2L": [
   23.287748283677303,
   24.0,
   19.974379977657566
  ],
  "cdPL": [
   0.11205235725912338,
   0.09964776901311508,
   0.09615521339694295
  ],
  "cdTL": [
   26.29952175666826,
   21.460823378057874,
   22.06129122439822
  ],
  "a1S": [
   0.0332328098008286,
   0.015805311965417092,
   0.060688658391994214
  ],
  "a2S": [
   0.025460988854935647,
   0.009483187179250256,
   0.0
  ],
  "d1S": [
   13.697430444369392,
   9.758513399681139,
   10.074472384470848
  ],
  "d2S": [
   14.690983763083906,
   12.205612609161012,
   14.108907611083277
  ],
  "cdPS": [
   0.1274686767653538,
   0.18419916234781913,
   0.16556185475147817
  ],
  "cdTS": [
   146.47223431538467,
   214.4520069101257,
   206.66022473010005
  ],
  "eL": [
   1.0,
   1.0,
   1.0
  ],
  "eS": [
   0.0,
   0.0,
   0.0
  ],
  "lev": [
   1.0,
   1.0,
   1.0
  ]
 },
 "metrics": {
  "n": 183,
  "months": 14.81640625,
  "eq": 1986.703380401054,
  "growth": 0.04633219828904454,
  "liq": false,
  "maxdd": 0.25138193072689796,
  "tpm": 12.351173213814922,
  "sl_hits": 68,
  "worst_mae": -0.12639410316707234,
  "win": 0.6284153005464481,
  "max_hold_days": 5.020833333333333,
  "in_market": 0.32575705015240447,
  "score": 0.028892831704228766
 },
 "strategy": "macdx",
 "mode": "spot",
 "method": "vol3",
 "algo": "genetic",
 "per_regime": true,
 "train_end": "2025-09-01",
 "holdout_days": null,
 "max_dd": null,
 "max_hold_days": null,
 "gap_mode": "skip_contaminated",
 "scoring": "classic",
 "anchor": null,
 "anchor_strength": 0.0,
 "evaluated": 600,
 "generated": "2026-07-12 18:42",
 "holdout": {
  "n": 124,
  "months": 9.656661184210527,
  "eq": 1051.9913699062913,
  "growth": 0.0052486992971870405,
  "liq": false,
  "maxdd": 0.3178265509086205,
  "tpm": 12.840877155631253,
  "sl_hits": 45,
  "worst_mae": -0.11105795516675776,
  "win": 0.6370967741935484,
  "max_hold_days": 5.952083333333333,
  "in_market": 0.4474061457668015,
  "score": -0.013628128973061883
 },
 "holdout_scan": {
  "scanned": 10,
  "pool": 420,
  "reservoir": 120,
  "survivors": 10
 },
 "holdout_survivors": [
  {
   "rank": 1,
   "train_score": 0.028892831704228766,
   "holdout": {
    "n": 124,
    "months": 9.656661184210527,
    "eq": 1051.9913699062913,
    "growth": 0.0052486992971870405,
    "liq": false,
    "maxdd": 0.3178265509086205,
    "tpm": 12.840877155631253,
    "sl_hits": 45,
    "worst_mae": -0.11105795516675776,
    "win": 0.6370967741935484,
    "max_hold_days": 5.952083333333333,
    "in_market": 0.4474061457668015,
    "score": -0.013628128973061883
   }
  },
  {
   "rank": 10,
   "train_score": 0.01101277811717865,
   "holdout": {
    "n": 95,
    "months": 9.656661184210527,
    "eq": 1019.4879876475538,
    "growth": 0.0019986751117054267,
    "liq": false,
    "maxdd": 0.16135196297085513,
    "tpm": 9.837768788588459,
    "sl_hits": 81,
    "worst_mae": -0.012652296157450671,
    "win": 0.14736842105263157,
    "max_hold_days": 1.2104166666666667,
    "in_market": 0.06213895394223263,
    "score": -0.01825713697370895
   }
  },
  {
   "rank": 7,
   "train_score": 0.013578257907140071,
   "holdout": {
    "n": 90,
    "months": 9.656661184210527,
    "eq": 979.1499688265003,
    "growth": -0.0021819614517543345,
    "liq": false,
    "maxdd": 0.1413578479814858,
    "tpm": 9.319991483925909,
    "sl_hits": 72,
    "worst_mae": -0.01706786893164791,
    "win": 0.2,
    "max_hold_days": 2.370833333333333,
    "in_market": 0.10052515790220708,
    "score": -0.011975004979618852
   }
  },
  {
   "rank": 9,
   "train_score": 0.011711413880095042,
   "holdout": {
    "n": 54,
    "months": 9.656661184210527,
    "eq": 917.344163295924,
    "growth": -0.008933995001216683,
    "liq": false,
    "maxdd": 0.09401312961812773,
    "tpm": 5.591994890355545,
    "sl_hits": 48,
    "worst_mae": -0.012652296157450671,
    "win": 0.1111111111111111,
    "max_hold_days": 1.2395833333333333,
    "in_market": 0.034021715988929106,
    "score": -0.012497885624690645
   }
  },
  {
   "rank": 2,
   "train_score": 0.02827305837606682,
   "holdout": {
    "n": 81,
    "months": 9.656661184210527,
    "eq": 790.2015432362016,
    "growth": -0.024383919405046455,
    "liq": false,
    "maxdd": 0.21754201374574628,
    "tpm": 8.387992335533319,
    "sl_hits": 70,
    "worst_mae": -0.014182774791261732,
    "win": 0.14814814814814814,
    "max_hold_days": 3.027083333333333,
    "in_market": 0.09942516499893549,
    "score": -0.025184039976379656
   }
  },
  {
   "rank": 3,
   "train_score": 0.027913357877998913,
   "holdout": {
    "n": 88,
    "months": 9.656661184210527,
    "eq": 777.5021844219674,
    "growth": -0.0260616812152689,
    "liq": false,
    "maxdd": 0.2503483745653734,
    "tpm": 9.112880562060889,
    "sl_hits": 58,
    "worst_mae": -0.021585365853658445,
    "win": 0.29545454545454547,
    "max_hold_days": 0.9395833333333333,
    "in_market": 0.10320062451209992,
    "score": -0.02516277339760758
   }
  },
  {
   "rank": 5,
   "train_score": 0.016938003977457487,
   "holdout": {
    "n": 64,
    "months": 9.656661184210527,
    "eq": 769.743633970607,
    "growth": -0.027100232417329992,
    "liq": false,
    "maxdd": 0.25973304339511444,
    "tpm": 6.627549499680646,
    "sl_hits": 56,
    "worst_mae": -0.01356521739130434,
    "win": 0.140625,
    "max_hold_days": 1.2770833333333333,
    "in_market": 0.050493222624370164,
    "score": -0.03336636990987145
   }
  },
  {
   "rank": 8,
   "train_score": 0.012510391669519054,
   "holdout": {
    "n": 84,
    "months": 9.656661184210527,
    "eq": 667.9864374831864,
    "growth": -0.041783324600869594,
    "liq": false,
    "maxdd": 0.3772170435471123,
    "tpm": 8.698658718330849,
    "sl_hits": 36,
    "worst_mae": -0.06807682956479466,
    "win": 0.5714285714285714,
    "max_hold_days": 4.354166666666667,
    "in_market": 0.3424313391526506,
    "score": -0.05287098478904967
   }
  },
  {
   "rank": 4,
   "train_score": 0.02475057449494938,
   "holdout": {
    "n": 102,
    "months": 9.656661184210527,
    "eq": 656.9898258692106,
    "growth": -0.04350227665062076,
    "liq": false,
    "maxdd": 0.374069156229797,
    "tpm": 10.56265701511603,
    "sl_hits": 53,
    "worst_mae": -0.048317806632234395,
    "win": 0.4803921568627451,
    "max_hold_days": 4.770833333333333,
    "in_market": 0.26962600241288764,
    "score": -0.048984359676356025
   }
  },
  {
   "rank": 6,
   "train_score": 0.014556762931059106,
   "holdout": {
    "n": 87,
    "months": 9.656661184210527,
    "eq": 581.6741604968028,
    "growth": -0.05611099316677694,
    "liq": false,
    "maxdd": 0.41289199570381524,
    "tpm": 9.009325101128379,
    "sl_hits": 57,
    "worst_mae": -0.03546937810357054,
    "win": 0.3448275862068966,
    "max_hold_days": 2.1875,
    "in_market": 0.16724859839613937,
    "score": -0.05815191140946669
   }
  }
 ],
 "holdout_top10": [
  {
   "rank": 1,
   "train_score": 0.028892831704228766,
   "holdout": {
    "n": 124,
    "months": 9.656661184210527,
    "eq": 1051.9913699062913,