{
 "cand": {
  "strategy": "prime7",
  "mode": "lev",
  "regs": [
   {
    "cdPeriodLong": 152.85881052796515,
    "slShort": 0.07054530761037779,
    "xDur2Short": 341.54277873843085,
    "dur2Long": 209.74613306380488,
    "eS3": 1.0,
    "xCdPctShort": 0.0027903310325991734,
    "cdPctLong": 0.011452574113597663,
    "apt2Short": 0.009987585821022889,
    "xTpLong": 0.0019111989836100493,
    "vEmaDn": 4.0,
    "xDur2Long": 135.6272142372239,
    "dur1Long": 58.08796365017223,
    "xApt1Short": 0.00896411555597828,
    "cdPeriodShort": 176.22997693770157,
    "rsiValLong": 63.79345491843986,
    "zS": 1.7358330662953159,
    "dur1Short": 68.89048493450956,
    "bbValLong": 0.3480282239400483,
    "eXL": 0.0,
    "leverage": 8.0,
    "eL3": 1.0,
    "vRsi": 1.0,
    "xApt1Long": 0.013753125418356105,
    "xCdPeriodShort": 75.75083870684246,
    "zXS": 2.598269541457762,
    "bbValShort": 0.8382107833407766,
    "xMinBetween": 4.0665480156749565,
    "ptLong": 0.006914239277685931,
    "vHistN": 2.0,
    "apt1Long": 0.02,
    "xApt2Short": 0.0022616825513786325,
    "xDur1Short": 217.03966309016624,
    "zXLmax": -2.5,
    "vBB": 0.0,
    "slLong": 0.020993218962971728,
    "ptShort": 0.02485323343182681,
    "xTpShort": 0.017934902334958886,
    "rsiValShort": 79.64848474718102,
    "requireHistPos": 0.0,
    "trendBlockZ": 3.0,
    "vMacd": 1.0,
    "cdPctShort": 0.011415862855407653,
    "apt2Long": 0.015,
    "apt1Short": 0.0049910150563394215,
    "vEmaUp": 4.0,
    "vX": 2.0,
    "xApt2Long": 0.01,
    "eXS": 0.0,
    "xDur1Long": 113.35505196161843,
    "zL": -1.9234176210106366,
    "dur2Short": 72.21817706371176
   },
   {
    "cdPeriodLong": 66.14140239865341,
    "slShort": 0.08506196737603641,
    "xDur2Short": 368.43392461610205,
    "dur2Long": 292.79001529607484,
    "eS3": 0.0,
    "xCdPctShort": 0.007051832415450712,
    "cdPctLong": 0.011663512171918619,
    "apt2Short": 0.013831764171070009,
    "xTpLong": 0.015062417651420081,
    "vEmaDn": 0.0,
    "xDur2Long": 697.1259325728366,
    "dur1Long": 62.39607825819638,
    "xApt1Short": 0.004179164977834674,
    "cdPeriodShort": 206.6424550022911,
    "rsiValLong": 80.51701960770006,
    "zS": 1.735899579389572,
    "dur1Short": 25.384895169232603,
    "bbValLong": 0.18440344989685165,
    "eXL": 0.0,
    "leverage": 8.0,
    "eL3": 1.0,
    "vRsi": 5.0,
    "xApt1Long": 0.0017014934282311616,
    "xCdPeriodShort": 82.96117620746065,
    "zXS": 1.0,
    "bbValShort": 0.6,
    "xMinBetween": 13.673272255218981,
    "ptLong": 0.0036589397647531965,
    "vHistN": 1.0,
    "apt1Long": 0.02,
    "xApt2Short": 0.008531412138722624,
    "xDur1Short": 59.82975209525004,
    "zXLmax": 0.1084219381472832,
    "vBB": 1.0,
    "slLong": 0.10997732654844918,
    "ptShort": 0.029597276145763345,
    "xTpShort": 0.013838147245908294,
    "rsiValShort": 50.0,
    "requireHistPos": 0.0,
    "trendBlockZ": 99.0,
    "vMacd": 0.0,
    "cdPctShort": 0.011094035925061542,
    "apt2Long": 0.015,
    "apt1Short": 0.014478366627716373,
    "vEmaUp": 2.0,
    "vX": 1.0,
    "xApt2Long": 0.002820151975611327,
    "eXS": 0.0,
    "xDur1Long": 240.0,
    "zL": -1.7163362803606492,
    "dur2Short": 145.3732453479728
   },
   {
    "cdPeriodLong": 84.04548874260686,
    "slShort": 0.12,
    "xDur2Short": 242.13987086686666,
    "dur2Long": 267.4956485411718,
    "eS3": 0.0,
    "xCdPctShort": 0.009624778961287597,
    "cdPctLong": 0.011299057631520554,
    "apt2Short": 0.0003076097705530191,
    "xTpLong": 0.008920212027512696,
    "vEmaDn": 0.0,
    "xDur2Long": 268.58058777930546,
    "dur1Long": 68.37219450925521,
    "xApt1Short": 0.01090511215057422,
    "cdPeriodShort": 41.31392606300563,
    "rsiValLong": 74.6935341417077,
    "zS": 1.1968627618776286,
    "dur1Short": 78.75458076633166,
    "bbValLong": -0.2521984135518138,
    "eXL": 0.0,
    "leverage": 3.0,
    "eL3": 1.0,
    "vRsi": 5.0,
    "xApt1Long": 0.006677522817785177,
    "xCdPeriodShort": 72.61318172046388,
    "zXS": 1.7444016823545447,
    "bbValShort": 0.9747502147649054,
    "xMinBetween": 27.152504856138002,
    "ptLong": 0.025434431293340453,
    "vHistN": 3.0,
    "apt1Long": 0.013409088790117235,
    "xApt2Short": 0.009576468043595004,
    "xDur1Short": 12.690786274988664,
    "zXLmax": 0.2887162592870337,
    "vBB": 2.0,
    "slLong": 0.0252543756063796,
    "ptShort": 0.004100980564713758,
    "xTpShort": 0.012330121991990814,
    "rsiValShort": 67.76098237544417,
    "requireHistPos": 0.0,
    "trendBlockZ": 1.5,
    "vMacd": 0.0,
    "cdPctShort": 0.007045894249059077,
    "apt2Long": 0.010142605527988739,
    "apt1Short": 0.003636258134273237,
    "vEmaUp": 2.0,
    "vX": 3.0,
    "xApt2Long": 0.007851455198446801,
    "eXS": 0.0,
    "xDur1Long": 231.26090539155027,
    "zL": -0.9549437003418408,
    "dur2Short": 276.74979362433595
   }
  ]
 },
 "metrics": {
  "n": 183,
  "months": 14.81640625,
  "eq": 7466393603.42381,
  "growth": 1.0681350382464303,
  "liq": false,
  "maxdd": 0.5894679916176566,
  "tpm": 12.351173213814922,
  "sl_hits": 0,
  "worst_mae": -0.06973203586748244,
  "win": 1.0,
  "max_hold_days": 4.0625,
  "in_market": 0.11453231021133112,
  "score": 0.9394380268652084
 },
 "strategy": "prime7",
 "mode": "lev",
 "method": "trend3",
 "algo": "refine",
 "per_regime": true,
 "train_end": "2025-09-01",
 "holdout_days": null,
 "max_dd": null,
 "max_hold_days": 5.0,
 "gap_mode": "skip_contaminated",
 "scoring": "classic",
 "anchor": null,
 "anchor_strength": 0.0,
 "evaluated": 50400,
 "generated": "2026-07-20 16:43",
 "holdout": {
  "n": 5,
  "months": 2.1842105263157894,
  "eq": 0.0,
  "growth": -12.650347016931143,
  "liq": true,
  "maxdd": 1.0,
  "tpm": 2.289156626506024,
  "sl_hits": 0,
  "worst_mae": -0.11699999999999999,
  "win": 0.8,
  "max_hold_days": 60.635416666666664,
  "in_market": 0.9977095883534136,
  "score": -12.650347016931143
 },
 "holdout_scan": {
  "scanned": 596,
  "pool": 596,
  "reservoir": 296,
  "survivors": 0
 },
 "holdout_survivors": [],
 "holdout_top10": [
  {
   "rank": 1,
   "train_score": 0.9394380268652084,
   "holdout": {
    "n": 5,
    "months": 2.1842105263157894,
    "eq": 0.0,
    "growth": -12.650347016931143,
    "liq": true,
    "maxdd": 1.0,
    "tpm": 2.289156626506024,
    "sl_hits": 0,
    "worst_mae": -0.11699999999999999,
    "win": 0.8,
    "max_hold_days": 60.635416666666664,
    "in_market": 0.9977095883534136,
    "score": -12.650347016931143
   }
  },
  {
   "rank": 2,
   "train_score": 0.9394380268652084,
   "holdout": {
    "n": 5,
    "months": 2.1842105263157894,
    "eq": 0.0,
    "growth": -12.650347016931143,
    "liq": true,
    "maxdd": 1.0,
    "tpm": 2.289156626506024,
    "sl_hits": 0,
    "worst_mae": -0.11699999999999999,
    "win": 0.8,
    "max_hold_days": 60.635416666666664,
    "in_market": 0.9977095883534136,
    "score": -12.650347016931143
   }
  },
  {
   "rank": 3,
   "train_score": 0.9394380268652084,
   "holdout": {
    "n": 5,
    "months": 2.1842105263157894,
    "eq": 0.0,
    "growth": -12.650347016931143,
    "liq": true,
    "maxdd": 1.0,
    "tpm": 2.289156626506024,
    "sl_hits": 0,
    "worst_mae": -0.11699999999999999,
    "win": 0.8,
    "max_hold_days": 60.635416666666664,
    "in_market": 0.9977095883534136,
    "score": -12.650347016931143
   }
  },
  {
   "rank": 4,
   "train_score": 0.9394380268652084,
   "holdout": {
    "n": 5,
    "months": 2.1842105263157894,
    "eq": 0.0,
    "growth": -12.650347016931143,
    "liq": true,
    "maxdd": 1.0,
    "tpm": 2.289156626506024,
    "sl_hits": 0,
    "worst_mae": -0.11699999999999999,
    "win": 0.8,
    "max_hold_days": 60.635416666666664,
    "in_market": 0.9977095883534136,
    "score": -12.650347016931143
   }
  },
  {
   "rank": 5,
   "train_score": 0.9394380268652084,
   "holdout": {
    "n": 5,
    "months": 2.1842105263157894,
    "eq": 0.0,
    "growth": -12.650347016931143,
    "liq": true,
    "maxdd": 1.0,
    "tpm": 2.289156626506024,
    "sl_hits": 0,