{
 "cand": {
  "strategy": "v7",
  "mode": "lev",
  "regs": [
   {
    "eXS": 0.0,
    "cdPctLong": 0.0032070974576143474,
    "apt1Long": 0.018881996695828372,
    "vMacd": 0.0,
    "eXL": 1.0,
    "xCdPctShort": 0.0036934272892074098,
    "zL": -1.998606256442745,
    "requireHistPos": 1.0,
    "dur1Long": 7.648367104729667,
    "slShort": 0.04280172909596304,
    "zXS": 2.7287860004976694,
    "slLong": 0.05596820778381925,
    "cdPeriodLong": 36.754193195054974,
    "xTpLong": 0.01685539669797191,
    "apt2Long": 0.006873648719369354,
    "dur2Long": 111.21273337298089,
    "vEmaDn": 3.0,
    "apt1Short": 0.012751134359815244,
    "xTpShort": 0.00891001355910833,
    "vEmaUp": 2.0,
    "xDur2Long": 590.7385701506204,
    "cdPeriodShort": 156.58275898410204,
    "apt2Short": 0.0026184935182079613,
    "xMinBetween": 22.8384428300156,
    "eS3": 1.0,
    "dur1Short": 90.0,
    "xApt2Long": 0.009976891614571624,
    "xApt2Short": 0.006455198277134266,
    "leverage": 10.0,
    "zS": 1.958537964739943,
    "xDur1Short": 106.35949135990514,
    "xDur1Long": 162.79851476427433,
    "cdPctShort": 0.007100677442801798,
    "vX": 0.0,
    "dur2Short": 345.2154527533554,
    "bbValShort": 0.6,
    "vRsi": 1.0,
    "zXLmax": 0.5,
    "rsiValLong": 65.03520297386123,
    "xApt1Short": 0.005112363730372648,
    "vHistN": 3.0,
    "bbValLong": 0.35,
    "ptShort": 0.03,
    "trendBlockZ": 1.5,
    "rsiValShort": 79.79715089109892,
    "xCdPeriodShort": 42.252797895304624,
    "xDur2Short": 375.5507380218389,
    "ptLong": 0.00762110656897923,
    "xApt1Long": 0.013966773327781436,
    "vBB": 2.0,
    "eL3": 1.0
   },
   {
    "eXS": 0.0,
    "cdPctLong": 0.0027325298625571846,
    "apt1Long": 0.01667016591898676,
    "vMacd": 1.0,
    "eXL": 1.0,
    "xCdPctShort": 0.008331469166187254,
    "zL": -3.0,
    "requireHistPos": 1.0,
    "dur1Long": 79.14221631695848,
    "slShort": 0.10723842409962288,
    "zXS": 2.098142284262114,
    "slLong": 0.09879766301559882,
    "cdPeriodLong": 31.934555200384807,
    "xTpLong": 0.015505069265357047,
    "apt2Long": 0.015,
    "dur2Long": 253.6648313193062,
    "vEmaDn": 0.0,
    "apt1Short": 0.006526463369030991,
    "xTpShort": 0.009409744792756528,
    "vEmaUp": 4.0,
    "xDur2Long": 574.9349954047498,
    "cdPeriodShort": 103.8059626033358,
    "apt2Short": 0.012692046360436566,
    "xMinBetween": 10.630313196822367,
    "eS3": 0.0,
    "dur1Short": 63.050259828747045,
    "xApt2Long": 0.008758949238636432,
    "xApt2Short": 0.009272902765798905,
    "leverage": 10.0,
    "zS": 2.6118964799668607,
    "xDur1Short": 98.11361319445072,
    "xDur1Long": 142.79407662554314,
    "cdPctShort": 0.00464016055912386,
    "vX": 2.0,
    "dur2Short": 297.23254077289084,
    "bbValShort": 0.881974830505099,
    "vRsi": 2.0,
    "zXLmax": -1.2508148723232075,
    "rsiValLong": 67.1222691315964,
    "xApt1Short": 0.010520970729722655,
    "vHistN": 2.0,
    "bbValLong": -0.30124430293954707,
    "ptShort": 0.010734195659531896,
    "trendBlockZ": 99.0,
    "rsiValShort": 78.96114319962318,
    "xCdPeriodShort": 15.931247489262496,
    "xDur2Short": 495.8749428904608,
    "ptLong": 0.008255682192892617,
    "xApt1Long": 0.002479806516256283,
    "vBB": 1.0,
    "eL3": 1.0
   },
   {
    "eXS": 1.0,
    "cdPctLong": 0.012,
    "apt1Long": 0.010840059925797427,
    "vMacd": 3.0,
    "eXL": 1.0,
    "xCdPctShort": 0.0002,
    "zL": -0.9028161964550152,
    "requireHistPos": 0.0,
    "dur1Long": 89.24167778658583,
    "slShort": 0.02,
    "zXS": 1.2083034756778261,
    "slLong": 0.07159233287876172,
    "cdPeriodLong": 18.257904905443375,
    "xTpLong": 0.015101844472175087,
    "apt2Long": 0.009285614334621968,
    "dur2Long": 343.5536100307728,
    "vEmaDn": 1.0,
    "apt1Short": 0.013776593782059213,
    "xTpShort": 0.001,
    "vEmaUp": 2.0,
    "xDur2Long": 575.6570477025695,
    "cdPeriodShort": 175.17988737843308,
    "apt2Short": 0.0017672252758100906,
    "xMinBetween": 1.0,
    "eS3": 0.0,
    "dur1Short": 37.82485535033136,
    "xApt2Long": 0.0,
    "xApt2Short": 0.003873354407503151,
    "leverage": 10.0,
    "zS": 1.9790500214655096,
    "xDur1Short": 96.42180826817824,
    "xDur1Long": 78.0903933199697,
    "cdPctShort": 0.0006844221092145032,
    "vX": 4.0,
    "dur2Short": 277.6350217197028,
    "bbValShort": 0.8919161925955161,
    "vRsi": 4.0,
    "zXLmax": -1.9945883768167285,
    "rsiValLong": 83.21616398848306,
    "xApt1Short": 0.00946658873225287,
    "vHistN": 2.0,
    "bbValLong": 0.27842401714004766,
    "ptShort": 0.029287231979207434,
    "trendBlockZ": 1.5,
    "rsiValShort": 52.50184549425864,
    "xCdPeriodShort": 61.36435871518054,
    "xDur2Short": 464.23782906659613,
    "ptLong": 0.027972634468837403,
    "xApt1Long": 0.015,
    "vBB": 4.0,
    "eL3": 1.0
   }
  ]
 },
 "metrics": {
  "n": 164,
  "months": 14.81640625,
  "eq": 1339254677807.0867,
  "growth": 1.418385722622516,
  "liq": false,
  "maxdd": 0.5565207527719366,
  "tpm": 11.068810967571842,
  "sl_hits": 0,
  "worst_mae": -0.05497463909481082,
  "win": 0.9878048780487805,
  "max_hold_days": 4.2,
  "in_market": 0.11708086456584382,
  "score": 1.2287613157986867
 },
 "strategy": "v7",
 "mode": "lev",
 "method": "vol3_7d",
 "algo": "genetic",
 "per_regime": true,
 "train_end": "2025-09-01",
 "holdout_days": null,
 "max_dd": null,
 "max_hold_days": 5.0,
 "gap_mode": "skip_contaminated",
 "scoring": "classic",
 "anchor": null,
 "anchor_strength": 0.0,
 "evaluated": 100800,
 "generated": "2026-07-20 15:21",
 "holdout": {
  "n": 12,
  "months": 2.1842105263157894,
  "eq": 0.0,
  "growth": -12.650347016931143,
  "liq": true,
  "maxdd": 1.0,
  "tpm": 5.493975903614458,
  "sl_hits": 0,
  "worst_mae": -0.092,
  "win": 0.9166666666666666,
  "max_hold_days": 30.039583333333333,
  "in_market": 0.6094691265060241,
  "score": -12.650347016931143
 },
 "holdout_scan": {
  "scanned": 596,
  "pool": 596,
  "reservoir": 296,
  "survivors": 0
 },
 "holdout_survivors": [],
 "holdout_top10": [
  {
   "rank": 446,
   "train_score": 0.1086385327632745,
   "holdout": {
    "n": 27,
    "months": 9.656661184210527,
    "eq": 2637.4014985974263,
    "growth": 0.10042748037873983,
    "liq": false,
    "maxdd": 0.5836691060699741,
    "tpm": 2.7959974451777727,
    "sl_hits": 0,
    "worst_mae": -0.07446113651208364,
    "win": 0.9629629629629629,
    "max_hold_days": 5.352083333333334,
    "in_market": 0.05849123554041587,
    "score": 0.11018932883414834
   }
  },
  {
   "rank": 1,
   "train_score": 1.2287613157986867,
   "holdout": {
    "n": 12,
    "months": 2.1842105263157894,
    "eq": 0.0,
    "growth": -12.650347016931143,
    "liq": true,
    "maxdd": 1.0,
    "tpm": 5.493975903614458,
    "sl_hits": 0,
    "worst_mae": -0.092,
    "win": 0.9166666666666666,
    "max_hold_days": 30.039583333333333,
    "in_market": 0.6094691265060241,
    "score": -12.650347016931143
   }
  },
  {
   "rank": 2,
   "train_score": 1.222430807539805,
   "holdout": {
    "n": 12,
    "months": 2.1842105263157894,
    "eq": 0.0,
    "growth": -12.650347016931143,
    "liq": true,
    "maxdd": 1.0,
    "tpm": 5.493975903614458,
    "sl_hits": 0,
    "worst_mae": -0.092,
    "win": 0.9166666666666666,
    "max_hold_days": 30.039583333333333,
    "in_market": 0.6047000502008032,
    "score": -12.650347016931143
   }
  },
  {
   "rank": 3,
   "train_score": 1.2202024065911912,
   "holdout": {
    "n": 14,
    "months": 2.1842105263157894,
    "eq": 0.0,
    "growth": -12.650347016931143,
    "liq": true,
    "maxdd": 1.0481908161609603,
    "tpm": 6.409638554216868,
    "sl_hits": 0,
    "worst_mae": -0.092,
    "win": 0.9285714285714286,
    "max_hold_days": 26.591666666666665,
    "in_market": 0.5230296184738956,
    "score": -12.650347016931143
   }
  },
  {
   "rank": 4,
   "train_score": 1.218065857953166,
   "holdout": {
    "n": 14,
    "months": 2.1842105263157894,
    "eq": 0.0,
    "growth": -12.650347016931143,
    "liq": true,
    "maxdd": 1.0481908161609603,