{
 "cand": {
  "strategy": "v7",
  "mode": "lev",
  "regs": [
   {
    "rsiValLong": 68.0,
    "rsiValShort": 68.0,
    "zL": -1.7,
    "zS": 1.7,
    "bbValLong": -0.05,
    "bbValShort": 0.825,
    "zXS": 2.0,
    "zXLmax": -99.0,
    "ptLong": 0.012,
    "apt1Long": 0.007,
    "apt2Long": 0.00407,
    "dur1Long": 0.6,
    "dur2Long": 14.4,
    "ptShort": 0.01,
    "apt1Short": 0.009518046158813416,
    "apt2Short": 0.004,
    "dur1Short": 0.6,
    "dur2Short": 14.4,
    "xTpLong": 0.004,
    "xApt1Long": 0.003,
    "xApt2Long": 0.00207,
    "xDur1Long": 60.0,
    "xDur2Long": 120.0,
    "xTpShort": 0.0015,
    "xApt1Short": 0.001,
    "xApt2Short": 0.0,
    "xDur1Short": 60.0,
    "xDur2Short": 120.0,
    "cdPctLong": 0.00402,
    "cdPeriodLong": 82.27056970026088,
    "cdPctShort": 0.003,
    "cdPeriodShort": 78.655801185355,
    "xCdPctShort": 0.0003,
    "xCdPeriodShort": 7.43252837834064,
    "xMinBetween": 12.350439535808263,
    "slLong": 0.1,
    "slShort": 0.1,
    "leverage": 8.0,
    "eL3": 0.0,
    "eS3": 1.0,
    "eXL": 0.0,
    "eXS": 0.0,
    "requireHistPos": 1.0,
    "vRsi": 1,
    "vMacd": 0,
    "vBB": 1,
    "vEmaUp": 2,
    "vEmaDn": 4,
    "vX": 1,
    "vHistN": 3,
    "trendBlockZ": 99.0
   },
   {
    "rsiValLong": 68.0,
    "rsiValShort": 68.0,
    "zL": -1.7,
    "zS": 1.7,
    "bbValLong": -0.05,
    "bbValShort": 0.825,
    "zXS": 2.0,
    "zXLmax": -99.0,
    "ptLong": 0.012,
    "apt1Long": 0.007,
    "apt2Long": 0.00407,
    "dur1Long": 0.6,
    "dur2Long": 20.073957532547933,
    "ptShort": 0.01,
    "apt1Short": 0.009,
    "apt2Short": 0.004,
    "dur1Short": 0.6,
    "dur2Short": 14.4,
    "xTpLong": 0.004,
    "xApt1Long": 0.003,
    "xApt2Long": 0.00207,
    "xDur1Long": 60.0,
    "xDur2Long": 120.0,
    "xTpShort": 0.001,
    "xApt1Short": 0.0005,
    "xApt2Short": 0.0,
    "xDur1Short": 78.1886284110938,
    "xDur2Short": 120.0,
    "cdPctLong": 0.00402,
    "cdPeriodLong": 99.13289182464251,
    "cdPctShort": 0.003,
    "cdPeriodShort": 70.0,
    "xCdPctShort": 0.0003,
    "xCdPeriodShort": 6.68342051054515,
    "xMinBetween": 12.943916085757118,
    "slLong": 0.1,
    "slShort": 0.1,
    "leverage": 8.0,
    "eL3": 1.0,
    "eS3": 1.0,
    "eXL": 0.0,
    "eXS": 0.0,
    "requireHistPos": 1.0,
    "vRsi": 1,
    "vMacd": 3.0,
    "vBB": 1,
    "vEmaUp": 2,
    "vEmaDn": 4,
    "vX": 1,
    "vHistN": 3,
    "trendBlockZ": 99.0
   },
   {
    "rsiValLong": 68.0,
    "rsiValShort": 68.0,
    "zL": -1.7,
    "zS": 1.7,
    "bbValLong": -0.05,
    "bbValShort": 0.85478916360726,
    "zXS": 1.9044883910964245,
    "zXLmax": -2.5,
    "ptLong": 0.012,
    "apt1Long": 0.007,
    "apt2Long": 0.00407,
    "dur1Long": 0.6,
    "dur2Long": 14.4,
    "ptShort": 0.01,
    "apt1Short": 0.009,
    "apt2Short": 0.004,
    "dur1Short": 0.6,
    "dur2Short": 14.4,
    "xTpLong": 0.004,
    "xApt1Long": 0.003,
    "xApt2Long": 0.00207,
    "xDur1Long": 60.0,
    "xDur2Long": 120.0,
    "xTpShort": 0.0015546171354150963,
    "xApt1Short": 0.001,
    "xApt2Short": 0.0,
    "xDur1Short": 60.0,
    "xDur2Short": 120.0,
    "cdPctLong": 0.00402,
    "cdPeriodLong": 90.0,
    "cdPctShort": 0.003,
    "cdPeriodShort": 68.1289380885946,
    "xCdPctShort": 0.0003,
    "xCdPeriodShort": 7.0,
    "xMinBetween": 13.0,
    "slLong": 0.1,
    "slShort": 0.1,
    "leverage": 8.0,
    "eL3": 1.0,
    "eS3": 1.0,
    "eXL": 0.0,
    "eXS": 1.0,
    "requireHistPos": 1.0,
    "vRsi": 1,
    "vMacd": 0,
    "vBB": 1,
    "vEmaUp": 2,
    "vEmaDn": 4,
    "vX": 1,
    "vHistN": 3,
    "trendBlockZ": 99.0
   }
  ]
 },
 "metrics": {
  "n": 70,
  "months": 14.81640625,
  "eq": 6599.188247707693,
  "growth": 0.1273552180507056,
  "liq": false,
  "maxdd": 0.33803195756234616,
  "tpm": 4.724492486158713,
  "sl_hits": 0,
  "worst_mae": -0.04321965161639185,
  "win": 0.9571428571428572,
  "max_hold_days": 0.9729166666666667,
  "in_market": 0.013011040651985883,
  "score": 0.07660818946221504
 },
 "strategy": "v7",
 "mode": "lev",
 "method": "vol3",
 "algo": "genetic",
 "per_regime": true,
 "train_end": "2025-09-01",
 "holdout_days": null,
 "max_dd": 0.5,
 "max_hold_days": 7.0,
 "gap_mode": "skip_contaminated",
 "scoring": "worst_window",
 "anchor": "defaults",
 "anchor_strength": 0.2,
 "evaluated": 1001000,
 "generated": "2026-07-10 15:25",
 "holdout": {
  "n": 36,
  "months": 9.656661184210527,
  "eq": 0.0,
  "growth": -2.8613431276959003,
  "liq": true,
  "maxdd": 1.0,
  "tpm": 3.7279965935703636,
  "sl_hits": 0,
  "worst_mae": -0.11699999999999999,
  "win": 0.9444444444444444,
  "max_hold_days": 183.76666666666668,
  "in_market": 0.6657015116031509,
  "score": -9.569090022986181
 },
 "holdout_scan": {
  "scanned": 18,
  "pool": 21,
  "reservoir": 0,
  "survivors": 2
 },
 "holdout_survivors": [
  {
   "rank": 15,
   "train_score": -0.060162230773891434,
   "holdout": {
    "n": 42,
    "months": 9.656661184210527,
    "eq": 2448.325661039563,
    "growth": 0.09272401404500462,
    "liq": false,
    "maxdd": 0.29815184318097565,
    "tpm": 4.3493293591654245,
    "sl_hits": 0,
    "worst_mae": -0.08471192241871073,
    "win": 1.0,
    "max_hold_days": 3.7375,
    "in_market": 0.04979064651195799,
    "score": 0.064513348780606
   }
  },
  {
   "rank": 16,
   "train_score": -0.06232368922554489,
   "holdout": {
    "n": 34,
    "months": 9.656661184210527,
    "eq": 1783.8621905016475,
    "growth": 0.05993591083466603,
    "liq": false,
    "maxdd": 0.7558567866064646,
    "tpm": 3.5208856717053436,
    "sl_hits": 0,
    "worst_mae": -0.3078380873706206,
    "win": 1.0,
    "max_hold_days": 2.93125,
    "in_market": 0.023227592080051096,
    "score": 0.01878640351950563
   }
  }
 ],
 "holdout_top10": [
  {
   "rank": 11,
   "train_score": -0.0383131450114768,
   "holdout": {
    "n": 53,
    "months": 9.656661184210527,
    "eq": 5091.52622689243,
    "growth": 0.16854455206429544,
    "liq": false,
    "maxdd": 0.8353165488220247,
    "tpm": 5.488439429423035,
    "sl_hits": 0,
    "worst_mae": -0.16277412714749429,
    "win": 0.9811320754716981,
    "max_hold_days": 13.789583333333333,
    "in_market": 0.24689518132141083,
    "score": 0.10277871222032609
   }
  },
  {
   "rank": 18,
   "train_score": -0.0638620305667248,
   "holdout": {
    "n": 65,
    "months": 9.656661184210527,
    "eq": 4410.613381622366,
    "growth": 0.15367772983653522,
    "liq": false,
    "maxdd": 0.76480639163813,
    "tpm": 6.731104960613156,
    "sl_hits": 0,
    "worst_mae": -0.13738950957957563,
    "win": 1.0,
    "max_hold_days": 19.597916666666666,
    "in_market": 0.15844155844155844,
    "score": 0.08096559361692594
   }
  },
  {
   "rank": 7,
   "train_score": -0.02944982349474165,
   "holdout": {
    "n": 34,
    "months": 9.656661184210527,
    "eq": 3652.7083618823494,
    "growth": 0.1341528800356171,
    "liq": false,
    "maxdd": 0.8560660575867653,
    "tpm": 3.5208856717053436,
    "sl_hits": 0,
    "worst_mae": -0.11054892039771724,
    "win": 1.0,
    "max_hold_days": 18.689583333333335,
    "in_market": 0.150173869846001,
    "score": 0.043855861221309134
   }
  },
  {
   "rank": 8,
   "train_score": -0.03314272299548725,
   "holdout": {
    "n": 53,
    "months": 9.656661184210527,
    "eq": 3306.5894411680238,
    "growth": 0.12384376494702977,
    "liq": false,
    "maxdd": 0.7497862770184766,
    "tpm": 5.488439429423035,
    "sl_hits": 0,
    "worst_mae": -0.18925639221205715,
    "win": 0.9622641509433962,
    "max_hold_days": 19.6,
    "in_market": 0.19528067560854445,
    "score": 0.04375250595080941
   }
  },
  {
   "rank": 12,
   "train_score": -0.04011471130887647,
   "holdout": {
    "n": 34,
    "months": 9.656661184210527,
    "eq": 2719.0481930171813,
    "growth": 0.1035846521845666,
    "liq": false,
    "maxdd": 0.8335799980942381,
    "tpm": 3.5208856717053436,
    "sl_hits": 0,
    "worst_mae": -0.13281879967745658,
    "win": 1.0,
    "max_hold_days": 10.354166666666666,
    "in_market": 0.10227095309062523,