{
 "cand": {
  "strategy": "v7",
  "mode": "spot",
  "regs": [
   {
    "apt1Long": 0.013003291651852409,
    "apt1Short": 0.0026818197210886686,
    "apt2Long": 0.00048122022927230554,
    "apt2Short": 0.0016090918326532012,
    "bbValLong": 0.20075633265764892,
    "bbValShort": 1.1949503745999506,
    "cdPctLong": 0.008208526437492486,
    "cdPctShort": 0.008467915671855068,
    "cdPeriodLong": 47.66058052422862,
    "cdPeriodShort": 15.494427215126692,
    "dur1Long": 6.461345826206741,
    "dur1Short": 86.82284381033594,
    "dur2Long": 236.00247794587173,
    "dur2Short": 341.4173332726926,
    "leverage": 1.0,
    "ptLong": 0.02314620414651959,
    "ptShort": 0.00383117103012667,
    "rsiValLong": 39.141284107613416,
    "rsiValShort": 61.0853333948796,
    "slLong": 0.07503182517007416,
    "slShort": 0.075740888009091,
    "xApt1Long": 0.007735303558451716,
    "xApt1Short": 0.006654721977165124,
    "xApt2Long": 0.005757051603390986,
    "xApt2Short": 0.009666623953878383,
    "xCdPctShort": 0.004689179692763968,
    "xCdPeriodShort": 100.98415635041337,
    "xDur1Long": 22.850551957330374,
    "xDur1Short": 98.68506916291325,
    "xDur2Long": 416.7425461132554,
    "xDur2Short": 458.0211834019066,
    "xMinBetween": 8.250531858028328,
    "xTpLong": 0.008586529256245309,
    "xTpShort": 0.018993117205978113,
    "zL": -1.572528341173712,
    "zS": 2.086925746507048,
    "zXLmax": -2.3041038684404773,
    "zXS": 1.1043525152862954,
    "trendBlockZ": 99.0,
    "vBB": 1.0,
    "vEmaDn": 4.0,
    "vEmaUp": 0.0,
    "vHistN": 2.0,
    "vMacd": 4.0,
    "vRsi": 0.0,
    "vX": 0.0,
    "eL3": 1.0,
    "eS3": 0.0,
    "eXL": 1.0,
    "eXS": 0.0,
    "requireHistPos": 1.0
   }
  ]
 },
 "metrics": {
  "n": 73,
  "months": 24.473067434210524,
  "eq": 849.4181365831914,
  "growth": -0.0066687067136473694,
  "liq": false,
  "maxdd": 0.24956468010361907,
  "tpm": 2.98287087208179,
  "sl_hits": 9,
  "worst_mae": -0.08712318394775442,
  "win": 0.8767123287671232,
  "score": -0.018687967672438376
 },
 "strategy": "v7",
 "mode": "spot",
 "method": "none",
 "algo": "random",
 "per_regime": true,
 "train_end": null,
 "evaluated": 30,
 "generated": "2026-07-05 18:21"
}