{"pool": [[-0.018687967672438376, {"strategy": "v7", "mode": "spot", "regs": [{"apt1Long": 0.013003291651852409, "apt1Short": 0.0026818197210886686, "apt2Long": 0.00048122022927230554, "apt2Short": 0.0016090918326532012, "bbValLong": 0.20075633265764892, "bbValShort": 1.1949503745999506, "cdPctLong": 0.008208526437492486, "cdPctShort": 0.008467915671855068, "cdPeriodLong": 47.66058052422862, "cdPeriodShort": 15.494427215126692, "dur1Long": 6.461345826206741, "dur1Short": 86.82284381033594, "dur2Long": 236.00247794587173, "dur2Short": 341.4173332726926, "leverage": 1.0, "ptLong": 0.02314620414651959, "ptShort": 0.00383117103012667, "rsiValLong": 39.141284107613416, "rsiValShort": 61.0853333948796, "slLong": 0.07503182517007416, "slShort": 0.075740888009091, "xApt1Long": 0.007735303558451716, "xApt1Short": 0.006654721977165124, "xApt2Long": 0.005757051603390986, "xApt2Short": 0.009666623953878383, "xCdPctShort": 0.004689179692763968, "xCdPeriodShort": 100.98415635041337, "xDur1Long": 22.850551957330374, "xDur1Short": 98.68506916291325, "xDur2Long": 416.7425461132554, "xDur2Short": 458.0211834019066, "xMinBetween": 8.250531858028328, "xTpLong": 0.008586529256245309, "xTpShort": 0.018993117205978113, "zL": -1.572528341173712, "zS": 2.086925746507048, "zXLmax": -2.3041038684404773, "zXS": 1.1043525152862954, "trendBlockZ": 99.0, "vBB": 1.0, "vEmaDn": 4.0, "vEmaUp": 0.0, "vHistN": 2.0, "vMacd": 4.0, "vRsi": 0.0, "vX": 0.0, "eL3": 1.0, "eS3": 0.0, "eXL": 1.0, "eXS": 0.0, "requireHistPos": 1.0}]}, {"n": 73, "months": 24.473067434210524, "eq": 849.4181365831914, "growth": -0.0066687067136473694, "liq": false, "maxdd": 0.24956468010361907, "tpm": 2.98287087208179, "sl_hits": 9, "worst_mae": -0.08712318394775442, "win": 0.8767123287671232, "score": -0.018687967672438376}], [-0.020678020799660128, {"strategy": "v7", "mode": "spot", "regs": [{"apt1Long": 0.018362915685790095, "apt1Short": 0.010046794367406308, "apt2Long": 0.012956793616456273, "apt2Short": 0.006028076620443784, "bbValLong": -0.14425302081780966, "bbValShort": 1.0989739754892578, "cdPctLong": 0.0070628750373842395, "cdPctShort": 0.0015792192644830218, "cdPeriodLong": 100.01749805007276, "cdPeriodShort": 26.960433081495363, "dur1Long": 43.16932651159941, "dur1Short": 38.91144096797739, "dur2Long": 158.30810503965657, "dur2Short": 215.20512375677453, "leverage": 1.0, "ptLong": 0.028145529478791592, "ptShort": 0.021153412546100925, "rsiValLong": 75.30797471160244, "rsiValShort": 85.8720492905504, "slLong": 0.07833200469234759, "slShort": 0.024021822090460068, "xApt1Long": 0.01081655894970749, "xApt1Short": 0.008750874886818694, "xApt2Long": 0.008259572221703992, "xApt2Short": 0.005321604734743441, "xCdPctShort": 0.008169792134569085, "xCdPeriodShort": 119.65020428948154, "xDur1Long": 90.62760661461427, "xDur1Short": 49.334931204755044, "xDur2Long": 300.2556116231929, "xDur2Short": 549.6044930073167, "xMinBetween": 13.737639023890887, "xTpLong": 0.012179222079155082, "xTpShort": 0.0034198109665117497, "zL": -1.402528275945243, "zS": 1.4161812841062988, "zXLmax": -1.9281473187879454, "zXS": 2.725899997166389, "trendBlockZ": 1.0, "vBB": 2.0, "vEmaDn": 1.0, "vEmaUp": 2.0, "vHistN": 2.0, "vMacd": 4.0, "vRsi": 5.0, "vX": 0.0, "eL3": 1.0, "eS3": 0.0, "eXL": 1.0, "eXS": 0.0, "requireHistPos": 1.0}]}, {"n": 94, "months": 24.473067434210524, "eq": 826.4992237360198, "growth": -0.007786367665276416, "liq": false, "maxdd": 0.24321236300514415, "tpm": 3.8409570133655926, "sl_hits": 13, "worst_mae": -0.11689158354521167, "win": 0.8617021276595744, "score": -0.020678020799660128}], [-0.02352694289538759, {"strategy": "v7", "mode": "spot", "regs": [{"apt1Long": 0.0025733629420333992, "apt1Short": 0.007702124898231697, "apt2Long": 0.0015440177652200394, "apt2Short": 0.006400817155953616, "bbValLong": -0.3215677066890783, "bbValShort": 0.7261178456855155, "cdPctLong": 0.011367783455503206, "cdPctShort": 0.0023695518346631595, "cdPeriodLong": 205.9720364664383, "cdPeriodShort": 199.0915465848212, "dur1Long": 35.58166188278286, "dur1Short": 42.33044667407716, "dur2Long": 298.4006326774717, "dur2Short": 248.24021394957435, "leverage": 1.0, "ptLong": 0.023212704403299464, "ptShort": 0.02135560142433693, "rsiValLong": 80.21357583037829, "rsiValShort": 82.91228532378355, "slLong": 0.037906268758299326, "slShort": 0.09482242750812449, "xApt1Long": 0.0017568791851608704, "xApt1Short": 0.006674915484263312, "xApt2Long": 0.0039675188715342525, "xApt2Short": 0.0020216809397548465, "xCdPctShort": 0.009391470064632696, "xCdPeriodShort": 14.088871368256537, "xDur1Long": 11.126865447372388, "xDur1Short": 84.27178484271502, "xDur2Long": 713.6138555864432, "xDur2Short": 212.63963858802353, "xMinBetween": 25.0901337000142, "xTpLong": 0.004289159103388843, "xTpShort": 0.012141188741169175, "zL": -0.8914994626053376, "zS": 2.3763291160447757, "zXLmax": 0.44152392553545905, "zXS": 2.1491132981780794, "trendBlockZ": 3.0, "vBB": 4.0, "vEmaDn": 2.0, "vEmaUp": 4.0, "vHistN": 1.0, "vMacd": 3.0, "vRsi": 0.0, "vX": 4.0, "eL3": 1.0, "eS3": 0.0, "eXL": 1.0, "eXS": 0.0, "requireHistPos": 0.0}]}, {"n": 681, "months": 24.473067434210524, "eq": 824.1547186713865, "growth": -0.007902442218997637, "liq": false, "maxdd": 0.2331411279906187, "tpm": 27.826507724489026, "sl_hits": 45, "worst_mae": -0.05494241842610359, "win": 0.933920704845815, "score": -0.02352694289538759}], [-0.024312839253829252, {"strategy": "v7", "mode": "spot", "regs": [{"apt1Long": 0.003316142205370819, "apt1Short": 0.0024523413974461223, "apt2Long": 0.0019896853232224915, "apt2Short": 0.0014714048384676733, "bbValLong": 0.21501755106544285, "bbValShort": 0.614696844855472, "cdPctLong": 0.004807980174950863, "cdPctShort": 0.005941845670968542, "cdPeriodLong": 59.801509155669635, "cdPeriodShort": 91.85843048897682, "dur1Long": 20.517554336243624, "dur1Short": 25.795432706324487, "dur2Long": 334.40487125500704, "dur2Short": 156.01137820843914, "leverage": 1.0, "ptLong": 0.019112884668156874, "ptShort": 0.020595971988958156, "rsiValLong": 66.31520997102265, "rsiValShort": 53.39035868896055, "slLong": 0.07819025790346892, "slShort": 0.09359235998979756, "xApt1Long": 0.012035741309080018, "xApt1Short": 0.009033746653120612, "xApt2Long": 0.001305730582345579, "xApt2Short": 0.0008374032389677899, "xCdPctShort": 0.003365926192437015, "xCdPeriodShort": 111.52438070751764, "xDur1Long": 118.70203163170095, "xDur1Short": 215.95899864395906, "xDur2Long": 347.17571776114715, "xDur2Short": 551.0314935264877, "xMinBetween": 15.06868809499957, "xTpLong": 0.014465342967215293, "xTpShort": 0.0070264062566764126, "zL": -1.0422964199992515, "zS": 1.384557751220483, "zXLmax": -2.4814695136471654, "zXS": 2.442331572233684, "trendBlockZ": 99.0, "vBB": 3.0, "vEmaDn": 0.0, "vEmaUp": 3.0, "vHistN": 2.0, "vMacd": 3.0, "vRsi": 0.0, "vX": 2.0, "eL3": 1.0, "eS3": 0.0, "eXL": 1.0, "eXS": 0.0, "requireHistPos": 1.0}]}, {"n": 498, "months": 24.473067434210524, "eq": 880.5401829918095, "growth": -0.005198355942440032, "liq": false, "maxdd": 0.37407249414882393, "tpm": 20.348899921873034, "sl_hits": 26, "worst_mae": -0.0968078699056415, "win": 0.9437751004016064, "score": -0.024312839253829252}], [-0.026474493871628278, {"strategy": "v7", "mode": "spot", "regs": [{"apt1Long": 0.016134376098900175, "apt1Short": 0.0020672934126443982, "apt2Long": 0.012675346373525196, "apt2Short": 0.001240376047586639, "bbValLong": -0.33416758977909805, "bbValShort": 0.6767683976480581, "cdPctLong": 0.004643034673861896, "cdPctShort": 0.001576248809989897, "cdPeriodLong": 147.89062880225376, "cdPeriodShort": 69.883771140065, "dur1Long": 24.231971784429902, "dur1Short": 26.376522185119185, "dur2Long": 44.200480154536514, "dur2Short": 269.3305586333556, "leverage": 1.0, "ptLong": 0.018982226537955345, "ptShort": 0.002953276303777712, "rsiValLong": 53.62052795513826, "rsiValShort": 77.4081435959937, "slLong": 0.03563466499035864, "slShort": 0.05856578446575508, "xApt1Long": 0.000787595109314085, "xApt1Short": 0.0016869409576200098,