{
 "cand": {
  "strategy": "prime",
  "tv": 0,
  "zL": [
   -1.9506268787173797,
   -2.6476906055877087,
   -2.0797972067421204
  ],
  "zS": [
   1.3729715901456567,
   2.25494365073909,
   1.1837216247879818
  ],
  "rsiL": [
   30.032160475167778,
   81.11515756502291,
   48.20283249564883
  ],
  "rsiS": [
   87.59578321328745,
   51.12198058350238,
   62.25786720389848
  ],
  "bbL": [
   -0.09511290130251503,
   0.07995714867304914,
   -0.07869827012823181
  ],
  "bbS": [
   1.6879654428433355,
   1.4900100421928684,
   1.7
  ],
  "ptL": [
   0.01832164014516411,
   0.029638346496225862,
   0.02005683063917573
  ],
  "a1L": [
   0.008602738001774612,
   0.02,
   0.012412008865411037
  ],
  "a2L": [
   0.003355678591525692,
   0.014824682827653916,
   0.008193562717588518
  ],
  "d1L": [
   20.578752139530234,
   20.0883413482035,
   90.0
  ],
  "d2L": [
   326.476989562183,
   360.0,
   285.82956306383414
  ],
  "ptS": [
   0.02256011586080281,
   0.026188884125713324,
   0.014708999762410423
  ],
  "a1S": [
   0.016817733474276605,
   0.007910091585495684,
   0.009881944298302924
  ],
  "a2S": [
   0.0008858235690865366,
   0.0011137147206272922,
   0.0051394269748992845
  ],
  "d1S": [
   0.6,
   28.834177773883795,
   1.5047704378389488
  ],
  "d2S": [
   346.5157007621921,
   321.7579113621144,
   319.3093717394098
  ],
  "cdPL": [
   0.011591652395580335,
   0.003774184131952,
   0.006135929589666011
  ],
  "cdTL": [
   46.90060083917217,
   136.00504305584246,
   60.40030053592297
  ],
  "cdPS": [
   0.011649345775687409,
   0.01160118946248449,
   0.011834485607007943
  ],
  "cdTS": [
   127.83096152645308,
   51.211664663699295,
   240.0
  ],
  "eL3": [
   1.0,
   1.0,
   1.0
  ],
  "eS3": [
   1.0,
   1.0,
   1.0
  ],
  "lev": [
   10.0,
   10.0,
   10.0
  ],
  "sl": 0.0
 },
 "metrics": {
  "n": 43,
  "months": 12.555235745614036,
  "eq": 488328.5371556263,
  "growth": 0.49310013261783886,
  "liq": false,
  "maxdd": 0.47567291093919767,
  "tpm": 3.4248659978384985,
  "sl_hits": 0,
  "worst_mae": -0.044711092064852465,
  "win": 1.0,
  "max_hold_days": 1.5875,
  "in_market": 0.03957293975088152,
  "score": 0.5425211392482857
 },
 "strategy": "prime",
 "mode": "lev",
 "method": "trend3",
 "algo": "genetic",
 "per_regime": true,
 "train_end": null,
 "holdout_days": 21.0,
 "max_dd": null,
 "max_hold_days": 5.0,
 "gap_mode": "skip_contaminated",
 "scoring": "classic",
 "anchor": null,
 "anchor_strength": 0.0,
 "evaluated": 100800,
 "generated": "2026-07-20 21:33",
 "holdout": {
  "n": 1,
  "months": 0.38843201754385964,
  "eq": 0.0,
  "growth": -71.13476713543214,
  "liq": true,
  "maxdd": 0.0,
  "tpm": 2.574453069865914,
  "sl_hits": 0,
  "worst_mae": -0.092,
  "win": 0.0,
  "max_hold_days": 7.502083333333333,
  "in_market": 0.7201834862385321,
  "score": -71.13476713543214
 },
 "holdout_scan": {
  "scanned": 598,
  "pool": 598,
  "reservoir": 298,
  "survivors": 1
 },
 "holdout_survivors": [
  {
   "rank": 480,
   "train_score": 0.04080886149485695,
   "holdout": {
    "n": 40,
    "months": 11.91467927631579,
    "eq": 3168.5652865653815,
    "growth": 0.09679479134135352,
    "liq": false,
    "maxdd": 0.3230670516522295,
    "tpm": 3.3572032509102203,
    "sl_hits": 0,
    "worst_mae": -0.07360975816356774,
    "win": 1.0,
    "max_hold_days": 4.277083333333334,
    "in_market": 0.03156005728780219,
    "score": 0.04142360530460491
   }
  }
 ],
 "holdout_top10": [
  {
   "rank": 313,
   "train_score": 0.040946054267241766,
   "holdout": {
    "n": 73,
    "months": 11.91467927631579,
    "eq": 4298.106952022768,
    "growth": 0.12238471957417699,
    "liq": false,
    "maxdd": 0.3208462253253089,
    "tpm": 6.126895932911152,
    "sl_hits": 0,
    "worst_mae": -0.06505043795923449,
    "win": 0.9863013698630136,
    "max_hold_days": 11.28125,
    "in_market": 0.08521848164317061,
    "score": 0.04628896709717219
   }
  },
  {
   "rank": 480,
   "train_score": 0.04080886149485695,
   "holdout": {
    "n": 40,
    "months": 11.91467927631579,
    "eq": 3168.5652865653815,
    "growth": 0.09679479134135352,
    "liq": false,
    "maxdd": 0.3230670516522295,
    "tpm": 3.3572032509102203,
    "sl_hits": 0,
    "worst_mae": -0.07360975816356774,
    "win": 1.0,
    "max_hold_days": 4.277083333333334,
    "in_market": 0.03156005728780219,
    "score": 0.04142360530460491
   }
  },
  {
   "rank": 1,
   "train_score": 0.5425211392482857,
   "holdout": {
    "n": 1,
    "months": 0.38843201754385964,
    "eq": 0.0,
    "growth": -71.13476713543214,
    "liq": true,
    "maxdd": 0.0,
    "tpm": 2.574453069865914,
    "sl_hits": 0,
    "worst_mae": -0.092,
    "win": 0.0,
    "max_hold_days": 7.502083333333333,
    "in_market": 0.7201834862385321,
    "score": -71.13476713543214
   }
  },
  {
   "rank": 2,
   "train_score": 0.5402095102574479,
   "holdout": {
    "n": 1,
    "months": 0.38843201754385964,
    "eq": 0.0,
    "growth": -71.13476713543214,
    "liq": true,
    "maxdd": 0.0,
    "tpm": 2.574453069865914,
    "sl_hits": 0,
    "worst_mae": -0.092,
    "win": 0.0,
    "max_hold_days": 7.502083333333333,
    "in_market": 0.7201834862385321,
    "score": -71.13476713543214
   }
  },
  {
   "rank": 3,
   "train_score": 0.5398896880175499,
   "holdout": {
    "n": 1,
    "months": 0.38843201754385964,
    "eq": 0.0,
    "growth": -71.13476713543214,
    "liq": true,
    "maxdd": 0.0,
    "tpm": 2.574453069865914,
    "sl_hits": 0,
    "worst_mae": -0.092,
    "win": 0.0,
    "max_hold_days": 7.502083333333333,
    "in_market": 0.7201834862385321,
    "score": -71.13476713543214
   }
  },
  {
   "rank": 4,
   "train_score": 0.5396559185930778,
   "holdout": {
    "n": 1,
    "months": 0.38843201754385964,
    "eq": 0.0,
    "growth": -71.13476713543214,
    "liq": true,
    "maxdd": 0.0,
    "tpm": 2.574453069865914,
    "sl_hits": 0,
    "worst_mae": -0.092,
    "win": 0.0,
    "max_hold_days": 7.502083333333333,
    "in_market": 0.7201834862385321,
    "score": -71.13476713543214
   }
  },
  {
   "rank": 5,
   "train_score": 0.5390566753889732,
   "holdout": {
    "n": 1,
    "months": 0.38843201754385964,
    "eq": 0.0,
    "growth": -71.13476713543214,
    "liq": true,
    "maxdd": 0.0,
    "tpm": 2.574453069865914,
    "sl_hits": 0,
    "worst_mae": -0.092,
    "win": 0.0,
    "max_hold_days": 7.502083333333333,
    "in_market": 0.7201834862385321,
    "score": -71.13476713543214
   }
  },
  {
   "rank": 6,
   "train_score": 0.5389491652295597,
   "holdout": {
    "n": 1,
    "months": 0.38843201754385964,
    "eq": 0.0,
    "growth": -71.13476713543214,
    "liq": true,
    "maxdd": 0.0,
    "tpm": 2.574453069865914,
    "sl_hits": 0,
    "worst_mae": -0.092,
    "win": 0.0,
    "max_hold_days": 7.502083333333333,
    "in_market": 0.7201834862385321,
    "score": -71.13476713543214
   }
  },
  {
   "rank": 7,
   "train_score": 0.5385086574640615,
   "holdout": {
    "n": 1,
    "months": 0.38843201754385964,
    "eq": 0.0,
    "growth": -71.13476713543214,
    "liq": true,
    "maxdd": 0.0,
    "tpm": 2.574453069865914,
    "sl_hits": 0,
    "worst_mae": -0.092,
    "win": 0.0,
    "max_hold_days": 7.502083333333333,
    "in_market": 0.7201834862385321,
    "score": -71.13476713543214
   }
  },
  {
   "rank": 8,
   "train_score": 0.5384685797346012,
   "holdout": {
    "n": 1,
    "months": 0.38843201754385964,
    "eq": 0.0,
    "growth": -71.13476713543214,
    "liq": true,
    "maxdd": 0.0,
    "tpm": 2.574453069865914,
    "sl_hits": 0,
    "worst_mae": -0.092,
    "win": 0.0,
    "max_hold_days": 7.502083333333333,
    "in_market": 0.7201834862385321,
    "score": -71.13476713543214
   }
  }
 ],
 "holdout_best": {
  "rank": 480,
  "holdout": {
   "n": 40,
   "months": 11.91467927631579,
   "eq": 3168.5652865653815,
   "growth": 0.09679479134135352,
   "liq": false,
   "maxdd": 0.3230670516522295,
   "tpm": 3.3572032509102203,
   "sl_hits": 0,
   "worst_mae": -0.07360975816356774,
   "win": 1.0,
   "max_hold_days": 4.277083333333334,