{
 "cand": {
  "strategy": "v7",
  "mode": "lev",
  "regs": [
   {
    "xTpLong": 0.019829181327421164,
    "vX": 1.0,
    "dur2Short": 178.56007290840506,
    "vEmaDn": 1.0,
    "ptShort": 0.0029553600133149496,
    "apt1Long": 0.006030372155818559,
    "xApt2Long": 0.007265748290551571,
    "vBB": 1.0,
    "cdPctLong": 0.009457608629787647,
    "rsiValLong": 72.9986632098074,
    "dur1Short": 86.49896215544207,
    "dur2Long": 360.0,
    "slLong": 0.02,
    "xCdPeriodShort": 65.60496675320104,
    "eL3": 1.0,
    "zS": 1.9573665154231152,
    "bbValShort": 1.0092773150454009,
    "xApt1Short": 0.0005,
    "rsiValShort": 50.0,
    "xDur2Long": 30.0,
    "bbValLong": 0.21099665134000012,
    "zXLmax": -0.1727611491916261,
    "apt2Long": 0.003255681050183888,
    "xMinBetween": 5.826438714985687,
    "apt1Short": 0.01520323193992535,
    "eS3": 1.0,
    "vRsi": 0.0,
    "xTpShort": 0.01743053245632624,
    "cdPeriodLong": 10.0,
    "trendBlockZ": 1.0,
    "vMacd": 0.0,
    "cdPeriodShort": 19.659554237497304,
    "xDur1Short": 240.0,
    "vHistN": 0.0,
    "xDur2Short": 556.3671952168801,
    "vEmaUp": 4.0,
    "eXL": 0.0,
    "xCdPctShort": 0.00326690317089124,
    "eXS": 1.0,
    "requireHistPos": 0.0,
    "xDur1Long": 116.37376147322192,
    "leverage": 7.122335246814789,
    "cdPctShort": 0.002576162706587974,
    "dur1Long": 86.40854187945408,
    "zL": -2.662072077868659,
    "apt2Short": 0.0009544233159298901,
    "zXS": 2.4122815962323143,
    "ptLong": 0.012804291703881001,
    "slShort": 0.11924564394944921,
    "xApt2Short": 0.002515508720348592,
    "xApt1Long": 0.0029083015867095476
   },
   {
    "xTpLong": 0.01047107422145915,
    "vX": 4.0,
    "dur2Short": 80.83161500485228,
    "vEmaDn": 4.0,
    "ptShort": 0.017959212562636453,
    "apt1Long": 0.006649355094760123,
    "xApt2Long": 0.01,
    "vBB": 0.0,
    "cdPctLong": 0.0025635968860892337,
    "rsiValLong": 81.22801121574848,
    "dur1Short": 90.0,
    "dur2Long": 153.85197014261968,
    "slLong": 0.12,
    "xCdPeriodShort": 21.316806331968717,
    "eL3": 1.0,
    "zS": 2.3835441666296684,
    "bbValShort": 0.8707399800959246,
    "xApt1Short": 0.005863481712562432,
    "rsiValShort": 50.00279906502444,
    "xDur2Long": 489.25769128095055,
    "bbValLong": 0.24421936980045372,
    "zXLmax": -1.4837067100512071,
    "apt2Long": 0.003271319980574006,
    "xMinBetween": 15.475600999768986,
    "apt1Short": 0.006458617186053611,
    "eS3": 1.0,
    "vRsi": 3.0,
    "xTpShort": 0.008872850369418579,
    "cdPeriodLong": 197.31768428594742,
    "trendBlockZ": 99.0,
    "vMacd": 0.0,
    "cdPeriodShort": 33.81492070344055,
    "xDur1Short": 54.66921412620664,
    "vHistN": 3.0,
    "xDur2Short": 258.82643977329843,
    "vEmaUp": 3.0,
    "eXL": 1.0,
    "xCdPctShort": 0.006207386512887954,
    "eXS": 0.0,
    "requireHistPos": 0.0,
    "xDur1Long": 50.48130874271092,
    "leverage": 7.097424437432876,
    "cdPctShort": 0.008010742424727397,
    "dur1Long": 81.19640328335798,
    "zL": -0.8,
    "apt2Short": 0.010637359226795028,
    "zXS": 2.004927218599905,
    "ptLong": 0.01599441934121185,
    "slShort": 0.09469845776133491,
    "xApt2Short": 0.005937394547431949,
    "xApt1Long": 0.010390914822449573
   },
   {
    "xTpLong": 0.009984226749168865,
    "vX": 0.0,
    "dur2Short": 30.853045917619795,
    "vEmaDn": 0.0,
    "ptShort": 0.014634440803744755,
    "apt1Long": 0.0033455600514325054,
    "xApt2Long": 0.009943432279913697,
    "vBB": 2.0,
    "cdPctLong": 0.0005,
    "rsiValLong": 79.75811979672356,
    "dur1Short": 24.722700903513786,
    "dur2Long": 314.07964079296556,
    "slLong": 0.08100180711266258,
    "xCdPeriodShort": 110.37617539172449,
    "eL3": 0.0,
    "zS": 2.17779205381043,
    "bbValShort": 0.9894981379923944,
    "xApt1Short": 0.0035382992428736977,
    "rsiValShort": 61.73616328648015,
    "xDur2Long": 665.5743919122157,
    "bbValLong": -0.29598673634880085,
    "zXLmax": -1.0996488952713335,
    "apt2Long": 0.015,
    "xMinBetween": 10.605025628226652,
    "apt1Short": 0.00808323084971145,
    "eS3": 1.0,
    "vRsi": 0.0,
    "xTpShort": 0.01740711540961161,
    "cdPeriodLong": 239.19155982980274,
    "trendBlockZ": 3.0,
    "vMacd": 0.0,
    "cdPeriodShort": 114.03308809810484,
    "xDur1Short": 240.0,
    "vHistN": 0.0,
    "xDur2Short": 609.6429167244869,
    "vEmaUp": 1.0,
    "eXL": 0.0,
    "xCdPctShort": 0.0002,
    "eXS": 1.0,
    "requireHistPos": 0.0,
    "xDur1Long": 140.93114730998752,
    "leverage": 7.686524076879813,
    "cdPctShort": 0.0012783731990412277,
    "dur1Long": 30.321797591477395,
    "zL": -1.4504314770402564,
    "apt2Short": 0.0031854024253046656,
    "zXS": 1.0,
    "ptLong": 0.015037648650767019,
    "slShort": 0.0768637903652717,
    "xApt2Short": 0.0060340011203273945,
    "xApt1Long": 0.010301264555260259
   }
  ]
 },
 "metrics": {
  "n": 190,
  "months": 14.81640625,
  "eq": 199547845.59877333,
  "growth": 0.8236686486725346,
  "liq": false,
  "maxdd": 0.4986422690197523,
  "tpm": 12.823622462430794,
  "sl_hits": 0,
  "worst_mae": -0.07065819800482087,
  "win": 1.0,
  "max_hold_days": 3.7125,
  "in_market": 0.10966646777766985,
  "score": 0.718339738362414
 },
 "strategy": "v7",
 "mode": "lev",
 "method": "vol3",
 "algo": "genetic",
 "per_regime": true,
 "train_end": "2025-09-01",
 "holdout_days": null,
 "max_dd": 0.5,
 "max_hold_days": 7.0,
 "gap_mode": "skip_contaminated",
 "scoring": "underwater",
 "anchor": null,
 "anchor_strength": 0.0,
 "evaluated": 100800,
 "generated": "2026-07-11 18:16",
 "holdout": {
  "n": 17,
  "months": 2.1842105263157894,
  "eq": 0.0,
  "growth": -12.650347016931143,
  "liq": true,
  "maxdd": 1.0,
  "tpm": 7.783132530120482,
  "sl_hits": 0,
  "worst_mae": -0.1328961812577885,
  "win": 0.9411764705882353,
  "max_hold_days": 36.95625,
  "in_market": 0.742218875502008,
  "score": -13.021456454682147
 },
 "holdout_scan": {
  "scanned": 588,
  "pool": 588,
  "reservoir": 288,
  "survivors": 2
 },
 "holdout_survivors": [
  {
   "rank": 416,
   "train_score": 0.060620373030617146,
   "holdout": {
    "n": 38,
    "months": 9.656661184210527,
    "eq": 1962.4409679870132,
    "growth": 0.06981596199292502,
    "liq": false,
    "maxdd": 0.2833279913239774,
    "tpm": 3.9351075154353836,
    "sl_hits": 0,
    "worst_mae": -0.05201117997326521,
    "win": 1.0,
    "max_hold_days": 1.9729166666666667,
    "in_market": 0.02689660066709247,
    "score": 0.04822330873520401
   }
  },
  {
   "rank": 550,
   "train_score": 0.029375591233629893,
   "holdout": {
    "n": 45,
    "months": 9.656661184210527,
    "eq": 1647.6275935529552,
    "growth": 0.05170901428971753,
    "liq": false,
    "maxdd": 0.39522839993615694,
    "tpm": 4.6599957419629545,
    "sl_hits": 0,
    "worst_mae": -0.08311209439528033,
    "win": 1.0,
    "max_hold_days": 2.9479166666666665,
    "in_market": 0.021545667447306793,
    "score": 0.033051001628062106
   }
  }
 ],
 "holdout_top10": [
  {
   "rank": 415,
   "train_score": 0.23245613266772522,
   "holdout": {
    "n": 71,
    "months": 9.656661184210527,
    "eq": 14255.724170110214,
    "growth": 0.2751632755376288,
    "liq": false,
    "maxdd": 0.8763209550994966,
    "tpm": 7.352437726208217,
    "sl_hits": 0,
    "worst_mae": -0.1480572310281948,
    "win": 1.0,
    "max_hold_days": 13.758333333333333,
    "in_market": 0.2137463629266908,
    "score": 0.0962233503548896
   }
  },
  {
   "rank": 406,
   "train_score": 0.08343602943139058,
   "holdout": {
    "n": 44,
    "months": 9.656661184210527,
    "eq": 5302.568524669152,
    "growth": 0.17275032214942962,
    "liq": false,
    "maxdd": 0.5545320634042308,
    "tpm": 4.5564402810304445,
    "sl_hits": 0,
    "worst_mae": -0.08009049773755672,
    "win": 0.9772727272727273,
    "max_hold_days": 13.741666666666667,
    "in_market": 0.09474842097792917,
    "score": 0.07078170867630063
   }
  },
  {
   "rank": 416,
   "train_score": 0.060620373030617146,
   "holdout": {
    "n": 38,
    "months": 9.656661184210527,