{
 "cand": {
  "strategy": "v7",
  "mode": "lev",
  "regs": [
   {
    "leverage": 7.6107907256022935,
    "cdPeriodShort": 106.04768533175677,
    "trendBlockZ": 2.0,
    "xDur2Short": 271.3171160750919,
    "bbValLong": 0.047841261550766914,
    "dur2Long": 13.00712731905686,
    "apt2Long": 0.014633547488436248,
    "zS": 1.3872072982706434,
    "xApt1Short": 0.0005,
    "xCdPctShort": 0.0002,
    "bbValShort": 0.8841877611910713,
    "rsiValShort": 61.76877648678787,
    "eXS": 1.0,
    "xApt2Long": 0.0042396651620590095,
    "cdPctShort": 0.0018453639893867492,
    "xCdPeriodShort": 55.98409005658869,
    "xDur1Short": 41.96646573320581,
    "slShort": 0.07753266751909438,
    "xDur1Long": 90.62718142671821,
    "apt2Short": 0.006669973786747841,
    "cdPeriodLong": 80.28526267650045,
    "slLong": 0.0725742709531125,
    "dur1Long": 21.196933019409325,
    "xTpShort": 0.003605098485727081,
    "zXLmax": -2.245842708257412,
    "ptShort": 0.019142673064676468,
    "eS3": 1.0,
    "requireHistPos": 0.0,
    "eXL": 0.0,
    "vEmaDn": 4.0,
    "dur1Short": 40.83316264258449,
    "zL": -1.1895457835126195,
    "xApt2Short": 0.0034528609393463276,
    "rsiValLong": 58.15403175754813,
    "apt1Long": 0.007273597857518197,
    "dur2Short": 10.0,
    "zXS": 1.9075196054280217,
    "cdPctLong": 0.00310695944998245,
    "vEmaUp": 2.0,
    "xApt1Long": 0.001417083196258319,
    "vX": 4.0,
    "apt1Short": 0.001,
    "xTpLong": 0.005556786707021028,
    "vHistN": 2.0,
    "xMinBetween": 12.129163247465769,
    "ptLong": 0.014067487301601858,
    "vMacd": 0,
    "vBB": 2.0,
    "xDur2Long": 190.00235418461517,
    "eL3": 1.0,
    "vRsi": 5.0
   },
   {
    "leverage": 7.861848344085083,
    "cdPeriodShort": 10.0,
    "trendBlockZ": 99.0,
    "xDur2Short": 30.0,
    "bbValLong": 0.08633680302015925,
    "dur2Long": 10.0,
    "apt2Long": 0.012454659741188081,
    "zS": 1.8735204601195679,
    "xApt1Short": 0.013809563076722584,
    "xCdPctShort": 0.0002,
    "bbValShort": 0.9287117071273151,
    "rsiValShort": 68.6923632001457,
    "eXS": 0.0,
    "xApt2Long": 0.0022744753665453936,
    "cdPctShort": 0.007840824360625631,
    "xCdPeriodShort": 67.93015684394136,
    "xDur1Short": 85.81687740713087,
    "slShort": 0.12,
    "xDur1Long": 52.580755495288585,
    "apt2Short": 0.0003613548855216184,
    "cdPeriodLong": 41.66658565431622,
    "slLong": 0.09684202291580016,
    "dur1Long": 3.3020344966940596,
    "xTpShort": 0.001,
    "zXLmax": -1.5860560920755087,
    "ptShort": 0.010344641842763335,
    "eS3": 1.0,
    "requireHistPos": 1.0,
    "eXL": 0.0,
    "vEmaDn": 4,
    "dur1Short": 5.439922623314337,
    "zL": -1.7592617601991467,
    "xApt2Short": 0.0,
    "rsiValLong": 72.04502818178497,
    "apt1Long": 0.008237062444443692,
    "dur2Short": 203.25663625025422,
    "zXS": 2.109892648856593,
    "cdPctLong": 0.009665035367422914,
    "vEmaUp": 2,
    "xApt1Long": 0.003187185684810927,
    "vX": 2.0,
    "apt1Short": 0.007716933789719768,
    "xTpLong": 0.006346500930972289,
    "vHistN": 1.0,
    "xMinBetween": 5.008243840747964,
    "ptLong": 0.01200679492144489,
    "vMacd": 0,
    "vBB": 1,
    "xDur2Long": 142.66006386868116,
    "eL3": 1.0,
    "vRsi": 1.0
   },
   {
    "leverage": 7.977232220381244,
    "cdPeriodShort": 20.510453452576293,
    "trendBlockZ": 1.0,
    "xDur2Short": 30.0,
    "bbValLong": 0.35,
    "dur2Long": 71.48121767225342,
    "apt2Long": 0.005512180953927921,
    "zS": 2.6867629237684323,
    "xApt1Short": 0.0005,
    "xCdPctShort": 0.0002,
    "bbValShort": 0.6519355779852807,
    "rsiValShort": 81.88333837081476,
    "eXS": 1.0,
    "xApt2Long": 0.0026763493923436014,
    "cdPctShort": 0.0018367718915422511,
    "xCdPeriodShort": 3.0,
    "xDur1Short": 37.70714910118747,
    "slShort": 0.10360425589068852,
    "xDur1Long": 77.89992908881158,
    "apt2Short": 0.0035670165913350605,
    "cdPeriodLong": 79.94159512593814,
    "slLong": 0.03708991795575334,
    "dur1Long": 36.72445090608244,
    "xTpShort": 0.007801116029121377,
    "zXLmax": -1.777845620889276,
    "ptShort": 0.011314139943882365,
    "eS3": 1.0,
    "requireHistPos": 1.0,
    "eXL": 0.0,
    "vEmaDn": 2.0,
    "dur1Short": 47.18901798441785,
    "zL": -1.5470017551338875,
    "xApt2Short": 0.0,
    "rsiValLong": 76.39369874090924,
    "apt1Long": 0.012166037879201392,
    "dur2Short": 244.64630832939562,
    "zXS": 1.7140547072748071,
    "cdPctLong": 0.004476998529333288,
    "vEmaUp": 2,
    "xApt1Long": 0.004008862262490993,
    "vX": 1,
    "apt1Short": 0.0010710812934333967,
    "xTpLong": 0.008629503572155769,
    "vHistN": 3.0,
    "xMinBetween": 17.51670151602313,
    "ptLong": 0.018763718402419492,
    "vMacd": 0.0,
    "vBB": 0.0,
    "xDur2Long": 99.75096862250993,
    "eL3": 1.0,
    "vRsi": 1.0
   }
  ]
 },
 "metrics": {
  "n": 306,
  "months": 14.81640625,
  "eq": 773519668300.5131,
  "growth": 1.381337775840294,
  "liq": false,
  "maxdd": 0.5546933954437999,
  "tpm": 20.652781439493804,
  "sl_hits": 0,
  "worst_mae": -0.07023244188952771,
  "win": 0.934640522875817,
  "max_hold_days": 4.245833333333334,
  "in_market": 0.14463392861272611,
  "score": 1.1359450219337606
 },
 "strategy": "v7",
 "mode": "lev",
 "method": "vol3",
 "algo": "genetic",
 "per_regime": true,
 "train_end": "2025-09-01",
 "holdout_days": null,
 "max_dd": null,
 "max_hold_days": 7.0,
 "gap_mode": "skip_contaminated",
 "scoring": "underwater",
 "anchor": "defaults",
 "anchor_strength": 0.3,
 "evaluated": 1001000,
 "generated": "2026-07-09 14:50"
}