{
 "cand": {
  "strategy": "v7",
  "mode": "lev",
  "regs": [
   {
    "apt1Long": 0.018429818357115445,
    "apt1Short": 0.008203628308481713,
    "apt2Long": 0.013701891933203642,
    "apt2Short": 0.015,
    "bbValLong": 0.35,
    "bbValShort": 0.6157459846924799,
    "cdPctLong": 0.012,
    "cdPctShort": 0.012,
    "cdPeriodLong": 201.61992266086267,
    "cdPeriodShort": 113.88409753296703,
    "dur1Long": 28.289981668001122,
    "dur1Short": 50.51347632389762,
    "dur2Long": 360.0,
    "dur2Short": 61.03469334496736,
    "leverage": 1.6586833639021294,
    "ptLong": 0.010696758963797345,
    "ptShort": 0.020997081839868176,
    "rsiValLong": 76.31116490606483,
    "rsiValShort": 80.5759374848132,
    "slLong": 0.12,
    "slShort": 0.03674614148660238,
    "xApt1Long": 0.0037233786177981935,
    "xApt1Short": 0.00782262737000696,
    "xApt2Long": 0.01,
    "xApt2Short": 0.00887434993393582,
    "xCdPctShort": 0.005407577002536285,
    "xCdPeriodShort": 12.025891263382606,
    "xDur1Long": 97.27862569084822,
    "xDur1Short": 41.985633780921106,
    "xDur2Long": 406.63830354374073,
    "xDur2Short": 592.1407192874966,
    "xMinBetween": 1.0,
    "xTpLong": 0.006588351979721294,
    "xTpShort": 0.01910909509515609,
    "zL": -1.4260527313864273,
    "zS": 0.8,
    "zXLmax": -0.34564621750185215,
    "zXS": 2.6884117440509536,
    "trendBlockZ": 1.5,
    "vBB": 0.0,
    "vEmaDn": 4.0,
    "vEmaUp": 4.0,
    "vHistN": 3.0,
    "vMacd": 0.0,
    "vRsi": 1.0,
    "vX": 1.0,
    "eL3": 1.0,
    "eS3": 1.0,
    "eXL": 1.0,
    "eXS": 1.0,
    "requireHistPos": 0.0
   },
   {
    "apt1Long": 0.01338590428713285,
    "apt1Short": 0.013056716222107401,
    "apt2Long": 0.004231984007964563,
    "apt2Short": 0.007136309491106558,
    "bbValLong": -0.061618788170473025,
    "bbValShort": 0.8723073530653852,
    "cdPctLong": 0.006481386561196059,
    "cdPctShort": 0.00999711984337438,
    "cdPeriodLong": 185.02762094907305,
    "cdPeriodShort": 196.27159961889592,
    "dur1Long": 39.01243678054175,
    "dur1Short": 36.855105608761704,
    "dur2Long": 194.89269939212005,
    "dur2Short": 296.63430870597216,
    "leverage": 1.0,
    "ptLong": 0.024222109808257355,
    "ptShort": 0.022575678250120263,
    "rsiValLong": 30.0,
    "rsiValShort": 66.73832097902242,
    "slLong": 0.09512363872633686,
    "slShort": 0.02,
    "xApt1Long": 0.015,
    "xApt1Short": 0.0096367643796121,
    "xApt2Long": 0.00883345670813061,
    "xApt2Short": 0.01,
    "xCdPctShort": 0.0002,
    "xCdPeriodShort": 117.92685480524219,
    "xDur1Long": 88.90585488942608,
    "xDur1Short": 52.33454055893414,
    "xDur2Long": 686.7277903481361,
    "xDur2Short": 225.79134997497195,
    "xMinBetween": 4.244749275823036,
    "xTpLong": 0.02,
    "xTpShort": 0.005304361951831229,
    "zL": -3.0,
    "zS": 2.9914639846438664,
    "zXLmax": -0.03581996808057253,
    "zXS": 1.7778700767028601,
    "trendBlockZ": 2.0,
    "vBB": 0.0,
    "vEmaDn": 0.0,
    "vEmaUp": 3.0,
    "vHistN": 0.0,
    "vMacd": 3.0,
    "vRsi": 2.0,
    "vX": 1.0,
    "eL3": 0.0,
    "eS3": 1.0,
    "eXL": 0.0,
    "eXS": 0.0,
    "requireHistPos": 0.0
   },
   {
    "apt1Long": 0.0038623826796904503,
    "apt1Short": 0.0042521430053209614,
    "apt2Long": 0.015,
    "apt2Short": 0.013343046475605596,
    "bbValLong": 0.23501645763594572,
    "bbValShort": 0.9235047428273878,
    "cdPctLong": 0.012,
    "cdPctShort": 0.011600156388960255,
    "cdPeriodLong": 175.22417778938026,
    "cdPeriodShort": 10.0,
    "dur1Long": 28.65223905388534,
    "dur1Short": 21.234535468934457,
    "dur2Long": 66.95810449430519,
    "dur2Short": 360.0,
    "leverage": 1.6364570045098978,
    "ptLong": 0.022913949344080697,
    "ptShort": 0.009177356131757197,
    "rsiValLong": 45.93456967473787,
    "rsiValShort": 51.51255627331402,
    "slLong": 0.02,
    "slShort": 0.1116027064063482,
    "xApt1Long": 0.015,
    "xApt1Short": 0.004006654429134529,
    "xApt2Long": 0.0,
    "xApt2Short": 0.01,
    "xCdPctShort": 0.01,
    "xCdPeriodShort": 3.0,
    "xDur1Long": 140.37073202969847,
    "xDur1Short": 70.424860561345,
    "xDur2Long": 414.3619972858615,
    "xDur2Short": 482.01204940407325,
    "xMinBetween": 3.757428079731108,
    "xTpLong": 0.01633261696231227,
    "xTpShort": 0.02,
    "zL": -1.0039449784223715,
    "zS": 0.8195621940698938,
    "zXLmax": 0.4220990526865356,
    "zXS": 1.1743499368490453,
    "trendBlockZ": 1.5,
    "vBB": 2.0,
    "vEmaDn": 4.0,
    "vEmaUp": 3.0,
    "vHistN": 0.0,
    "vMacd": 0.0,
    "vRsi": 1.0,
    "vX": 1.0,
    "eL3": 1.0,
    "eS3": 1.0,
    "eXL": 1.0,
    "eXS": 1.0,
    "requireHistPos": 0.0
   }
  ]
 },
 "metrics": {
  "n": 287,
  "months": 14.81640625,
  "eq": 612290.542592523,
  "growth": 0.43311494058526223,
  "liq": false,
  "maxdd": 0.5813117521064489,
  "tpm": 19.370419193250726,
  "sl_hits": 0,
  "worst_mae": -0.3541418869661972,
  "win": 0.9790940766550522,
  "score": 1.4156056527613905
 },
 "strategy": "v7",
 "mode": "lev",
 "method": "vol3",
 "algo": "genetic",
 "per_regime": true,
 "train_end": "2025-09-01",
 "holdout_days": null,
 "max_dd": null,
 "evaluated": 1000800,
 "generated": "2026-07-07 22:29",
 "holdout": {
  "n": 60,
  "months": 9.656661184210527,
  "eq": 3140.329330427876,
  "growth": 0.118501380020803,
  "liq": false,
  "maxdd": 0.4303386588121316,
  "tpm": 6.213327655950606,
  "sl_hits": 0,
  "worst_mae": -0.2549631169859894,
  "win": 0.9666666666666667,
  "score": 0.20502089935286574
 },
 "holdout_top10": [
  {
   "rank": 8,
   "train_score": 1.3959273567502137,
   "holdout": {
    "n": 67,
    "months": 9.656661184210527,
    "eq": 3388.8209495864066,
    "growth": 0.1263875821188337,
    "liq": false,
    "maxdd": 0.4160842803609673,
    "tpm": 6.938215882478176,
    "sl_hits": 0,
    "worst_mae": -0.2497966227043018,
    "win": 0.9701492537313433,
    "score": 0.22159356772322422
   }
  },
  {
   "rank": 6,
   "train_score": 1.3970165006682134,
   "holdout": {
    "n": 65,
    "months": 9.656661184210527,
    "eq": 3261.6900255004484,
    "growth": 0.12242797497259533,
    "liq": false,
    "maxdd": 0.4303386588121317,
    "tpm": 6.731104960613156,
    "sl_hits": 0,
    "worst_mae": -0.2549631169859894,
    "win": 0.9692307692307692,
    "score": 0.21360586875703197
   }
  },
  {
   "rank": 9,
   "train_score": 1.3952565385929228,
   "holdout": {
    "n": 64,
    "months": 9.656661184210527,
    "eq": 3212.7545213841872,
    "growth": 0.12086254796199394,
    "liq": false,
    "maxdd": 0.44092224789218254,
    "tpm": 6.627549499680646,
    "sl_hits": 0,
    "worst_mae": -0.2666266926497778,
    "win": 0.96875,
    "score": 0.21475089158405847
   }
  },
  {
   "rank": 1,
   "train_score": 1.4156056527613905,
   "holdout": {
    "n": 60,
    "months": 9.656661184210527,
    "eq": 3140.329330427876,
    "growth": 0.118501380020803,
    "liq": false,
    "maxdd": 0.4303386588121316,
    "tpm": 6.213327655950606,
    "sl_hits": 0,
    "worst_mae": -0.2549631169859894,
    "win": 0.9666666666666667,
    "score": 0.20502089935286574
   }
  },
  {
   "rank": 5,
   "train_score": 1.397278140880858,
   "holdout": {
    "n": 73,
    "months": 9.656661184210527,
    "eq": 3114.8697305909973,
    "growth": 0.11765840280155067,
    "liq": false,
    "maxdd": 0.44092224789218254,
    "tpm": 7.559548648073237,
    "sl_hits": 0,
    "worst_mae": -0.2666266926497778,
    "win": 0.9315068493150684,
    "score": 0.19641922444098875
   }
  },
  {
   "rank": 10,
   "train_score": 1.3951631713483232,
   "holdout": {
    "n": 63,
    "months": 9.656661184210527,
    "eq": 3077.4495034248084,
    "growth": 0.11640681485951655,
    "liq": false,
    "maxdd": 0.4286529254421521,
    "tpm": 6.523994038748136,
    "sl_hits": 0,
    "worst_mae": -0.25316393118449687,
    "win": 0.9682539682539683,
    "score": 0.20357606546410417
   }
  },
  {
   "rank": 2,
   "train_score": 1.4086013543224951,
   "holdout": {
    "n": 60,
    "months": 9.656661184210527,
    "eq": 2764.7993418493115,