{
 "cand": {
  "strategy": "v7",
  "mode": "lev",
  "regs": [
   {
    "rsiValLong": 68.0,
    "rsiValShort": 68.0,
    "zL": -1.7,
    "zS": 1.7,
    "bbValLong": -0.05,
    "bbValShort": 0.825,
    "zXS": 2.0,
    "zXLmax": -99.0,
    "ptLong": 0.01266850051763255,
    "apt1Long": 0.007,
    "apt2Long": 0.00407,
    "dur1Long": 0.6,
    "dur2Long": 16.51329044806337,
    "ptShort": 0.01,
    "apt1Short": 0.009,
    "apt2Short": 0.0044142360931912015,
    "dur1Short": 0.6,
    "dur2Short": 14.4,
    "xTpLong": 0.004,
    "xApt1Long": 0.003,
    "xApt2Long": 0.00207,
    "xDur1Long": 60.0,
    "xDur2Long": 120.0,
    "xTpShort": 0.001,
    "xApt1Short": 0.0005,
    "xApt2Short": 0.0,
    "xDur1Short": 60.0,
    "xDur2Short": 120.0,
    "cdPctLong": 0.00402,
    "cdPeriodLong": 90.0,
    "cdPctShort": 0.003,
    "cdPeriodShort": 70.0,
    "xCdPctShort": 0.0003,
    "xCdPeriodShort": 7.0,
    "xMinBetween": 13.340019835433392,
    "slLong": 0.1,
    "slShort": 0.1,
    "leverage": 8.0,
    "eL3": 0.0,
    "eS3": 1.0,
    "eXL": 0.0,
    "eXS": 0.0,
    "requireHistPos": 1.0,
    "vRsi": 1,
    "vMacd": 0,
    "vBB": 1,
    "vEmaUp": 2,
    "vEmaDn": 4,
    "vX": 1,
    "vHistN": 3,
    "trendBlockZ": 99.0
   },
   {
    "rsiValLong": 68.0,
    "rsiValShort": 68.0,
    "zL": -1.7715526628606233,
    "zS": 1.7,
    "bbValLong": -0.05403140927592025,
    "bbValShort": 0.825,
    "zXS": 1.932968021494867,
    "zXLmax": -99.0,
    "ptLong": 0.012,
    "apt1Long": 0.007,
    "apt2Long": 0.004002136264588293,
    "dur1Long": 0.6,
    "dur2Long": 14.4,
    "ptShort": 0.01,
    "apt1Short": 0.008754106840570028,
    "apt2Short": 0.0039131089265936345,
    "dur1Short": 0.6,
    "dur2Short": 14.4,
    "xTpLong": 0.004,
    "xApt1Long": 0.003,
    "xApt2Long": 0.00207,
    "xDur1Long": 60.0,
    "xDur2Long": 130.7684679776944,
    "xTpShort": 0.0015,
    "xApt1Short": 0.001,
    "xApt2Short": 0.0,
    "xDur1Short": 60.0,
    "xDur2Short": 120.0,
    "cdPctLong": 0.00402,
    "cdPeriodLong": 90.0,
    "cdPctShort": 0.003,
    "cdPeriodShort": 70.0,
    "xCdPctShort": 0.0003,
    "xCdPeriodShort": 7.0,
    "xMinBetween": 14.210627731828218,
    "slLong": 0.1,
    "slShort": 0.1,
    "leverage": 8.0,
    "eL3": 1.0,
    "eS3": 1.0,
    "eXL": 1.0,
    "eXS": 0.0,
    "requireHistPos": 1.0,
    "vRsi": 1,
    "vMacd": 3.0,
    "vBB": 1,
    "vEmaUp": 2,
    "vEmaDn": 4,
    "vX": 1,
    "vHistN": 3,
    "trendBlockZ": 99.0
   },
   {
    "rsiValLong": 68.0,
    "rsiValShort": 68.0,
    "zL": -1.7,
    "zS": 1.7,
    "bbValLong": -0.05,
    "bbValShort": 0.825,
    "zXS": 2.0,
    "zXLmax": -99.0,
    "ptLong": 0.012135934796217634,
    "apt1Long": 0.007,
    "apt2Long": 0.005304919619376129,
    "dur1Long": 0.6,
    "dur2Long": 14.4,
    "ptShort": 0.01,
    "apt1Short": 0.009,
    "apt2Short": 0.004,
    "dur1Short": 0.6,
    "dur2Short": 22.107589643229055,
    "xTpLong": 0.004,
    "xApt1Long": 0.003,
    "xApt2Long": 0.00207,
    "xDur1Long": 45.246111898659514,
    "xDur2Long": 120.0,
    "xTpShort": 0.0015,
    "xApt1Short": 0.001,
    "xApt2Short": 0.0,
    "xDur1Short": 60.0,
    "xDur2Short": 120.0,
    "cdPctLong": 0.00402,
    "cdPeriodLong": 92.80948655085403,
    "cdPctShort": 0.003,
    "cdPeriodShort": 70.0,
    "xCdPctShort": 0.0003,
    "xCdPeriodShort": 7.0,
    "xMinBetween": 13.0,
    "slLong": 0.1,
    "slShort": 0.1,
    "leverage": 8.0,
    "eL3": 1.0,
    "eS3": 1.0,
    "eXL": 0.0,
    "eXS": 1.0,
    "requireHistPos": 1.0,
    "vRsi": 1,
    "vMacd": 0,
    "vBB": 1,
    "vEmaUp": 2,
    "vEmaDn": 4,
    "vX": 1,
    "vHistN": 3,
    "trendBlockZ": 99.0
   }
  ]
 },
 "metrics": {
  "n": 64,
  "months": 14.81640625,
  "eq": 6372.930339640107,
  "growth": 0.1250005807398775,
  "liq": false,
  "maxdd": 0.3380319575623462,
  "tpm": 4.31953598734511,
  "sl_hits": 0,
  "worst_mae": -0.04321965161639185,
  "win": 0.96875,
  "max_hold_days": 0.9729166666666667,
  "in_market": 0.013066544558073274,
  "score": 0.11462252819908078
 },
 "strategy": "v7",
 "mode": "lev",
 "method": "vol3",
 "algo": "genetic",
 "per_regime": true,
 "train_end": "2025-09-01",
 "holdout_days": null,
 "max_dd": 0.5,
 "max_hold_days": 7.0,
 "gap_mode": "skip_contaminated",
 "scoring": "classic",
 "anchor": "defaults",
 "anchor_strength": 0.3,
 "evaluated": 501200,
 "generated": "2026-07-10 09:50",
 "holdout": {
  "n": 4,
  "months": 2.1842105263157894,
  "eq": 0.0,
  "growth": -12.650347016931143,
  "liq": true,
  "maxdd": 1.0,
  "tpm": 1.8313253012048194,
  "sl_hits": 0,
  "worst_mae": -0.11699999999999999,
  "win": 0.75,
  "max_hold_days": 60.6375,
  "in_market": 0.9734563253012049,
  "score": -12.650347016931143
 },
 "holdout_scan": {
  "scanned": 8,
  "pool": 8,
  "reservoir": 0,
  "survivors": 2
 },
 "holdout_survivors": [
  {
   "rank": 5,
   "train_score": -0.09475613399216483,
   "holdout": {
    "n": 34,
    "months": 9.656661184210527,
    "eq": 1783.8621905016475,
    "growth": 0.05993591083466603,
    "liq": false,
    "maxdd": 0.7558567866064646,
    "tpm": 3.5208856717053436,
    "sl_hits": 0,
    "worst_mae": -0.3078380873706206,
    "win": 1.0,
    "max_hold_days": 2.93125,
    "in_market": 0.023227592080051096,
    "score": 0.040741127388792306
   }
  },
  {
   "rank": 8,
   "train_score": -0.12326777602945298,
   "holdout": {
    "n": 22,
    "months": 9.656661184210527,
    "eq": 1226.089146357098,
    "growth": 0.021107662799905738,
    "liq": false,
    "maxdd": 0.15441128109650834,
    "tpm": 2.2782201405152223,
    "sl_hits": 0,
    "worst_mae": -0.061173842908549325,
    "win": 1.0,
    "max_hold_days": 4.352083333333334,
    "in_market": 0.032999787098147756,
    "score": 0.02226701652890161
   }
  }
 ],
 "holdout_top10": [
  {
   "rank": 2,
   "train_score": -0.040117830088923154,
   "holdout": {
    "n": 53,
    "months": 9.656661184210527,
    "eq": 5091.52622689243,
    "growth": 0.16854455206429544,
    "liq": false,
    "maxdd": 0.8353165488220247,
    "tpm": 5.488439429423035,
    "sl_hits": 0,
    "worst_mae": -0.16277412714749429,
    "win": 0.9811320754716981,
    "max_hold_days": 13.789583333333333,
    "in_market": 0.24689518132141083,
    "score": 0.11671155295032583
   }
  },
  {
   "rank": 3,
   "train_score": -0.04616004884138168,
   "holdout": {
    "n": 44,
    "months": 9.656661184210527,
    "eq": 2338.3545090494977,
    "growth": 0.0879649254066876,
    "liq": false,
    "maxdd": 0.5088788659480559,
    "tpm": 4.5564402810304445,
    "sl_hits": 0,
    "worst_mae": -0.12697685079074028,
    "win": 1.0,
    "max_hold_days": 10.335416666666667,
    "in_market": 0.1390532964303456,
    "score": 0.06460163075565802
   }
  },
  {
   "rank": 4,
   "train_score": -0.08145801606196616,
   "holdout": {
    "n": 35,
    "months": 9.656661184210527,
    "eq": 2229.330522515331,
    "growth": 0.08302055037313646,
    "liq": false,
    "maxdd": 0.7205642796898344,
    "tpm": 3.6244411326378536,
    "sl_hits": 0,
    "worst_mae": -0.1703721412064707,
    "win": 1.0,
    "max_hold_days": 13.847916666666666,
    "in_market": 0.13268753104818679,
    "score": 0.07696933626319849
   }
  },
  {
   "rank": 5,
   "train_score": -0.09475613399216483,
   "holdout": {
    "n": 34,
    "months": 9.656661184210527,
    "eq": 1783.8621905016475,
    "growth": 0.05993591083466603,
    "liq": false,
    "maxdd": 0.7558567866064646,
    "tpm": 3.5208856717053436,
    "sl_hits": 0,
    "worst_mae": -0.3078380873706206,
    "win": 1.0,
    "max_hold_days": 2.93125,
    "in_market": 0.023227592080051096,
    "score": 0.040741127388792306
   }
  },
  {
   "rank": 6,
   "train_score": -0.09769135232029247,
   "holdout": {
    "n": 62,
    "months": 9.656661184210527,
    "eq": 1431.1264601670866,
    "growth": 0.03712068402489065,
    "liq": false,
    "maxdd": 0.308760750785624,
    "tpm": 6.420438577815626,
    "sl_hits": 0,
    "worst_mae": -0.24063016135179782,
    "win": 1.0,
    "max_hold_days": 33.1125,
    "in_market": 0.2365907316726989,