{
 "cand": {
  "strategy": "macdx",
  "tpL": [
   0.0783638110699288,
   0.05316844572902455,
   0.08252956461935795
  ],
  "tpS": [
   0.026157383101717255,
   0.02974111546463521,
   0.02877324205120448
  ],
  "slL": [
   0.023606218814156137,
   0.004762899653163773,
   0.07336057667152589
  ],
  "slS": [
   0.0540811481283833,
   0.04338707571859107,
   0.08543275539573622
  ],
  "minT": [
   49.93987662778195,
   98.89935119957288,
   58.88034194404702
  ],
  "mMinS": [
   0.10026333677547614,
   0.37122460484582576,
   0.01703274012526986
  ],
  "mMaxL": [
   -0.26591330584617606,
   -0.43405107900984446,
   -0.2756960136782799
  ],
  "hrb": [
   7.0,
   3.0,
   4.0
  ],
  "reqH": [
   0.0,
   0.0,
   1.0
  ],
  "a1L": [
   0.013196421479355918,
   0.009373992174831869,
   0.016620580729466504
  ],
  "a2L": [
   0.009373358917446596,
   0.0029535027926451667,
   0.001409064150730369
  ],
  "d1L": [
   21.85519465474205,
   24.0,
   37.685893567096294
  ],
  "d2L": [
   22.928250910468297,
   27.297990798066188,
   79.16942720761462
  ],
  "cdPL": [
   0.0,
   0.0,
   0.00017984121961253926
  ],
  "cdTL": [
   24.0,
   14.60461367710242,
   17.748255368585326
  ],
  "a1S": [
   0.0,
   0.02819434285792674,
   0.023688747694203663
  ],
  "a2S": [
   0.0,
   0.015854602919103306,
   0.008122452933639904
  ],
  "d1S": [
   6.974707676052786,
   17.49765763332952,
   11.875215025687647
  ],
  "d2S": [
   19.54398633259914,
   24.0,
   15.984333458687258
  ],
  "cdPS": [
   0.0,
   0.05794978477341303,
   0.0019653200595581405
  ],
  "cdTS": [
   69.84326195939629,
   236.27695113144125,
   61.85856558510146
  ],
  "eL": [
   1.0,
   1.0,
   1.0
  ],
  "eS": [
   1.0,
   0.0,
   1.0
  ],
  "lev": [
   8.5190303015468,
   1.90060004488773,
   10.0
  ]
 },
 "metrics": {
  "n": 37,
  "months": 14.81640625,
  "eq": 1916432.9586279904,
  "growth": 0.5101251123604809,
  "liq": false,
  "maxdd": 0.027344464378202548,
  "tpm": 2.4972317426838915,
  "sl_hits": 4,
  "worst_mae": -0.0469638049655996,
  "win": 0.8648648648648649,
  "max_hold_days": 1.4083333333333334,
  "in_market": 0.041410539266700894,
  "score": 0.6936624285131598
 },
 "strategy": "macdx",
 "mode": "spot",
 "method": "vol3",
 "algo": "genetic",
 "per_regime": true,
 "train_end": "2025-09-01",
 "holdout_days": null,
 "max_dd": 0.05,
 "max_hold_days": 2.0,
 "gap_mode": "skip_contaminated",
 "scoring": "classic",
 "anchor": null,
 "anchor_strength": 0.0,
 "evaluated": 1001000,
 "generated": "2026-07-12 17:39",
 "holdout": {
  "n": 25,
  "months": 9.656661184210527,
  "eq": 5.122342675921956,
  "growth": -0.5461663498465965,
  "liq": true,
  "maxdd": 0.9949503812465833,
  "tpm": 2.5888865233127527,
  "sl_hits": 5,
  "worst_mae": -0.09236279902776001,
  "win": 0.6,
  "max_hold_days": 9.064583333333333,
  "in_market": 0.1262011212830885,
  "score": -1.2022050460494198
 },
 "holdout_scan": {
  "scanned": 34,
  "pool": 596,
  "reservoir": 296,
  "survivors": 0
 },
 "holdout_survivors": [],
 "holdout_top10": [
  {
   "rank": 34,
   "train_score": 0.6703543586298149,
   "holdout": {
    "n": 44,
    "months": 9.656661184210527,
    "eq": 794.5419717371884,
    "growth": -0.02381666521692999,
    "liq": false,
    "maxdd": 0.81847788787638,
    "tpm": 4.5564402810304445,
    "sl_hits": 8,
    "worst_mae": -0.06295105394783862,
    "win": 0.8181818181818182,
    "max_hold_days": 4.597916666666666,
    "in_market": 0.14529841742956498,
    "score": -0.26303562671723235
   }
  },
  {
   "rank": 22,
   "train_score": 0.6721790627796199,
   "holdout": {
    "n": 44,
    "months": 9.656661184210527,
    "eq": 259.0291857141293,
    "growth": -0.13988422206269033,
    "liq": false,
    "maxdd": 0.9368711714203471,
    "tpm": 4.5564402810304445,
    "sl_hits": 5,
    "worst_mae": -0.08423404934555578,
    "win": 0.7954545454545454,
    "max_hold_days": 6.602083333333334,
    "in_market": 0.19027038535235258,
    "score": -0.4383122646688846
   }
  },
  {
   "rank": 4,
   "train_score": 0.6773435219360242,
   "holdout": {
    "n": 45,
    "months": 9.656661184210527,
    "eq": 125.95982331446851,
    "growth": -0.2145454050774075,
    "liq": false,
    "maxdd": 0.9271989057853228,
    "tpm": 4.6599957419629545,
    "sl_hits": 7,
    "worst_mae": -0.07830528572080087,
    "win": 0.8,
    "max_hold_days": 4.597916666666666,
    "in_market": 0.17439500390320062,
    "score": -0.519649497370216
   }
  },
  {
   "rank": 30,
   "train_score": 0.6711699139119556,
   "holdout": {
    "n": 45,
    "months": 9.656661184210527,
    "eq": 78.9483345989629,
    "growth": -0.2629233421828089,
    "liq": false,
    "maxdd": 0.954659759844257,
    "tpm": 4.6599957419629545,
    "sl_hits": 6,
    "worst_mae": -0.0802139037433156,
    "win": 0.7777777777777778,
    "max_hold_days": 6.4625,
    "in_market": 0.17384855581576894,
    "score": -0.6153119356360444
   }
  },
  {
   "rank": 8,
   "train_score": 0.6760591367718165,
   "holdout": {
    "n": 43,
    "months": 9.656661184210527,
    "eq": 56.59001957461429,
    "growth": -0.2974032729470979,
    "liq": false,
    "maxdd": 0.9536052848539641,
    "tpm": 4.4528848200979345,
    "sl_hits": 7,
    "worst_mae": -0.08423404934555578,
    "win": 0.7674418604651163,
    "max_hold_days": 9.06875,
    "in_market": 0.21721666311830246,
    "score": -0.3902138345053988
   }
  },
  {
   "rank": 32,
   "train_score": 0.6705638182039052,
   "holdout": {
    "n": 42,
    "months": 9.656661184210527,
    "eq": 49.105232320811254,
    "growth": -0.3120943800128795,
    "liq": false,
    "maxdd": 0.9848838141892559,
    "tpm": 4.3493293591654245,
    "sl_hits": 6,
    "worst_mae": -0.08423404934555578,
    "win": 0.7857142857142857,
    "max_hold_days": 9.064583333333333,
    "in_market": 0.18044141650699028,
    "score": -0.6737927912329335
   }
  },
  {
   "rank": 10,
   "train_score": 0.6747873788028691,
   "holdout": {
    "n": 45,
    "months": 9.656661184210527,
    "eq": 21.05118711856314,
    "growth": -0.39980675014004696,
    "liq": false,
    "maxdd": 0.9811219057877765,
    "tpm": 4.6599957419629545,
    "sl_hits": 9,
    "worst_mae": -0.07830528572080087,
    "win": 0.7777777777777778,
    "max_hold_days": 4.597916666666666,
    "in_market": 0.1776736924277908,
    "score": -0.6534651020173131
   }
  },
  {
   "rank": 12,
   "train_score": 0.6737549686724745,
   "holdout": {
    "n": 42,
    "months": 9.656661184210527,
    "eq": 12.653929886012525,
    "growth": -0.45251535347159433,
    "liq": false,
    "maxdd": 0.9897457363600256,
    "tpm": 4.3493293591654245,
    "sl_hits": 7,
    "worst_mae": -0.08423404934555578,
    "win": 0.7380952380952381,
    "max_hold_days": 9.06875,
    "in_market": 0.210375416932794,
    "score": -0.605548778757523
   }
  },
  {
   "rank": 24,
   "train_score": 0.6718436918995645,
   "holdout": {
    "n": 40,
    "months": 9.656661184210527,
    "eq": 7.937478065072229,
    "growth": -0.5008107446215624,
    "liq": false,
    "maxdd": 0.99357012982892,
    "tpm": 4.142218437300404,
    "sl_hits": 7,
    "worst_mae": -0.08423404934555578,
    "win": 0.8,
    "max_hold_days": 9.06875,
    "in_market": 0.20276062735079128,
    "score": -0.6703801631994939
   }
  },
  {
   "rank": 27,
   "train_score": 0.6712652278379146,
   "holdout": {
    "n": 42,
    "months": 9.656661184210527,
    "eq": 6.543727730351235,
    "growth": -0.5208061244571954,
    "liq": false,
    "maxdd": 0.994127626387578,
    "tpm": 4.3493293591654245,
    "sl_hits": 7,
    "worst_mae": -0.08423404934555578,
    "win": 0.7380952380952381,
    "max_hold_days": 9.064583333333333,
    "in_market": 0.20823930168192464,
    "score": -0.7061605255874182
   }
  }
 ]
}