{"job": {"strategy": "v6", "mode": "spot", "method": "volume3", "window": "all", "fold_idx": 4, "n_samples": 350, "seed": 659960}, "status": "ok", "n_feasible": 350, "cand": {"strategy": "v6", "tv": 1, "zL": [-1.4385, -1.1436, -1.5911], "zS": [1.6908, 1.8108, 1.9377], "zXS": [2.1393, 1.8068, 2.142], "zXLmax": [-99.0, -99.0, -99.0], "ptScale": [1.6938, 1.7933, 1.7543], "eS3": [0.0, 0.0, 0.0], "eXS": [0.0, 0.0, 0.0], "lev": [1.0, 1.0, 1.0], "sl": 0.08}, "train": {"n": 126, "months": 9.694490131578949, "eq": 2054.7186411174066, "growth": 0.07428332119609794, "liq": false, "maxdd": 0.09603354383792698, "tpm": 12.99707341901005, "sl_hits": 3, "worst_mae": -0.08351198849685681, "win": 0.9761904761904762, "score": 0.049484344570159475}, "oos": {"n": 11, "months": 0.9156387061403509, "eq": 1045.399160523158, "growth": 0.04848941397832385, "liq": false, "maxdd": 0.07299205421023681, "tpm": 12.013472045505575, "sl_hits": 1, "worst_mae": -0.0800082553659881, "win": 0.9090909090909091, "score": 0.04848941397832385}, "elapsed": 1.4098231792449951}