{"job": {"strategy": "v6", "mode": "spot", "method": "volume3", "window": "all", "fold_idx": 1, "n_samples": 350, "seed": 659960}, "status": "ok", "n_feasible": 350, "cand": {"strategy": "v6", "tv": 1, "zL": [-1.0557, -1.2027, -1.336], "zS": [1.7127, 1.794, 1.9823], "zXS": [1.875, 2.0451, 1.7768], "zXLmax": [-99.0, -99.0, -99.0], "ptScale": [1.6638, 1.8016, 1.4939], "eS3": [0.0, 0.0, 0.0], "eXS": [0.0, 0.0, 0.0], "lev": [1.0, 1.0, 1.0], "sl": 0.1}, "train": {"n": 105, "months": 6.951206140350878, "eq": 2207.214366140389, "growth": 0.11389839931033922, "liq": false, "maxdd": 0.0, "tpm": 15.105292215474405, "sl_hits": 0, "worst_mae": -0.09534023046513573, "win": 1.0, "score": 0.07409635738244638}, "oos": {"n": 15, "months": 0.9159813596491229, "eq": 1125.9148526549993, "growth": 0.12947414955247602, "liq": false, "maxdd": 0.0, "tpm": 16.375879096214273, "sl_hits": 0, "worst_mae": -0.05810220280032108, "win": 1.0, "score": 0.12947414955247602}, "elapsed": 1.3542814254760742}