{"job": {"strategy": "v6", "mode": "spot", "method": "volume3", "window": "all", "fold_idx": 13, "n_samples": 350, "seed": 659960}, "status": "ok", "n_feasible": 350, "cand": {"strategy": "v6", "tv": 1, "zL": [-1.905, -1.4885, -1.7276], "zS": [1.6729, 1.4439, 1.767], "zXS": [2.0093, 1.7844, 2.2535], "zXLmax": [-40.3874, -40.4609, -40.469], "ptScale": [1.7919, 1.4903, 1.5814], "eS3": [0.0, 0.0, 0.0], "eXS": [0.0, 0.0, 0.0], "lev": [1.0, 1.0, 1.0], "sl": 0.08}, "train": {"n": 159, "months": 17.73266173245614, "eq": 1886.079757905497, "growth": 0.03578145697141717, "liq": false, "maxdd": 0.17782326949720179, "tpm": 8.966504995072558, "sl_hits": 6, "worst_mae": -0.08817769532055242, "win": 0.9622641509433962, "score": 0.016980476616058476}, "oos": {"n": 4, "months": 0.920984100877193, "eq": 1026.3880682733961, "growth": 0.028280520147795692, "liq": false, "maxdd": 0.0, "tpm": 4.343180296152988, "sl_hits": 0, "worst_mae": -0.012261793189628167, "win": 1.0, "score": 0.028280520147795692}, "elapsed": 2.198427677154541}