{"job": {"strategy": "v6", "mode": "spot", "method": "volume3", "window": "all", "fold_idx": 8, "n_samples": 350, "seed": 659960}, "status": "ok", "n_feasible": 350, "cand": {"strategy": "v6", "tv": 0, "zL": [-1.5641, -1.1473, -1.4877], "zS": [1.8761, 1.7771, 2.0088], "zXS": [2.2625, 2.2434, 1.8088], "zXLmax": [-99.0, -99.0, -99.0], "ptScale": [1.5512, 1.7019, 1.3068], "eS3": [0.0, 0.0, 0.0], "eXS": [0.0, 0.0, 0.0], "lev": [1.0, 1.0, 1.0], "sl": 0.08}, "train": {"n": 167, "months": 13.347861842105264, "eq": 2529.2529468849407, "growth": 0.06951854852873406, "liq": false, "maxdd": 0.08056298405348723, "tpm": 12.511367136960137, "sl_hits": 3, "worst_mae": -0.08351198849685681, "win": 0.9820359281437125, "score": 0.04843007410871645}, "oos": {"n": 8, "months": 0.9194078947368421, "eq": 1064.3567240937437, "growth": 0.06783779222744121, "liq": false, "maxdd": 0.0, "tpm": 8.701252236135957, "sl_hits": 0, "worst_mae": -0.012907474481396175, "win": 1.0, "score": 0.06783779222744121}, "elapsed": 1.6449952125549316}