{"job": {"strategy": "v6", "mode": "spot", "method": "volume3", "window": "all", "fold_idx": 0, "n_samples": 350, "seed": 659960}, "status": "ok", "n_feasible": 350, "cand": {"strategy": "v6", "tv": 0, "zL": [-1.157, -1.1884, -1.3297], "zS": [1.7882, 2.0625, 1.9193], "zXS": [1.9239, 2.3716, 2.1376], "zXLmax": [-40.2508, -40.2848, -40.465], "ptScale": [1.625, 1.9196, 1.8859], "eS3": [0.0, 0.0, 0.0], "eXS": [0.0, 0.0, 0.0], "lev": [1.0, 1.0, 1.0], "sl": 0.1}, "train": {"n": 88, "months": 6.024328399122807, "eq": 1825.8643930439346, "growth": 0.09993703447743019, "liq": false, "maxdd": 0.09857166587072534, "tpm": 14.607437405439839, "sl_hits": 1, "worst_mae": -0.10001920651152651, "win": 0.9886363636363636, "score": 0.06870185410978834}, "oos": {"n": 14, "months": 0.9209155701754386, "eq": 1119.884352063558, "growth": 0.1229487550828838, "liq": false, "maxdd": 0.0, "tpm": 15.202262241404972, "sl_hits": 0, "worst_mae": -0.030755864465681904, "win": 1.0, "score": 0.1229487550828838}, "elapsed": 1.1993553638458252}