{"job": {"strategy": "v6", "mode": "spot", "method": "volume3", "window": "all", "fold_idx": 20, "n_samples": 350, "seed": 659960}, "status": "ok", "n_feasible": 350, "cand": {"strategy": "v6", "tv": 1, "zL": [-1.8253, -1.3499, -2.065], "zS": [1.6734, 1.5097, 1.5396], "zXS": [2.3255, 2.3733, 2.216], "zXLmax": [-40.2747, -40.4185, -40.3183], "ptScale": [1.2894, 1.5767, 1.3869], "eS3": [0.0, 0.0, 0.0], "eXS": [0.0, 0.0, 0.0], "lev": [1.0, 1.0, 1.0], "sl": 0.08}, "train": {"n": 186, "months": 24.179481907894736, "eq": 2371.5063087103963, "growth": 0.03571314430312309, "liq": false, "maxdd": 0.13849388889675718, "tpm": 7.692472514858557, "sl_hits": 4, "worst_mae": -0.08546913305103632, "win": 0.978494623655914, "score": 0.02044234113943404}, "oos": {"n": 4, "months": 0.9185855263157895, "eq": 1021.827062194869, "growth": 0.023505990210965153, "liq": false, "maxdd": 0.0, "tpm": 4.354521038495971, "sl_hits": 0, "worst_mae": -0.010433094747058225, "win": 1.0, "score": 0.023505990210965153}, "elapsed": 2.5004305839538574}