{"job": {"strategy": "v6", "mode": "spot", "method": "volume3", "window": "all", "fold_idx": 6, "n_samples": 350, "seed": 659960}, "status": "ok", "n_feasible": 350, "cand": {"strategy": "v6", "tv": 0, "zL": [-1.3972, -1.6884, -1.8684], "zS": [1.8962, 1.8657, 2.1212], "zXS": [2.0757, 2.2157, 2.1692], "zXLmax": [-99.0, -99.0, -99.0], "ptScale": [1.7019, 1.7269, 1.6092], "eS3": [0.0, 0.0, 0.0], "eXS": [0.0, 0.0, 0.0], "lev": [1.0, 1.0, 1.0], "sl": 0.08}, "train": {"n": 115, "months": 11.518571820175438, "eq": 2404.1276528207595, "growth": 0.07615415601279475, "liq": false, "maxdd": 0.0, "tpm": 9.983876629442108, "sl_hits": 0, "worst_mae": -0.07450178170779986, "win": 1.0, "score": 0.05385842689807234}, "oos": {"n": 12, "months": 0.9139939692982456, "eq": 993.9622301952495, "growth": -0.006625941792205285, "liq": false, "maxdd": 0.08133380184728371, "tpm": 13.129189472894954, "sl_hits": 1, "worst_mae": -0.08135398737808375, "win": 0.9166666666666666, "score": -0.006625941792205285}, "elapsed": 1.528188705444336}