{"job": {"strategy": "v6", "mode": "spot", "method": "volume3", "window": "all", "fold_idx": 17, "n_samples": 350, "seed": 659960}, "status": "ok", "n_feasible": 350, "cand": {"strategy": "v6", "tv": 0, "zL": [-1.7869, -1.7997, -2.018], "zS": [1.6436, 1.6593, 1.7852], "zXS": [2.025, 1.9834, 2.216], "zXLmax": [-99.0, -99.0, -99.0], "ptScale": [1.6167, 1.548, 1.2811], "eS3": [0.0, 0.0, 0.0], "eXS": [0.0, 0.0, 0.0], "lev": [1.0, 1.0, 1.0], "sl": 0.1}, "train": {"n": 150, "months": 21.41673519736842, "eq": 2467.633450122747, "growth": 0.04217540935482238, "liq": false, "maxdd": 0.10209857758967099, "tpm": 7.003868639064615, "sl_hits": 1, "worst_mae": -0.11090275917492642, "win": 0.9933333333333333, "score": 0.0290284962358326}, "oos": {"n": 3, "months": 0.920984100877193, "eq": 1021.513168756296, "growth": 0.02311117722807884, "liq": false, "maxdd": 0.0, "tpm": 3.2573852221147406, "sl_hits": 0, "worst_mae": -0.03887812108083455, "win": 1.0, "score": 0.02311117722807884}, "elapsed": 2.4041171073913574}