{"job": {"strategy": "v6", "mode": "spot", "method": "volume3", "window": "all", "fold_idx": 2, "n_samples": 350, "seed": 659960}, "status": "ok", "n_feasible": 350, "cand": {"strategy": "v6", "tv": 0, "zL": [-1.1764, -1.2766, -1.3624], "zS": [1.8731, 1.8046, 1.8416], "zXS": [1.5746, 1.5567, 1.9386], "zXLmax": [-99.0, -99.0, -99.0], "ptScale": [1.5755, 2.0882, 1.8063], "eS3": [0.0, 0.0, 0.0], "eXS": [0.0, 0.0, 0.0], "lev": [1.0, 1.0, 1.0], "sl": 0.1}, "train": {"n": 107, "months": 7.8671875, "eq": 2371.7553373885153, "growth": 0.1097762484610025, "liq": false, "maxdd": 0.0, "tpm": 13.600794438927508, "sl_hits": 0, "worst_mae": -0.08164533243920236, "win": 1.0, "score": 0.07323579008760835}, "oos": {"n": 8, "months": 0.9100877192982456, "eq": 1070.870354129161, "growth": 0.07523641013180667, "liq": false, "maxdd": 0.0, "tpm": 8.790361445783132, "sl_hits": 0, "worst_mae": -0.026105263157894742, "win": 1.0, "score": 0.07523641013180667}, "elapsed": 1.4260330200195312}