{"job": {"strategy": "v6", "mode": "spot", "method": "volume3", "window": "all", "fold_idx": 19, "n_samples": 350, "seed": 659960}, "status": "ok", "n_feasible": 350, "cand": {"strategy": "v6", "tv": 0, "zL": [-1.4758, -1.3225, -1.9997], "zS": [1.3805, 1.5533, 1.3946], "zXS": [1.7831, 1.8267, 1.9704], "zXLmax": [-39.918, -39.8284, -39.9132], "ptScale": [1.4935, 1.3794, 1.3036], "eS3": [0.0, 0.0, 0.0], "eXS": [0.0, 0.0, 0.0], "lev": [1.0, 1.0, 1.0], "sl": 0.1}, "train": {"n": 207, "months": 23.25870339912281, "eq": 3338.6053725648244, "growth": 0.051832346196486245, "liq": false, "maxdd": 0.1039745776304533, "tpm": 8.899894222298174, "sl_hits": 1, "worst_mae": -0.11275662959794697, "win": 0.9951690821256038, "score": 0.03904268635709239}, "oos": {"n": 11, "months": 0.9207785087719298, "eq": 962.5423607167935, "growth": -0.041461874153911955, "liq": false, "maxdd": 0.09214777131782946, "tpm": 11.946412622804406, "sl_hits": 1, "worst_mae": -0.10320705983641842, "win": 0.9090909090909091, "score": -0.041461874153911955}, "elapsed": 2.497528553009033}