{"job": {"strategy": "v6", "mode": "spot", "method": "volume3", "window": "all", "fold_idx": 3, "n_samples": 350, "seed": 659960}, "status": "ok", "n_feasible": 350, "cand": {"strategy": "v6", "tv": 0, "zL": [-1.1681, -1.0666, -1.2634], "zS": [2.1901, 1.8324, 2.0914], "zXS": [2.5948, 1.9438, 2.2045], "zXLmax": [-99.0, -99.0, -99.0], "ptScale": [1.8185, 1.9825, 1.7229], "eS3": [0.0, 0.0, 0.0], "eXS": [0.0, 0.0, 0.0], "lev": [1.0, 1.0, 1.0], "sl": 0.08}, "train": {"n": 134, "months": 8.777275219298247, "eq": 2135.4966271896515, "growth": 0.086439038647124, "liq": false, "maxdd": 0.12635792611560684, "tpm": 15.266696856603005, "sl_hits": 4, "worst_mae": -0.08497785379116785, "win": 0.9701492537313433, "score": 0.050941449787445255}, "oos": {"n": 16, "months": 0.9172149122807017, "eq": 954.0100086422933, "growth": -0.051330517765473725, "liq": false, "maxdd": 0.13322221691880454, "tpm": 17.444112372982666, "sl_hits": 2, "worst_mae": -0.08180393912264994, "win": 0.875, "score": -0.051330517765473725}, "elapsed": 1.478492021560669}