{"job": {"strategy": "v6", "mode": "spot", "method": "volume3", "window": "all", "fold_idx": 9, "n_samples": 350, "seed": 659960}, "status": "ok", "n_feasible": 350, "cand": {"strategy": "v6", "tv": 0, "zL": [-1.5278, -1.1192, -1.8068], "zS": [1.5372, 1.8478, 1.4363], "zXS": [1.7429, 1.6442, 1.5737], "zXLmax": [-99.0, -99.0, -99.0], "ptScale": [1.806, 1.8173, 1.885], "eS3": [0.0, 0.0, 0.0], "eXS": [0.0, 0.0, 0.0], "lev": [1.0, 1.0, 1.0], "sl": 0.1}, "train": {"n": 162, "months": 14.267269736842106, "eq": 2503.3346891352394, "growth": 0.06431670078661618, "liq": false, "maxdd": 0.17923037647806864, "tpm": 11.354660210963168, "sl_hits": 4, "worst_mae": -0.1028263824935316, "win": 0.9753086419753086, "score": 0.03767056059225111}, "oos": {"n": 7, "months": 0.91796875, "eq": 939.1258415860292, "growth": -0.0684182246451811, "liq": false, "maxdd": 0.0, "tpm": 7.625531914893617, "sl_hits": 1, "worst_mae": -0.10070445084854307, "win": 0.8571428571428571, "score": -0.0684182246451811}, "elapsed": 1.6998870372772217}