{"job": {"strategy": "v6", "mode": "spot", "method": "volume3", "window": "all", "fold_idx": 15, "n_samples": 350, "seed": 659960}, "status": "ok", "n_feasible": 350, "cand": {"strategy": "v6", "tv": 1, "zL": [-1.6025, -1.8642, -2.1034], "zS": [1.603, 1.6051, 1.7019], "zXS": [2.2711, 2.0286, 2.015], "zXLmax": [-99.0, -99.0, -99.0], "ptScale": [1.4911, 1.2474, 1.3842], "eS3": [0.0, 0.0, 0.0], "eXS": [0.0, 0.0, 0.0], "lev": [1.0, 1.0, 1.0], "sl": 0.08}, "train": {"n": 150, "months": 19.574629934210527, "eq": 2404.897226807359, "growth": 0.04482879995472036, "liq": false, "maxdd": 0.10209857758967066, "tpm": 7.662980117843526, "sl_hits": 1, "worst_mae": -0.11090275917492642, "win": 0.9933333333333333, "score": 0.030896617395631033}, "oos": {"n": 4, "months": 0.9210526315789473, "eq": 1024.2248249426295, "growth": 0.025987720251680144, "liq": false, "maxdd": 0.0, "tpm": 4.3428571428571425, "sl_hits": 0, "worst_mae": -0.047367135997395726, "win": 1.0, "score": 0.025987720251680144}, "elapsed": 2.3002145290374756}