{"job": {"strategy": "v6", "mode": "spot", "method": "volume3", "window": "all", "fold_idx": 14, "n_samples": 350, "seed": 659960}, "status": "ok", "n_feasible": 350, "cand": {"strategy": "v6", "tv": 0, "zL": [-1.4695, -1.6122, -1.975], "zS": [1.8804, 1.6886, 1.8246], "zXS": [2.3394, 2.2296, 1.9465], "zXLmax": [-99.0, -99.0, -99.0], "ptScale": [1.4235, 1.3901, 1.4169], "eS3": [0.0, 0.0, 0.0], "eXS": [0.0, 0.0, 0.0], "lev": [1.0, 1.0, 1.0], "sl": 0.1}, "train": {"n": 172, "months": 18.653645833333336, "eq": 2464.750950984159, "growth": 0.048360024435269384, "liq": false, "maxdd": 0.10209857758967081, "tpm": 9.220717576434454, "sl_hits": 2, "worst_mae": -0.11090275917492642, "win": 0.9883720930232558, "score": 0.030288102596609214}, "oos": {"n": 6, "months": 0.920984100877193, "eq": 1040.3745418298863, "growth": 0.042976621048001054, "liq": false, "maxdd": 0.0, "tpm": 6.514770444229481, "sl_hits": 0, "worst_mae": -0.057170542635658905, "win": 1.0, "score": 0.042976621048001054}, "elapsed": 2.2354586124420166}