{"job": {"strategy": "v6", "mode": "spot", "method": "volume3", "window": "all", "fold_idx": 12, "n_samples": 350, "seed": 659960}, "status": "ok", "n_feasible": 350, "cand": {"strategy": "v6", "tv": 0, "zL": [-1.5986, -1.1491, -1.4798], "zS": [1.8205, 1.6153, 1.9569], "zXS": [2.0867, 1.8554, 1.9034], "zXLmax": [-99.0, -99.0, -99.0], "ptScale": [1.8812, 1.7935, 2.0632], "eS3": [0.0, 0.0, 0.0], "eXS": [0.0, 0.0, 0.0], "lev": [1.0, 1.0, 1.0], "sl": 0.08}, "train": {"n": 202, "months": 16.945655153508774, "eq": 2831.2870542812375, "growth": 0.0614158253747376, "liq": false, "maxdd": 0.1559573764814337, "tpm": 11.920459738505524, "sl_hits": 8, "worst_mae": -0.08497785379116785, "win": 0.9603960396039604, "score": 0.03469714243995505}, "oos": {"n": 7, "months": 0.7870065789473684, "eq": 738.2108383300691, "growth": -0.38567124406351905, "liq": false, "maxdd": 0.2673397989228901, "tpm": 8.894461859979103, "sl_hits": 4, "worst_mae": -0.08817769532055242, "win": 0.42857142857142855, "score": -0.38567124406351905}, "elapsed": 1.8172607421875}