{"job": {"strategy": "v6", "mode": "spot", "method": "volume3", "window": "all", "fold_idx": 16, "n_samples": 350, "seed": 659960}, "status": "ok", "n_feasible": 350, "cand": {"strategy": "v6", "tv": 0, "zL": [-1.5662, -1.6225, -1.8154], "zS": [1.5478, 1.7506, 1.6826], "zXS": [2.2037, 2.4984, 2.1578], "zXLmax": [-99.0, -99.0, -99.0], "ptScale": [1.7582, 1.5442, 1.4611], "eS3": [0.0, 0.0, 0.0], "eXS": [0.0, 0.0, 0.0], "lev": [1.0, 1.0, 1.0], "sl": 0.08}, "train": {"n": 184, "months": 20.495682565789473, "eq": 3070.119823240693, "growth": 0.05472940886981359, "liq": false, "maxdd": 0.10209857758967081, "tpm": 8.9775004764723, "sl_hits": 2, "worst_mae": -0.11090275917492642, "win": 0.9891304347826086, "score": 0.03976244597550295}, "oos": {"n": 5, "months": 0.9210526315789473, "eq": 1035.9805709645714, "growth": 0.03837825174619624, "liq": false, "maxdd": 0.0, "tpm": 5.428571428571429, "sl_hits": 0, "worst_mae": -0.009053313959986653, "win": 1.0, "score": 0.03837825174619624}, "elapsed": 2.3121755123138428}