{"job": {"strategy": "v6", "mode": "spot", "method": "volume3", "window": "all", "fold_idx": 5, "n_samples": 350, "seed": 659960}, "status": "ok", "n_feasible": 350, "cand": {"strategy": "v6", "tv": 0, "zL": [-1.3059, -1.285, -1.796], "zS": [1.5502, 1.6392, 1.5752], "zXS": [2.0536, 1.8915, 1.9714], "zXLmax": [-20.5418, -20.3612, -20.5126], "ptScale": [1.7181, 1.7133, 1.7697], "eS3": [0.0, 0.0, 0.0], "eXS": [0.0, 0.0, 0.0], "lev": [1.0, 1.0, 1.0], "sl": 0.08}, "train": {"n": 120, "months": 10.610128837719298, "eq": 2393.9234235711333, "growth": 0.08227361167458187, "liq": false, "maxdd": 0.08406094182825469, "tpm": 11.309947488422264, "sl_hits": 1, "worst_mae": -0.08330395366406451, "win": 0.9916666666666667, "score": 0.05642673563745962}, "oos": {"n": 6, "months": 0.9084429824561403, "eq": 1047.7313461875997, "growth": 0.05132650576717027, "liq": false, "maxdd": 0.0, "tpm": 6.604707302353652, "sl_hits": 0, "worst_mae": -0.07450178170779986, "win": 1.0, "score": 0.05132650576717027}, "elapsed": 1.4643912315368652}