{"job": {"strategy": "v6", "mode": "spot", "method": "volume3", "window": "all", "fold_idx": 18, "n_samples": 350, "seed": 659960}, "status": "ok", "n_feasible": 350, "cand": {"strategy": "v6", "tv": 0, "zL": [-1.6945, -1.5684, -2.0054], "zS": [1.5444, 1.3686, 1.4881], "zXS": [1.5259, 1.6709, 1.7212], "zXLmax": [-40.292, -40.113, -40.1781], "ptScale": [1.5372, 1.3024, 1.589], "eS3": [0.0, 0.0, 0.0], "eXS": [0.0, 0.0, 0.0], "lev": [1.0, 1.0, 1.0], "sl": 0.08}, "train": {"n": 171, "months": 22.337719298245617, "eq": 2668.3848797595156, "growth": 0.04393794023131251, "liq": false, "maxdd": 0.14781144192859003, "tpm": 7.655213037502453, "sl_hits": 2, "worst_mae": -0.11090275917492642, "win": 0.9883040935672515, "score": 0.031452861894012384}, "oos": {"n": 6, "months": 0.920984100877193, "eq": 950.5411300478972, "growth": -0.05507570209847372, "liq": false, "maxdd": 0.08444042576905919, "tpm": 6.514770444229481, "sl_hits": 1, "worst_mae": -0.08546913305103632, "win": 0.8333333333333334, "score": -0.05507570209847372}, "elapsed": 2.458205461502075}