{"job": {"strategy": "v6", "mode": "spot", "method": "volume3", "window": "all", "fold_idx": 10, "n_samples": 350, "seed": 659960}, "status": "ok", "n_feasible": 350, "cand": {"strategy": "v6", "tv": 0, "zL": [-1.3955, -1.3047, -1.5762], "zS": [1.5996, 2.1161, 2.0494], "zXS": [1.714, 1.7685, 1.8727], "zXLmax": [-99.0, -99.0, -99.0], "ptScale": [1.9643, 1.9917, 1.8254], "eS3": [0.0, 0.0, 0.0], "eXS": [0.0, 0.0, 0.0], "lev": [1.0, 1.0, 1.0], "sl": 0.08}, "train": {"n": 165, "months": 15.185238486842106, "eq": 2288.0147484337235, "growth": 0.05450586240102312, "liq": false, "maxdd": 0.1034481137281715, "tpm": 10.8658155183385, "sl_hits": 7, "worst_mae": -0.08497785379116785, "win": 0.9575757575757575, "score": 0.03284822544402087}, "oos": {"n": 7, "months": 0.8395696271929824, "eq": 1057.143893181507, "growth": 0.06618966359786846, "liq": false, "maxdd": 0.0, "tpm": 8.33760509346176, "sl_hits": 0, "worst_mae": -0.06798752076496095, "win": 1.0, "score": 0.06618966359786846}, "elapsed": 1.7454214096069336}