{"job": {"strategy": "v6", "mode": "spot", "method": "volume3", "window": "all", "fold_idx": 11, "n_samples": 350, "seed": 659960}, "status": "ok", "n_feasible": 350, "cand": {"strategy": "v6", "tv": 0, "zL": [-1.5247, -1.2675, -1.69], "zS": [2.2295, 2.155, 2.1505], "zXS": [1.917, 2.061, 1.7007], "zXLmax": [-40.3633, -40.1207, -40.3502], "ptScale": [1.6046, 1.4596, 1.628], "eS3": [0.0, 0.0, 0.0], "eXS": [0.0, 0.0, 0.0], "lev": [1.0, 1.0, 1.0], "sl": 0.08}, "train": {"n": 169, "months": 16.02480811403509, "eq": 2584.957567945473, "growth": 0.05926492762634667, "liq": false, "maxdd": 0.0811694664800124, "tpm": 10.546148122172138, "sl_hits": 3, "worst_mae": -0.08268961584322665, "win": 0.9822485207100592, "score": 0.041215290833650275}, "oos": {"n": 13, "months": 0.9208470394736842, "eq": 994.8032126882878, "growth": -0.005658200931490409, "liq": false, "maxdd": 0.08794535439430987, "tpm": 14.11743692788569, "sl_hits": 1, "worst_mae": -0.08751542344363428, "win": 0.9230769230769231, "score": -0.005658200931490409}, "elapsed": 1.7924261093139648}