{"job": {"strategy": "v6", "mode": "spot", "method": "volume3", "window": "all", "fold_idx": 7, "n_samples": 350, "seed": 659960}, "status": "ok", "n_feasible": 350, "cand": {"strategy": "v6", "tv": 1, "zL": [-1.2857, -0.959, -1.3426], "zS": [1.9607, 2.1023, 2.2627], "zXS": [1.928, 2.2973, 2.0855], "zXLmax": [-99.0, -99.0, -99.0], "ptScale": [2.057, 2.3497, 2.1138], "eS3": [0.0, 0.0, 0.0], "eXS": [0.0, 0.0, 0.0], "lev": [1.0, 1.0, 1.0], "sl": 0.08}, "train": {"n": 190, "months": 12.432565789473685, "eq": 3393.985553141851, "growth": 0.09829064498094692, "liq": false, "maxdd": 0.12058221143850942, "tpm": 15.282444767826432, "sl_hits": 7, "worst_mae": -0.08497785379116785, "win": 0.9631578947368421, "score": 0.06730832569505109}, "oos": {"n": 10, "months": 0.915296052631579, "eq": 1006.1055654517781, "growth": 0.006650309472464584, "liq": false, "maxdd": 0.07736537984880387, "tpm": 10.925426774483379, "sl_hits": 1, "worst_mae": -0.08079806679472079, "win": 0.9, "score": 0.006650309472464584}, "elapsed": 1.5738396644592285}