{
 "cand": {
  "strategy": "v7",
  "mode": "lev",
  "regs": [
   {
    "apt1Long": 0.016241266561505548,
    "apt1Short": 0.001,
    "apt2Long": 0.015,
    "apt2Short": 0.01210333454236503,
    "bbValLong": 0.014525133616462654,
    "bbValShort": 0.6,
    "cdPctLong": 0.011551999699466367,
    "cdPctShort": 0.011812670653868696,
    "cdPeriodLong": 140.1308488015197,
    "cdPeriodShort": 90.33028539407997,
    "dur1Long": 90.0,
    "dur1Short": 26.201099368428867,
    "dur2Long": 229.58363557200101,
    "dur2Short": 42.01415299419082,
    "leverage": 1.66070735976816,
    "ptLong": 0.019519853656627287,
    "ptShort": 0.012882202063732414,
    "rsiValLong": 57.464931306116725,
    "rsiValShort": 56.76247933070508,
    "slLong": 0.10989500815286223,
    "slShort": 0.05623164690195666,
    "xApt1Long": 0.0026678529678103176,
    "xApt1Short": 0.0055968315922254935,
    "xApt2Long": 0.01,
    "xApt2Short": 0.0028854449050946295,
    "xCdPctShort": 0.004059648811009477,
    "xCdPeriodShort": 112.71561081164602,
    "xDur1Long": 67.61984069609508,
    "xDur1Short": 10.0,
    "xDur2Long": 640.8653122113194,
    "xDur2Short": 587.4775237490984,
    "xMinBetween": 5.507549239367663,
    "xTpLong": 0.0053696665953929116,
    "xTpShort": 0.011414414068222512,
    "zL": -0.8,
    "zS": 1.0307387183864305,
    "zXLmax": -0.38998965866632834,
    "zXS": 1.532449116381506,
    "trendBlockZ": 2.0,
    "vBB": 1.0,
    "vEmaDn": 3.0,
    "vEmaUp": 2.0,
    "vHistN": 0.0,
    "vMacd": 0.0,
    "vRsi": 5.0,
    "vX": 3.0,
    "eL3": 1.0,
    "eS3": 1.0,
    "eXL": 0.0,
    "eXS": 0.0,
    "requireHistPos": 1.0
   },
   {
    "apt1Long": 0.001,
    "apt1Short": 0.02,
    "apt2Long": 0.012434767243310744,
    "apt2Short": 0.0,
    "bbValLong": -0.3050080328784068,
    "bbValShort": 1.0061381369423714,
    "cdPctLong": 0.012,
    "cdPctShort": 0.009756183765061995,
    "cdPeriodLong": 99.81995362230052,
    "cdPeriodShort": 112.64248391142056,
    "dur1Long": 16.233890837621164,
    "dur1Short": 40.84269249407668,
    "dur2Long": 94.77659204805997,
    "dur2Short": 48.80095387020905,
    "leverage": 1.4755473312011511,
    "ptLong": 0.016022957338399507,
    "ptShort": 0.019317578034663222,
    "rsiValLong": 59.82915894291915,
    "rsiValShort": 58.20053367990792,
    "slLong": 0.08622021290102076,
    "slShort": 0.11982886403222874,
    "xApt1Long": 0.015,
    "xApt1Short": 0.01182169318732671,
    "xApt2Long": 0.009865645670100289,
    "xApt2Short": 0.009157303046215346,
    "xCdPctShort": 0.005155420723127833,
    "xCdPeriodShort": 83.71791220175736,
    "xDur1Long": 196.98761088930675,
    "xDur1Short": 146.31568792102362,
    "xDur2Long": 720.0,
    "xDur2Short": 575.682753705397,
    "xMinBetween": 25.643538147502102,
    "xTpLong": 0.01780464235992864,
    "xTpShort": 0.015250568465507328,
    "zL": -2.432014155426818,
    "zS": 2.2744805772772296,
    "zXLmax": 0.14057320935125384,
    "zXS": 1.1797043045283508,
    "trendBlockZ": 99.0,
    "vBB": 3.0,
    "vEmaDn": 1.0,
    "vEmaUp": 2.0,
    "vHistN": 3.0,
    "vMacd": 3.0,
    "vRsi": 4.0,
    "vX": 0.0,
    "eL3": 0.0,
    "eS3": 1.0,
    "eXL": 1.0,
    "eXS": 1.0,
    "requireHistPos": 1.0
   },
   {
    "apt1Long": 0.015367417095953873,
    "apt1Short": 0.008911822851271445,
    "apt2Long": 0.0,
    "apt2Short": 0.00413534373604621,
    "bbValLong": 0.16378246885584435,
    "bbValShort": 0.6419487126240382,
    "cdPctLong": 0.004691230668415464,
    "cdPctShort": 0.0022403074421915507,
    "cdPeriodLong": 152.48044939638356,
    "cdPeriodShort": 206.1011105315413,
    "dur1Long": 33.86188779043736,
    "dur1Short": 46.65330742957228,
    "dur2Long": 275.06803628457067,
    "dur2Short": 10.0,
    "leverage": 1.6082783418242883,
    "ptLong": 0.014911582968818353,
    "ptShort": 0.017787631025314724,
    "rsiValLong": 32.12635398191457,
    "rsiValShort": 72.56235423634688,
    "slLong": 0.03467518102982411,
    "slShort": 0.04153008755540678,
    "xApt1Long": 0.0028995970399413934,
    "xApt1Short": 0.0007229553589334332,
    "xApt2Long": 0.00938572918815021,
    "xApt2Short": 0.006945397563483003,
    "xCdPctShort": 0.004339163993782089,
    "xCdPeriodShort": 3.0,
    "xDur1Long": 222.53268977276946,
    "xDur1Short": 77.79178475508017,
    "xDur2Long": 341.53990912697,
    "xDur2Short": 46.251017480036,
    "xMinBetween": 3.767826097969147,
    "xTpLong": 0.015345818507768744,
    "xTpShort": 0.02,
    "zL": -1.4124917671788682,
    "zS": 2.66506044887381,
    "zXLmax": 0.46987886804410445,
    "zXS": 1.3339427978630272,
    "trendBlockZ": 1.5,
    "vBB": 1.0,
    "vEmaDn": 0.0,
    "vEmaUp": 4.0,
    "vHistN": 0.0,
    "vMacd": 3.0,
    "vRsi": 1.0,
    "vX": 1.0,
    "eL3": 1.0,
    "eS3": 1.0,
    "eXL": 1.0,
    "eXS": 1.0,
    "requireHistPos": 1.0
   }
  ]
 },
 "metrics": {
  "n": 249,
  "months": 14.81640625,
  "eq": 178445.18397701875,
  "growth": 0.34990141158497157,
  "liq": false,
  "maxdd": 0.5820183470600285,
  "tpm": 16.805694700764565,
  "sl_hits": 0,
  "worst_mae": -0.3541418869661972,
  "win": 0.9959839357429718,
  "max_hold_days": 209.525,
  "score": 1.1256620726961273
 },
 "strategy": "v7",
 "mode": "lev",
 "method": "vol3",
 "algo": "genetic",
 "per_regime": true,
 "train_end": "2025-09-01",
 "holdout_days": null,
 "max_dd": null,
 "max_hold_days": null,
 "evaluated": 100800,
 "generated": "2026-07-08 10:52",
 "holdout": {
  "n": 49,
  "months": 9.656661184210527,
  "eq": 2494.3458508938174,
  "growth": 0.09465243663216265,
  "liq": false,
  "maxdd": 0.31777582124883347,
  "tpm": 5.0742175856929945,
  "sl_hits": 0,
  "worst_mae": -0.1925605258938592,
  "win": 0.9795918367346939,
  "max_hold_days": 151.67916666666667,
  "score": 0.15271362777488193
 },
 "holdout_scan": {
  "scanned": 10,
  "pool": 300,
  "survivors": 10
 },
 "holdout_survivors": [
  {
   "rank": 9,
   "train_score": 1.0838918877999348,
   "holdout": {
    "n": 70,
    "months": 9.656661184210527,
    "eq": 3012.042833909392,
    "growth": 0.1141821702023532,
    "liq": false,
    "maxdd": 0.31777582124883336,
    "tpm": 7.248882265275707,
    "sl_hits": 0,
    "worst_mae": -0.1925605258938592,
    "win": 1.0,
    "max_hold_days": 151.67916666666667,
    "score": 0.18218128360608993
   }
  },
  {
   "rank": 4,
   "train_score": 1.1004655505253942,
   "holdout": {
    "n": 70,
    "months": 9.656661184210527,
    "eq": 2913.2948142068394,
    "growth": 0.11073026782716235,
    "liq": false,
    "maxdd": 0.3177758212488334,
    "tpm": 7.248882265275707,
    "sl_hits": 0,
    "worst_mae": -0.1925605258938592,
    "win": 1.0,
    "max_hold_days": 151.8,
    "score": 0.18566976547389977
   }
  },
  {
   "rank": 7,
   "train_score": 1.0869579615234444,
   "holdout": {
    "n": 64,
    "months": 9.656661184210527,
    "eq": 2769.060621526603,
    "growth": 0.10547207957816376,
    "liq": false,
    "maxdd": 0.31749177052218003,
    "tpm": 6.627549499680646,
    "sl_hits": 0,
    "worst_mae": -0.1925605258938592,
    "win": 1.0,
    "max_hold_days": 151.8,
    "score": 0.17281291669554438
   }
  },
  {
   "rank": 10,
   "train_score": 1.0810250852624494,
   "holdout": {
    "n": 58,
    "months": 9.656661184210527,
    "eq": 2693.7279380735017,
    "growth": 0.10261580746089674,
    "liq": false,
    "maxdd": 0.2417340832230529,
    "tpm": 6.006216734085585,
    "sl_hits": 0,
    "worst_mae": -0.15029622700343004,
    "win": 0.9827586206896551,
    "max_hold_days": 163.8875,
    "score": 0.16293876473554728
   }
  },
  {
   "rank": 3,
   "train_score": 1.1024449542080146,
   "holdout": {
    "n": 56,
    "months": 9.656661184210527,
    "eq": 2608.673220152526,
    "growth": 0.09929329910448106,
    "liq": false,
    "maxdd": 0.3177758212488333,
    "tpm": 5.799105812220565,
    "sl_hits": 0,
    "worst_mae": -0.1925605258938592,
    "win": 0.9821428571428571,
    "max_hold_days": 151.8,
    "score": 0.1560087453908248
   }
  },
  {
   "rank": 8,
   "train_score": 1.0861959462562272,
   "holdout": {
    "n": 62,