{
 "cand": {
  "strategy": "scalpx",
  "tpL": [
   0.0063
  ],
  "tpS": [
   0.0109
  ],
  "rsiOB": [
   74.0
  ],
  "rsiOS": [
   34.4806
  ],
  "useCvd": [
   1.0
  ],
  "useEma": [
   1.0
  ],
  "eL": [
   1.0
  ],
  "eS": [
   0.0
  ],
  "lev": [
   1.0
  ],
  "sl": 0.08,
  "slOn": 1.0
 },
 "metrics": {
  "n": 57,
  "months": 24.6101288377193,
  "eq": 1037.841392858912,
  "growth": 0.0015092555020513698,
  "liq": false,
  "maxdd": 0.12842269341299214,
  "tpm": 2.316119528502329,
  "sl_hits": 3,
  "worst_mae": -0.09758037785880014,
  "win": 0.9473684210526315,
  "score": -0.005801479937310237
 },
 "strategy": "scalpx",
 "mode": "spot",
 "method": "none",
 "evaluated": 12400,
 "generated": "2026-07-06 11:55"
}