{"job": {"strategy": "v6", "mode": "lev", "method": "none", "window": 42, "fold_idx": 12, "n_samples": 350, "seed": 797107}, "status": "ok", "n_feasible": 108, "cand": {"strategy": "v6", "tv": 0, "zL": [-2.1251], "zS": [2.5246], "zXS": [1.9827], "zXLmax": [-20.0152], "ptScale": [1.6216], "eS3": [1.0], "eXS": [1.0], "lev": [9.803], "sl": 0.0}, "train": {"n": 14, "months": 1.3810992324561404, "eq": 2217.8175953108707, "growth": 0.5767316558180138, "liq": false, "maxdd": 0.42825429852267766, "tpm": 10.136853073984021, "sl_hits": 0, "worst_mae": -0.0413315077870956, "win": 1.0, "score": 0.5767316558180138}, "oos": {"n": 8, "months": 0.6717379385964912, "eq": 0.0, "growth": -41.13363192446739, "liq": true, "maxdd": 1.0, "tpm": 11.909406243623751, "sl_hits": 0, "worst_mae": -0.09400958890135672, "win": 0.75, "score": -41.13363192446739}, "elapsed": 0.5080993175506592}