{"job": {"strategy": "v6", "mode": "lev", "method": "none", "window": 42, "fold_idx": 7, "n_samples": 350, "seed": 797107}, "status": "ok", "n_feasible": 183, "cand": {"strategy": "v6", "tv": 0, "zL": [-1.2358], "zS": [1.6266], "zXS": [2.1071], "zXLmax": [-99.0], "ptScale": [1.6033], "eS3": [1.0], "eXS": [1.0], "lev": [8.4523], "sl": 0.0}, "train": {"n": 22, "months": 1.3672560307017543, "eq": 3022.468890544254, "growth": 0.8089735835812973, "liq": false, "maxdd": 0.7434031141541463, "tpm": 16.0906220239587, "sl_hits": 0, "worst_mae": -0.09504881450488134, "win": 1.0, "score": 0.8089735835812973}, "oos": {"n": 4, "months": 0.915296052631579, "eq": 0.0, "growth": -30.188069790628134, "liq": true, "maxdd": 1.0, "tpm": 4.370170709793351, "sl_hits": 0, "worst_mae": -0.11031099227429222, "win": 0.75, "score": -30.188069790628134}, "elapsed": 0.5189411640167236}