{"job": {"strategy": "v6", "mode": "lev", "method": "none", "window": 42, "fold_idx": 4, "n_samples": 350, "seed": 797107}, "status": "ok", "n_feasible": 148, "cand": {"strategy": "v6", "tv": 1, "zL": [-2.1436], "zS": [1.0439], "zXS": [2.0571], "zXLmax": [-40.3425], "ptScale": [1.4633], "eS3": [1.0], "eXS": [1.0], "lev": [8.4224], "sl": 0.0}, "train": {"n": 35, "months": 1.3730126096491229, "eq": 5435.619075689162, "growth": 1.2330355945454017, "liq": false, "maxdd": 0.478455003807341, "tpm": 25.49139006738208, "sl_hits": 0, "worst_mae": -0.056884822894675224, "win": 1.0, "score": 1.2330355945454017}, "oos": {"n": 10, "months": 0.9156387061403509, "eq": 0.0, "growth": -30.176772705907442, "liq": true, "maxdd": 1.0000000000000002, "tpm": 10.921338223186886, "sl_hits": 0, "worst_mae": -0.11073100303951369, "win": 0.9, "score": -30.176772705907442}, "elapsed": 0.6393489837646484}