{"job": {"strategy": "v6", "mode": "lev", "method": "none", "window": 42, "fold_idx": 20, "n_samples": 350, "seed": 797107}, "status": "ok", "n_feasible": 161, "cand": {"strategy": "v6", "tv": 0, "zL": [-1.528], "zS": [0.9701], "zXS": [2.001], "zXLmax": [-0.8263], "ptScale": [1.8784], "eS3": [1.0], "eXS": [1.0], "lev": [7.2213], "sl": 0.0}, "train": {"n": 19, "months": 1.3813048245614035, "eq": 3575.132115781952, "growth": 0.9223178752967456, "liq": false, "maxdd": 0.6604742943938257, "tpm": 13.755110140900973, "sl_hits": 0, "worst_mae": -0.0936246098974588, "win": 0.9473684210526315, "score": 0.9223178752967456}, "oos": {"n": 16, "months": 0.9185855263157895, "eq": 2213.9022453030534, "growth": 0.8651961712477528, "liq": false, "maxdd": 0.8916155374873603, "tpm": 17.418084153983884, "sl_hits": 0, "worst_mae": -0.12431633407243159, "win": 1.0, "score": 0.8651961712477528}, "elapsed": 0.5048551559448242}