{"job": {"strategy": "v6", "mode": "lev", "method": "none", "window": 42, "fold_idx": 16, "n_samples": 350, "seed": 797107}, "status": "ok", "n_feasible": 134, "cand": {"strategy": "v6", "tv": 0, "zL": [-1.7145], "zS": [2.4526], "zXS": [2.1983], "zXLmax": [-20.2001], "ptScale": [1.727], "eS3": [1.0], "eXS": [1.0], "lev": [9.0047], "sl": 0.0}, "train": {"n": 19, "months": 1.381578947368421, "eq": 2256.7555071697875, "growth": 0.5891289578880566, "liq": false, "maxdd": 0.4020294185006644, "tpm": 13.752380952380953, "sl_hits": 0, "worst_mae": -0.047367135997395726, "win": 1.0, "score": 0.5891289578880566}, "oos": {"n": 7, "months": 0.9210526315789473, "eq": 1397.8479868952002, "growth": 0.36364252192491825, "liq": false, "maxdd": 0.8661115587609082, "tpm": 7.6000000000000005, "sl_hits": 0, "worst_mae": -0.09907195371821143, "win": 1.0, "score": 0.36364252192491825}, "elapsed": 0.49636292457580566}