{"job": {"strategy": "v6", "mode": "lev", "method": "none", "window": 42, "fold_idx": 17, "n_samples": 350, "seed": 797107}, "status": "ok", "n_feasible": 205, "cand": {"strategy": "v6", "tv": 0, "zL": [-1.4203], "zS": [1.4439], "zXS": [2.4582], "zXLmax": [-99.0], "ptScale": [2.0641], "eS3": [1.0], "eXS": [1.0], "lev": [7.6458], "sl": 0.0}, "train": {"n": 16, "months": 1.381578947368421, "eq": 2867.7486935323054, "growth": 0.7625530894296516, "liq": false, "maxdd": 0.7426915094630522, "tpm": 11.58095238095238, "sl_hits": 0, "worst_mae": -0.09907195371821143, "win": 1.0, "score": 0.3888533001111293}, "oos": {"n": 15, "months": 0.920984100877193, "eq": 2739.072372674318, "growth": 1.0940680865178658, "liq": false, "maxdd": 0.3214631604452508, "tpm": 16.286926110573702, "sl_hits": 0, "worst_mae": -0.03887812108083455, "win": 1.0, "score": 1.0940680865178658}, "elapsed": 0.5238697528839111}