{"job": {"strategy": "v6", "mode": "lev", "method": "none", "window": 42, "fold_idx": 13, "n_samples": 350, "seed": 797107}, "status": "ok", "n_feasible": 104, "cand": {"strategy": "v6", "tv": 0, "zL": [-1.7437], "zS": [0.9206], "zXS": [2.0512], "zXLmax": [-99.0], "ptScale": [2.0468], "eS3": [1.0], "eXS": [1.0], "lev": [7.9844], "sl": 0.0}, "train": {"n": 22, "months": 1.2473958333333333, "eq": 4566.387944120873, "growth": 1.2175144950667456, "liq": false, "maxdd": 0.6386025632909785, "tpm": 17.636743215031316, "sl_hits": 0, "worst_mae": -0.07954545454545436, "win": 0.9545454545454546, "score": 1.2175144950667456}, "oos": {"n": 9, "months": 0.920984100877193, "eq": 0.0, "growth": -30.001626618322, "liq": true, "maxdd": 1.0, "tpm": 9.772155666344222, "sl_hits": 0, "worst_mae": -0.11724422624117029, "win": 0.7777777777777778, "score": -30.001626618322}, "elapsed": 0.6194977760314941}