{"job": {"strategy": "v6", "mode": "lev", "method": "none", "window": 42, "fold_idx": 5, "n_samples": 350, "seed": 797107}, "status": "ok", "n_feasible": 193, "cand": {"strategy": "v6", "tv": 1, "zL": [-1.7016], "zS": [1.1956], "zXS": [1.5337], "zXLmax": [-39.8027], "ptScale": [1.9622], "eS3": [1.0], "eXS": [1.0], "lev": [9.2752], "sl": 0.0}, "train": {"n": 24, "months": 1.3742461622807018, "eq": 5048.560433380005, "growth": 1.178175485871526, "liq": false, "maxdd": 0.6594943790484393, "tpm": 17.464120081783275, "sl_hits": 0, "worst_mae": -0.07082743725329566, "win": 0.9166666666666666, "score": 0.5426915663163673}, "oos": {"n": 18, "months": 0.9084429824561403, "eq": 0.0, "growth": -30.41580115597687, "liq": true, "maxdd": 1.0, "tpm": 19.814121907060954, "sl_hits": 0, "worst_mae": -0.09981438675176815, "win": 0.9444444444444444, "score": -30.41580115597687}, "elapsed": 0.5070850849151611}