{"job": {"strategy": "v6", "mode": "lev", "method": "none", "window": 42, "fold_idx": 11, "n_samples": 350, "seed": 797107}, "status": "ok", "n_feasible": 169, "cand": {"strategy": "v6", "tv": 0, "zL": [-1.187], "zS": [2.2462], "zXS": [2.4049], "zXLmax": [-99.0], "ptScale": [2.0411], "eS3": [1.0], "eXS": [1.0], "lev": [8.9017], "sl": 0.0}, "train": {"n": 25, "months": 1.2973547149122806, "eq": 5703.242611399984, "growth": 1.3419883338542273, "liq": false, "maxdd": 0.618576152572377, "tpm": 19.26998045533781, "sl_hits": 0, "worst_mae": -0.06881755252398492, "win": 1.0, "score": 1.3419883338542273}, "oos": {"n": 3, "months": 0.9208470394736842, "eq": 0.0, "growth": -30.006092142861455, "liq": true, "maxdd": 1.0, "tpm": 3.257870060281313, "sl_hits": 0, "worst_mae": -0.10433809272386174, "win": 0.6666666666666666, "score": -30.006092142861455}, "elapsed": 0.5246677398681641}