{"job": {"strategy": "v6", "mode": "lev", "method": "none", "window": 42, "fold_idx": 14, "n_samples": 350, "seed": 797107}, "status": "ok", "n_feasible": 58, "cand": {"strategy": "v6", "tv": 1, "zL": [-1.7495], "zS": [1.0391], "zXS": [1.9616], "zXLmax": [-40.0411], "ptScale": [1.8045], "eS3": [1.0], "eXS": [1.0], "lev": [5.996], "sl": 0.0}, "train": {"n": 19, "months": 1.2488349780701755, "eq": 2220.5624690492286, "growth": 0.6388037989312313, "liq": false, "maxdd": 0.5950909010106152, "tpm": 15.214179882565988, "sl_hits": 0, "worst_mae": -0.09856698764121608, "win": 0.9473684210526315, "score": 0.3339611328834854}, "oos": {"n": 13, "months": 0.920984100877193, "eq": 0.0, "growth": -30.001626618322, "liq": true, "maxdd": 1.0, "tpm": 14.11533596249721, "sl_hits": 0, "worst_mae": -0.1587778519012675, "win": 0.9230769230769231, "score": -30.001626618322}, "elapsed": 0.5965936183929443}