{"job": {"strategy": "v6", "mode": "lev", "method": "none", "window": 42, "fold_idx": 10, "n_samples": 350, "seed": 797107}, "status": "ok", "n_feasible": 197, "cand": {"strategy": "v6", "tv": 1, "zL": [-2.1729], "zS": [1.2519], "zXS": [2.0881], "zXLmax": [-99.0], "ptScale": [1.4211], "eS3": [1.0], "eXS": [1.0], "lev": [9.7163], "sl": 0.0}, "train": {"n": 36, "months": 1.3779468201754386, "eq": 6918.2629962488345, "growth": 1.4036570190508095, "liq": false, "maxdd": 0.5485561338789594, "tpm": 26.12582682647834, "sl_hits": 0, "worst_mae": -0.059850998560070146, "win": 1.0, "score": 1.4036570190508095}, "oos": {"n": 9, "months": 0.8395696271929824, "eq": 0.0, "growth": -32.910934627673605, "liq": true, "maxdd": 1.0, "tpm": 10.719777977307976, "sl_hits": 0, "worst_mae": -0.09491983573994214, "win": 0.8888888888888888, "score": -32.910934627673605}, "elapsed": 0.5309352874755859}