{"job": {"strategy": "v6", "mode": "lev", "method": "none", "window": 42, "fold_idx": 19, "n_samples": 350, "seed": 797107}, "status": "ok", "n_feasible": 247, "cand": {"strategy": "v6", "tv": 1, "zL": [-1.1441768087038955], "zS": [0.9119674669367112], "zXS": [2.326807269955399], "zXLmax": [-99.0], "ptScale": [2.1446741594231225], "eS3": [1.0], "eXS": [1.0], "lev": [8.137487988337814], "sl": 0.0}, "train": {"n": 20, "months": 1.3814418859649122, "eq": 4155.299445215646, "growth": 1.0310853527940067, "liq": false, "maxdd": 0.5589772295169962, "tpm": 14.477626748685386, "sl_hits": 0, "worst_mae": -0.06744759556103586, "win": 1.0, "score": 1.0310853527940067}, "oos": {"n": 2, "months": 0.9207785087719298, "eq": 0.0, "growth": -30.008325403663992, "liq": true, "maxdd": 1.0, "tpm": 2.172075022328074, "sl_hits": 0, "worst_mae": -0.11488804621685997, "win": 0.5, "score": -30.008325403663992}, "elapsed": 0.5163302421569824}