{"job": {"strategy": "v6", "mode": "lev", "method": "none", "window": 42, "fold_idx": 6, "n_samples": 350, "seed": 797107}, "status": "ok", "n_feasible": 242, "cand": {"strategy": "v6", "tv": 1, "zL": [-1.2137], "zS": [1.4899], "zXS": [1.8999], "zXLmax": [-39.8463], "ptScale": [2.1908], "eS3": [1.0], "eXS": [1.0], "lev": [5.3517], "sl": 0.0}, "train": {"n": 25, "months": 1.368969298245614, "eq": 2901.3018504482084, "growth": 0.7780740967481213, "liq": false, "maxdd": 0.2247055680567351, "tpm": 18.261914297156586, "sl_hits": 0, "worst_mae": -0.04334207459207451, "win": 0.92, "score": 0.7780740967481213}, "oos": {"n": 21, "months": 0.9139939692982456, "eq": 2839.703602588654, "growth": 1.14191090586991, "liq": false, "maxdd": 0.46881780719309823, "tpm": 22.97608157756617, "sl_hits": 0, "worst_mae": -0.08845911769754533, "win": 1.0, "score": 1.14191090586991}, "elapsed": 0.5307443141937256}