{"job": {"strategy": "v6", "mode": "lev", "method": "none", "window": 42, "fold_idx": 18, "n_samples": 350, "seed": 797107}, "status": "ok", "n_feasible": 239, "cand": {"strategy": "v6", "tv": 0, "zL": [-1.2303], "zS": [1.5329], "zXS": [2.0121], "zXLmax": [-99.0], "ptScale": [2.0853], "eS3": [1.0], "eXS": [1.0], "lev": [7.2132], "sl": 0.0}, "train": {"n": 30, "months": 1.3815104166666667, "eq": 5739.484906635013, "growth": 1.264825402475701, "liq": false, "maxdd": 0.3067444415263117, "tpm": 21.715362865221486, "sl_hits": 0, "worst_mae": -0.04016654420769039, "win": 1.0, "score": 0.4979547106143303}, "oos": {"n": 8, "months": 0.920984100877193, "eq": 1559.2062509586258, "growth": 0.48228506644231917, "liq": false, "maxdd": 0.6318200852865811, "tpm": 8.686360592305975, "sl_hits": 0, "worst_mae": -0.08750899064972417, "win": 1.0, "score": 0.48228506644231917}, "elapsed": 0.5313723087310791}