{"job": {"strategy": "v6", "mode": "lev", "method": "none", "window": 42, "fold_idx": 9, "n_samples": 350, "seed": 797107}, "status": "ok", "n_feasible": 224, "cand": {"strategy": "v6", "tv": 1, "zL": [-0.9], "zS": [1.478115396062769], "zXS": [1.1354203504452225], "zXLmax": [-0.549101022013272], "ptScale": [2.4], "eS3": [1.0], "eXS": [1.0], "lev": [6.294575402477975], "sl": 0.0}, "train": {"n": 50, "months": 1.3777412280701755, "eq": 9442.10255692227, "growth": 1.6296084040320757, "liq": false, "maxdd": 0.381888054441714, "tpm": 36.29128531635495, "sl_hits": 0, "worst_mae": -0.06051968712713762, "win": 0.94, "score": 1.6296084040320757}, "oos": {"n": 24, "months": 0.91796875, "eq": 2623.1685204607616, "growth": 1.0505618476032026, "liq": false, "maxdd": 0.6404071588112537, "tpm": 26.14468085106383, "sl_hits": 0, "worst_mae": -0.10189946479168843, "win": 0.9583333333333334, "score": 1.0505618476032026}, "elapsed": 0.5340816974639893}