{"job": {"strategy": "v6", "mode": "lev", "method": "none", "window": 42, "fold_idx": 1, "n_samples": 350, "seed": 797107}, "status": "ok", "n_feasible": 269, "cand": {"strategy": "v6", "tv": 0, "zL": [-1.4903], "zS": [0.9722], "zXS": [2.5682], "zXLmax": [-99.0], "ptScale": [1.6459], "eS3": [1.0], "eXS": [1.0], "lev": [9.0817], "sl": 0.0}, "train": {"n": 27, "months": 0.9268777412280702, "eq": 4943.839998972791, "growth": 1.7242213140720444, "liq": false, "maxdd": 0.6370375548055252, "tpm": 29.130055452865065, "sl_hits": 0, "worst_mae": -0.07013437364542696, "win": 1.0, "score": 1.7242213140720444}, "oos": {"n": 10, "months": 0.9159813596491229, "eq": 0.0, "growth": -30.16548407329263, "liq": true, "maxdd": 1.0, "tpm": 10.917252730809516, "sl_hits": 0, "worst_mae": -0.10211154299305197, "win": 0.9, "score": -30.16548407329263}, "elapsed": 0.6159284114837646}