{"job": {"strategy": "v6", "mode": "lev", "method": "none", "window": 42, "fold_idx": 15, "n_samples": 350, "seed": 797107}, "status": "ok", "n_feasible": 223, "cand": {"strategy": "v6", "tv": 1, "zL": [-1.4041], "zS": [2.2428], "zXS": [2.1285], "zXLmax": [-99.0], "ptScale": [2.1251], "eS3": [1.0], "eXS": [1.0], "lev": [9.0788], "sl": 0.0}, "train": {"n": 22, "months": 1.3815104166666667, "eq": 4163.235694429423, "growth": 1.0324153664632796, "liq": false, "maxdd": 0.5061271660610895, "tpm": 15.924599434495757, "sl_hits": 0, "worst_mae": -0.057170542635658905, "win": 1.0, "score": 1.0324153664632796}, "oos": {"n": 7, "months": 0.9210526315789473, "eq": 1476.124901125474, "growth": 0.4227992305816879, "liq": false, "maxdd": 0.4064665805139524, "tpm": 7.6000000000000005, "sl_hits": 0, "worst_mae": -0.047367135997395726, "win": 1.0, "score": 0.4227992305816879}, "elapsed": 0.5207302570343018}