{"job": {"strategy": "v6", "mode": "lev", "method": "none", "window": 42, "fold_idx": 8, "n_samples": 350, "seed": 797107}, "status": "ok", "n_feasible": 179, "cand": {"strategy": "v6", "tv": 0, "zL": [-1.274233053003536], "zS": [0.906720581256127], "zXS": [1.1800289749040955], "zXLmax": [-99.0], "ptScale": [2.4], "eS3": [1.0], "eXS": [1.0], "lev": [4.189902605305995], "sl": 0.0}, "train": {"n": 35, "months": 1.3704769736842106, "eq": 3478.46895571778, "growth": 0.9096046600279524, "liq": false, "maxdd": 0.66249000290697, "tpm": 25.538553855385537, "sl_hits": 0, "worst_mae": -0.16038061090808786, "win": 0.9714285714285714, "score": 0.9096046600279524}, "oos": {"n": 1, "months": 0.9194078947368421, "eq": 0.0, "growth": -30.053060533961638, "liq": true, "maxdd": NaN, "tpm": 1.0876565295169947, "sl_hits": 0, "worst_mae": -0.2306690322428076, "win": 0.0, "score": -30.053060533961638}, "elapsed": 0.5296974182128906}