{"job": {"strategy": "v6", "mode": "lev", "method": "none", "window": 42, "fold_idx": 3, "n_samples": 350, "seed": 797107}, "status": "ok", "n_feasible": 155, "cand": {"strategy": "v6", "tv": 0, "zL": [-1.2656], "zS": [1.716], "zXS": [1.7592], "zXLmax": [-99.0], "ptScale": [1.3752], "eS3": [1.0], "eXS": [1.0], "lev": [7.4125], "sl": 0.0}, "train": {"n": 25, "months": 1.3655427631578947, "eq": 2593.260414022058, "growth": 0.6978294322594831, "liq": false, "maxdd": 0.708758725630777, "tpm": 18.307738632941884, "sl_hits": 0, "worst_mae": -0.09656968743856886, "win": 1.0, "score": 0.31470949925574354}, "oos": {"n": 10, "months": 0.9172149122807017, "eq": 0.0, "growth": -30.124914832907155, "liq": true, "maxdd": 1.0000000000000002, "tpm": 10.902570233114167, "sl_hits": 0, "worst_mae": -0.12690725126475547, "win": 0.9, "score": -30.124914832907155}, "elapsed": 0.6278402805328369}