{
 "cand": {
  "strategy": "v7",
  "mode": "lev",
  "regs": [
   {
    "zL": -2.423831424150221,
    "leverage": 7.860307034570601,
    "vMacd": 3.0,
    "eXL": 0.0,
    "vEmaDn": 4.0,
    "zXS": 2.088602293012787,
    "apt1Long": 0.0048268737431919565,
    "apt1Short": 0.015530897288947557,
    "vBB": 1.0,
    "bbValLong": -0.02165666476167792,
    "xCdPctShort": 0.0006680673678095404,
    "bbValShort": 1.140997646723301,
    "trendBlockZ": 3.0,
    "dur1Short": 0.6,
    "vEmaUp": 0.0,
    "xDur1Long": 20.30890045421324,
    "dur2Long": 103.64632632073246,
    "zS": 0.8,
    "slLong": 0.12,
    "xDur1Short": 57.57353842494279,
    "ptLong": 0.008987048950903962,
    "cdPeriodLong": 15.71581071167126,
    "xTpShort": 0.0010138388167075406,
    "rsiValShort": 67.2814264073733,
    "cdPctLong": 0.010236827595666577,
    "cdPeriodShort": 99.79744276818298,
    "apt2Long": 0.003960990811058823,
    "slShort": 0.0966069975773933,
    "eL3": 0.0,
    "xMinBetween": 8.737545367446614,
    "ptShort": 0.0058511559995071015,
    "xApt2Short": 0.0,
    "xDur2Long": 183.978871743503,
    "xTpLong": 0.00209409597981427,
    "eXS": 0.0,
    "dur1Long": 19.974612411347987,
    "vX": 2.0,
    "xApt1Short": 0.007094330168568346,
    "vHistN": 0.0,
    "xApt1Long": 0.0026266644359535306,
    "zXLmax": -2.0538362315477636,
    "xApt2Long": 0.007577574794684812,
    "requireHistPos": 1.0,
    "cdPctShort": 0.012,
    "apt2Short": 0.010699519235928039,
    "vRsi": 5.0,
    "dur2Short": 268.46978504015533,
    "eS3": 0.0,
    "rsiValLong": 57.52569457067403,
    "xCdPeriodShort": 33.333297526539326,
    "xDur2Short": 509.31542242898934
   },
   {
    "zL": -1.4091560998657449,
    "leverage": 10.0,
    "vMacd": 0.0,
    "eXL": 0.0,
    "vEmaDn": 1.0,
    "zXS": 1.366469423007909,
    "apt1Long": 0.0066301103938278755,
    "apt1Short": 0.011739790650999482,
    "vBB": 2.0,
    "bbValLong": -0.16778040450699375,
    "xCdPctShort": 0.0013646382995273036,
    "bbValShort": 0.7837627183811618,
    "trendBlockZ": 99.0,
    "dur1Short": 4.108064604896058,
    "vEmaUp": 2.0,
    "xDur1Long": 31.521542941812257,
    "dur2Long": 125.55376575981248,
    "zS": 1.0574631207627023,
    "slLong": 0.12,
    "xDur1Short": 10.0,
    "ptLong": 0.006785385345716801,
    "cdPeriodLong": 171.72639144949156,
    "xTpShort": 0.006995999420328693,
    "rsiValShort": 67.70240348985129,
    "cdPctLong": 0.010184170361305355,
    "cdPeriodShort": 62.795426258432705,
    "apt2Long": 0.006740420436337528,
    "slShort": 0.12,
    "eL3": 1.0,
    "xMinBetween": 18.984013897265186,
    "ptShort": 0.015419446007062807,
    "xApt2Short": 0.008782244608949899,
    "xDur2Long": 504.5650273457453,
    "xTpLong": 0.011687245098359557,
    "eXS": 1.0,
    "dur1Long": 10.939549446898756,
    "vX": 1.0,
    "xApt1Short": 0.014304908822770565,
    "vHistN": 1.0,
    "xApt1Long": 0.008614559522012366,
    "zXLmax": -2.5,
    "xApt2Long": 0.004176789691458926,
    "requireHistPos": 0.0,
    "cdPctShort": 0.002491556377965042,
    "apt2Short": 0.015,
    "vRsi": 3.0,
    "dur2Short": 10.0,
    "eS3": 1.0,
    "rsiValLong": 73.31291208722863,
    "xCdPeriodShort": 62.804937122079195,
    "xDur2Short": 297.75564520317727
   },
   {
    "zL": -1.1994571802778893,
    "leverage": 9.648602649315245,
    "vMacd": 0.0,
    "eXL": 0.0,
    "vEmaDn": 2.0,
    "zXS": 1.9945121211652308,
    "apt1Long": 0.016613056066475222,
    "apt1Short": 0.012263134696014834,
    "vBB": 1.0,
    "bbValLong": 0.09296724208655623,
    "xCdPctShort": 0.0021299517706147267,
    "bbValShort": 0.6793927784346254,
    "trendBlockZ": 3.0,
    "dur1Short": 62.021396683229966,
    "vEmaUp": 3.0,
    "xDur1Long": 189.32085818351524,
    "dur2Long": 274.42104962574916,
    "zS": 1.0224143271493706,
    "slLong": 0.10006381763089041,
    "xDur1Short": 36.35447525591257,
    "ptLong": 0.005614529121566427,
    "cdPeriodLong": 59.593014244031764,
    "xTpShort": 0.015882755911954562,
    "rsiValShort": 63.84441821641589,
    "cdPctLong": 0.002964554781805485,
    "cdPeriodShort": 86.05663516580765,
    "apt2Long": 0.0,
    "slShort": 0.06823217270271016,
    "eL3": 0.0,
    "xMinBetween": 20.20048137540845,
    "ptShort": 0.02319951415960896,
    "xApt2Short": 0.006956091887422257,
    "xDur2Long": 106.61060006697102,
    "xTpLong": 0.008954715907019361,
    "eXS": 1.0,
    "dur1Long": 28.655663204874713,
    "vX": 3.0,
    "xApt1Short": 0.014499157987273213,
    "vHistN": 1.0,
    "xApt1Long": 0.011188590982836746,
    "zXLmax": -2.5,
    "xApt2Long": 0.007403994159641962,
    "requireHistPos": 1.0,
    "cdPctShort": 0.0024651731176154137,
    "apt2Short": 0.015,
    "vRsi": 1,
    "dur2Short": 161.6749162618635,
    "eS3": 1.0,
    "rsiValLong": 43.90935059728408,
    "xCdPeriodShort": 29.759250104777614,
    "xDur2Short": 720.0
   }
  ]
 },
 "metrics": {
  "n": 20,
  "months": 17.000616776315788,
  "eq": 0.0,
  "growth": -1.6252952160195966,
  "liq": true,
  "maxdd": 1.0,
  "tpm": 1.1764279063017742,
  "sl_hits": 0,
  "worst_mae": -0.092,
  "win": 0.95,
  "max_hold_days": 98.54583333333333,
  "in_market": 0.21440059982343906,
  "score": -5.690336621309845
 },
 "strategy": "v7",
 "mode": "lev",
 "method": "vol3",
 "algo": "crossfit",
 "per_regime": true,
 "train_end": null,
 "holdout_days": 30.0,
 "lockbox": "2026-02-01..",
 "max_dd": 0.6,
 "max_hold_days": 10.0,
 "gap_mode": "skip_contaminated",
 "scoring": "underwater",
 "anchor": "defaults",
 "anchor_strength": 0.3,
 "evaluated": 547680,
 "holdout": {
  "n": 5,
  "months": 4.964226973684211,
  "eq": 0.0,
  "growth": -5.56602694888911,
  "liq": true,
  "maxdd": 1.0,
  "tpm": 1.007206162511389,
  "sl_hits": 0,
  "worst_mae": -0.092,
  "win": 0.6,
  "max_hold_days": 134.81041666666667,
  "in_market": 0.9526491620420221,
  "score": -6.042351529910121
 },
 "holdout_scan": {
  "scanned": 600,
  "pool": 600,
  "survivors": 817
 },
 "crossfit": {
  "fold_days": 30.0,
  "lockboxes": [
   [
    "2026-02-01",
    null
   ]
  ],
  "foldA": {
   "feasible": 300,
   "survivors": 480
  },
  "foldB": {
   "feasible": 300,
   "survivors": 337
  },
  "merged": 300,
  "finalists": [
   {
    "origin": "fold A rank #128",
    "cross": {
     "n": 51,
     "months": 10.088336074561402,
     "eq": 69568.24391016438,
     "growth": 0.42051614520042696,
     "liq": false,
     "maxdd": 0.8752728606898107,
     "tpm": 5.055343083642985,
     "sl_hits": 0,
     "worst_mae": -0.09664170089393553,
     "win": 0.9803921568627451,
     "max_hold_days": 1.5604166666666666,
     "in_market": 0.06085905073738698,
     "score": 0.20175226711700522
    },
    "lockboxes": [
     {
      "range": [
       "2026-02-01",
       null
      ],
      "liq": true,
      "growth": -5.56602694888911,
      "maxdd": 1.0
     }
    ]
   },
   {
    "origin": "fold A rank #165",
    "cross": {
     "n": 52,
     "months": 10.088336074561402,
     "eq": 62211.03144715171,
     "growth": 0.409436433119134,
     "liq": false,
     "maxdd": 0.8558179237168445,
     "tpm": 5.154467457832062,
     "sl_hits": 0,
     "worst_mae": -0.09664170089393553,
     "win": 0.9615384615384616,
     "max_hold_days": 1.5604166666666666,
     "in_market": 0.06515905956836879,
     "score": 0.19333128585641957
    },
    "lockboxes": [
     {
      "range": [
       "2026-02-01",
       null
      ],
      "liq": true,
      "growth": -5.56602694888911,
      "maxdd": 1.0
     }
    ]
   },
   {
    "origin": "fold A rank #54",
    "cross": {
     "n": 53,
     "months": 10.088336074561402,
     "eq": 61605.56875190016,
     "growth": 0.40846698978049156,
     "liq": false,
     "maxdd": 0.8555785300662102,
     "tpm": 5.253591832021141,
     "sl_hits": 0,
     "worst_mae": -0.09664170089393553,
     "win": 0.9811320754716981,
     "max_hold_days": 1.5604166666666666,
     "in_market": 0.06599460630803823,
     "score": 0.19449546142457957
    },
    "lockboxes": [
     {
      "range": [
       "2026-02-01",
       null
      ],
      "liq": true,