{"pool": [[-5.690336621309845, {"strategy": "v7", "mode": "lev", "regs": [{"zL": -2.423831424150221, "leverage": 7.860307034570601, "vMacd": 3.0, "eXL": 0.0, "vEmaDn": 4.0, "zXS": 2.088602293012787, "apt1Long": 0.0048268737431919565, "apt1Short": 0.015530897288947557, "vBB": 1.0, "bbValLong": -0.02165666476167792, "xCdPctShort": 0.0006680673678095404, "bbValShort": 1.140997646723301, "trendBlockZ": 3.0, "dur1Short": 0.6, "vEmaUp": 0.0, "xDur1Long": 20.30890045421324, "dur2Long": 103.64632632073246, "zS": 0.8, "slLong": 0.12, "xDur1Short": 57.57353842494279, "ptLong": 0.008987048950903962, "cdPeriodLong": 15.71581071167126, "xTpShort": 0.0010138388167075406, "rsiValShort": 67.2814264073733, "cdPctLong": 0.010236827595666577, "cdPeriodShort": 99.79744276818298, "apt2Long": 0.003960990811058823, "slShort": 0.0966069975773933, "eL3": 0.0, "xMinBetween": 8.737545367446614, "ptShort": 0.0058511559995071015, "xApt2Short": 0.0, "xDur2Long": 183.978871743503, "xTpLong": 0.00209409597981427, "eXS": 0.0, "dur1Long": 19.974612411347987, "vX": 2.0, "xApt1Short": 0.007094330168568346, "vHistN": 0.0, "xApt1Long": 0.0026266644359535306, "zXLmax": -2.0538362315477636, "xApt2Long": 0.007577574794684812, "requireHistPos": 1.0, "cdPctShort": 0.012, "apt2Short": 0.010699519235928039, "vRsi": 5.0, "dur2Short": 268.46978504015533, "eS3": 0.0, "rsiValLong": 57.52569457067403, "xCdPeriodShort": 33.333297526539326, "xDur2Short": 509.31542242898934}, {"zL": -1.4091560998657449, "leverage": 10.0, "vMacd": 0.0, "eXL": 0.0, "vEmaDn": 1.0, "zXS": 1.366469423007909, "apt1Long": 0.0066301103938278755, "apt1Short": 0.011739790650999482, "vBB": 2.0, "bbValLong": -0.16778040450699375, "xCdPctShort": 0.0013646382995273036, "bbValShort": 0.7837627183811618, "trendBlockZ": 99.0, "dur1Short": 4.108064604896058, "vEmaUp": 2.0, "xDur1Long": 31.521542941812257, "dur2Long": 125.55376575981248, "zS": 1.0574631207627023, "slLong": 0.12, "xDur1Short": 10.0, "ptLong": 0.006785385345716801, "cdPeriodLong": 171.72639144949156, "xTpShort": 0.006995999420328693, "rsiValShort": 67.70240348985129, "cdPctLong": 0.010184170361305355, "cdPeriodShort": 62.795426258432705, "apt2Long": 0.006740420436337528, "slShort": 0.12, "eL3": 1.0, "xMinBetween": 18.984013897265186, "ptShort": 0.015419446007062807, "xApt2Short": 0.008782244608949899, "xDur2Long": 504.5650273457453, "xTpLong": 0.011687245098359557, "eXS": 1.0, "dur1Long": 10.939549446898756, "vX": 1.0, "xApt1Short": 0.014304908822770565, "vHistN": 1.0, "xApt1Long": 0.008614559522012366, "zXLmax": -2.5, "xApt2Long": 0.004176789691458926, "requireHistPos": 0.0, "cdPctShort": 0.002491556377965042, "apt2Short": 0.015, "vRsi": 3.0, "dur2Short": 10.0, "eS3": 1.0, "rsiValLong": 73.31291208722863, "xCdPeriodShort": 62.804937122079195, "xDur2Short": 297.75564520317727}, {"zL": -1.1994571802778893, "leverage": 9.648602649315245, "vMacd": 0.0, "eXL": 0.0, "vEmaDn": 2.0, "zXS": 1.9945121211652308, "apt1Long": 0.016613056066475222, "apt1Short": 0.012263134696014834, "vBB": 1.0, "bbValLong": 0.09296724208655623, "xCdPctShort": 0.0021299517706147267, "bbValShort": 0.6793927784346254, "trendBlockZ": 3.0, "dur1Short": 62.021396683229966, "vEmaUp": 3.0, "xDur1Long": 189.32085818351524, "dur2Long": 274.42104962574916, "zS": 1.0224143271493706, "slLong": 0.10006381763089041, "xDur1Short": 36.35447525591257, "ptLong": 0.005614529121566427, "cdPeriodLong": 59.593014244031764, "xTpShort": 0.015882755911954562, "rsiValShort": 63.84441821641589, "cdPctLong": 0.002964554781805485, "cdPeriodShort": 86.05663516580765, "apt2Long": 0.0, "slShort": 0.06823217270271016, "eL3": 0.0, "xMinBetween": 20.20048137540845, "ptShort": 0.02319951415960896, "xApt2Short": 0.006956091887422257, "xDur2Long": 106.61060006697102, "xTpLong": 0.008954715907019361, "eXS": 1.0, "dur1Long": 28.655663204874713, "vX": 3.0, "xApt1Short": 0.014499157987273213, "vHistN": 1.0, "xApt1Long": 0.011188590982836746, "zXLmax": -2.5, "xApt2Long": 0.007403994159641962, "requireHistPos": 1.0, "cdPctShort": 0.0024651731176154137, "apt2Short": 0.015, "vRsi": 1, "dur2Short": 161.6749162618635, "eS3": 1.0, "rsiValLong": 43.90935059728408, "xCdPeriodShort": 29.759250104777614, "xDur2Short": 720.0}]}, {"n": 20, "months": 17.000616776315788, "eq": 0.0, "growth": -1.6252952160195966, "liq": true, "maxdd": 1.0, "tpm": 1.1764279063017742, "sl_hits": 0, "worst_mae": -0.092, "win": 0.95, "max_hold_days": 98.54583333333333, "in_market": 0.21440059982343906, "score": -5.690336621309845}]], "evaluated": 547680, "seed_base": 4890}