{
 "cand": {
  "strategy": "v7",
  "mode": "lev",
  "regs": [
   {
    "apt1Long": 0.013075926667889686,
    "apt1Short": 0.001,
    "apt2Long": 0.014667683366186693,
    "apt2Short": 0.008943398783342629,
    "bbValLong": 0.02985425140111882,
    "bbValShort": 0.6495534756572514,
    "cdPctLong": 0.007584806345836104,
    "cdPctShort": 0.006003026720235165,
    "cdPeriodLong": 172.9594480976935,
    "cdPeriodShort": 104.77996877834428,
    "dur1Long": 54.21917793982111,
    "dur1Short": 37.28539452760275,
    "dur2Long": 255.02918737462548,
    "dur2Short": 201.40617347899888,
    "leverage": 1.6833780305858561,
    "ptLong": 0.01750675829811784,
    "ptShort": 0.002,
    "rsiValLong": 31.083782227445152,
    "rsiValShort": 90.0,
    "slLong": 0.024531813124134542,
    "slShort": 0.029308680507864764,
    "xApt1Long": 0.009334779339288654,
    "xApt1Short": 0.002292467004327078,
    "xApt2Long": 0.009517319816566644,
    "xApt2Short": 0.0022818962487633357,
    "xCdPctShort": 0.009256590192779163,
    "xCdPeriodShort": 11.490274594329966,
    "xDur1Long": 35.451114446347816,
    "xDur1Short": 102.1667278306917,
    "xDur2Long": 359.79949194555763,
    "xDur2Short": 456.25086934018225,
    "xMinBetween": 8.037901032230735,
    "xTpLong": 0.011300726928335551,
    "xTpShort": 0.02,
    "zL": -0.8627650331670416,
    "zS": 1.160820520861236,
    "zXLmax": 0.5,
    "zXS": 1.7305246929798421,
    "trendBlockZ": 99.0,
    "vBB": 1.0,
    "vEmaDn": 3.0,
    "vEmaUp": 2.0,
    "vHistN": 2.0,
    "vMacd": 2.0,
    "vRsi": 2.0,
    "vX": 0.0,
    "eL3": 1.0,
    "eS3": 1.0,
    "eXL": 1.0,
    "eXS": 1.0,
    "requireHistPos": 1.0
   },
   {
    "apt1Long": 0.0038902711232438976,
    "apt1Short": 0.015837194231005304,
    "apt2Long": 0.015,
    "apt2Short": 0.005913323744227577,
    "bbValLong": 0.25067369025093583,
    "bbValShort": 1.0322970264873215,
    "cdPctLong": 0.012,
    "cdPctShort": 0.009835656270825296,
    "cdPeriodLong": 88.6934336458551,
    "cdPeriodShort": 138.5796889137025,
    "dur1Long": 71.39890437391067,
    "dur1Short": 20.19741346662432,
    "dur2Long": 39.369271899416255,
    "dur2Short": 178.09966650422302,
    "leverage": 1.6866365685532938,
    "ptLong": 0.029606791917977736,
    "ptShort": 0.02013591976155591,
    "rsiValLong": 79.52966785821779,
    "rsiValShort": 50.0,
    "slLong": 0.09651626221798548,
    "slShort": 0.1045418862135112,
    "xApt1Long": 0.015,
    "xApt1Short": 0.009936325814147098,
    "xApt2Long": 0.007011940667149774,
    "xApt2Short": 0.0,
    "xCdPctShort": 0.0002,
    "xCdPeriodShort": 83.08326128859564,
    "xDur1Long": 220.9424711241541,
    "xDur1Short": 123.35157913158407,
    "xDur2Long": 704.3601992713452,
    "xDur2Short": 289.079800491239,
    "xMinBetween": 1.0,
    "xTpLong": 0.012238161440531515,
    "xTpShort": 0.006344263992545417,
    "zL": -2.651956698659954,
    "zS": 1.1152638194119575,
    "zXLmax": 0.5,
    "zXS": 2.136263529421278,
    "trendBlockZ": 3.0,
    "vBB": 4.0,
    "vEmaDn": 3.0,
    "vEmaUp": 2.0,
    "vHistN": 2.0,
    "vMacd": 2.0,
    "vRsi": 1.0,
    "vX": 2.0,
    "eL3": 1.0,
    "eS3": 1.0,
    "eXL": 1.0,
    "eXS": 1.0,
    "requireHistPos": 0.0
   },
   {
    "apt1Long": 0.0056286533767038035,
    "apt1Short": 0.012008924129398059,
    "apt2Long": 0.0007451046844100804,
    "apt2Short": 0.0038939089329997787,
    "bbValLong": 0.2911210935350641,
    "bbValShort": 0.8175676348576368,
    "cdPctLong": 0.01088332748586156,
    "cdPctShort": 0.004211021969561929,
    "cdPeriodLong": 210.57894771994884,
    "cdPeriodShort": 72.30722812342722,
    "dur1Long": 0.6,
    "dur1Short": 45.948802924350304,
    "dur2Long": 191.05777576116168,
    "dur2Short": 104.88889966715885,
    "leverage": 1.5443851099527028,
    "ptLong": 0.004644239780197337,
    "ptShort": 0.011821984387788264,
    "rsiValLong": 41.53740230822257,
    "rsiValShort": 80.89390494219123,
    "slLong": 0.09602751808776326,
    "slShort": 0.049470980151737995,
    "xApt1Long": 0.013246179391986369,
    "xApt1Short": 0.0019907101676159603,
    "xApt2Long": 0.006064346632242241,
    "xApt2Short": 0.008357196954936844,
    "xCdPctShort": 0.0048460489127183605,
    "xCdPeriodShort": 3.0,
    "xDur1Long": 229.91996151840218,
    "xDur1Short": 57.3568163978279,
    "xDur2Long": 690.3106472573805,
    "xDur2Short": 415.9180636311933,
    "xMinBetween": 1.0,
    "xTpLong": 0.01439702452129935,
    "xTpShort": 0.0197287071982341,
    "zL": -1.3143816057780422,
    "zS": 1.5494287603165515,
    "zXLmax": 0.5,
    "zXS": 1.1665027211412133,
    "trendBlockZ": 2.0,
    "vBB": 1.0,
    "vEmaDn": 2.0,
    "vEmaUp": 2.0,
    "vHistN": 0.0,
    "vMacd": 0.0,
    "vRsi": 1.0,
    "vX": 1.0,
    "eL3": 1.0,
    "eS3": 1.0,
    "eXL": 1.0,
    "eXS": 1.0,
    "requireHistPos": 1.0
   }
  ]
 },
 "metrics": {
  "n": 301,
  "months": 24.473067434210524,
  "eq": 253010.7124857279,
  "growth": 0.22610291270381794,
  "liq": false,
  "maxdd": 0.582187929819239,
  "tpm": 12.299234691734505,
  "sl_hits": 0,
  "worst_mae": -0.34960009273212,
  "win": 1.0,
  "score": 0.6293699786468671
 },
 "strategy": "v7",
 "mode": "lev",
 "method": "vol3",
 "algo": "genetic",
 "per_regime": true,
 "train_end": null,
 "holdout_days": null,
 "max_dd": null,
 "evaluated": 100800,
 "generated": "2026-07-07 16:59"
}