{"job": {"strategy": "v6", "mode": "lev", "method": "vol3", "window": 42, "fold_idx": 13, "n_samples": 350, "seed": 118201}, "status": "ok", "n_feasible": 92, "cand": {"strategy": "v6", "tv": 1, "zL": [-2.1323, -2.2681, -1.8195], "zS": [1.0263, 0.9789, 1.0418], "zXS": [2.0126, 1.9071, 1.6436], "zXLmax": [-20.5247, -20.6385, -20.5763], "ptScale": [2.1179, 1.9442, 1.7162], "eS3": [1.0, 1.0, 1.0], "eXS": [1.0, 1.0, 1.0], "lev": [7.6813, 8.5603, 7.2889], "sl": 0.0}, "train": {"n": 21, "months": 1.2473958333333333, "eq": 3518.1515396245877, "growth": 1.0084495131994917, "liq": false, "maxdd": 0.6892035071270115, "tpm": 16.83507306889353, "sl_hits": 0, "worst_mae": -0.07954545454545436, "win": 0.9523809523809523, "score": 1.0084495131994917}, "oos": {"n": 13, "months": 0.920984100877193, "eq": 2177.818133404461, "growth": 0.845099843343823, "liq": false, "maxdd": 0.8436240300978612, "tpm": 14.11533596249721, "sl_hits": 0, "worst_mae": -0.09856698764121608, "win": 0.9230769230769231, "score": 0.845099843343823}, "elapsed": 0.6129143238067627}