{"job": {"strategy": "v6", "mode": "lev", "method": "vol3", "window": 42, "fold_idx": 18, "n_samples": 350, "seed": 118201}, "status": "ok", "n_feasible": 245, "cand": {"strategy": "v6", "tv": 0, "zL": [-1.8472, -1.569, -1.3681], "zS": [1.5581, 1.5885, 1.8415], "zXS": [2.3234, 1.966, 1.9886], "zXLmax": [-0.608, -0.4824, -0.5408], "ptScale": [2.1057, 1.8175, 2.2319], "eS3": [1.0, 1.0, 1.0], "eXS": [1.0, 1.0, 1.0], "lev": [8.6326, 7.391, 8.3027], "sl": 0.0}, "train": {"n": 23, "months": 1.3815104166666667, "eq": 4162.4797545612655, "growth": 1.0322839222353568, "liq": false, "maxdd": 0.6323046612374545, "tpm": 16.648444863336476, "sl_hits": 0, "worst_mae": -0.07446113651208364, "win": 1.0, "score": 1.0322839222353568}, "oos": {"n": 6, "months": 0.920984100877193, "eq": 1315.763000022388, "growth": 0.29796032879937556, "liq": false, "maxdd": 0.646964652535016, "tpm": 6.514770444229481, "sl_hits": 0, "worst_mae": -0.08750899064972417, "win": 1.0, "score": 0.29796032879937556}, "elapsed": 0.5376627445220947}