{"job": {"strategy": "v6", "mode": "lev", "method": "vol3", "window": 42, "fold_idx": 3, "n_samples": 350, "seed": 118201}, "status": "ok", "n_feasible": 142, "cand": {"strategy": "v6", "tv": 1, "zL": [-1.3418, -1.4774, -1.6206], "zS": [1.6348, 1.5687, 1.4181], "zXS": [2.2581, 2.1169, 2.3155], "zXLmax": [-99.0, -99.0, -99.0], "ptScale": [1.3639, 1.3974, 1.22], "eS3": [1.0, 1.0, 1.0], "eXS": [1.0, 1.0, 1.0], "lev": [7.472, 8.5228, 8.4917], "sl": 0.0}, "train": {"n": 14, "months": 1.3655427631578947, "eq": 1745.1040438849802, "growth": 0.4077603374295948, "liq": false, "maxdd": 0.7108284633590815, "tpm": 10.252333634447456, "sl_hits": 0, "worst_mae": -0.09656968743856886, "win": 1.0, "score": 0.17550174418915798}, "oos": {"n": 6, "months": 0.9172149122807017, "eq": 0.0, "growth": -30.124914832907155, "liq": true, "maxdd": 1.0, "tpm": 6.5415421398685, "sl_hits": 0, "worst_mae": -0.12583297644539612, "win": 0.8333333333333334, "score": -30.124914832907155}, "elapsed": 0.6428585052490234}