{"job": {"strategy": "v6", "mode": "lev", "method": "vol3", "window": 42, "fold_idx": 8, "n_samples": 350, "seed": 118201}, "status": "ok", "n_feasible": 202, "cand": {"strategy": "v6", "tv": 1, "zL": [-1.3095851411375277, -2.025569855451778, -1.607201249650932], "zS": [1.9120417942507384, 1.1816505108684467, 1.1295323285765644], "zXS": [1.9156192200728193, 2.0435902279538625, 2.445137880596329], "zXLmax": [-0.9330496048875995, -0.8263737695363053, -0.9226407771534937], "ptScale": [2.2409434035057703, 2.4, 2.21328024816154], "eS3": [1.0, 1.0, 1.0], "eXS": [1.0, 1.0, 1.0], "lev": [6.194201933989949, 9.497195690352964, 8.4296141257713], "sl": 0.0}, "train": {"n": 20, "months": 1.3704769736842106, "eq": 3642.869579287898, "growth": 0.9433005747992174, "liq": false, "maxdd": 0.6253842812722575, "tpm": 14.593459345934592, "sl_hits": 0, "worst_mae": -0.0757922247631494, "win": 1.0, "score": 0.9433005747992174}, "oos": {"n": 1, "months": 0.9194078947368421, "eq": 0.0, "growth": -30.053060533961638, "liq": true, "maxdd": NaN, "tpm": 1.0876565295169947, "sl_hits": 0, "worst_mae": -0.0972942397528754, "win": 0.0, "score": -30.053060533961638}, "elapsed": 0.5363984107971191}