{"job": {"strategy": "v6", "mode": "lev", "method": "vol3", "window": 42, "fold_idx": 6, "n_samples": 350, "seed": 118201}, "status": "ok", "n_feasible": 227, "cand": {"strategy": "v6", "tv": 1, "zL": [-1.3853, -1.2429, -1.0582], "zS": [1.5413, 1.3486, 1.5501], "zXS": [2.0846, 2.1828, 2.028], "zXLmax": [-99.0, -99.0, -99.0], "ptScale": [1.8888, 2.1608, 1.8294], "eS3": [1.0, 1.0, 1.0], "eXS": [1.0, 1.0, 1.0], "lev": [7.4663, 5.8338, 6.5582], "sl": 0.0}, "train": {"n": 22, "months": 1.368969298245614, "eq": 3161.9504486933033, "growth": 0.8409166438318231, "liq": false, "maxdd": 0.28232520635061403, "tpm": 16.070484581497798, "sl_hits": 0, "worst_mae": -0.04334207459207451, "win": 0.9090909090909091, "score": 0.8409166438318231}, "oos": {"n": 19, "months": 0.9139939692982456, "eq": 2724.196497573813, "growth": 1.0964771705531897, "liq": false, "maxdd": 0.5108244958460545, "tpm": 20.787883332083677, "sl_hits": 0, "worst_mae": -0.08845911769754533, "win": 1.0, "score": 1.0964771705531897}, "elapsed": 0.5328805446624756}