{"job": {"strategy": "v6", "mode": "lev", "method": "vol3", "window": 42, "fold_idx": 11, "n_samples": 350, "seed": 118201}, "status": "ok", "n_feasible": 173, "cand": {"strategy": "v6", "tv": 0, "zL": [-1.1467, -1.0762, -1.1107], "zS": [2.3711, 2.3287, 2.0232], "zXS": [2.0152, 2.0973, 2.1768], "zXLmax": [-0.3766, -0.5354, -0.4939], "ptScale": [1.8704, 1.8437, 2.0456], "eS3": [1.0, 1.0, 0.0], "eXS": [1.0, 1.0, 1.0], "lev": [8.4975, 8.1087, 7.7947], "sl": 0.0}, "train": {"n": 28, "months": 1.2973547149122806, "eq": 4733.534152765501, "growth": 1.1983400405530862, "liq": false, "maxdd": 0.5926083283556745, "tpm": 21.582378109978343, "sl_hits": 0, "worst_mae": -0.06881755252398492, "win": 1.0, "score": 1.1983400405530862}, "oos": {"n": 3, "months": 0.9208470394736842, "eq": 0.0, "growth": -30.006092142861455, "liq": true, "maxdd": 1.0, "tpm": 3.257870060281313, "sl_hits": 0, "worst_mae": -0.11532433065719536, "win": 0.6666666666666666, "score": -30.006092142861455}, "elapsed": 0.5316104888916016}