{"job": {"strategy": "v6", "mode": "lev", "method": "vol3", "window": 42, "fold_idx": 10, "n_samples": 350, "seed": 118201}, "status": "ok", "n_feasible": 216, "cand": {"strategy": "v6", "tv": 1, "zL": [-1.6522, -1.5455, -1.5985], "zS": [1.3917, 1.5572, 1.172], "zXS": [2.4276, 2.0921, 2.1041], "zXLmax": [-99.0, -99.0, -99.0], "ptScale": [1.644, 1.7733, 1.399], "eS3": [1.0, 1.0, 1.0], "eXS": [1.0, 1.0, 1.0], "lev": [8.4783, 9.2873, 8.206], "sl": 0.0}, "train": {"n": 39, "months": 1.3779468201754386, "eq": 7296.827056093392, "growth": 1.4423195254831824, "liq": false, "maxdd": 0.4199199699272247, "tpm": 28.302979062018203, "sl_hits": 0, "worst_mae": -0.047003525264394774, "win": 1.0, "score": 1.4423195254831824}, "oos": {"n": 9, "months": 0.8395696271929824, "eq": 0.0, "growth": -32.910934627673605, "liq": true, "maxdd": 1.0, "tpm": 10.719777977307976, "sl_hits": 0, "worst_mae": -0.10994817357253223, "win": 0.8888888888888888, "score": -32.910934627673605}, "elapsed": 0.5433697700500488}