{"job": {"strategy": "v6", "mode": "lev", "method": "vol3", "window": 42, "fold_idx": 16, "n_samples": 350, "seed": 118201}, "status": "ok", "n_feasible": 119, "cand": {"strategy": "v6", "tv": 1, "zL": [-1.5406, -1.7954, -1.6219], "zS": [2.2397, 2.0967, 1.7686], "zXS": [1.7827, 1.8604, 2.1598], "zXLmax": [-40.2275, -40.1913, -40.2285], "ptScale": [1.9015, 1.7373, 2.0975], "eS3": [1.0, 1.0, 1.0], "eXS": [1.0, 1.0, 1.0], "lev": [9.4868, 8.6615, 9.2408], "sl": 0.0}, "train": {"n": 19, "months": 1.381578947368421, "eq": 2393.9154603281872, "growth": 0.6318352599602516, "liq": false, "maxdd": 0.4244231106886356, "tpm": 13.752380952380953, "sl_hits": 0, "worst_mae": -0.047367135997395726, "win": 1.0, "score": 0.6318352599602516}, "oos": {"n": 9, "months": 0.9210526315789473, "eq": 1653.649229594183, "growth": 0.5460974572565231, "liq": false, "maxdd": 0.8886077494367963, "tpm": 9.771428571428572, "sl_hits": 0, "worst_mae": -0.09907195371821143, "win": 1.0, "score": 0.5460974572565231}, "elapsed": 0.5061283111572266}