{"job": {"strategy": "v6", "mode": "lev", "method": "vol3", "window": 42, "fold_idx": 20, "n_samples": 350, "seed": 118201}, "status": "ok", "n_feasible": 159, "cand": {"strategy": "v6", "tv": 1, "zL": [-2.0416, -1.7199, -1.738], "zS": [1.2446, 1.4494, 1.1516], "zXS": [1.4756, 1.7001, 1.4252], "zXLmax": [-99.0, -99.0, -99.0], "ptScale": [2.2178, 1.8072, 2.2064], "eS3": [1.0, 1.0, 1.0], "eXS": [1.0, 1.0, 1.0], "lev": [7.5563, 8.3516, 7.7557], "sl": 0.0}, "train": {"n": 17, "months": 1.3813048245614035, "eq": 3403.8136624096983, "growth": 0.8867676755049495, "liq": false, "maxdd": 0.7088082878820234, "tpm": 12.307203810279818, "sl_hits": 0, "worst_mae": -0.0936246098974588, "win": 0.9411764705882353, "score": 0.8867676755049495}, "oos": {"n": 12, "months": 0.9185855263157895, "eq": 1899.4840755737446, "growth": 0.6984459168439842, "liq": false, "maxdd": 0.9320300846270776, "tpm": 13.063563115487915, "sl_hits": 0, "worst_mae": -0.12431633407243159, "win": 1.0, "score": 0.6984459168439842}, "elapsed": 0.5222270488739014}