{"job": {"strategy": "v6", "mode": "lev", "method": "vol3", "window": 42, "fold_idx": 4, "n_samples": 350, "seed": 118201}, "status": "ok", "n_feasible": 167, "cand": {"strategy": "v6", "tv": 0, "zL": [-2.6, -2.6, -1.798850472859907], "zS": [0.9890485853451362, 1.746882860723017, 0.9670501738899743], "zXS": [2.2972676672549874, 1.6759138843996475, 1.2201889592251307], "zXLmax": [-99.0, -99.0, -99.0], "ptScale": [2.4, 1.755398089783191, 1.7629914461808498], "eS3": [1.0, 1.0, 1.0], "eXS": [1.0, 1.0, 1.0], "lev": [9.403066946224918, 10.0, 8.581231692188526], "sl": 0.0}, "train": {"n": 33, "months": 1.3730126096491229, "eq": 10364.238012425087, "growth": 1.7030879478515002, "liq": false, "maxdd": 0.5641543292956482, "tpm": 24.034739206388817, "sl_hits": 0, "worst_mae": -0.056884822894675224, "win": 0.9393939393939394, "score": 1.7030879478515002}, "oos": {"n": 8, "months": 0.9156387061403509, "eq": 0.0, "growth": -30.176772705907442, "liq": true, "maxdd": 1.0, "tpm": 8.73707057854951, "sl_hits": 0, "worst_mae": -0.09834828037691187, "win": 0.875, "score": -30.176772705907442}, "elapsed": 0.6552841663360596}