{"job": {"strategy": "v6", "mode": "lev", "method": "vol3", "window": 42, "fold_idx": 5, "n_samples": 350, "seed": 118201}, "status": "ok", "n_feasible": 191, "cand": {"strategy": "v6", "tv": 0, "zL": [-1.8349, -1.7069, -2.1374], "zS": [1.5239, 1.631, 1.5659], "zXS": [1.7979, 1.941, 1.9468], "zXLmax": [-99.0, -99.0, -99.0], "ptScale": [1.9474, 1.6164, 1.6355], "eS3": [1.0, 1.0, 1.0], "eXS": [1.0, 1.0, 1.0], "lev": [7.7659, 8.8645, 8.7716], "sl": 0.0}, "train": {"n": 19, "months": 1.3742461622807018, "eq": 2841.532474286424, "growth": 0.7599391862431816, "liq": false, "maxdd": 0.6314228035474507, "tpm": 13.825761731411758, "sl_hits": 0, "worst_mae": -0.07082743725329566, "win": 0.8947368421052632, "score": 0.3965818285209209}, "oos": {"n": 9, "months": 0.9084429824561403, "eq": 1484.4561615888051, "growth": 0.43486326787281143, "liq": false, "maxdd": 0.8481693720594331, "tpm": 9.907060953530477, "sl_hits": 0, "worst_mae": -0.10297113155861481, "win": 1.0, "score": 0.43486326787281143}, "elapsed": 0.4974329471588135}