{"job": {"strategy": "v6", "mode": "lev", "method": "vol3", "window": 42, "fold_idx": 1, "n_samples": 350, "seed": 118201}, "status": "ok", "n_feasible": 283, "cand": {"strategy": "v6", "tv": 0, "zL": [-1.5782, -1.2513, -1.7324], "zS": [1.0695, 1.1339, 1.0375], "zXS": [2.0338, 2.049, 2.4123], "zXLmax": [-99.0, -99.0, -99.0], "ptScale": [1.7626, 2.246, 2.0789], "eS3": [1.0, 1.0, 1.0], "eXS": [1.0, 1.0, 1.0], "lev": [8.8553, 9.1304, 7.5858], "sl": 0.0}, "train": {"n": 22, "months": 0.9268777412280702, "eq": 4587.919910457061, "growth": 1.6436113146787743, "liq": false, "maxdd": 0.5345364507713875, "tpm": 23.735600739371534, "sl_hits": 0, "worst_mae": -0.07013437364542696, "win": 1.0, "score": 1.6436113146787743}, "oos": {"n": 9, "months": 0.9159813596491229, "eq": 0.0, "growth": -30.16548407329263, "liq": true, "maxdd": 1.0, "tpm": 9.825527457728564, "sl_hits": 0, "worst_mae": -0.10152422675895909, "win": 0.8888888888888888, "score": -30.16548407329263}, "elapsed": 0.6183664798736572}