{"job": {"strategy": "v6", "mode": "lev", "method": "vol3", "window": 42, "fold_idx": 15, "n_samples": 350, "seed": 118201}, "status": "ok", "n_feasible": 220, "cand": {"strategy": "v6", "tv": 0, "zL": [-1.1951, -1.2268, -1.3522], "zS": [2.1477, 2.3679, 2.1514], "zXS": [2.1003, 2.0421, 2.277], "zXLmax": [-20.8102, -20.7516, -20.6997], "ptScale": [1.6689, 1.9889, 1.8692], "eS3": [1.0, 1.0, 1.0], "eXS": [1.0, 1.0, 1.0], "lev": [7.7114, 8.7696, 8.0818], "sl": 0.0}, "train": {"n": 29, "months": 1.3815104166666667, "eq": 5835.75206384203, "growth": 1.2768656135754262, "liq": false, "maxdd": 0.4531226598103272, "tpm": 20.99151743638077, "sl_hits": 0, "worst_mae": -0.057170542635658905, "win": 1.0, "score": 0.8137991571128224}, "oos": {"n": 5, "months": 0.9210526315789473, "eq": 0.0, "growth": -29.99939435443671, "liq": true, "maxdd": 1.0000000000000002, "tpm": 5.428571428571429, "sl_hits": 0, "worst_mae": -0.12167813885935108, "win": 0.8, "score": -29.99939435443671}, "elapsed": 0.5265748500823975}