{"job": {"strategy": "v6", "mode": "lev", "method": "vol3", "window": 42, "fold_idx": 9, "n_samples": 350, "seed": 118201}, "status": "ok", "n_feasible": 208, "cand": {"strategy": "v6", "tv": 1, "zL": [-1.0421692613523659, -0.9, -0.9], "zS": [1.872524479364703, 1.8734041489406006, 1.89931298274484], "zXS": [1.4706069318818233, 1.4344294796271004, 1.1], "zXLmax": [-0.9826931034542742, -1.7476406947966436, -1.6441405168257581], "ptScale": [1.4444994279787937, 2.4, 2.1141446531642476], "eS3": [1.0, 1.0, 1.0], "eXS": [1.0, 1.0, 1.0], "lev": [10.0, 10.0, 6.653427802651468], "sl": 0.0}, "train": {"n": 40, "months": 1.3777412280701755, "eq": 8439.278388247389, "growth": 1.5481113306868066, "liq": false, "maxdd": 0.4913453648939097, "tpm": 29.033028253083963, "sl_hits": 0, "worst_mae": -0.07399117477777062, "win": 0.925, "score": 1.5481113306868066}, "oos": {"n": 17, "months": 0.91796875, "eq": 0.0, "growth": -30.100176194373226, "liq": true, "maxdd": 1.0, "tpm": 18.51914893617021, "sl_hits": 0, "worst_mae": -0.092, "win": 0.8823529411764706, "score": -30.100176194373226}, "elapsed": 0.5387516021728516}