{"job": {"strategy": "v6", "mode": "lev", "method": "vol3", "window": 42, "fold_idx": 14, "n_samples": 350, "seed": 118201}, "status": "ok", "n_feasible": 78, "cand": {"strategy": "v6", "tv": 1, "zL": [-2.1283, -1.9538, -2.1448], "zS": [1.1323, 1.0735, 1.0839], "zXS": [2.0645, 1.7714, 2.0289], "zXLmax": [-99.0, -99.0, -99.0], "ptScale": [2.0052, 1.5725, 1.6127], "eS3": [1.0, 1.0, 1.0], "eXS": [1.0, 1.0, 1.0], "lev": [7.2188, 6.9327, 7.7041], "sl": 0.0}, "train": {"n": 16, "months": 1.2488349780701755, "eq": 2238.252850337341, "growth": 0.6451577655546469, "liq": false, "maxdd": 0.6862829129299152, "tpm": 12.811940953739779, "sl_hits": 0, "worst_mae": -0.09856698764121608, "win": 0.9375, "score": 0.6451577655546469}, "oos": {"n": 12, "months": 0.920984100877193, "eq": 0.0, "growth": -30.001626618322, "liq": true, "maxdd": 1.0, "tpm": 13.029540888458962, "sl_hits": 0, "worst_mae": -0.13052717903252617, "win": 0.9166666666666666, "score": -30.001626618322}, "elapsed": 0.6160492897033691}