{"job": {"strategy": "v6", "mode": "lev", "method": "vol3", "window": 42, "fold_idx": 2, "n_samples": 350, "seed": 118201}, "status": "ok", "n_feasible": 193, "cand": {"strategy": "v6", "tv": 1, "zL": [-1.4132, -1.3106, -1.2107], "zS": [1.7536, 1.8468, 1.254], "zXS": [2.6816, 2.6103, 2.3596], "zXLmax": [-99.0, -99.0, -99.0], "ptScale": [1.5858, 1.5234, 1.6255], "eS3": [1.0, 1.0, 1.0], "eXS": [1.0, 1.0, 1.0], "lev": [5.98, 7.375, 7.6509], "sl": 0.0}, "train": {"n": 18, "months": 1.3765076754385965, "eq": 2368.57774556052, "growth": 0.6264328801344068, "liq": false, "maxdd": 0.5692580512093287, "tpm": 13.07657074579309, "sl_hits": 0, "worst_mae": -0.09656968743856886, "win": 1.0, "score": 0.6264328801344068}, "oos": {"n": 14, "months": 0.9100877192982456, "eq": 1864.3361191787671, "growth": 0.6844450356231485, "liq": false, "maxdd": 0.1493613712946253, "tpm": 15.383132530120482, "sl_hits": 0, "worst_mae": -0.02198731501057083, "win": 1.0, "score": 0.6844450356231485}, "elapsed": 0.6665802001953125}