{"job": {"strategy": "v6", "mode": "lev", "method": "vol3", "window": 42, "fold_idx": 7, "n_samples": 350, "seed": 118201}, "status": "ok", "n_feasible": 188, "cand": {"strategy": "v6", "tv": 1, "zL": [-1.2299, -1.3235, -1.212], "zS": [1.393, 1.5467, 1.4829], "zXS": [2.4179, 2.4238, 2.412], "zXLmax": [-99.0, -99.0, -99.0], "ptScale": [1.7583, 1.7647, 1.5481], "eS3": [1.0, 1.0, 1.0], "eXS": [1.0, 1.0, 1.0], "lev": [6.8016, 6.4221, 6.6402], "sl": 0.0}, "train": {"n": 37, "months": 1.3672560307017543, "eq": 4984.22976257701, "growth": 1.1748193786599421, "liq": false, "maxdd": 0.5465503259829001, "tpm": 27.061500676657815, "sl_hits": 0, "worst_mae": -0.08600114744693066, "win": 1.0, "score": 1.1748193786599421}, "oos": {"n": 5, "months": 0.915296052631579, "eq": 0.0, "growth": -30.188069790628134, "liq": true, "maxdd": 1.0, "tpm": 5.462713387241689, "sl_hits": 0, "worst_mae": -0.14259787355802536, "win": 0.8, "score": -30.188069790628134}, "elapsed": 0.5249614715576172}