{"job": {"strategy": "v6", "mode": "lev", "method": "vol3", "window": 42, "fold_idx": 19, "n_samples": 350, "seed": 118201}, "status": "ok", "n_feasible": 241, "cand": {"strategy": "v6", "tv": 0, "zL": [-1.2708, -1.1698, -1.4126], "zS": [1.4758, 1.4603, 1.3577], "zXS": [1.9476, 2.3356, 1.8771], "zXLmax": [-99.0, -99.0, -99.0], "ptScale": [2.1519, 2.2351, 1.9039], "eS3": [1.0, 1.0, 1.0], "eXS": [1.0, 1.0, 1.0], "lev": [9.1243, 9.0737, 8.4889], "sl": 0.0}, "train": {"n": 17, "months": 1.3814418859649122, "eq": 3164.6915163372896, "growth": 0.8339515366939989, "liq": false, "maxdd": 0.3926528459665326, "tpm": 12.305982736382578, "sl_hits": 0, "worst_mae": -0.043986572519967515, "win": 0.8823529411764706, "score": 0.8339515366939989}, "oos": {"n": 1, "months": 0.9207785087719298, "eq": 0.0, "growth": -30.008325403663992, "liq": true, "maxdd": NaN, "tpm": 1.086037511164037, "sl_hits": 0, "worst_mae": -0.10159744857139727, "win": 0.0, "score": -30.008325403663992}, "elapsed": 0.529876708984375}