{"job": {"strategy": "v6", "mode": "lev", "method": "vol3", "window": 42, "fold_idx": 12, "n_samples": 350, "seed": 118201}, "status": "ok", "n_feasible": 111, "cand": {"strategy": "v6", "tv": 1, "zL": [-0.9, -1.5197075562810771, -0.9], "zS": [2.4135814440000924, 1.4573643834178838, 1.3626043806222248], "zXS": [2.4021832902890354, 1.303001910527122, 1.228484922056494], "zXLmax": [-99.0, -99.0, -99.0], "ptScale": [2.099266169955981, 2.0469737612734593, 2.1399730255416123], "eS3": [1.0, 0.0, 1.0], "eXS": [1.0, 1.0, 1.0], "lev": [8.039816679330796, 10.0, 6.676287581827384], "sl": 0.0}, "train": {"n": 32, "months": 1.3810992324561404, "eq": 4699.600869932427, "growth": 1.1204680644612306, "liq": false, "maxdd": 0.5609715123676506, "tpm": 23.16994988339205, "sl_hits": 0, "worst_mae": -0.06986038170872289, "win": 0.90625, "score": 1.1204680644612306}, "oos": {"n": 7, "months": 0.6717379385964912, "eq": 0.0, "growth": -41.13363192446739, "liq": true, "maxdd": 1.0000000000000002, "tpm": 10.42073046317078, "sl_hits": 0, "worst_mae": -0.11638094547240799, "win": 0.7142857142857143, "score": -41.13363192446739}, "elapsed": 0.5140717029571533}