{"job": {"strategy": "v6", "mode": "lev", "method": "none", "window": 182, "fold_idx": 12, "n_samples": 350, "seed": 365750}, "status": "ok", "n_feasible": 88, "cand": {"strategy": "v6", "tv": 0, "zL": [-1.8425], "zS": [2.2703], "zXS": [2.2568], "zXLmax": [-99.0], "ptScale": [1.2116], "eS3": [1.0], "eXS": [1.0], "lev": [7.0486], "sl": 0.0}, "train": {"n": 65, "months": 5.8803453947368425, "eq": 8183.402785899208, "growth": 0.3574803708797684, "liq": false, "maxdd": 0.4060496444680428, "tpm": 11.053772463464092, "sl_hits": 0, "worst_mae": -0.05756034074775196, "win": 1.0, "score": 0.2988108139100234}, "oos": {"n": 10, "months": 0.6717379385964912, "eq": 0.0, "growth": -41.13363192446739, "liq": true, "maxdd": 1.0, "tpm": 14.886757804529688, "sl_hits": 0, "worst_mae": -0.13387214482308543, "win": 0.8, "score": -41.13363192446739}, "elapsed": 1.0310990810394287}