{"job": {"strategy": "v6", "mode": "lev", "method": "none", "window": 182, "fold_idx": 8, "n_samples": 350, "seed": 365750}, "status": "ok", "n_feasible": 65, "cand": {"strategy": "v6", "tv": 1, "zL": [-2.1543], "zS": [2.1198], "zXS": [2.8064], "zXLmax": [-40.1467], "ptScale": [1.6182], "eS3": [1.0], "eXS": [1.0], "lev": [6.9416], "sl": 0.0}, "train": {"n": 39, "months": 5.936129385964913, "eq": 5775.2679665308115, "growth": 0.2954087659558638, "liq": false, "maxdd": 0.6598544821165043, "tpm": 6.56993765873932, "sl_hits": 0, "worst_mae": -0.09656968743856886, "win": 0.9743589743589743, "score": 0.2467441613356235}, "oos": {"n": 12, "months": 0.9194078947368421, "eq": 1765.893849542624, "growth": 0.6185034909790769, "liq": false, "maxdd": 0.15311317541702343, "tpm": 13.051878354203936, "sl_hits": 0, "worst_mae": -0.025937821950184903, "win": 1.0, "score": 0.6185034909790769}, "elapsed": 0.9802579879760742}