{"job": {"strategy": "v6", "mode": "lev", "method": "none", "window": 182, "fold_idx": 0, "n_samples": 350, "seed": 365750}, "status": "ok", "n_feasible": 204, "cand": {"strategy": "v6", "tv": 0, "zL": [-1.0073], "zS": [2.0308], "zXS": [2.3665], "zXLmax": [-99.0], "ptScale": [1.9644], "eS3": [1.0], "eXS": [1.0], "lev": [9.2988], "sl": 0.0}, "train": {"n": 12, "months": 0.6162280701754386, "eq": 2375.208625751348, "growth": 1.4038394515264738, "liq": false, "maxdd": 0.4275292666501347, "tpm": 19.473309608540927, "sl_hits": 0, "worst_mae": -0.04160847265227996, "win": 1.0, "score": 1.4038394515264738}, "oos": {"n": 19, "months": 0.9209155701754386, "eq": 0.0, "growth": -30.003859214438858, "liq": true, "maxdd": 1.0, "tpm": 20.63164161333532, "sl_hits": 0, "worst_mae": -0.09954075794726203, "win": 0.9473684210526315, "score": -30.003859214438858}, "elapsed": 0.5511527061462402}