{"job": {"strategy": "v6", "mode": "lev", "method": "none", "window": 182, "fold_idx": 13, "n_samples": 350, "seed": 365750}, "status": "ok", "n_feasible": 70, "cand": {"strategy": "v6", "tv": 0, "zL": [-1.7128], "zS": [1.6661], "zXS": [2.1221], "zXLmax": [-40.213], "ptScale": [1.7205], "eS3": [1.0], "eXS": [1.0], "lev": [3.1578], "sl": 0.0}, "train": {"n": 59, "months": 5.755276864035088, "eq": 3281.618232754383, "growth": 0.20647775814275895, "liq": false, "maxdd": 0.600040907929956, "tpm": 10.251461640132886, "sl_hits": 0, "worst_mae": -0.19121240601503753, "win": 0.9661016949152542, "score": 0.13416749893072544}, "oos": {"n": 5, "months": 0.920984100877193, "eq": 1093.6309388819896, "growth": 0.0971822388680592, "liq": false, "maxdd": 0.313138975062093, "tpm": 5.428975370191234, "sl_hits": 0, "worst_mae": -0.09623969130665055, "win": 0.8, "score": 0.0971822388680592}, "elapsed": 1.062753677368164}