{"job": {"strategy": "v6", "mode": "lev", "method": "none", "window": 182, "fold_idx": 11, "n_samples": 350, "seed": 365750}, "status": "ok", "n_feasible": 102, "cand": {"strategy": "v6", "tv": 0, "zL": [-1.8050434898709409], "zS": [2.476100684614004], "zXS": [1.8818980659061957], "zXLmax": [-99.0], "ptScale": [1.657709498444132], "eS3": [1.0], "eXS": [0.0], "lev": [10.0], "sl": 0.0}, "train": {"n": 44, "months": 5.875205592105263, "eq": 29689.14161633789, "growth": 0.577134080443536, "liq": false, "maxdd": 0.5804290558852965, "tpm": 7.489099625573013, "sl_hits": 0, "worst_mae": -0.05756034074775196, "win": 1.0, "score": 0.46968289937447444}, "oos": {"n": 9, "months": 0.9208470394736842, "eq": 1898.9808514638223, "growth": 0.6964428627167293, "liq": false, "maxdd": 0.4364353376428024, "tpm": 9.773610180843939, "sl_hits": 0, "worst_mae": -0.0413315077870956, "win": 1.0, "score": 0.6964428627167293}, "elapsed": 1.053192377090454}