{"job": {"strategy": "v6", "mode": "lev", "method": "none", "window": 182, "fold_idx": 5, "n_samples": 350, "seed": 365750}, "status": "ok", "n_feasible": 99, "cand": {"strategy": "v6", "tv": 0, "zL": [-2.008], "zS": [1.9289], "zXS": [1.8365], "zXLmax": [-99.0], "ptScale": [1.3866], "eS3": [1.0], "eXS": [1.0], "lev": [7.7028], "sl": 0.0}, "train": {"n": 53, "months": 4.5858004385964914, "eq": 7446.731014235321, "growth": 0.43782436085987053, "liq": false, "maxdd": 0.7323318136186291, "tpm": 11.557415266901787, "sl_hits": 0, "worst_mae": -0.09656968743856886, "win": 0.9622641509433962, "score": 0.3546415994343866}, "oos": {"n": 7, "months": 0.9084429824561403, "eq": 1195.592348660523, "growth": 0.196646080464858, "liq": false, "maxdd": 0.7372994355630347, "tpm": 7.705491852745927, "sl_hits": 0, "worst_mae": -0.10297113155861481, "win": 1.0, "score": 0.196646080464858}, "elapsed": 0.9759471416473389}