{"job": {"strategy": "v6", "mode": "lev", "method": "none", "window": 182, "fold_idx": 6, "n_samples": 350, "seed": 365750}, "status": "ok", "n_feasible": 85, "cand": {"strategy": "v6", "tv": 1, "zL": [-1.9264], "zS": [1.5169], "zXS": [2.3759], "zXLmax": [-99.0], "ptScale": [1.4678], "eS3": [1.0], "eXS": [1.0], "lev": [6.757], "sl": 0.0}, "train": {"n": 62, "months": 5.494243421052632, "eq": 10718.722056425127, "growth": 0.4317231246604694, "liq": false, "maxdd": 0.643006646961196, "tpm": 11.284538242778027, "sl_hits": 0, "worst_mae": -0.09656968743856886, "win": 0.967741935483871, "score": 0.4151515055426801}, "oos": {"n": 19, "months": 0.9139939692982456, "eq": 2036.008677587648, "growth": 0.7778950240793524, "liq": false, "maxdd": 0.3979638014338994, "tpm": 20.787883332083677, "sl_hits": 0, "worst_mae": -0.05756034074775196, "win": 1.0, "score": 0.7778950240793524}, "elapsed": 1.0263550281524658}