{"job": {"strategy": "v6", "mode": "lev", "method": "none", "window": 182, "fold_idx": 3, "n_samples": 350, "seed": 365750}, "status": "ok", "n_feasible": 157, "cand": {"strategy": "v6", "tv": 0, "zL": [-1.1995], "zS": [1.9115], "zXS": [1.4276], "zXLmax": [-99.0], "ptScale": [1.6407], "eS3": [1.0], "eXS": [1.0], "lev": [7.2694], "sl": 0.0}, "train": {"n": 61, "months": 2.752946820175439, "eq": 11528.704077858938, "growth": 0.8880810607640345, "liq": false, "maxdd": 0.691204704490575, "tpm": 22.158074232655398, "sl_hits": 0, "worst_mae": -0.09656968743856886, "win": 0.9836065573770492, "score": 0.5103441961796314}, "oos": {"n": 10, "months": 0.9172149122807017, "eq": 0.0, "growth": -30.124914832907155, "liq": true, "maxdd": 1.0, "tpm": 10.902570233114167, "sl_hits": 0, "worst_mae": -0.12956293504278207, "win": 0.9, "score": -30.124914832907155}, "elapsed": 0.7847216129302979}