{"job": {"strategy": "v6", "mode": "lev", "method": "none", "window": 182, "fold_idx": 9, "n_samples": 350, "seed": 365750}, "status": "ok", "n_feasible": 93, "cand": {"strategy": "v6", "tv": 0, "zL": [-2.0499], "zS": [1.876], "zXS": [2.2103], "zXLmax": [-99.0], "ptScale": [1.543], "eS3": [1.0], "eXS": [1.0], "lev": [7.4195], "sl": 0.0}, "train": {"n": 64, "months": 5.945792214912281, "eq": 14421.975969407542, "growth": 0.4488473622664364, "liq": false, "maxdd": 0.5235550365326314, "tpm": 10.763914662117772, "sl_hits": 0, "worst_mae": -0.07146994931209272, "win": 0.953125, "score": 0.3955504879244973}, "oos": {"n": 12, "months": 0.91796875, "eq": 1513.6738852303863, "growth": 0.4515837084453422, "liq": false, "maxdd": 0.3369222287634403, "tpm": 13.072340425531914, "sl_hits": 0, "worst_mae": -0.04506641366223907, "win": 1.0, "score": 0.4515837084453422}, "elapsed": 1.025282859802246}