{"job": {"strategy": "v6", "mode": "lev", "method": "none", "window": 182, "fold_idx": 20, "n_samples": 350, "seed": 365750}, "status": "ok", "n_feasible": 150, "cand": {"strategy": "v6", "tv": 0, "zL": [-1.7461], "zS": [2.0379], "zXS": [1.6263], "zXLmax": [-99.0], "ptScale": [2.2881], "eS3": [1.0], "eXS": [1.0], "lev": [5.6146], "sl": 0.0}, "train": {"n": 72, "months": 5.986362390350878, "eq": 10935.75514508456, "growth": 0.39958117357226364, "liq": false, "maxdd": 0.5533192240925701, "tpm": 12.02733735532838, "sl_hits": 0, "worst_mae": -0.09907195371821143, "win": 0.9722222222222222, "score": 0.3383913113988039}, "oos": {"n": 1, "months": 0.9185855263157895, "eq": 0.0, "growth": -30.079965691109322, "liq": true, "maxdd": NaN, "tpm": 1.0886302596239927, "sl_hits": 0, "worst_mae": -0.17010707797527871, "win": 0.0, "score": -30.079965691109322}, "elapsed": 1.0603299140930176}