{"job": {"strategy": "v6", "mode": "lev", "method": "none", "window": 182, "fold_idx": 2, "n_samples": 350, "seed": 365750}, "status": "ok", "n_feasible": 231, "cand": {"strategy": "v6", "tv": 0, "zL": [-1.4059], "zS": [1.8379], "zXS": [2.1596], "zXLmax": [-99.0], "ptScale": [2.1496], "eS3": [1.0], "eXS": [0.0], "lev": [7.0681], "sl": 0.0}, "train": {"n": 19, "months": 1.842859100877193, "eq": 3518.3765670015187, "growth": 0.6826347603396297, "liq": false, "maxdd": 0.401372541283201, "tpm": 10.310066565021755, "sl_hits": 0, "worst_mae": -0.05810220280032108, "win": 1.0, "score": 0.3695483857888123}, "oos": {"n": 7, "months": 0.9100877192982456, "eq": 1675.2945073064564, "growth": 0.5669661991231326, "liq": false, "maxdd": 0.21376175741503917, "tpm": 7.691566265060241, "sl_hits": 0, "worst_mae": -0.026726172155535077, "win": 1.0, "score": 0.5669661991231326}, "elapsed": 0.7122254371643066}