{"job": {"strategy": "v6", "mode": "lev", "method": "none", "window": 182, "fold_idx": 4, "n_samples": 350, "seed": 365750}, "status": "ok", "n_feasible": 123, "cand": {"strategy": "v6", "tv": 0, "zL": [-2.1476], "zS": [1.8796], "zXS": [1.8813], "zXLmax": [-99.0], "ptScale": [1.4863], "eS3": [1.0], "eXS": [1.0], "lev": [7.2973], "sl": 0.0}, "train": {"n": 35, "months": 3.6701617324561404, "eq": 3255.6170939813665, "growth": 0.32161575623708283, "liq": false, "maxdd": 0.6940542703416789, "tpm": 9.536364485108766, "sl_hits": 0, "worst_mae": -0.09656968743856886, "win": 1.0, "score": 0.3356347546780715}, "oos": {"n": 15, "months": 0.9156387061403509, "eq": 1910.4833130971483, "growth": 0.7069996595966997, "liq": false, "maxdd": 0.25502867557139197, "tpm": 16.38200733478033, "sl_hits": 0, "worst_mae": -0.032169890664423884, "win": 0.8666666666666667, "score": 0.7069996595966997}, "elapsed": 0.9150881767272949}