{"job": {"strategy": "v6", "mode": "lev", "method": "none", "window": 182, "fold_idx": 17, "n_samples": 350, "seed": 365750}, "status": "ok", "n_feasible": 80, "cand": {"strategy": "v6", "tv": 0, "zL": [-1.7863], "zS": [1.8651], "zXS": [1.5097], "zXLmax": [-39.8117], "ptScale": [1.4482], "eS3": [1.0], "eXS": [1.0], "lev": [3.7285], "sl": 0.0}, "train": {"n": 82, "months": 5.852179276315789, "eq": 3573.4332183130873, "growth": 0.21761582469355573, "liq": false, "maxdd": 0.6995011087612917, "tpm": 14.011874231512383, "sl_hits": 0, "worst_mae": -0.18844792423638634, "win": 0.9512195121951219, "score": 0.16039671034454173}, "oos": {"n": 16, "months": 0.920984100877193, "eq": 1285.1997281280758, "growth": 0.272441333656035, "liq": false, "maxdd": 0.16183408091839474, "tpm": 17.37272118461195, "sl_hits": 0, "worst_mae": -0.04016654420769039, "win": 0.9375, "score": 0.272441333656035}, "elapsed": 0.8118584156036377}