{"job": {"strategy": "v6", "mode": "lev", "method": "none", "window": 182, "fold_idx": 16, "n_samples": 350, "seed": 365750}, "status": "ok", "n_feasible": 73, "cand": {"strategy": "v6", "tv": 1, "zL": [-1.5711], "zS": [1.7161], "zXS": [1.7766], "zXLmax": [-99.0], "ptScale": [1.2929], "eS3": [1.0], "eXS": [1.0], "lev": [3.487], "sl": 0.0}, "train": {"n": 61, "months": 5.768229166666667, "eq": 2855.4604099294934, "growth": 0.18189864934513922, "liq": false, "maxdd": 0.7044624236305053, "tpm": 10.575169300225733, "sl_hits": 0, "worst_mae": -0.20531518392480952, "win": 0.9672131147540983, "score": 0.10711839483104044}, "oos": {"n": 14, "months": 0.9210526315789473, "eq": 1249.1383464076737, "growth": 0.24152147566936477, "liq": false, "maxdd": 0.34782515221162397, "tpm": 15.200000000000001, "sl_hits": 0, "worst_mae": -0.09907195371821143, "win": 1.0, "score": 0.24152147566936477}, "elapsed": 0.8604884147644043}