{"job": {"strategy": "v6", "mode": "lev", "method": "none", "window": 182, "fold_idx": 15, "n_samples": 350, "seed": 365750}, "status": "ok", "n_feasible": 99, "cand": {"strategy": "v6", "tv": 1, "zL": [-0.9655993843794053], "zS": [1.2667112401186216], "zXS": [1.9224535923226784], "zXLmax": [-99.0], "ptScale": [1.9449292082580758], "eS3": [1.0], "eXS": [1.0], "lev": [2.4021155076087624], "sl": 0.0}, "train": {"n": 78, "months": 5.76733826754386, "eq": 4126.753960598278, "growth": 0.24577908668197407, "liq": false, "maxdd": 0.5959160696542886, "tpm": 13.5244364699312, "sl_hits": 0, "worst_mae": -0.2504439621152328, "win": 0.9871794871794872, "score": 0.373738465790785}, "oos": {"n": 8, "months": 0.9210526315789473, "eq": 0.0, "growth": -29.99939435443671, "liq": true, "maxdd": 1.0000000000000002, "tpm": 8.685714285714285, "sl_hits": 0, "worst_mae": -0.408299714494359, "win": 0.875, "score": -29.99939435443671}, "elapsed": 1.0129027366638184}