{"job": {"strategy": "v6", "mode": "lev", "method": "none", "window": 182, "fold_idx": 10, "n_samples": 350, "seed": 365750}, "status": "ok", "n_feasible": 107, "cand": {"strategy": "v6", "tv": 0, "zL": [-2.0122], "zS": [1.9685], "zXS": [2.0274], "zXLmax": [-40.4504], "ptScale": [1.6275], "eS3": [1.0], "eXS": [1.0], "lev": [6.1597], "sl": 0.0}, "train": {"n": 73, "months": 5.9493558114035086, "eq": 10463.256519576018, "growth": 0.39464268323412616, "liq": false, "maxdd": 0.5901329659439354, "tpm": 12.270236024558534, "sl_hits": 0, "worst_mae": -0.10297113155861481, "win": 0.958904109589041, "score": 0.3263519454024855}, "oos": {"n": 6, "months": 0.8395696271929824, "eq": 0.0, "growth": -32.910934627673605, "liq": true, "maxdd": 1.0, "tpm": 7.14651865153865, "sl_hits": 0, "worst_mae": -0.1543455687777002, "win": 0.8333333333333334, "score": -32.910934627673605}, "elapsed": 1.0457193851470947}