{"job": {"strategy": "v6", "mode": "lev", "method": "none", "window": 182, "fold_idx": 7, "n_samples": 350, "seed": 365750}, "status": "ok", "n_feasible": 81, "cand": {"strategy": "v6", "tv": 1, "zL": [-1.9358], "zS": [1.7877], "zXS": [2.1413], "zXLmax": [-99.0], "ptScale": [1.3921], "eS3": [1.0], "eXS": [1.0], "lev": [6.8996], "sl": 0.0}, "train": {"n": 70, "months": 5.941885964912281, "eq": 12452.386678297844, "growth": 0.42442960374850364, "liq": false, "maxdd": 0.656484591137591, "tpm": 11.780771360029526, "sl_hits": 0, "worst_mae": -0.09656968743856886, "win": 0.9714285714285714, "score": 0.39561733077392724}, "oos": {"n": 4, "months": 0.915296052631579, "eq": 1166.5629842421483, "growth": 0.16831909717680524, "liq": false, "maxdd": 0.7838218115854155, "tpm": 4.370170709793351, "sl_hits": 0, "worst_mae": -0.11553758451544471, "win": 1.0, "score": 0.16831909717680524}, "elapsed": 1.0544891357421875}