{"job": {"strategy": "v6", "mode": "lev", "method": "none", "window": 182, "fold_idx": 1, "n_samples": 350, "seed": 365750}, "status": "ok", "n_feasible": 261, "cand": {"strategy": "v6", "tv": 1, "zL": [-1.5698], "zS": [1.0646], "zXS": [1.3855], "zXLmax": [-99.0], "ptScale": [2.0308], "eS3": [1.0], "eXS": [1.0], "lev": [9.4383], "sl": 0.0}, "train": {"n": 23, "months": 0.9268777412280702, "eq": 4735.702122298661, "growth": 1.6778156707799055, "liq": false, "maxdd": 0.6684502793781101, "tpm": 24.81449168207024, "sl_hits": 0, "worst_mae": -0.07013437364542696, "win": 0.9565217391304348, "score": 1.6778156707799055}, "oos": {"n": 11, "months": 0.9159813596491229, "eq": 0.0, "growth": -30.16548407329263, "liq": true, "maxdd": 1.0, "tpm": 12.008978003890467, "sl_hits": 0, "worst_mae": -0.09795128359980082, "win": 0.9090909090909091, "score": -30.16548407329263}, "elapsed": 0.6143004894256592}