{"job": {"strategy": "v6", "mode": "lev", "method": "none", "window": 182, "fold_idx": 18, "n_samples": 350, "seed": 365750}, "status": "ok", "n_feasible": 71, "cand": {"strategy": "v6", "tv": 1, "zL": [-1.8385], "zS": [1.046], "zXS": [1.5554], "zXLmax": [-1.3621], "ptScale": [1.6462], "eS3": [1.0], "eXS": [1.0], "lev": [2.7052], "sl": 0.0}, "train": {"n": 106, "months": 5.852453399122807, "eq": 6021.779039183501, "growth": 0.3067743755791405, "liq": false, "maxdd": 0.6166809998300748, "tpm": 18.11206220213351, "sl_hits": 0, "worst_mae": -0.2318648559125538, "win": 0.9811320754716981, "score": 0.21809905209654265}, "oos": {"n": 2, "months": 0.920984100877193, "eq": 1046.5201472934837, "growth": 0.04937166097375607, "liq": false, "maxdd": 0.13484904458930727, "tpm": 2.171590148076494, "sl_hits": 0, "worst_mae": -0.051168667087807984, "win": 1.0, "score": 0.04937166097375607}, "elapsed": 0.8084921836853027}