{"job": {"strategy": "v6", "mode": "lev", "method": "none", "window": 182, "fold_idx": 19, "n_samples": 350, "seed": 365750}, "status": "ok", "n_feasible": 73, "cand": {"strategy": "v6", "tv": 0, "zL": [-1.7657], "zS": [1.2819], "zXS": [1.786], "zXLmax": [-0.674], "ptScale": [1.7496], "eS3": [1.0], "eXS": [1.0], "lev": [3.2096], "sl": 0.0}, "train": {"n": 76, "months": 5.853892543859649, "eq": 4844.991142594284, "growth": 0.2695548996440506, "liq": false, "maxdd": 0.7285884153708972, "tpm": 12.98281432919691, "sl_hits": 0, "worst_mae": -0.23084560648684427, "win": 0.9868421052631579, "score": 0.230888198833535}, "oos": {"n": 4, "months": 0.9207785087719298, "eq": 1090.9423947517566, "growth": 0.09453077392322934, "liq": false, "maxdd": 0.5616189145325399, "tpm": 4.344150044656148, "sl_hits": 0, "worst_mae": -0.1737884936739078, "win": 1.0, "score": 0.09453077392322934}, "elapsed": 0.84737229347229}