{
 "cand": {
  "strategy": "v7",
  "mode": "lev",
  "regs": [
   {
    "leverage": 7.7545303615866725,
    "zS": 2.4009747322226684,
    "eXS": 0.0,
    "vEmaDn": 3.0,
    "apt1Long": 0.01975385601868713,
    "vEmaUp": 0.0,
    "trendBlockZ": 99.0,
    "cdPeriodShort": 192.88439872453165,
    "ptLong": 0.025983149383437487,
    "eS3": 1.0,
    "vX": 1.0,
    "cdPctShort": 0.012,
    "cdPctLong": 0.0033319220436287865,
    "apt2Long": 0.013494199159394562,
    "zL": -1.804509397796419,
    "zXLmax": -0.008513044582217744,
    "xTpShort": 0.008224412271757244,
    "rsiValLong": 52.92586522082756,
    "ptShort": 0.012120787055722202,
    "rsiValShort": 77.71662614094045,
    "xApt2Long": 0.001142569418320946,
    "vBB": 1.0,
    "vRsi": 0.0,
    "xDur1Short": 64.66193692036671,
    "apt1Short": 0.012743039927706786,
    "xApt1Long": 0.001229553586549098,
    "xCdPctShort": 0.0023963070863926494,
    "cdPeriodLong": 139.16742794108586,
    "vHistN": 1.0,
    "xCdPeriodShort": 29.726570219609787,
    "xApt1Short": 0.006070164616991398,
    "xDur2Short": 290.74918676335574,
    "dur2Short": 310.7735775600994,
    "requireHistPos": 0.0,
    "slShort": 0.07565955009874072,
    "xMinBetween": 6.916058751841497,
    "eL3": 0.0,
    "zXS": 2.2949893509365706,
    "xTpLong": 0.001,
    "bbValShort": 0.6,
    "xApt2Short": 0.0,
    "xDur1Long": 59.57993830263774,
    "bbValLong": 0.103270604247067,
    "slLong": 0.050064158113323085,
    "xDur2Long": 562.6375513952934,
    "dur1Long": 51.22474489863387,
    "eXL": 0.0,
    "dur2Long": 323.8259878965928,
    "vMacd": 2.0,
    "apt2Short": 0.0059871177650341985,
    "dur1Short": 51.459318250597384
   },
   {
    "leverage": 10.0,
    "zS": 1.364164692691904,
    "eXS": 1.0,
    "vEmaDn": 3.0,
    "apt1Long": 0.019319237892048292,
    "vEmaUp": 2.0,
    "trendBlockZ": 2.0,
    "cdPeriodShort": 205.2982286431779,
    "ptLong": 0.03,
    "eS3": 1.0,
    "vX": 3.0,
    "cdPctShort": 0.005435457059120639,
    "cdPctLong": 0.006369121539032723,
    "apt2Long": 0.01163480182691198,
    "zL": -0.9937683451674366,
    "zXLmax": -1.7009366504579086,
    "xTpShort": 0.002846498916458962,
    "rsiValLong": 55.300167710834614,
    "ptShort": 0.01724809358015482,
    "rsiValShort": 64.99587209689754,
    "xApt2Long": 0.0,
    "vBB": 0.0,
    "vRsi": 3.0,
    "xDur1Short": 10.0,
    "apt1Short": 0.010344743034667375,
    "xApt1Long": 0.012653550293588394,
    "xCdPctShort": 0.005176921330668569,
    "cdPeriodLong": 10.0,
    "vHistN": 0.0,
    "xCdPeriodShort": 48.73981293085839,
    "xApt1Short": 0.013268111616650915,
    "xDur2Short": 720.0,
    "dur2Short": 360.0,
    "requireHistPos": 0.0,
    "slShort": 0.06835173336773291,
    "xMinBetween": 3.106685019636646,
    "eL3": 1.0,
    "zXS": 2.0897640076684683,
    "xTpLong": 0.01610433230721315,
    "bbValShort": 1.054903141671008,
    "xApt2Short": 0.01,
    "xDur1Long": 10.0,
    "bbValLong": -0.12508883294301326,
    "slLong": 0.07977142159574299,
    "xDur2Long": 512.2982871899318,
    "dur1Long": 2.78526125662465,
    "eXL": 0.0,
    "dur2Long": 330.9716107187003,
    "vMacd": 0.0,
    "apt2Short": 0.0,
    "dur1Short": 75.6238396438424
   },
   {
    "leverage": 10.0,
    "zS": 2.53638443919043,
    "eXS": 0.0,
    "vEmaDn": 1.0,
    "apt1Long": 0.016945742188638716,
    "vEmaUp": 4.0,
    "trendBlockZ": 1.5,
    "cdPeriodShort": 59.94587856980691,
    "ptLong": 0.021392739820065287,
    "eS3": 0.0,
    "vX": 4.0,
    "cdPctShort": 0.00619536157097648,
    "cdPctLong": 0.002073481064441893,
    "apt2Long": 0.015,
    "zL": -1.722777365645124,
    "zXLmax": -2.228742177057011,
    "xTpShort": 0.02,
    "rsiValLong": 51.37148148187116,
    "ptShort": 0.025424547870999688,
    "rsiValShort": 53.15841203214644,
    "xApt2Long": 0.0010236149600724666,
    "vBB": 2.0,
    "vRsi": 1.0,
    "xDur1Short": 145.59094868479124,
    "apt1Short": 0.006063197980749091,
    "xApt1Long": 0.013535023985066882,
    "xCdPctShort": 0.005781475234022828,
    "cdPeriodLong": 207.80794342248285,
    "vHistN": 3.0,
    "xCdPeriodShort": 57.797825611830746,
    "xApt1Short": 0.010952033375103563,
    "xDur2Short": 287.9751727476022,
    "dur2Short": 112.81762667401813,
    "requireHistPos": 0.0,
    "slShort": 0.07040399636733806,
    "xMinBetween": 12.464586372600824,
    "eL3": 1.0,
    "zXS": 2.137691257540776,
    "xTpLong": 0.016103049673793345,
    "bbValShort": 1.1094911651566954,
    "xApt2Short": 0.01,
    "xDur1Long": 138.2193410341372,
    "bbValLong": -0.11080107796851837,
    "slLong": 0.07668215489561439,
    "xDur2Long": 593.8020602393987,
    "dur1Long": 79.74602651455373,
    "eXL": 1.0,
    "dur2Long": 326.35020043929677,
    "vMacd": 1.0,
    "apt2Short": 0.015,
    "dur1Short": 2.5583510942035694
   }
  ]
 },
 "metrics": {
  "n": 109,
  "months": 14.81640625,
  "eq": 767780636.7007455,
  "growth": 0.9146117562775445,
  "liq": false,
  "maxdd": 0.49858330240750215,
  "tpm": 7.356709728447139,
  "sl_hits": 0,
  "worst_mae": -0.04834592341755661,
  "win": 0.981651376146789,
  "max_hold_days": 1.99375,
  "in_market": 0.06219675209642879,
  "score": 0.9626533219860038
 },
 "strategy": "v7",
 "mode": "lev",
 "method": "vol3",
 "algo": "genetic",
 "per_regime": true,
 "train_end": "2025-09-01",
 "holdout_days": null,
 "max_dd": 0.5,
 "max_hold_days": 7.0,
 "gap_mode": "skip_contaminated",
 "scoring": "underwater",
 "anchor": null,
 "anchor_strength": 0.0,
 "evaluated": 200200,
 "generated": "2026-07-16 22:35",
 "holdout": {
  "n": 1,
  "months": 2.1842105263157894,
  "eq": 0.0,
  "growth": -12.650347016931143,
  "liq": true,
  "maxdd": 1.0,
  "tpm": 0.45783132530120485,
  "sl_hits": 0,
  "worst_mae": -0.092,
  "win": 0.0,
  "max_hold_days": 65.75,
  "in_market": 1.0965424196787148,
  "score": -13.1986182267705
 },
 "holdout_scan": {
  "scanned": 595,
  "pool": 595,
  "reservoir": 295,
  "survivors": 5
 },
 "holdout_survivors": [
  {
   "rank": 509,
   "train_score": 0.18560844660625142,
   "holdout": {
    "n": 54,
    "months": 9.656661184210527,
    "eq": 11731.329152625505,
    "growth": 0.2549807766390662,
    "liq": false,
    "maxdd": 0.6257050999873353,
    "tpm": 5.591994890355545,
    "sl_hits": 0,
    "worst_mae": -0.062935182944861,
    "win": 0.8703703703703703,
    "max_hold_days": 2.125,
    "in_market": 0.06884536228798524,
    "score": 0.13455055746724848
   }
  },
  {
   "rank": 570,
   "train_score": 0.13083219141509048,
   "holdout": {
    "n": 59,
    "months": 9.656661184210527,
    "eq": 9454.915562811088,
    "growth": 0.23264094377844075,
    "liq": false,
    "maxdd": 0.6030045594167094,
    "tpm": 6.109772195018096,
    "sl_hits": 0,
    "worst_mae": -0.059897524716749695,
    "win": 0.9661016949152542,
    "max_hold_days": 2.1083333333333334,
    "in_market": 0.05591512312823788,
    "score": 0.13319524408587857
   }
  },
  {
   "rank": 579,
   "train_score": 0.12948049941921846,
   "holdout": {
    "n": 43,
    "months": 9.656661184210527,
    "eq": 4391.2308323848065,
    "growth": 0.1532216499478278,
    "liq": false,
    "maxdd": 0.7275364784449411,
    "tpm": 4.4528848200979345,
    "sl_hits": 0,
    "worst_mae": -0.08772765147006312,
    "win": 0.9534883720930233,
    "max_hold_days": 6.185416666666667,
    "in_market": 0.07758853168689234,
    "score": 0.06817545620390972
   }
  },
  {
   "rank": 560,
   "train_score": 0.05891273676477271,
   "holdout": {
    "n": 34,
    "months": 9.656661184210527,
    "eq": 2988.773091020013,
    "growth": 0.11337903907510392,
    "liq": false,
    "maxdd": 0.3711539713219269,
    "tpm": 3.5208856717053436,
    "sl_hits": 0,
    "worst_mae": -0.051948051948051965,
    "win": 1.0,
    "max_hold_days": 2.28125,
    "in_market": 0.03728621105670286,
    "score": 0.09316634366183688
   }
  },
  {
   "rank": 476,
   "train_score": 0.056419361957729716,
   "holdout": {
    "n": 65,
    "months": 9.656661184210527,
    "eq": 2528.3992204017836,
    "growth": 0.09605663547521577,
    "liq": false,