{
 "cand": {
  "strategy": "v7",
  "mode": "lev",
  "regs": [
   {
    "rsiValShort": 69.72619394532906,
    "vMacd": 0.0,
    "ptShort": 0.03,
    "apt1Long": 0.0055372974816386205,
    "cdPctLong": 0.008194843822401503,
    "xApt1Short": 0.008769895371607548,
    "zXLmax": -0.03263351490989336,
    "vBB": 0.0,
    "dur2Long": 249.27759614465296,
    "eS3": 1.0,
    "xCdPeriodShort": 100.86726885460858,
    "xTpShort": 0.02,
    "xDur1Long": 44.94283763969922,
    "rsiValLong": 34.92886105180975,
    "xDur2Long": 286.7837950915603,
    "xDur2Short": 109.4631196108915,
    "cdPctShort": 0.006086750639697348,
    "vX": 1.0,
    "eXS": 0.0,
    "xDur1Short": 41.57994555575412,
    "xApt2Long": 0.007835021067236148,
    "apt2Long": 0.005102207830255772,
    "apt1Short": 0.016122360363372536,
    "xTpLong": 0.015906641839858793,
    "vEmaUp": 4.0,
    "xMinBetween": 23.007965297811175,
    "dur1Long": 89.8698236543435,
    "xCdPctShort": 0.0014386741811787797,
    "xApt1Long": 0.0143062730780865,
    "slShort": 0.10603630327513883,
    "leverage": 8.712197138407117,
    "dur2Short": 83.06317273888186,
    "vEmaDn": 1.0,
    "vRsi": 2.0,
    "vHistN": 3.0,
    "eL3": 1.0,
    "apt2Short": 0.013733907751511301,
    "trendBlockZ": 3.0,
    "zXS": 3.0,
    "xApt2Short": 0.0016137423778349131,
    "slLong": 0.03659414159394603,
    "bbValLong": 0.35,
    "zL": -2.6799235407940207,
    "requireHistPos": 0.0,
    "cdPeriodLong": 150.94354316556982,
    "zS": 1.56713046590212,
    "dur1Short": 65.56845893299968,
    "ptLong": 0.009842352230029924,
    "eXL": 1.0,
    "bbValShort": 0.6,
    "cdPeriodShort": 93.93917248046634
   },
   {
    "rsiValShort": 50.0,
    "vMacd": 0.0,
    "ptShort": 0.013817799938458483,
    "apt1Long": 0.01326682452081562,
    "cdPctLong": 0.007241921860548609,
    "xApt1Short": 0.015,
    "zXLmax": -1.8506091963483953,
    "vBB": 2.0,
    "dur2Long": 343.4685783949708,
    "eS3": 1.0,
    "xCdPeriodShort": 11.85864500158968,
    "xTpShort": 0.012177640353668952,
    "xDur1Long": 89.84311182340116,
    "rsiValLong": 63.25021128449701,
    "xDur2Long": 234.38307178241539,
    "xDur2Short": 427.27790859903297,
    "cdPctShort": 0.005249939416193889,
    "vX": 3.0,
    "eXS": 1.0,
    "xDur1Short": 148.79824562925003,
    "xApt2Long": 0.01,
    "apt2Long": 0.0006413074808299064,
    "apt1Short": 0.013572266317583386,
    "xTpLong": 0.003946573441904541,
    "vEmaUp": 1.0,
    "xMinBetween": 30.0,
    "dur1Long": 15.755035201653751,
    "xCdPctShort": 0.0014993843361262118,
    "xApt1Long": 0.012199662087876989,
    "slShort": 0.034573001441122214,
    "leverage": 8.74907492614158,
    "dur2Short": 269.8272024394179,
    "vEmaDn": 2.0,
    "vRsi": 3.0,
    "vHistN": 3.0,
    "eL3": 1.0,
    "apt2Short": 0.0,
    "trendBlockZ": 1.5,
    "zXS": 2.161410540215039,
    "xApt2Short": 0.0005976845621718934,
    "slLong": 0.11887738563606697,
    "bbValLong": 0.26252308861189927,
    "zL": -0.8,
    "requireHistPos": 0.0,
    "cdPeriodLong": 38.305260003996416,
    "zS": 1.0689222429331764,
    "dur1Short": 46.34638027516129,
    "ptLong": 0.0198586967182138,
    "eXL": 0.0,
    "bbValShort": 0.816065684315599,
    "cdPeriodShort": 54.098881864538924
   },
   {
    "rsiValShort": 65.58194058331325,
    "vMacd": 1.0,
    "ptShort": 0.02064794453818647,
    "apt1Long": 0.009528077927990361,
    "cdPctLong": 0.006555540547447993,
    "xApt1Short": 0.010494558342417372,
    "zXLmax": -1.7932266981290104,
    "vBB": 0.0,
    "dur2Long": 54.771635418708684,
    "eS3": 1.0,
    "xCdPeriodShort": 58.09112810848477,
    "xTpShort": 0.01180937532741726,
    "xDur1Long": 183.68857083851063,
    "rsiValLong": 79.2790609358469,
    "xDur2Long": 617.8464516389934,
    "xDur2Short": 483.10476838701464,
    "cdPctShort": 0.0086490950767114,
    "vX": 4.0,
    "eXS": 0.0,
    "xDur1Short": 201.31367783566708,
    "xApt2Long": 0.007258550908318794,
    "apt2Long": 0.008561954650740985,
    "apt1Short": 0.02,
    "xTpLong": 0.018969597300583164,
    "vEmaUp": 0.0,
    "xMinBetween": 24.629433032907766,
    "dur1Long": 33.15989317654515,
    "xCdPctShort": 0.0012772506153555952,
    "xApt1Long": 0.01487084672267222,
    "slShort": 0.06947570068087519,
    "leverage": 8.565181752406955,
    "dur2Short": 360.0,
    "vEmaDn": 4.0,
    "vRsi": 1.0,
    "vHistN": 3.0,
    "eL3": 0.0,
    "apt2Short": 0.0007507871748701796,
    "trendBlockZ": 3.0,
    "zXS": 3.0,
    "xApt2Short": 0.004633063708626482,
    "slLong": 0.11448457762614983,
    "bbValLong": -0.0031340790121014775,
    "zL": -1.1477344684060007,
    "requireHistPos": 0.0,
    "cdPeriodLong": 225.56723837352666,
    "zS": 2.5711958621200623,
    "dur1Short": 24.5719429338337,
    "ptLong": 0.02297456736338742,
    "eXL": 1.0,
    "bbValShort": 0.9820447876298785,
    "cdPeriodShort": 36.52860854901637
   }
  ]
 },
 "metrics": {
  "n": 205,
  "months": 14.81640625,
  "eq": 114756773442.0606,
  "growth": 1.2525524151971994,
  "liq": false,
  "maxdd": 0.5827010277161243,
  "tpm": 13.836013709464803,
  "sl_hits": 0,
  "worst_mae": -0.06350435624394946,
  "win": 0.9463414634146341,
  "max_hold_days": 6.497916666666667,
  "in_market": 0.12499942183431159,
  "score": 1.1435418065138905
 },
 "strategy": "v7",
 "mode": "lev",
 "method": "vol3",
 "algo": "genetic",
 "per_regime": true,
 "train_end": "2025-09-01",
 "holdout_days": null,
 "max_dd": 0.6,
 "max_hold_days": 7.0,
 "gap_mode": "skip_contaminated",
 "scoring": "underwater",
 "anchor": null,
 "anchor_strength": 0.0,
 "evaluated": 1001000,
 "generated": "2026-07-11 10:11",
 "holdout": {
  "n": 6,
  "months": 2.1842105263157894,
  "eq": 0.0,
  "growth": -12.650347016931143,
  "liq": true,
  "maxdd": 1.0,
  "tpm": 2.746987951807229,
  "sl_hits": 0,
  "worst_mae": -0.10629779816058896,
  "win": 0.8333333333333334,
  "max_hold_days": 55.58541666666667,
  "in_market": 1.0326618975903614,
  "score": -13.166677965726324
 },
 "holdout_scan": {
  "scanned": 598,
  "pool": 598,
  "reservoir": 298,
  "survivors": 2
 },
 "holdout_survivors": [
  {
   "rank": 517,
   "train_score": 0.08219017280826056,
   "holdout": {
    "n": 62,
    "months": 9.656661184210527,
    "eq": 6942.372012049381,
    "growth": 0.20065356624195207,
    "liq": false,
    "maxdd": 0.47758445421785234,
    "tpm": 6.420438577815626,
    "sl_hits": 0,
    "worst_mae": -0.062935182944861,
    "win": 0.9193548387096774,
    "max_hold_days": 1.8041666666666667,
    "in_market": 0.03939393939393939,
    "score": 0.11407176114681299
   }
  },
  {
   "rank": 354,
   "train_score": 0.03248836379592686,
   "holdout": {
    "n": 44,
    "months": 9.656661184210527,
    "eq": 1617.7105315257381,
    "growth": 0.04981140876139306,
    "liq": false,
    "maxdd": 0.298778799378119,
    "tpm": 4.5564402810304445,
    "sl_hits": 0,
    "worst_mae": -0.22926248579622321,
    "win": 1.0,
    "max_hold_days": 2.41875,
    "in_market": 0.030416577957561565,
    "score": 0.027978633989295783
   }
  }
 ],
 "holdout_top10": [
  {
   "rank": 304,
   "train_score": 0.19460412406062627,
   "holdout": {
    "n": 36,
    "months": 9.656661184210527,
    "eq": 11756.735694697616,
    "growth": 0.25520480422228276,
    "liq": false,
    "maxdd": 0.6333604216031705,
    "tpm": 3.7279965935703636,
    "sl_hits": 0,
    "worst_mae": -0.07691194559004422,
    "win": 0.9722222222222222,
    "max_hold_days": 8.916666666666666,
    "in_market": 0.10234901710311546,
    "score": 0.17141448969845866
   }
  },
  {
   "rank": 517,
   "train_score": 0.08219017280826056,
   "holdout": {
    "n": 62,
    "months": 9.656661184210527,
    "eq": 6942.372012049381,
    "growth": 0.20065356624195207,
    "liq": false,
    "maxdd": 0.47758445421785234,
    "tpm": 6.420438577815626,
    "sl_hits": 0,
    "worst_mae": -0.062935182944861,
    "win": 0.9193548387096774,
    "max_hold_days": 1.8041666666666667,
    "in_market": 0.03939393939393939,
    "score": 0.11407176114681299
   }
  },
  {
   "rank": 354,
   "train_score": 0.03248836379592686,