{
 "verdict": "PASS",
 "oos_pct_mo": 13.036331450536842,
 "maxdd": 0.4881862154883323,
 "n": 117,
 "folds": 14,
 "step_days": 42,
 "at": "2026-07-21 16:07"
}