{"job": {"strategy": "v6", "mode": "spot", "method": "none", "window": 91, "fold_idx": 15, "n_samples": 350, "seed": 25996}, "status": "ok", "n_feasible": 350, "cand": {"strategy": "v6", "tv": 1, "zL": [-1.3501], "zS": [1.6832], "zXS": [2.0718], "zXLmax": [-19.8172], "ptScale": [1.4981], "eS3": [0.0], "eXS": [0.0], "lev": [1.0], "sl": 0.03}, "train": {"n": 33, "months": 2.8591694078947367, "eq": 1075.573493345681, "growth": 0.02548082716241345, "liq": false, "maxdd": 0.04712007755008233, "tpm": 11.541813475228302, "sl_hits": 4, "worst_mae": -0.036175710594315236, "win": 0.8787878787878788, "score": 0.018628717272591258}, "oos": {"n": 5, "months": 0.9210526315789473, "eq": 958.0258301194967, "growth": -0.046556013585024376, "liq": false, "maxdd": 0.028250956295271586, "tpm": 5.428571428571429, "sl_hits": 2, "worst_mae": -0.033043053633922015, "win": 0.6, "score": -0.046556013585024376}, "elapsed": 0.8443622589111328}