{"job": {"strategy": "v6", "mode": "spot", "method": "none", "window": 91, "fold_idx": 1, "n_samples": 350, "seed": 25996}, "status": "ok", "n_feasible": 107, "cand": {"strategy": "v6", "tv": 1, "zL": [-0.9833], "zS": [1.9737], "zXS": [1.979], "zXLmax": [-99.0], "ptScale": [1.7803], "eS3": [0.0], "eXS": [0.0], "lev": [1.0], "sl": 0.08}, "train": {"n": 20, "months": 0.9268777412280702, "eq": 973.3255395201069, "growth": -0.02916962891622772, "liq": false, "maxdd": 0.11826300085739748, "tpm": 21.577818853974122, "sl_hits": 2, "worst_mae": -0.08111543981956126, "win": 0.9, "score": -0.02916962891622772}, "oos": {"n": 15, "months": 0.9159813596491229, "eq": 945.0370789610894, "growth": -0.06171644724728703, "liq": false, "maxdd": 0.0819470255989796, "tpm": 16.375879096214273, "sl_hits": 2, "worst_mae": -0.0814430172178191, "win": 0.8666666666666667, "score": -0.06171644724728703}, "elapsed": 0.5486118793487549}