{"job": {"strategy": "v6", "mode": "spot", "method": "none", "window": 91, "fold_idx": 18, "n_samples": 350, "seed": 25996}, "status": "ok", "n_feasible": 282, "cand": {"strategy": "v6", "tv": 0, "zL": [-1.4153], "zS": [2.004], "zXS": [2.0611], "zXLmax": [-20.5446], "ptScale": [2.3585], "eS3": [0.0], "eXS": [0.0], "lev": [1.0], "sl": 0.04}, "train": {"n": 24, "months": 2.9933525219298245, "eq": 1230.4452713360963, "growth": 0.06927888097772116, "liq": false, "maxdd": 0.043299991861316715, "tpm": 8.017765974495754, "sl_hits": 1, "worst_mae": -0.047367135997395726, "win": 0.9583333333333334, "score": 0.07479220472506767}, "oos": {"n": 9, "months": 0.920984100877193, "eq": 940.3490020800033, "growth": -0.06678095067864379, "liq": false, "maxdd": 0.10877519199409422, "tpm": 9.772155666344222, "sl_hits": 3, "worst_mae": -0.04045920641997325, "win": 0.6666666666666666, "score": -0.06678095067864379}, "elapsed": 0.5323498249053955}