{"job": {"strategy": "v6", "mode": "spot", "method": "none", "window": 91, "fold_idx": 16, "n_samples": 350, "seed": 25996}, "status": "ok", "n_feasible": 315, "cand": {"strategy": "v6", "tv": 1, "zL": [-1.476], "zS": [1.4038], "zXS": [1.6858], "zXLmax": [-99.0], "ptScale": [2.3083], "eS3": [0.0], "eXS": [0.0], "lev": [1.0], "sl": 0.06}, "train": {"n": 19, "months": 2.8782894736842106, "eq": 1038.2682553818524, "growth": 0.013047397266949744, "liq": false, "maxdd": 0.0638489922317868, "tpm": 6.6011428571428565, "sl_hits": 2, "worst_mae": -0.06386701662292216, "win": 0.8947368421052632, "score": 0.06869907969690212}, "oos": {"n": 9, "months": 0.9210526315789473, "eq": 1102.85677536313, "growth": 0.10629564305518664, "liq": false, "maxdd": 0.0, "tpm": 9.771428571428572, "sl_hits": 0, "worst_mae": -0.02610250297973793, "win": 1.0, "score": 0.10629564305518664}, "elapsed": 0.5287947654724121}