{"job": {"strategy": "v6", "mode": "spot", "method": "none", "window": 91, "fold_idx": 11, "n_samples": 350, "seed": 25996}, "status": "ok", "n_feasible": 295, "cand": {"strategy": "v6", "tv": 0, "zL": [-1.1556], "zS": [1.9053], "zXS": [1.7628], "zXLmax": [-39.8534], "ptScale": [0.9621], "eS3": [0.0], "eXS": [0.0], "lev": [1.0], "sl": 0.1}, "train": {"n": 44, "months": 2.9060444078947367, "eq": 1058.2177271506937, "growth": 0.019471864699662056, "liq": false, "maxdd": 0.10811715144916265, "tpm": 15.140856031128406, "sl_hits": 1, "worst_mae": -0.10741873606718855, "win": 0.9772727272727273, "score": -0.003057444913394365}, "oos": {"n": 18, "months": 0.9208470394736842, "eq": 969.2606583860346, "growth": -0.033905420361772555, "liq": false, "maxdd": 0.10214348844994962, "tpm": 19.547220361687877, "sl_hits": 1, "worst_mae": -0.11560951658260055, "win": 0.9444444444444444, "score": -0.033905420361772555}, "elapsed": 0.540541410446167}