{"job": {"strategy": "v6", "mode": "spot", "method": "none", "window": 91, "fold_idx": 20, "n_samples": 350, "seed": 25996}, "status": "ok", "n_feasible": 282, "cand": {"strategy": "v6", "tv": 1, "zL": [-1.1623], "zS": [1.7859], "zXS": [2.4215], "zXLmax": [-40.1705], "ptScale": [2.0593], "eS3": [0.0], "eXS": [0.0], "lev": [1.0], "sl": 0.1}, "train": {"n": 29, "months": 2.9930098684210527, "eq": 1201.9028655098782, "growth": 0.06144517733273532, "liq": false, "maxdd": 0.09214777131782943, "tpm": 9.689243027888446, "sl_hits": 1, "worst_mae": -0.10320705983641842, "win": 0.9655172413793104, "score": 0.04541039808521433}, "oos": {"n": 8, "months": 0.9185855263157895, "eq": 855.9739653799691, "growth": -0.16929868055115943, "liq": false, "maxdd": 0.09532707454289731, "tpm": 8.709042076991942, "sl_hits": 2, "worst_mae": -0.10364224441006886, "win": 0.75, "score": -0.16929868055115943}, "elapsed": 0.5314972400665283}