{"job": {"strategy": "v6", "mode": "spot", "method": "none", "window": 91, "fold_idx": 17, "n_samples": 350, "seed": 25996}, "status": "ok", "n_feasible": 286, "cand": {"strategy": "v6", "tv": 0, "zL": [-1.3853], "zS": [1.6619], "zXS": [1.4503], "zXLmax": [-20.03], "ptScale": [2.3032], "eS3": [0.0], "eXS": [0.0], "lev": [1.0], "sl": 0.08}, "train": {"n": 26, "months": 2.9933525219298245, "eq": 1296.550546457103, "growth": 0.0867613520922248, "liq": false, "maxdd": 0.0, "tpm": 8.685913139037066, "sl_hits": 0, "worst_mae": -0.057170542635658905, "win": 1.0, "score": 0.06246724114358979}, "oos": {"n": 6, "months": 0.920984100877193, "eq": 1063.8433567369984, "growth": 0.06719785815039803, "liq": false, "maxdd": 0.0, "tpm": 6.514770444229481, "sl_hits": 0, "worst_mae": -0.03887812108083455, "win": 1.0, "score": 0.06719785815039803}, "elapsed": 0.5391762256622314}