{"job": {"strategy": "v6", "mode": "spot", "method": "none", "window": 91, "fold_idx": 19, "n_samples": 350, "seed": 25996}, "status": "ok", "n_feasible": 221, "cand": {"strategy": "v6", "tv": 0, "zL": [-1.3463], "zS": [2.0328], "zXS": [1.9237], "zXLmax": [-40.0131], "ptScale": [2.1921], "eS3": [0.0], "eXS": [0.0], "lev": [1.0], "sl": 0.1}, "train": {"n": 24, "months": 2.99328399122807, "eq": 1268.3643879389786, "growth": 0.0794205252892307, "liq": false, "maxdd": 0.0, "tpm": 8.017949539814094, "sl_hits": 0, "worst_mae": -0.043986572519967515, "win": 1.0, "score": 0.08393118181765057}, "oos": {"n": 14, "months": 0.9207785087719298, "eq": 1022.9984790825313, "growth": 0.024694321195514533, "liq": false, "maxdd": 0.09214777131782947, "tpm": 15.204525156296517, "sl_hits": 1, "worst_mae": -0.10320705983641842, "win": 0.9285714285714286, "score": 0.024694321195514533}, "elapsed": 0.5296382904052734}