{"job": {"strategy": "v6", "mode": "spot", "method": "none", "window": 91, "fold_idx": 10, "n_samples": 350, "seed": 25996}, "status": "ok", "n_feasible": 350, "cand": {"strategy": "v6", "tv": 0, "zL": [-1.6092], "zS": [1.2899], "zXS": [2.3775], "zXLmax": [-39.963], "ptScale": [1.7377], "eS3": [0.0], "eXS": [0.0], "lev": [1.0], "sl": 0.08}, "train": {"n": 24, "months": 2.9782072368421053, "eq": 1102.6710488327033, "growth": 0.032816877693865966, "liq": false, "maxdd": 0.08116946648001241, "tpm": 8.058539279304156, "sl_hits": 1, "worst_mae": -0.08268961584322665, "win": 0.9583333333333334, "score": 0.011752369182969801}, "oos": {"n": 4, "months": 0.8395696271929824, "eq": 1026.063359480344, "growth": 0.03064605708449335, "liq": false, "maxdd": 0.0, "tpm": 4.764345767692434, "sl_hits": 0, "worst_mae": -0.06798752076496095, "win": 1.0, "score": 0.03064605708449335}, "elapsed": 0.5443949699401855}