{"job": {"strategy": "v6", "mode": "spot", "method": "none", "window": 91, "fold_idx": 3, "n_samples": 350, "seed": 25996}, "status": "ok", "n_feasible": 262, "cand": {"strategy": "v6", "tv": 0, "zL": [-1.3061], "zS": [1.7876], "zXS": [2.1197], "zXLmax": [-99.0], "ptScale": [1.6074], "eS3": [0.0], "eXS": [0.0], "lev": [1.0], "sl": 0.08}, "train": {"n": 31, "months": 2.752946820175439, "eq": 1238.636628753287, "growth": 0.07773898145138405, "liq": false, "maxdd": 0.0, "tpm": 11.260660675611758, "sl_hits": 0, "worst_mae": -0.05810220280032108, "win": 1.0, "score": 0.04624078780975811}, "oos": {"n": 14, "months": 0.9172149122807017, "eq": 917.596099569811, "growth": -0.09375988409188811, "liq": false, "maxdd": 0.13975818416960528, "tpm": 15.263598326359833, "sl_hits": 2, "worst_mae": -0.08180393912264994, "win": 0.8571428571428571, "score": -0.09375988409188811}, "elapsed": 0.662506103515625}