{"job": {"strategy": "v6", "mode": "spot", "method": "none", "window": 91, "fold_idx": 9, "n_samples": 350, "seed": 25996}, "status": "ok", "n_feasible": 350, "cand": {"strategy": "v6", "tv": 0, "zL": [-1.5327], "zS": [1.8661], "zXS": [2.058], "zXLmax": [-20.7219], "ptScale": [2.1349], "eS3": [0.0], "eXS": [0.0], "lev": [1.0], "sl": 0.08}, "train": {"n": 27, "months": 2.9727247807017543, "eq": 1296.8450303527563, "growth": 0.08743978478322484, "liq": false, "maxdd": 0.0, "tpm": 9.082576421227351, "sl_hits": 0, "worst_mae": -0.0757922247631494, "win": 1.0, "score": 0.06925454724024857}, "oos": {"n": 10, "months": 0.91796875, "eq": 996.4776824891446, "growth": -0.0038438514127769746, "liq": false, "maxdd": 0.0, "tpm": 10.893617021276595, "sl_hits": 1, "worst_mae": -0.08268961584322665, "win": 0.9, "score": -0.0038438514127769746}, "elapsed": 0.5498466491699219}