{"job": {"strategy": "v6", "mode": "spot", "method": "none", "window": 91, "fold_idx": 5, "n_samples": 350, "seed": 25996}, "status": "ok", "n_feasible": 350, "cand": {"strategy": "v6", "tv": 0, "zL": [-2.3698], "zS": [1.8707], "zXS": [1.5436], "zXLmax": [-40.0606], "ptScale": [2.2357], "eS3": [0.0], "eXS": [0.0], "lev": [1.0], "sl": 0.1}, "train": {"n": 13, "months": 2.9689555921052633, "eq": 1042.2943995128585, "growth": 0.013952528174589583, "liq": false, "maxdd": 0.0, "tpm": 4.378644138217575, "sl_hits": 1, "worst_mae": -0.10014817842726476, "win": 0.9230769230769231, "score": 0.04415251639534826}, "oos": {"n": 4, "months": 0.9084429824561403, "eq": 1050.0909878198522, "growth": 0.05380284335454614, "liq": false, "maxdd": 0.0, "tpm": 4.403138201569101, "sl_hits": 0, "worst_mae": -0.007142346975216096, "win": 1.0, "score": 0.05380284335454614}, "elapsed": 0.5484170913696289}