{"job": {"strategy": "v6", "mode": "spot", "method": "none", "window": 91, "fold_idx": 6, "n_samples": 350, "seed": 25996}, "status": "ok", "n_feasible": 350, "cand": {"strategy": "v6", "tv": 0, "zL": [-2.1203], "zS": [1.3772], "zXS": [1.7565], "zXLmax": [-39.9344], "ptScale": [2.3373], "eS3": [0.0], "eXS": [0.0], "lev": [1.0], "sl": 0.08}, "train": {"n": 17, "months": 2.96984649122807, "eq": 1233.991010454237, "growth": 0.07079613077462611, "liq": false, "maxdd": 0.0, "tpm": 5.724201587594609, "sl_hits": 0, "worst_mae": -0.056884822894675224, "win": 1.0, "score": 0.05847750497291729}, "oos": {"n": 8, "months": 0.9139939692982456, "eq": 1082.2176548754596, "growth": 0.08644730996314166, "liq": false, "maxdd": 0.0, "tpm": 8.75279298192997, "sl_hits": 0, "worst_mae": -0.05756034074775196, "win": 1.0, "score": 0.08644730996314166}, "elapsed": 0.5500319004058838}