{"job": {"strategy": "v6", "mode": "spot", "method": "none", "window": 91, "fold_idx": 8, "n_samples": 350, "seed": 25996}, "status": "ok", "n_feasible": 350, "cand": {"strategy": "v6", "tv": 1, "zL": [-1.5403], "zS": [1.2743], "zXS": [2.1685], "zXLmax": [-1.0631], "ptScale": [2.235], "eS3": [0.0], "eXS": [0.0], "lev": [1.0], "sl": 0.08}, "train": {"n": 32, "months": 2.9679961622807016, "eq": 1402.9241274018261, "growth": 0.11406979737065338, "liq": false, "maxdd": 0.0, "tpm": 10.78168510009467, "sl_hits": 0, "worst_mae": -0.0757922247631494, "win": 1.0, "score": 0.07456587113146873}, "oos": {"n": 8, "months": 0.9194078947368421, "eq": 1084.3759027187527, "growth": 0.08810520019986853, "liq": false, "maxdd": 0.0, "tpm": 8.701252236135957, "sl_hits": 0, "worst_mae": -0.011605670952852143, "win": 1.0, "score": 0.08810520019986853}, "elapsed": 0.545940637588501}