{"job": {"strategy": "v6", "mode": "spot", "method": "none", "window": 91, "fold_idx": 12, "n_samples": 350, "seed": 25996}, "status": "ok", "n_feasible": 350, "cand": {"strategy": "v6", "tv": 1, "zL": [-1.6825], "zS": [1.5784], "zXS": [2.4005], "zXLmax": [-20.4583], "ptScale": [2.1601], "eS3": [0.0], "eXS": [0.0], "lev": [1.0], "sl": 0.08}, "train": {"n": 27, "months": 2.9086485745614037, "eq": 1071.386027912267, "growth": 0.023706254519630276, "liq": false, "maxdd": 0.08794535439430998, "tpm": 9.282661451829512, "sl_hits": 2, "worst_mae": -0.08751542344363428, "win": 0.9259259259259259, "score": 0.028121594908525133}, "oos": {"n": 7, "months": 0.7870065789473684, "eq": 726.12869014846, "growth": -0.4066395749019943, "liq": false, "maxdd": 0.2855274713106562, "tpm": 8.894461859979103, "sl_hits": 4, "worst_mae": -0.11090275917492642, "win": 0.42857142857142855, "score": -0.4066395749019943}, "elapsed": 0.5414614677429199}