{"job": {"strategy": "v6", "mode": "spot", "method": "none", "window": 91, "fold_idx": 14, "n_samples": 350, "seed": 25996}, "status": "ok", "n_feasible": 350, "cand": {"strategy": "v6", "tv": 1, "zL": [-1.4122], "zS": [1.9277], "zXS": [1.8404], "zXLmax": [-40.3237], "ptScale": [1.2883], "eS3": [0.0], "eXS": [0.0], "lev": [1.0], "sl": 0.02}, "train": {"n": 43, "months": 2.8591008771929824, "eq": 1142.655781280698, "growth": 0.04664235067233258, "liq": false, "maxdd": 0.02494603091999828, "tpm": 15.039693192713328, "sl_hits": 5, "worst_mae": -0.022120486051685706, "win": 0.8837209302325582, "score": 0.023730907028269257}, "oos": {"n": 10, "months": 0.920984100877193, "eq": 1001.4893693113204, "growth": 0.0016159467893654667, "liq": false, "maxdd": 0.02271254946297346, "tpm": 10.857950740382469, "sl_hits": 2, "worst_mae": -0.02503229974160215, "win": 0.8, "score": 0.0016159467893654667}, "elapsed": 0.8482317924499512}