{"job": {"strategy": "v6", "mode": "spot", "method": "none", "window": 91, "fold_idx": 2, "n_samples": 350, "seed": 25996}, "status": "ok", "n_feasible": 259, "cand": {"strategy": "v6", "tv": 0, "zL": [-1.3037], "zS": [1.5144], "zXS": [2.4342], "zXLmax": [-99.0], "ptScale": [1.9564], "eS3": [0.0], "eXS": [0.0], "lev": [1.0], "sl": 0.08}, "train": {"n": 20, "months": 1.842859100877193, "eq": 1208.0066303418682, "growth": 0.10254261332361773, "liq": false, "maxdd": 0.0, "tpm": 10.85270164739132, "sl_hits": 0, "worst_mae": -0.05810220280032108, "win": 1.0, "score": 0.06275413939653457}, "oos": {"n": 9, "months": 0.9100877192982456, "eq": 1081.3428620224545, "growth": 0.08592980420375444, "liq": false, "maxdd": 0.0, "tpm": 9.889156626506024, "sl_hits": 0, "worst_mae": -0.023793194407808027, "win": 1.0, "score": 0.08592980420375444}, "elapsed": 0.61167311668396}