{
 "cand": {
  "strategy": "v7",
  "mode": "lev",
  "regs": [
   {
    "dur1Short": 14.618896707555725,
    "dur2Long": 10.0,
    "xApt2Short": 0.01,
    "ptLong": 0.016072933391681074,
    "xDur2Short": 391.1349770062917,
    "zXS": 1.5653849876735737,
    "zS": 2.4756928545339103,
    "eL3": 1.0,
    "xTpShort": 0.019186266482877374,
    "cdPeriodLong": 20.248321598845934,
    "cdPctLong": 0.0008757089731908612,
    "requireHistPos": 1.0,
    "eXL": 0.0,
    "vRsi": 2.0,
    "dur2Short": 105.21429912636226,
    "vBB": 4.0,
    "cdPeriodShort": 208.00163646574072,
    "xApt1Short": 0.004819730335250609,
    "vEmaUp": 4.0,
    "slShort": 0.12,
    "xCdPeriodShort": 51.34857666982384,
    "xTpLong": 0.02,
    "vHistN": 3.0,
    "xCdPctShort": 0.0022962928938662893,
    "zXLmax": 0.5,
    "zL": -0.9225625707297753,
    "xApt1Long": 0.0005,
    "apt2Long": 0.015,
    "xDur1Short": 239.28341547771072,
    "dur1Long": 0.6,
    "cdPctShort": 0.01124817641542261,
    "rsiValLong": 49.696860539629704,
    "vX": 3.0,
    "vEmaDn": 4.0,
    "ptShort": 0.002,
    "bbValLong": 0.2907302811467142,
    "xMinBetween": 8.415157641102601,
    "apt1Short": 0.009980653189040163,
    "eXS": 1.0,
    "trendBlockZ": 99.0,
    "leverage": 10.0,
    "bbValShort": 0.9419293101879427,
    "apt1Long": 0.013631500258569497,
    "vMacd": 4.0,
    "eS3": 1.0,
    "rsiValShort": 75.36534978284205,
    "xDur2Long": 277.223620464311,
    "xDur1Long": 81.7611206053049,
    "apt2Short": 0.001414934087318131,
    "slLong": 0.08084575851088777,
    "xApt2Long": 0.00508749019113221
   },
   {
    "dur1Short": 34.43061681678733,
    "dur2Long": 221.0969867352474,
    "xApt2Short": 0.00979790397240312,
    "ptLong": 0.028949454171072832,
    "xDur2Short": 30.0,
    "zXS": 2.816495562509041,
    "zS": 2.1893158839511857,
    "eL3": 1.0,
    "xTpShort": 0.005278511885570701,
    "cdPeriodLong": 144.5085584344954,
    "cdPctLong": 0.0060576568036128705,
    "requireHistPos": 1.0,
    "eXL": 1.0,
    "vRsi": 0.0,
    "dur2Short": 190.5701587642636,
    "vBB": 4.0,
    "cdPeriodShort": 80.21159035738026,
    "xApt1Short": 0.0018102882014307408,
    "vEmaUp": 3.0,
    "slShort": 0.12,
    "xCdPeriodShort": 120.0,
    "xTpLong": 0.007701235699165076,
    "vHistN": 2.0,
    "xCdPctShort": 0.01,
    "zXLmax": -2.4481640796865305,
    "zL": -0.9692665632214285,
    "xApt1Long": 0.009237791801818827,
    "apt2Long": 0.015,
    "xDur1Short": 31.190123705441966,
    "dur1Long": 24.15447767482561,
    "cdPctShort": 0.012,
    "rsiValLong": 39.17340937413826,
    "vX": 1.0,
    "vEmaDn": 4.0,
    "ptShort": 0.016569696359762708,
    "bbValLong": -0.08732062055783285,
    "xMinBetween": 30.0,
    "apt1Short": 0.013359239500370252,
    "eXS": 1.0,
    "trendBlockZ": 2.0,
    "leverage": 10.0,
    "bbValShort": 0.9823791586910022,
    "apt1Long": 0.02,
    "vMacd": 2.0,
    "eS3": 1.0,
    "rsiValShort": 66.37893570821004,
    "xDur2Long": 88.09345833060937,
    "xDur1Long": 47.11199787439963,
    "apt2Short": 0.013153657908813015,
    "slLong": 0.06781732594741167,
    "xApt2Long": 0.006046848278534922
   },
   {
    "dur1Short": 12.441563282561198,
    "dur2Long": 77.62063934234043,
    "xApt2Short": 0.0075999572756771305,
    "ptLong": 0.028421690810733456,
    "xDur2Short": 378.5550235094723,
    "zXS": 2.1528863755172054,
    "zS": 2.0607658936945983,
    "eL3": 1.0,
    "xTpShort": 0.016916041987184105,
    "cdPeriodLong": 153.11074358489557,
    "cdPctLong": 0.0048303510002797884,
    "requireHistPos": 1.0,
    "eXL": 0.0,
    "vRsi": 2.0,
    "dur2Short": 71.80010767007809,
    "vBB": 2.0,
    "cdPeriodShort": 133.50974547209998,
    "xApt1Short": 0.012609336852383444,
    "vEmaUp": 4.0,
    "slShort": 0.06970001780507797,
    "xCdPeriodShort": 40.96840099067667,
    "xTpLong": 0.013415310604007245,
    "vHistN": 3.0,
    "xCdPctShort": 0.0022990586271986876,
    "zXLmax": -0.3233543763483401,
    "zL": -1.483900899327542,
    "xApt1Long": 0.003077977424968345,
    "apt2Long": 0.009367004943308029,
    "xDur1Short": 108.95035446884283,
    "dur1Long": 14.23469737917047,
    "cdPctShort": 0.007762372022297624,
    "rsiValLong": 71.38513613500766,
    "vX": 1.0,
    "vEmaDn": 0.0,
    "ptShort": 0.006621028996636413,
    "bbValLong": -0.35,
    "xMinBetween": 2.3970254302510594,
    "apt1Short": 0.008568460574109992,
    "eXS": 1.0,
    "trendBlockZ": 99.0,
    "leverage": 10.0,
    "bbValShort": 0.9682385947067181,
    "apt1Long": 0.013732057745040332,
    "vMacd": 0.0,
    "eS3": 1.0,
    "rsiValShort": 61.80284582049515,
    "xDur2Long": 55.181023555777195,
    "xDur1Long": 157.2747287520869,
    "apt2Short": 0.00037522377649045196,
    "slLong": 0.07676137622796757,
    "xApt2Long": 0.0
   }
  ]
 },
 "metrics": {
  "n": 141,
  "months": 12.27981085526316,
  "eq": 18738701740.451176,
  "growth": 1.3637100564737188,
  "liq": false,
  "maxdd": 0.5127831950710723,
  "tpm": 11.482261547991762,
  "sl_hits": 0,
  "worst_mae": -0.0540852709285391,
  "win": 0.9929078014184397,
  "max_hold_days": 11.129166666666666,
  "in_market": 0.19028166105800087,
  "score": 1.0304312621987526
 },
 "strategy": "v7",
 "mode": "lev",
 "method": "vol3",
 "algo": "genetic",
 "per_regime": true,
 "train_end": null,
 "holdout_days": 30.0,
 "max_dd": null,
 "max_hold_days": null,
 "gap_mode": "skip_contaminated",
 "scoring": "underwater",
 "anchor": "defaults",
 "anchor_strength": 0.3,
 "evaluated": 1001240,
 "generated": "2026-07-09 21:34",
 "holdout": {
  "n": 16,
  "months": 1.2245065789473686,
  "eq": 0.0,
  "growth": -22.56502463194702,
  "liq": true,
  "maxdd": 1.0,
  "tpm": 13.066487575554062,
  "sl_hits": 0,
  "worst_mae": -0.092,
  "win": 0.9375,
  "max_hold_days": 2.0708333333333333,
  "in_market": 0.23164316095813745,
  "score": -19.271948012263678
 },
 "holdout_scan": {
  "scanned": 600,
  "pool": 600,
  "reservoir": 300,
  "survivors": 5
 },
 "holdout_survivors": [
  {
   "rank": 364,
   "train_score": -0.3882463131470255,
   "holdout": {
    "n": 154,
    "months": 12.193256578947368,
    "eq": 6080.505742603936,
    "growth": 0.14803984991053654,
    "liq": false,
    "maxdd": 0.38822650736179676,
    "tpm": 12.629931881027854,
    "sl_hits": 0,
    "worst_mae": -0.24386847542898205,
    "win": 1.0,
    "max_hold_days": 20.95,
    "in_market": 0.4431723657291877,
    "score": -0.16357562150336336
   }
  },
  {
   "rank": 480,
   "train_score": -0.34514981150348967,
   "holdout": {
    "n": 136,
    "months": 12.193256578947368,
    "eq": 4463.439950558911,
    "growth": 0.12268418600220359,
    "liq": false,
    "maxdd": 0.41130344034545274,
    "tpm": 11.153706076751872,
    "sl_hits": 0,
    "worst_mae": -0.2443776091933384,
    "win": 0.9852941176470589,
    "max_hold_days": 26.389583333333334,
    "in_market": 0.5899485173444842,
    "score": -0.2377093413905505
   }
  },
  {
   "rank": 574,
   "train_score": -0.3784773147385595,
   "holdout": {
    "n": 111,
    "months": 12.193256578947368,
    "eq": 3337.118604436553,
    "growth": 0.09883395248590517,
    "liq": false,
    "maxdd": 0.3424300898442121,
    "tpm": 9.103392459701896,
    "sl_hits": 0,
    "worst_mae": -0.24386847542898205,
    "win": 0.990990990990991,
    "max_hold_days": 12.008333333333333,
    "in_market": 0.35788876149367144,
    "score": -0.13249432891341834
   }
  },
  {
   "rank": 493,
   "train_score": -0.07422613155956492,
   "holdout": {
    "n": 25,
    "months": 12.193256578947368,
    "eq": 2220.48150590611,
    "growth": 0.06542338068204039,
    "liq": false,
    "maxdd": 0.5363993222890167,
    "tpm": 2.0503136170499765,
    "sl_hits": 0,
    "worst_mae": -0.09157616671558544,
    "win": 1.0,
    "max_hold_days": 8.35,
    "in_market": 0.05792922820979744,
    "score": 0.029819199837746252
   }
  },
  {
   "rank": 331,
   "train_score": -0.21510803277525103,
   "holdout": {
    "n": 41,
    "months": 12.193256578947368,
    "eq": 1595.0864360632156,
    "growth": 0.0382939474482832,
    "liq": false,