{
 "cand": {
  "strategy": "v7",
  "mode": "lev",
  "regs": [
   {
    "xDur1Short": 240.0,
    "slShort": 0.02948606614253681,
    "xTpLong": 0.006973755968855026,
    "xCdPeriodShort": 59.89906471171221,
    "eS3": 0.0,
    "vBB": 1.0,
    "eXL": 0.0,
    "vRsi": 2.0,
    "xApt1Short": 0.004080499700523925,
    "vEmaDn": 2.0,
    "xTpShort": 0.005089358433554603,
    "xCdPctShort": 0.0010256261745889904,
    "dur2Short": 302.2125656406932,
    "cdPeriodLong": 71.59706264996584,
    "xApt2Short": 0.006800190497008765,
    "apt1Short": 0.0014413651238612663,
    "xMinBetween": 24.266886584959263,
    "rsiValShort": 71.03632648077334,
    "eXS": 1.0,
    "rsiValLong": 67.03503302690518,
    "xDur1Long": 216.14582780192288,
    "leverage": 1.0,
    "cdPeriodShort": 162.79203732724162,
    "vX": 2.0,
    "ptLong": 0.01486347485085016,
    "eL3": 0.0,
    "dur1Long": 54.32086074601284,
    "cdPctShort": 0.0005,
    "zS": 0.915021189324338,
    "xDur2Short": 30.0,
    "ptShort": 0.002,
    "trendBlockZ": 1.5,
    "requireHistPos": 0.0,
    "vHistN": 0.0,
    "apt1Long": 0.013692617626049553,
    "dur1Short": 71.1300041215446,
    "vEmaUp": 0.0,
    "zL": -1.0920270462415012,
    "xDur2Long": 537.6485197526725,
    "apt2Short": 0.0,
    "slLong": 0.10928214483550343,
    "apt2Long": 0.014836427825406793,
    "bbValLong": -0.22222272696235873,
    "cdPctLong": 0.0005,
    "zXS": 2.2067564973016673,
    "xApt1Long": 0.01016559935944208,
    "xApt2Long": 0.0034213181884881695,
    "bbValShort": 0.7417501075074944,
    "vMacd": 1.0,
    "zXLmax": 0.09594554257379789,
    "dur2Long": 360.0
   },
   {
    "xDur1Short": 58.25967090637035,
    "slShort": 0.034244431699772745,
    "xTpLong": 0.018332527063309408,
    "xCdPeriodShort": 81.78252376940627,
    "eS3": 1.0,
    "vBB": 1.0,
    "eXL": 0.0,
    "vRsi": 5.0,
    "xApt1Short": 0.012753546762515198,
    "vEmaDn": 2.0,
    "xTpShort": 0.02,
    "xCdPctShort": 0.0020687988339381648,
    "dur2Short": 189.6461298267712,
    "cdPeriodLong": 178.51919086390086,
    "xApt2Short": 0.008087570393240495,
    "apt1Short": 0.005619513492626965,
    "xMinBetween": 8.49941308158101,
    "rsiValShort": 68.33467522665129,
    "eXS": 0.0,
    "rsiValLong": 64.27286715825036,
    "xDur1Long": 166.03023483904707,
    "leverage": 2.0,
    "cdPeriodShort": 10.0,
    "vX": 0.0,
    "ptLong": 0.02654892010040276,
    "eL3": 1.0,
    "dur1Long": 4.517158416636093,
    "cdPctShort": 0.001383042723367877,
    "zS": 2.1376835984534996,
    "xDur2Short": 334.7394930294853,
    "ptShort": 0.002,
    "trendBlockZ": 1.5,
    "requireHistPos": 1.0,
    "vHistN": 0.0,
    "apt1Long": 0.0017628084209519237,
    "dur1Short": 67.57966900689706,
    "vEmaUp": 1.0,
    "zL": -2.669468168189185,
    "xDur2Long": 579.2642284282416,
    "apt2Short": 0.005233272566036307,
    "slLong": 0.12,
    "apt2Long": 0.014697115393483203,
    "bbValLong": 0.28797661575585715,
    "cdPctLong": 0.012,
    "zXS": 2.3443545585812333,
    "xApt1Long": 0.0013299938061856057,
    "xApt2Long": 0.0066095903208571085,
    "bbValShort": 1.0774043888161429,
    "vMacd": 4.0,
    "zXLmax": -2.0793594234172015,
    "dur2Long": 330.7767221037888
   },
   {
    "xDur1Short": 226.50066040461374,
    "slShort": 0.09039530455094381,
    "xTpLong": 0.011896890934557721,
    "xCdPeriodShort": 28.357090965353954,
    "eS3": 1.0,
    "vBB": 0.0,
    "eXL": 1.0,
    "vRsi": 0.0,
    "xApt1Short": 0.015,
    "vEmaDn": 3.0,
    "xTpShort": 0.019268723312012678,
    "xCdPctShort": 0.001920299461698626,
    "dur2Short": 114.87051886712216,
    "cdPeriodLong": 82.71147924430173,
    "xApt2Short": 0.00703602635258385,
    "apt1Short": 0.011927021560379312,
    "xMinBetween": 25.567578356132945,
    "rsiValShort": 84.87415672964578,
    "eXS": 1.0,
    "rsiValLong": 80.79401265792245,
    "xDur1Long": 240.0,
    "leverage": 8.0,
    "cdPeriodShort": 44.03740416919791,
    "vX": 1.0,
    "ptLong": 0.027908401180212355,
    "eL3": 1.0,
    "dur1Long": 74.53907215275032,
    "cdPctShort": 0.001988553879683592,
    "zS": 1.5872995065106688,
    "xDur2Short": 720.0,
    "ptShort": 0.023568606311162785,
    "trendBlockZ": 1.5,
    "requireHistPos": 1.0,
    "vHistN": 3.0,
    "apt1Long": 0.014873418288702738,
    "dur1Short": 88.81391915353676,
    "vEmaUp": 2.0,
    "zL": -2.049340118228048,
    "xDur2Long": 362.00889283389284,
    "apt2Short": 0.004443336521979907,
    "slLong": 0.12,
    "apt2Long": 0.015,
    "bbValLong": 0.35,
    "cdPctLong": 0.004366007015430395,
    "zXS": 1.1296181635016487,
    "xApt1Long": 0.005830163678219508,
    "xApt2Long": 0.007161347885499857,
    "bbValShort": 0.8321117241928436,
    "vMacd": 0.0,
    "zXLmax": 0.44283301105653516,
    "dur2Long": 360.0
   }
  ]
 },
 "metrics": {
  "n": 68,
  "months": 14.81640625,
  "eq": 6872696.825052239,
  "growth": 0.5963194927340881,
  "liq": false,
  "maxdd": 0.556196638806506,
  "tpm": 4.589506986554179,
  "sl_hits": 0,
  "worst_mae": -0.06751282488121602,
  "win": 1.0,
  "max_hold_days": 4.2625,
  "in_market": 0.0668637055332769,
  "score": 1.1305589633444943
 },
 "strategy": "v7",
 "mode": "lev",
 "method": "volume3",
 "algo": "genetic",
 "per_regime": true,
 "train_end": "2025-09-01",
 "holdout_days": null,
 "max_dd": null,
 "max_hold_days": 5.0,
 "gap_mode": "skip_contaminated",
 "scoring": "classic",
 "anchor": null,
 "anchor_strength": 0.0,
 "evaluated": 100800,
 "generated": "2026-07-20 15:24",
 "holdout": {
  "n": 4,
  "months": 2.1842105263157894,
  "eq": 0.0,
  "growth": -12.650347016931143,
  "liq": true,
  "maxdd": 1.0,
  "tpm": 1.8313253012048194,
  "sl_hits": 0,
  "worst_mae": -0.11699999999999999,
  "win": 0.75,
  "max_hold_days": 30.04375,
  "in_market": 0.5273908132530121,
  "score": -12.650347016931143
 },
 "holdout_scan": {
  "scanned": 597,
  "pool": 597,
  "reservoir": 297,
  "survivors": 4
 },
 "holdout_survivors": [
  {
   "rank": 333,
   "train_score": 0.15712824399810504,
   "holdout": {
    "n": 40,
    "months": 9.656661184210527,
    "eq": 2835.801566858798,
    "growth": 0.10793840821022296,
    "liq": false,
    "maxdd": 0.2961940791444163,
    "tpm": 4.142218437300404,
    "sl_hits": 0,
    "worst_mae": -0.059260788767292905,
    "win": 0.975,
    "max_hold_days": 2.533333333333333,
    "in_market": 0.048484848484848485,
    "score": 0.1374141933340104
   }
  },
  {
   "rank": 440,
   "train_score": 0.12917348998617892,
   "holdout": {
    "n": 22,
    "months": 9.656661184210527,
    "eq": 1931.7618207874762,
    "growth": 0.06818427554456087,
    "liq": false,
    "maxdd": 0.33040114461342807,
    "tpm": 2.2782201405152223,
    "sl_hits": 0,
    "worst_mae": -0.06642381890495486,
    "win": 1.0,
    "max_hold_days": 3.2958333333333334,
    "in_market": 0.043453268043431977,
    "score": 0.10150521324615291
   }
  },
  {
   "rank": 374,
   "train_score": 0.19647149970439953,
   "holdout": {
    "n": 16,
    "months": 9.656661184210527,
    "eq": 1925.6591688335177,
    "growth": 0.0678566144129653,
    "liq": false,
    "maxdd": 0.5251411047625318,
    "tpm": 1.6568873749201616,
    "sl_hits": 0,
    "worst_mae": -0.06642381890495486,
    "win": 1.0,
    "max_hold_days": 3.2958333333333334,
    "in_market": 0.030998509687034277,
    "score": 0.09126429820764283
   }
  },
  {
   "rank": 445,
   "train_score": 0.041732477789238276,
   "holdout": {
    "n": 36,
    "months": 9.656661184210527,
    "eq": 1511.5925651304303,
    "growth": 0.04278536505077742,
    "liq": false,
    "maxdd": 0.2069624283591593,
    "tpm": 3.7279965935703636,
    "sl_hits": 0,
    "worst_mae": -0.06474664356864457,
    "win": 1.0,
    "max_hold_days": 4.8,
    "in_market": 0.03356752537080406,
    "score": 0.031129144776357212
   }
  }
 ],
 "holdout_top10": [
  {
   "rank": 333,
   "train_score": 0.15712824399810504,
   "holdout": {
    "n": 40,
    "months": 9.656661184210527,
    "eq": 2835.801566858798,
    "growth": 0.10793840821022296,
    "liq": false,
    "maxdd": 0.2961940791444163,