{"cand": {"a1L": [0.006999999999999999], "a1S": [0.009000000000000001], "a2L": [0.0034999999999999996], "a2S": [0.003], "bbL": [-0.1], "bbS": [1.65], "cdPL": [0.00402], "cdPS": [0.0031], "cdTL": [90], "cdTS": [55], "d1L": [0.6], "d1S": [14.4], "d2L": [43.2], "d2S": [38.4], "eL3": [1], "eS3": [1], "lev": [8], "ptL": [0.0121], "ptS": [0.01], "rsiL": [68], "rsiS": [68], "sl": 0, "strategy": "prime", "tv": 0, "zL": [-1.248], "zS": [1.128]}, "strategy": "prime", "mode": "lev", "method": "none", "kind": "quick backtest (no optimizer)"}