{
 "cand": {
  "strategy": "prime",
  "tv": 0,
  "zL": [
   -2.333384346856444,
   -2.739493907472062,
   -0.8001055401538204
  ],
  "zS": [
   1.3722362498043983,
   1.586876481700653,
   2.40575741432868
  ],
  "rsiL": [
   74.17247536016592,
   44.693835000346915,
   70.46565845233776
  ],
  "rsiS": [
   71.75645373622022,
   70.41238251132901,
   85.66668437177935
  ],
  "bbL": [
   0.25,
   0.1442336791448924,
   0.08815740676669327
  ],
  "bbS": [
   1.0371068014368918,
   1.152763795227843,
   1.3413364107054042
  ],
  "ptL": [
   0.011865136765466248,
   0.004548167476450008,
   0.023249399145314424
  ],
  "a1L": [
   0.005017892270920978,
   0.0025834736648983675,
   0.004577992440199002
  ],
  "a2L": [
   0.00013878568994115374,
   0.0015434750474104387,
   0.004179737497729257
  ],
  "d1L": [
   16.618731026320063,
   0.6,
   64.73398720016634
  ],
  "d2L": [
   155.72872193046248,
   117.04079157253109,
   327.8793288501764
  ],
  "ptS": [
   0.02956984705205356,
   0.015781971857613188,
   0.023434501735377027
  ],
  "a1S": [
   0.017407713491303548,
   0.009219936261542641,
   0.005982769007895564
  ],
  "a2S": [
   0.007396554266770587,
   0.006366283573982425,
   0.0
  ],
  "d1S": [
   55.192159205071555,
   15.799103296961395,
   40.208522305674116
  ],
  "d2S": [
   348.7471136977898,
   360.0,
   350.9294132867269
  ],
  "cdPL": [
   0.005240004674849164,
   0.0023638260281416915,
   0.010302800002854336
  ],
  "cdTL": [
   123.8971729942831,
   35.80998214834533,
   14.063763035378525
  ],
  "cdPS": [
   0.012,
   0.01090146469121035,
   0.007547961268238015
  ],
  "cdTS": [
   53.07866060356207,
   88.57262094066621,
   92.21002145230409
  ],
  "eL3": [
   1.0,
   1.0,
   1.0
  ],
  "eS3": [
   1.0,
   1.0,
   0.0
  ],
  "lev": [
   7.0,
   7.0,
   7.0
  ],
  "sl": 0.0,
  "mode": "lev"
 },
 "metrics": {
  "n": 286,
  "months": 12.555235745614036,
  "eq": 4303375213.5901,
  "growth": 1.2166167577931597,
  "liq": false,
  "maxdd": 0.5404812047130186,
  "tpm": 22.779341287949084,
  "sl_hits": 0,
  "worst_mae": -0.07838100527631209,
  "win": 1.0,
  "max_hold_days": 4.933333333333334,
  "in_market": 0.28672641725707676,
  "score": 0.5552770357048332
 },
 "strategy": "prime",
 "mode": "lev",
 "method": "trend3",
 "algo": "genetic",
 "per_regime": true,
 "train_end": null,
 "holdout_days": 21.0,
 "max_dd": 0.55,
 "max_hold_days": 5.0,
 "gap_mode": "skip_contaminated",
 "scoring": "classic",
 "anchor": null,
 "anchor_strength": 0.0,
 "evaluated": 100800,
 "generated": "2026-07-20 22:15",
 "holdout": {
  "n": 4,
  "months": 0.38843201754385964,
  "eq": 0.0,
  "growth": -71.13476713543214,
  "liq": true,
  "maxdd": 1.0000000000000002,
  "tpm": 10.297812279463656,
  "sl_hits": 0,
  "worst_mae": -0.13485714285714284,
  "win": 0.75,
  "max_hold_days": 5.10625,
  "in_market": 0.7422371206774877,
  "score": -71.13476713543214
 },
 "holdout_scan": {
  "scanned": 595,
  "pool": 595,
  "reservoir": 295,
  "survivors": 3
 },
 "holdout_survivors": [
  {
   "rank": 416,
   "train_score": 0.10815714296400679,
   "holdout": {
    "n": 45,
    "months": 11.91467927631579,
    "eq": 8112.776148422645,
    "growth": 0.1757025995218722,
    "liq": false,
    "maxdd": 0.7278518962674256,
    "tpm": 3.776853657273998,
    "sl_hits": 0,
    "worst_mae": -0.121507323007366,
    "win": 0.9777777777777777,
    "max_hold_days": 3.464583333333333,
    "in_market": 0.05196164708183068,
    "score": 0.07455149365302342
   }
  },
  {
   "rank": 315,
   "train_score": 0.0898412473503225,
   "holdout": {
    "n": 49,
    "months": 11.91467927631579,
    "eq": 3713.123620410431,
    "growth": 0.11010564683780426,
    "liq": false,
    "maxdd": 0.6018808949934515,
    "tpm": 4.11257398236502,
    "sl_hits": 0,
    "worst_mae": -0.09383478342220963,
    "win": 1.0,
    "max_hold_days": 2.3291666666666666,
    "in_market": 0.026929868456622895,
    "score": 0.05038179190912419
   }
  },
  {
   "rank": 485,
   "train_score": 0.11413011125163468,
   "holdout": {
    "n": 49,
    "months": 11.91467927631579,
    "eq": 3507.7832857843027,
    "growth": 0.10533093391392291,
    "liq": false,
    "maxdd": 0.6018808949934514,
    "tpm": 4.11257398236502,
    "sl_hits": 0,
    "worst_mae": -0.09383478342220963,
    "win": 0.9387755102040817,
    "max_hold_days": 2.3270833333333334,
    "in_market": 0.033785998999189,
    "score": 0.044475045048714634
   }
  }
 ],
 "holdout_top10": [
  {
   "rank": 416,
   "train_score": 0.10815714296400679,
   "holdout": {
    "n": 45,
    "months": 11.91467927631579,
    "eq": 8112.776148422645,
    "growth": 0.1757025995218722,
    "liq": false,
    "maxdd": 0.7278518962674256,
    "tpm": 3.776853657273998,
    "sl_hits": 0,
    "worst_mae": -0.121507323007366,
    "win": 0.9777777777777777,
    "max_hold_days": 3.464583333333333,
    "in_market": 0.05196164708183068,
    "score": 0.07455149365302342
   }
  },
  {
   "rank": 315,
   "train_score": 0.0898412473503225,
   "holdout": {
    "n": 49,
    "months": 11.91467927631579,
    "eq": 3713.123620410431,
    "growth": 0.11010564683780426,
    "liq": false,
    "maxdd": 0.6018808949934515,
    "tpm": 4.11257398236502,
    "sl_hits": 0,
    "worst_mae": -0.09383478342220963,
    "win": 1.0,
    "max_hold_days": 2.3291666666666666,
    "in_market": 0.026929868456622895,
    "score": 0.05038179190912419
   }
  },
  {
   "rank": 485,
   "train_score": 0.11413011125163468,
   "holdout": {
    "n": 49,
    "months": 11.91467927631579,
    "eq": 3507.7832857843027,
    "growth": 0.10533093391392291,
    "liq": false,
    "maxdd": 0.6018808949934514,
    "tpm": 4.11257398236502,
    "sl_hits": 0,
    "worst_mae": -0.09383478342220963,
    "win": 0.9387755102040817,
    "max_hold_days": 2.3270833333333334,
    "in_market": 0.033785998999189,
    "score": 0.044475045048714634
   }
  },
  {
   "rank": 580,
   "train_score": 0.04465079624581982,
   "holdout": {
    "n": 40,
    "months": 11.91467927631579,
    "eq": 2536.7563800977878,
    "growth": 0.07812935855453078,
    "liq": false,
    "maxdd": 0.6576592698639944,
    "tpm": 3.3572032509102203,
    "sl_hits": 0,
    "worst_mae": -0.18627507827902123,
    "win": 1.0,
    "max_hold_days": 6.339583333333334,
    "in_market": 0.04488119683191552,
    "score": 0.04434296975111452
   }
  },
  {
   "rank": 501,
   "train_score": 0.027411436153517994,
   "holdout": {
    "n": 39,
    "months": 11.91467927631579,
    "eq": 1875.087559366188,
    "growth": 0.05276309517708353,
    "liq": false,
    "maxdd": 0.19777092719943076,
    "tpm": 3.273273169637465,
    "sl_hits": 0,
    "worst_mae": -0.06505043795923449,
    "win": 1.0,
    "max_hold_days": 8.283333333333333,
    "in_market": 0.05629849475724581,
    "score": 0.028771594393443567
   }
  },
  {
   "rank": 384,
   "train_score": 0.03245678556330662,
   "holdout": {
    "n": 41,
    "months": 11.91467927631579,
    "eq": 1874.07588778263,
    "growth": 0.052717799909759416,
    "liq": false,
    "maxdd": 0.2637707120465741,
    "tpm": 3.441133332182976,
    "sl_hits": 0,
    "worst_mae": -0.1362107623318386,
    "win": 0.975609756097561,
    "max_hold_days": 18.1,
    "in_market": 0.12217371548208605,
    "score": 0.02540385794554369
   }
  },
  {
   "rank": 565,
   "train_score": 0.02473961422392401,
   "holdout": {
    "n": 33,
    "months": 11.91467927631579,
    "eq": 1398.8793617449785,
    "growth": 0.028172932934597765,
    "liq": false,
    "maxdd": 0.26377071204657415,
    "tpm": 2.7696926820009318,
    "sl_hits": 0,
    "worst_mae": -0.1362107623318386,
    "win": 1.0,
    "max_hold_days": 18.1,
    "in_market": 0.08141655019297246,
    "score": 0.01247686159663864
   }
  },
  {
   "rank": 1,
   "train_score": 0.5552770357048332,
   "holdout": {
    "n": 4,
    "months": 0.38843201754385964,
    "eq": 0.0,
    "growth": -71.13476713543214,
    "liq": true,
    "maxdd": 1.0000000000000002,
    "tpm": 10.297812279463656,
    "sl_hits": 0,
    "worst_mae": -0.13485714285714284,
    "win": 0.75,