{
 "cand": {
  "strategy": "v7",
  "mode": "spot",
  "regs": [
   {
    "apt1Long": 0.014728743506069033,
    "apt1Short": 0.004044395114500033,
    "apt2Long": 0.009178445457989928,
    "apt2Short": 0.0024266370687000198,
    "bbValLong": -0.2517897599759394,
    "bbValShort": 0.7757279749461307,
    "cdPctLong": 0.007413655232719665,
    "cdPctShort": 0.003218376331081582,
    "cdPeriodLong": 70.82201020446132,
    "cdPeriodShort": 168.89238060249704,
    "dur1Long": 72.50124732730093,
    "dur1Short": 26.61963209459551,
    "dur2Long": 338.5967026438463,
    "dur2Short": 280.63755993583146,
    "leverage": 1.0,
    "ptLong": 0.015082198091768863,
    "ptShort": 0.005777707306428619,
    "rsiValLong": 73.08292788857932,
    "rsiValShort": 86.52078996198446,
    "slLong": 0.09939883848128943,
    "slShort": 0.02924289427360012,
    "xApt1Long": 0.014163355946320177,
    "xApt1Short": 0.005548526489950243,
    "xApt2Long": 0.005936892704389112,
    "xApt2Short": 0.00292960606065091,
    "xCdPctShort": 0.0035466233397393786,
    "xCdPeriodShort": 38.51517226233064,
    "xDur1Long": 12.54927892264164,
    "xDur1Short": 138.3456144627797,
    "xDur2Long": 369.93102931596786,
    "xDur2Short": 481.159750637856,
    "xMinBetween": 12.269334810993692,
    "xTpLong": 0.01959540069016088,
    "xTpShort": 0.014649747182085778,
    "zL": -1.3484400734448925,
    "zS": 1.4476690524804006,
    "zXLmax": 0.2618636522357414,
    "zXS": 2.5237012058094006,
    "trendBlockZ": 1.0,
    "vBB": 3.0,
    "vEmaDn": 1.0,
    "vEmaUp": 0.0,
    "vHistN": 3.0,
    "vMacd": 2.0,
    "vRsi": 0.0,
    "vX": 0.0,
    "eL3": 1.0,
    "eS3": 0.0,
    "eXL": 1.0,
    "eXS": 0.0,
    "requireHistPos": 0.0
   }
  ]
 },
 "metrics": {
  "n": 64,
  "months": 24.473067434210524,
  "eq": 1580.9923474662808,
  "growth": 0.018716604248106346,
  "liq": false,
  "maxdd": 0.17719124993322657,
  "tpm": 2.615119668674446,
  "sl_hits": 2,
  "worst_mae": -0.10925457433664765,
  "win": 0.96875,
  "score": 0.013126224777833735
 },
 "strategy": "v7",
 "mode": "spot",
 "method": "none",
 "algo": "random",
 "per_regime": true,
 "train_end": null,
 "evaluated": 600,
 "generated": "2026-07-06 10:33"
}