{
 "verdict": "FAIL",
 "oos_pct_mo": -2.4395838654748925,
 "maxdd": 0.44846243996749613,
 "n": 45,
 "folds": 13,
 "step_days": 42,
 "at": "2026-07-21 16:04"
}