{
 "cand": {
  "strategy": "v7",
  "mode": "lev",
  "regs": [
   {
    "apt1Long": 0.0021185436707075274,
    "apt1Short": 0.006924318190310313,
    "apt2Long": 0.0012711262024245164,
    "apt2Short": 0.0005983385070210278,
    "bbValLong": -0.17385140741247634,
    "bbValShort": 1.086475090968444,
    "cdPctLong": 0.004068880206174614,
    "cdPctShort": 0.006395232504069307,
    "cdPeriodLong": 107.74260632886329,
    "cdPeriodShort": 61.27552442616185,
    "dur1Long": 30.175361739264613,
    "dur1Short": 37.03334427619136,
    "dur2Long": 331.0680864713503,
    "dur2Short": 321.6213595047935,
    "leverage": 8.922771441649177,
    "ptLong": 0.025902572448535305,
    "ptShort": 0.02181688660826189,
    "rsiValLong": 68.06887621237281,
    "rsiValShort": 80.64941056189708,
    "slLong": 0.09186217302479445,
    "slShort": 0.05427287427322695,
    "xApt1Long": 0.002816755801059768,
    "xApt1Short": 0.007636890159755025,
    "xApt2Long": 0.0021080934500652404,
    "xApt2Short": 0.0005744027944123787,
    "xCdPctShort": 0.0015949038490727986,
    "xCdPeriodShort": 104.72935664675055,
    "xDur1Long": 159.26246984786403,
    "xDur1Short": 86.78625905964978,
    "xDur2Long": 390.20115963511626,
    "xDur2Short": 363.9077558530113,
    "xMinBetween": 16.277570096399238,
    "xTpLong": 0.01138554316745888,
    "xTpShort": 0.01953892993504953,
    "zL": -1.3930777035417325,
    "zS": 1.1738115878712625,
    "zXLmax": 0.32555656477925243,
    "zXS": 1.4952539846146702,
    "trendBlockZ": 1.0,
    "vBB": 0.0,
    "vEmaDn": 1.0,
    "vEmaUp": 2.0,
    "vHistN": 1.0,
    "vMacd": 4.0,
    "vRsi": 5.0,
    "vX": 3.0,
    "eL3": 1.0,
    "eS3": 1.0,
    "eXL": 0.0,
    "eXS": 1.0,
    "requireHistPos": 0.0
   },
   {
    "apt1Long": 0.004571577767797921,
    "apt1Short": 0.008944571533043039,
    "apt2Long": 0.004507939010723994,
    "apt2Short": 0.007226755699897895,
    "bbValLong": -0.18164840316212624,
    "bbValShort": 0.9239661366468022,
    "cdPctLong": 0.011373866034058315,
    "cdPctShort": 0.007424730718268201,
    "cdPeriodLong": 52.82227260144519,
    "cdPeriodShort": 196.49176908679362,
    "dur1Long": 76.55993975792046,
    "dur1Short": 29.443951016305483,
    "dur2Long": 247.5539439971615,
    "dur2Short": 65.83870334269405,
    "leverage": 7.807052190661704,
    "ptLong": 0.021637634835001893,
    "ptShort": 0.012777959332918629,
    "rsiValLong": 41.27960310638525,
    "rsiValShort": 50.80334219874117,
    "slLong": 0.0391660714369329,
    "slShort": 0.07535608955154478,
    "xApt1Long": 0.00994428308158762,
    "xApt1Short": 0.004532617677111154,
    "xApt2Long": 0.004923542436034758,
    "xApt2Short": 0.000560461416431386,
    "xCdPctShort": 0.004048774517733472,
    "xCdPeriodShort": 89.8930953616873,
    "xDur1Long": 154.0733256888843,
    "xDur1Short": 89.0197988015258,
    "xDur2Long": 297.63789907919715,
    "xDur2Short": 422.7880781451046,
    "xMinBetween": 7.348267989768049,
    "xTpLong": 0.0035883861416050105,
    "xTpShort": 0.019445907110618197,
    "zL": -1.7745224547966052,
    "zS": 2.013743184932826,
    "zXLmax": -1.9123375185722598,
    "zXS": 1.1970271670522181,
    "trendBlockZ": 1.0,
    "vBB": 1.0,
    "vEmaDn": 2.0,
    "vEmaUp": 0.0,
    "vHistN": 2.0,
    "vMacd": 3.0,
    "vRsi": 0.0,
    "vX": 2.0,
    "eL3": 1.0,
    "eS3": 1.0,
    "eXL": 0.0,
    "eXS": 1.0,
    "requireHistPos": 1.0
   },
   {
    "apt1Long": 0.003088506056585566,
    "apt1Short": 0.0018241370854165445,
    "apt2Long": 0.0018531036339513396,
    "apt2Short": 0.0010944822512499266,
    "bbValLong": -0.059374320107860784,
    "bbValShort": 0.6463026082817236,
    "cdPctLong": 0.01009566690090115,
    "cdPctShort": 0.011336092860340931,
    "cdPeriodLong": 236.15301604660027,
    "cdPeriodShort": 211.23776383537572,
    "dur1Long": 27.070837934863427,
    "dur1Short": 33.61686890003829,
    "dur2Long": 65.97390676989522,
    "dur2Short": 172.5420681039966,
    "leverage": 3.2016558361645675,
    "ptLong": 0.004412151509407952,
    "ptShort": 0.021692689347825492,
    "rsiValLong": 80.9410904409191,
    "rsiValShort": 67.73660759612288,
    "slLong": 0.10983378969592408,
    "slShort": 0.04542364619475378,
    "xApt1Long": 0.012715404750607263,
    "xApt1Short": 0.0012798820746879338,
    "xApt2Long": 0.004317410904582102,
    "xApt2Short": 0.002454035435623041,
    "xCdPctShort": 0.0003325846653084767,
    "xCdPeriodShort": 85.64107072362752,
    "xDur1Long": 211.5878460810096,
    "xDur1Short": 225.459326084494,
    "xDur2Long": 336.65081558157175,
    "xDur2Short": 588.8980421866451,
    "xMinBetween": 4.340290274517651,
    "xTpLong": 0.01992395025099735,
    "xTpShort": 0.01723625851171077,
    "zL": -1.257724715315551,
    "zS": 2.189952149004401,
    "zXLmax": -1.2453411090079256,
    "zXS": 1.2939797382950693,
    "trendBlockZ": 3.0,
    "vBB": 4.0,
    "vEmaDn": 0.0,
    "vEmaUp": 1.0,
    "vHistN": 3.0,
    "vMacd": 2.0,
    "vRsi": 2.0,
    "vX": 1.0,
    "eL3": 1.0,
    "eS3": 1.0,
    "eXL": 1.0,
    "eXS": 1.0,
    "requireHistPos": 1.0
   }
  ]
 },
 "metrics": {
  "n": 47,
  "months": 14.81640625,
  "eq": 27068.052018862454,
  "growth": 0.22261499074059324,
  "liq": false,
  "maxdd": 0.4028938719471683,
  "tpm": 3.1721592407065646,
  "sl_hits": 0,
  "worst_mae": -0.05254021115283791,
  "win": 0.9787234042553191,
  "max_hold_days": 1.65,
  "in_market": 0.024639108977294277,
  "score": 0.2179961224707354
 },
 "strategy": "v7",
 "mode": "lev",
 "method": "vol3",
 "algo": "genetic",
 "per_regime": true,
 "train_end": "2025-09-01",
 "holdout_days": null,
 "max_dd": 0.5,
 "max_hold_days": 7.0,
 "gap_mode": "skip_contaminated",
 "scoring": "underwater",
 "anchor": "defaults",
 "anchor_strength": 0.1,
 "evaluated": 1001000,
 "generated": "2026-07-10 11:22",
 "holdout": {
  "n": 2,
  "months": 2.1842105263157894,
  "eq": 0.0,
  "growth": -12.650347016931143,
  "liq": true,
  "maxdd": 1.0,
  "tpm": 0.9156626506024097,
  "sl_hits": 0,
  "worst_mae": -0.1200893191922216,
  "win": 0.5,
  "max_hold_days": 65.35625,
  "in_market": 1.1097515060240963,
  "score": -13.205222769943191
 },
 "holdout_scan": {
  "scanned": 17,
  "pool": 21,
  "reservoir": 0,
  "survivors": 2
 },
 "holdout_survivors": [
  {
   "rank": 14,
   "train_score": -0.0068285486646805435,
   "holdout": {
    "n": 42,
    "months": 9.656661184210527,
    "eq": 2448.325661039563,
    "growth": 0.09272401404500462,
    "liq": false,
    "maxdd": 0.29815184318097565,
    "tpm": 4.3493293591654245,
    "sl_hits": 0,
    "worst_mae": -0.08471192241871073,
    "win": 1.0,
    "max_hold_days": 3.7375,
    "in_market": 0.04979064651195799,
    "score": 0.04945621337172229
   }
  },
  {
   "rank": 16,
   "train_score": -0.011446284058440347,
   "holdout": {
    "n": 34,
    "months": 9.656661184210527,
    "eq": 1783.8621905016475,
    "growth": 0.05993591083466603,
    "liq": false,
    "maxdd": 0.7558567866064646,
    "tpm": 3.5208856717053436,
    "sl_hits": 0,
    "worst_mae": -0.3078380873706206,
    "win": 1.0,
    "max_hold_days": 2.93125,
    "in_market": 0.023227592080051096,
    "score": 0.029127331348766758
   }
  }
 ],
 "holdout_top10": [
  {
   "rank": 10,
   "train_score": 0.03244837411538246,
   "holdout": {
    "n": 53,
    "months": 9.656661184210527,
    "eq": 5091.52622689243,
    "growth": 0.16854455206429544,
    "liq": false,
    "maxdd": 0.8353165488220247,
    "tpm": 5.488439429423035,
    "sl_hits": 0,
    "worst_mae": -0.16277412714749429,
    "win": 0.9811320754716981,
    "max_hold_days": 13.789583333333333,
    "in_market": 0.24689518132141083,
    "score": -0.006736037710379589
   }
  },
  {
   "rank": 11,
   "train_score": 0.029233605290034513,
   "holdout": {
    "n": 65,
    "months": 9.656661184210527,
    "eq": 4410.613381622366,
    "growth": 0.15367772983653522,
    "liq": false,
    "maxdd": 0.76480639163813,
    "tpm": 6.731104960613156,
    "sl_hits": 0,
    "worst_mae": -0.13738950957957563,
    "win": 1.0,
    "max_hold_days": 19.597916666666666,