{
 "cand": {
  "strategy": "v7",
  "mode": "lev",
  "regs": [
   {
    "xDur2Long": 625.9530514259311,
    "apt2Long": 0.011468327800875231,
    "zS": 1.9633154794130279,
    "vBB": 0.0,
    "cdPeriodShort": 62.82687542849783,
    "xApt1Long": 0.0023519021210106988,
    "apt2Short": 0.0077517306870771826,
    "apt1Short": 0.009961210055029741,
    "rsiValLong": 38.55538073426595,
    "dur1Long": 90.0,
    "zXLmax": -1.8547528198378722,
    "ptShort": 0.012420030995744045,
    "xDur2Short": 720.0,
    "xApt2Short": 0.01,
    "ptLong": 0.002091710590565237,
    "zL": -2.9764997680462257,
    "vX": 4.0,
    "rsiValShort": 84.87357589478735,
    "xDur1Long": 71.4162179089659,
    "vMacd": 1.0,
    "vRsi": 1.0,
    "xApt1Short": 0.007007038298611193,
    "xCdPctShort": 0.0002,
    "xCdPeriodShort": 42.671633036276475,
    "vHistN": 2.0,
    "xTpShort": 0.013616097524782298,
    "xApt2Long": 0.007879277828486554,
    "vEmaUp": 0.0,
    "dur2Short": 85.787902406514,
    "dur2Long": 221.73023064062747,
    "eS3": 0.0,
    "leverage": 1.0,
    "slShort": 0.05830132632591195,
    "eXS": 1.0,
    "dur1Short": 49.74513012014502,
    "vEmaDn": 2.0,
    "zXS": 1.7185884824582947,
    "xDur1Short": 86.8580853117747,
    "eXL": 0.0,
    "eL3": 1.0,
    "slLong": 0.02114900831497339,
    "requireHistPos": 0.0,
    "xMinBetween": 3.73510513370786,
    "trendBlockZ": 99.0,
    "bbValLong": 0.15869278224103042,
    "cdPctLong": 0.008134408256249026,
    "xTpLong": 0.014629375068153523,
    "apt1Long": 0.001,
    "bbValShort": 1.023475428988709,
    "cdPeriodLong": 97.70417546973113,
    "cdPctShort": 0.003012847034775938
   },
   {
    "xDur2Long": 317.3267142723423,
    "apt2Long": 0.0017865173964247798,
    "zS": 1.5878770016189703,
    "vBB": 1.0,
    "cdPeriodShort": 25.237082690911407,
    "xApt1Long": 0.014547319344339829,
    "apt2Short": 0.007338502691687192,
    "apt1Short": 0.0068858082377361626,
    "rsiValLong": 68.34040856653806,
    "dur1Long": 83.0859853470678,
    "zXLmax": 0.22808117453050303,
    "ptShort": 0.0037744312506428207,
    "xDur2Short": 238.94005248786632,
    "xApt2Short": 0.009465149903661296,
    "ptLong": 0.007347462742371866,
    "zL": -1.0612263780960773,
    "vX": 4.0,
    "rsiValShort": 60.97672466233153,
    "xDur1Long": 179.8765345543981,
    "vMacd": 3.0,
    "vRsi": 0.0,
    "xApt1Short": 0.009638719702453082,
    "xCdPctShort": 0.00795754186260137,
    "xCdPeriodShort": 61.03634285321737,
    "vHistN": 2.0,
    "xTpShort": 0.019717727724882003,
    "xApt2Long": 0.008594135788719324,
    "vEmaUp": 4.0,
    "dur2Short": 197.12964454095453,
    "dur2Long": 85.70032486018755,
    "eS3": 1.0,
    "leverage": 6.0,
    "slShort": 0.025195767310501608,
    "eXS": 0.0,
    "dur1Short": 65.44416490607163,
    "vEmaDn": 4.0,
    "zXS": 1.524179074180728,
    "xDur1Short": 240.0,
    "eXL": 1.0,
    "eL3": 1.0,
    "slLong": 0.04213384979901236,
    "requireHistPos": 1.0,
    "xMinBetween": 25.21844139123025,
    "trendBlockZ": 2.0,
    "bbValLong": 0.110930410739443,
    "cdPctLong": 0.01129602750182989,
    "xTpLong": 0.02,
    "apt1Long": 0.0014083884552878786,
    "bbValShort": 0.7983574185482907,
    "cdPeriodLong": 154.28504842065504,
    "cdPctShort": 0.005402748983862383
   },
   {
    "xDur2Long": 703.2336775575685,
    "apt2Long": 0.004497380023397148,
    "zS": 1.6296650096929248,
    "vBB": 1.0,
    "cdPeriodShort": 214.29456047865938,
    "xApt1Long": 0.004026312667379336,
    "apt2Short": 0.011797579472822606,
    "apt1Short": 0.001,
    "rsiValLong": 47.96541224173906,
    "dur1Long": 45.97494374966644,
    "zXLmax": 0.22359682257507735,
    "ptShort": 0.012156935215073517,
    "xDur2Short": 607.0724664035758,
    "xApt2Short": 0.009016224367268037,
    "ptLong": 0.00814606974087562,
    "zL": -1.9048667770500691,
    "vX": 1.0,
    "rsiValShort": 78.04542930311365,
    "xDur1Long": 165.79795533098502,
    "vMacd": 1.0,
    "vRsi": 4.0,
    "xApt1Short": 0.015,
    "xCdPctShort": 0.006751967513598901,
    "xCdPeriodShort": 22.14621692260454,
    "vHistN": 2.0,
    "xTpShort": 0.019901488823667705,
    "xApt2Long": 0.004012199079729843,
    "vEmaUp": 1.0,
    "dur2Short": 38.217125259886885,
    "dur2Long": 286.1477756794691,
    "eS3": 1.0,
    "leverage": 6.0,
    "slShort": 0.06,
    "eXS": 1.0,
    "dur1Short": 41.032735363837766,
    "vEmaDn": 4.0,
    "zXS": 1.296653376081134,
    "xDur1Short": 186.34952673077836,
    "eXL": 1.0,
    "eL3": 0.0,
    "slLong": 0.0126796454532781,
    "requireHistPos": 1.0,
    "xMinBetween": 15.99007166012251,
    "trendBlockZ": 2.0,
    "bbValLong": -0.2685296734083379,
    "cdPctLong": 0.006174765087272949,
    "xTpLong": 0.015933035169259983,
    "apt1Long": 0.001,
    "bbValShort": 0.7548650529372204,
    "cdPeriodLong": 102.9607994680974,
    "cdPctShort": 0.0037176552293688675
   }
  ],
  "lev_stops": true
 },
 "metrics": {
  "n": 196,
  "months": 6.633155153508772,
  "eq": 7023710.560489925,
  "growth": 1.335269072149053,
  "liq": false,
  "maxdd": 0.3917435647779978,
  "tpm": 29.54853240487235,
  "sl_hits": 12,
  "worst_mae": -0.05402407460663072,
  "win": 0.9387755102040817,
  "max_hold_days": 3.55,
  "in_market": 0.2585364341725987,
  "score": 1.3604919879780921
 },
 "strategy": "v7",
 "mode": "lev",
 "method": "vol3",
 "algo": "genetic",
 "per_regime": true,
 "train_end": "2026-04-01",
 "holdout_days": null,
 "max_dd": 0.4,
 "max_hold_days": 5.0,
 "gap_mode": "skip_contaminated",
 "scoring": "classic",
 "anchor": null,
 "anchor_strength": 0.0,
 "evaluated": 100800,
 "generated": "2026-07-21 00:47",
 "holdout": {
  "n": 77,
  "months": 3.0235060307017543,
  "eq": 168.34968839177017,
  "growth": -0.5892867307818692,
  "liq": false,
  "maxdd": 0.8741328377334253,
  "tpm": 25.467123008227748,
  "sl_hits": 23,
  "worst_mae": -0.06382978723404253,
  "win": 0.7012987012987013,
  "max_hold_days": 5.00625,
  "in_market": 0.4205897685804302,
  "score": -0.2030736556616961
 },
 "holdout_scan": {
  "scanned": 10,
  "pool": 595,
  "reservoir": 295,
  "survivors": 0
 },
 "holdout_survivors": [],
 "holdout_top10": [
  {
   "rank": 10,
   "train_score": 1.3026648555170115,
   "holdout": {
    "n": 85,
    "months": 3.0235060307017543,
    "eq": 581.9075550185082,
    "growth": -0.17907808965601812,
    "liq": false,
    "maxdd": 0.6598672785463136,
    "tpm": 28.113057866225436,
    "sl_hits": 19,
    "worst_mae": -0.06382978723404253,
    "win": 0.7411764705882353,
    "max_hold_days": 5.00625,
    "in_market": 0.3886080826854643,
    "score": -0.025878635910877038
   }
  },
  {
   "rank": 6,
   "train_score": 1.3122092136359844,
   "holdout": {
    "n": 78,
    "months": 3.0235060307017543,
    "eq": 433.81232152252835,
    "growth": -0.27621683860334156,
    "liq": false,
    "maxdd": 0.7411171034394997,
    "tpm": 25.79786486547746,
    "sl_hits": 19,
    "worst_mae": -0.06382978723404253,
    "win": 0.7564102564102564,
    "max_hold_days": 5.00625,
    "in_market": 0.4298374849837938,
    "score": -0.05580709875244157
   }
  },
  {
   "rank": 3,
   "train_score": 1.3330047896848447,
   "holdout": {
    "n": 75,
    "months": 3.0235060307017543,
    "eq": 300.85286112175015,
    "growth": -0.3972652791286394,
    "liq": false,
    "maxdd": 0.8372887837440179,
    "tpm": 24.805639293728326,
    "sl_hits": 20,
    "worst_mae": -0.06382978723404253,
    "win": 0.7333333333333333,
    "max_hold_days": 5.00625,
    "in_market": 0.42609759967361,
    "score": -0.06304463168130013
   }
  },
  {
   "rank": 9,
   "train_score": 1.3046618753822254,
   "holdout": {
    "n": 69,
    "months": 3.0235060307017543,
    "eq": 300.39783384446247,
    "growth": -0.3977658909259533,
    "liq": false,
    "maxdd": 0.810053250110571,
    "tpm": 22.82118815023006,
    "sl_hits": 19,
    "worst_mae": -0.06382978723404253,
    "win": 0.7246376811594203,
    "max_hold_days": 5.00625,
    "in_market": 0.3976971372877898,
    "score": -0.08141694820706179
   }
  },
  {
   "rank": 5,