{
 "cand": {
  "strategy": "v7",
  "mode": "lev",
  "regs": [
   {
    "zL": -1.8569902011958217,
    "zS": 2.078519672700273,
    "zXS": 1.141846521926961,
    "zXLmax": -0.7008670395434913,
    "rsiValLong": 77.00538302063329,
    "rsiValShort": 50.0,
    "bbValLong": 0.17620602061260526,
    "bbValShort": 1.1890638974283534,
    "ptLong": 0.025617080210206762,
    "apt1Long": 0.0023903887608457625,
    "apt2Long": 0.0025724053298367315,
    "dur1Long": 58.34321521089002,
    "dur2Long": 175.82179255021444,
    "ptShort": 0.002,
    "apt1Short": 0.013970287027950194,
    "apt2Short": 0.008025894150342123,
    "dur1Short": 80.37593012031894,
    "dur2Short": 340.8679808822227,
    "xTpLong": 0.007744472919530312,
    "xApt1Long": 0.012963841051334822,
    "xApt2Long": 0.005177964965492822,
    "xDur1Long": 155.45573692233208,
    "xDur2Long": 526.1450286470842,
    "xTpShort": 0.017816153952691267,
    "xApt1Short": 0.012217495191774537,
    "xApt2Short": 0.0015782436782388535,
    "xDur1Short": 199.87973470732268,
    "xDur2Short": 447.6879654960582,
    "cdPctLong": 0.0020769366078733278,
    "cdPeriodLong": 135.9379032586819,
    "cdPctShort": 0.006852511316547278,
    "cdPeriodShort": 71.3576482937982,
    "xCdPctShort": 0.0002,
    "xCdPeriodShort": 25.522653188841026,
    "xMinBetween": 19.81667186634652,
    "slLong": 0.08813078364069472,
    "slShort": 0.02,
    "leverage": 1.0,
    "vRsi": 4.0,
    "vMacd": 1.0,
    "vBB": 3.0,
    "vEmaUp": 4.0,
    "vEmaDn": 2.0,
    "vX": 4.0,
    "vHistN": 0.0,
    "trendBlockZ": 3.0,
    "eL3": 1.0,
    "eS3": 0.0,
    "eXL": 1.0,
    "eXS": 0.0,
    "requireHistPos": 1.0
   },
   {
    "zL": -2.1623769039105705,
    "zS": 1.7336322699686717,
    "zXS": 1.9188743469459775,
    "zXLmax": -0.5670617865289126,
    "rsiValLong": 43.11766672340397,
    "rsiValShort": 50.0,
    "bbValLong": 0.19914144037530093,
    "bbValShort": 0.9219172226015164,
    "ptLong": 0.027521354363820937,
    "apt1Long": 0.0072879027940626305,
    "apt2Long": 0.0050934862836763024,
    "dur1Long": 28.624653003459883,
    "dur2Long": 185.79385526006894,
    "ptShort": 0.020211778480491334,
    "apt1Short": 0.008719546367681075,
    "apt2Short": 0.0053492146636528095,
    "dur1Short": 69.26340869516463,
    "dur2Short": 136.4407873547285,
    "xTpLong": 0.007722214736226642,
    "xApt1Long": 0.0029658404836196443,
    "xApt2Long": 0.008517855851102471,
    "xDur1Long": 20.877928083806545,
    "xDur2Long": 425.3851262669725,
    "xTpShort": 0.012896077231487914,
    "xApt1Short": 0.010610887563316723,
    "xApt2Short": 0.0029688749299642096,
    "xDur1Short": 51.1832463785853,
    "xDur2Short": 302.0650728865468,
    "cdPctLong": 0.0005,
    "cdPeriodLong": 158.54248921810782,
    "cdPctShort": 0.0017515985662443884,
    "cdPeriodShort": 182.68292830244934,
    "xCdPctShort": 0.005102382684013423,
    "xCdPeriodShort": 64.08623044953737,
    "xMinBetween": 28.13107582517946,
    "slLong": 0.12,
    "slShort": 0.0876095728383092,
    "leverage": 2.445612706948155,
    "vRsi": 2.0,
    "vMacd": 4.0,
    "vBB": 0.0,
    "vEmaUp": 0.0,
    "vEmaDn": 3.0,
    "vX": 2.0,
    "vHistN": 3.0,
    "trendBlockZ": 99.0,
    "eL3": 0.0,
    "eS3": 1.0,
    "eXL": 1.0,
    "eXS": 1.0,
    "requireHistPos": 1.0
   },
   {
    "zL": -1.1762375241940306,
    "zS": 2.5426605453227427,
    "zXS": 1.6158922225390606,
    "zXLmax": 0.296724700758432,
    "rsiValLong": 40.65157114503447,
    "rsiValShort": 76.60059511997383,
    "bbValLong": 0.16131717206806642,
    "bbValShort": 1.1892784799157838,
    "ptLong": 0.005223262608848754,
    "apt1Long": 0.004111683388873614,
    "apt2Long": 0.0,
    "dur1Long": 62.90838980750808,
    "dur2Long": 133.4773639797044,
    "ptShort": 0.002,
    "apt1Short": 0.005109766223584718,
    "apt2Short": 0.00026026328429094473,
    "dur1Short": 40.87721857526873,
    "dur2Short": 315.357170539598,
    "xTpLong": 0.018406332491824735,
    "xApt1Long": 0.007245893077174807,
    "xApt2Long": 0.007062729465466788,
    "xDur1Long": 98.59719139384974,
    "xDur2Long": 30.0,
    "xTpShort": 0.017291363674743977,
    "xApt1Short": 0.0010448624961128647,
    "xApt2Short": 0.009170624154110161,
    "xDur1Short": 125.35239409876615,
    "xDur2Short": 105.3741422813417,
    "cdPctLong": 0.0043322203422742475,
    "cdPeriodLong": 68.13714843953554,
    "cdPctShort": 0.005899132827674455,
    "cdPeriodShort": 122.71590327329722,
    "xCdPctShort": 0.005918024776702985,
    "xCdPeriodShort": 11.574537061069197,
    "xMinBetween": 19.79513640901182,
    "slLong": 0.04904233056135182,
    "slShort": 0.07721258924381443,
    "leverage": 9.50447772255013,
    "vRsi": 2.0,
    "vMacd": 2.0,
    "vBB": 0.0,
    "vEmaUp": 2.0,
    "vEmaDn": 3.0,
    "vX": 2.0,
    "vHistN": 0.0,
    "trendBlockZ": 3.0,
    "eL3": 1.0,
    "eS3": 1.0,
    "eXL": 1.0,
    "eXS": 1.0,
    "requireHistPos": 1.0
   }
  ]
 },
 "metrics": {
  "n": 100,
  "months": 14.81640625,
  "eq": 3378847.802253834,
  "growth": 0.5483981679737463,
  "liq": false,
  "maxdd": 0.7219699626073083,
  "tpm": 6.749274980226733,
  "sl_hits": 0,
  "worst_mae": -0.33098843448193627,
  "win": 0.99,
  "score": 1.2765882475118968
 },
 "strategy": "v7",
 "mode": "lev",
 "method": "vol3",
 "algo": "genetic",
 "per_regime": true,
 "train_end": "2025-09-01",
 "evaluated": 500,
 "generated": "2026-07-06 08:40",
 "holdout": {
  "n": 55,
  "months": 9.656661184210527,
  "eq": 10440.056358363034,
  "growth": 0.24290486494295738,
  "liq": false,
  "maxdd": 0.6167755971175518,
  "tpm": 5.695550351288055,
  "sl_hits": 0,
  "worst_mae": -0.1067073170731706,
  "win": 1.0,
  "score": 0.6699111740070555
 },
 "seed_holdout": {
  "n": 55,
  "months": 9.656661184210527,
  "eq": 8653.917069214025,
  "growth": 0.22347393344840857,
  "liq": false,
  "maxdd": 0.6167755971175518,
  "tpm": 5.695550351288055,
  "sl_hits": 0,
  "worst_mae": -0.1067073170731706,
  "win": 1.0,
  "score": 0.6055778109947016
 }
}