{
 "cand": {
  "strategy": "v7",
  "mode": "spot",
  "regs": [
   {
    "apt1Long": 0.02,
    "apt1Short": 0.008168178492908643,
    "apt2Long": 0.006514658731497508,
    "apt2Short": 0.0025012993507780553,
    "bbValLong": 0.002473770314431487,
    "bbValShort": 0.6,
    "cdPctLong": 0.010648084543092773,
    "cdPctShort": 0.009390787267576172,
    "cdPeriodLong": 129.4048320112919,
    "cdPeriodShort": 124.07883130187189,
    "dur1Long": 36.73681874496109,
    "dur1Short": 73.15539940401455,
    "dur2Long": 353.85337859624974,
    "dur2Short": 115.81599848626675,
    "leverage": 1.0,
    "ptLong": 0.008541292998472245,
    "ptShort": 0.03,
    "rsiValLong": 63.14792073560837,
    "rsiValShort": 66.0660780348557,
    "slLong": 0.10350637499918351,
    "slShort": 0.0730832061265366,
    "xApt1Long": 0.013440303560358271,
    "xApt1Short": 0.011561791422826574,
    "xApt2Long": 0.006781548220003857,
    "xApt2Short": 0.0021240426414977486,
    "xCdPctShort": 0.005842394355218633,
    "xCdPeriodShort": 22.423923695550233,
    "xDur1Long": 171.73769012863588,
    "xDur1Short": 52.95394047622347,
    "xDur2Long": 451.4376846820727,
    "xDur2Short": 441.79880607316727,
    "xMinBetween": 20.419970172120674,
    "xTpLong": 0.012121416447173435,
    "xTpShort": 0.004175322404290828,
    "zL": -0.8307633986666542,
    "zS": 1.0972067503726195,
    "zXLmax": 0.17876797506798292,
    "zXS": 2.6436778881395027,
    "trendBlockZ": 1.0,
    "vBB": 2.0,
    "vEmaDn": 4.0,
    "vEmaUp": 2.0,
    "vHistN": 3.0,
    "vMacd": 2.0,
    "vRsi": 1.0,
    "vX": 0.0,
    "eL3": 1.0,
    "eS3": 0.0,
    "eXL": 1.0,
    "eXS": 0.0,
    "requireHistPos": 0.0
   },
   {
    "apt1Long": 0.02,
    "apt1Short": 0.006056563726738672,
    "apt2Long": 0.011358688670121556,
    "apt2Short": 0.001938279879137849,
    "bbValLong": 0.12855647963873762,
    "bbValShort": 0.9031150282208245,
    "cdPctLong": 0.010521910475006084,
    "cdPctShort": 0.008876893557837084,
    "cdPeriodLong": 81.35467290003733,
    "cdPeriodShort": 61.150910476891056,
    "dur1Long": 67.63081060462105,
    "dur1Short": 62.86435250247665,
    "dur2Long": 275.01494841022304,
    "dur2Short": 260.79198046256,
    "leverage": 1.0,
    "ptLong": 0.02622341081148158,
    "ptShort": 0.00838426911235623,
    "rsiValLong": 82.10297689034752,
    "rsiValShort": 65.48956590601699,
    "slLong": 0.12,
    "slShort": 0.053550580671805445,
    "xApt1Long": 0.0031512477797056094,
    "xApt1Short": 0.015,
    "xApt2Long": 0.0065292729292226615,
    "xApt2Short": 0.006642421169891345,
    "xCdPctShort": 0.005862813613139156,
    "xCdPeriodShort": 49.95367383602738,
    "xDur1Long": 240.0,
    "xDur1Short": 10.0,
    "xDur2Long": 299.7168235353627,
    "xDur2Short": 272.9683688837472,
    "xMinBetween": 7.95577012520182,
    "xTpLong": 0.019951186604305532,
    "xTpShort": 0.02,
    "zL": -1.7679932624588803,
    "zS": 1.1681813588140895,
    "zXLmax": 0.09786281433998989,
    "zXS": 1.0,
    "trendBlockZ": 1.5,
    "vBB": 1.0,
    "vEmaDn": 1.0,
    "vEmaUp": 3.0,
    "vHistN": 3.0,
    "vMacd": 0.0,
    "vRsi": 2.0,
    "vX": 0.0,
    "eL3": 1.0,
    "eS3": 0.0,
    "eXL": 1.0,
    "eXS": 0.0,
    "requireHistPos": 1.0
   },
   {
    "apt1Long": 0.017550086015389644,
    "apt1Short": 0.009893756796792195,
    "apt2Long": 0.008830068777144815,
    "apt2Short": 0.00951867937768947,
    "bbValLong": 0.08348661244586866,
    "bbValShort": 1.088215672801507,
    "cdPctLong": 0.0023470421959929486,
    "cdPctShort": 0.006101814563401455,
    "cdPeriodLong": 51.15429912654681,
    "cdPeriodShort": 188.7514976173686,
    "dur1Long": 86.98876552665104,
    "dur1Short": 77.3150877507417,
    "dur2Long": 184.7651739864006,
    "dur2Short": 139.23890606906434,
    "leverage": 1.0,
    "ptLong": 0.028877108150970086,
    "ptShort": 0.018864184290329024,
    "rsiValLong": 76.9515400647693,
    "rsiValShort": 71.87176155885565,
    "slLong": 0.08562520380981767,
    "slShort": 0.07465773342430357,
    "xApt1Long": 0.010424329178356393,
    "xApt1Short": 0.009093285063157467,
    "xApt2Long": 0.0022843355307165,
    "xApt2Short": 0.009185742606990902,
    "xCdPctShort": 0.004007600101653504,
    "xCdPeriodShort": 55.4712524469283,
    "xDur1Long": 44.29234399268662,
    "xDur1Short": 175.30082210926315,
    "xDur2Long": 670.692777312026,
    "xDur2Short": 156.73165473807197,
    "xMinBetween": 13.001525454081579,
    "xTpLong": 0.02,
    "xTpShort": 0.014695759359955214,
    "zL": -0.8,
    "zS": 1.5943792906658836,
    "zXLmax": -1.4959527014712752,
    "zXS": 2.2679660640472092,
    "trendBlockZ": 3.0,
    "vBB": 0.0,
    "vEmaDn": 2.0,
    "vEmaUp": 1.0,
    "vHistN": 1.0,
    "vMacd": 0.0,
    "vRsi": 5.0,
    "vX": 2.0,
    "eL3": 1.0,
    "eS3": 0.0,
    "eXL": 1.0,
    "eXS": 0.0,
    "requireHistPos": 0.0
   }
  ]
 },
 "metrics": {
  "n": 293,
  "months": 14.81640625,
  "eq": 36805.39875201142,
  "growth": 0.24335486478932292,
  "liq": false,
  "maxdd": 0.13544128060869848,
  "tpm": 19.77537569206433,
  "sl_hits": 2,
  "worst_mae": -0.11999584069876268,
  "win": 0.9931740614334471,
  "score": 0.21336180535934218
 },
 "strategy": "v7",
 "mode": "spot",
 "method": "vol3",
 "algo": "genetic",
 "per_regime": true,
 "train_end": "2025-09-01",
 "holdout_days": null,
 "max_dd": null,
 "evaluated": 1001000,
 "generated": "2026-07-07 17:36",
 "holdout": {
  "n": 137,
  "months": 9.656661184210527,
  "eq": 491.57625418184165,
  "growth": -0.07353868920522033,
  "liq": false,
  "maxdd": 0.519099218083681,
  "tpm": 14.187098147753884,
  "sl_hits": 20,
  "worst_mae": -0.13828422311623356,
  "win": 0.8540145985401459,
  "score": -0.10530319083828005
 },
 "holdout_top10": [
  {
   "rank": 9,
   "train_score": 0.21267060008934147,
   "holdout": {
    "n": 136,
    "months": 9.656661184210527,
    "eq": 528.1390954021564,
    "growth": -0.06610934975660256,
    "liq": false,
    "maxdd": 0.47813822004581863,
    "tpm": 14.083542686821374,
    "sl_hits": 19,
    "worst_mae": -0.13828422311623356,
    "win": 0.8602941176470589,
    "score": -0.09660724623620573
   }
  },
  {
   "rank": 1,
   "train_score": 0.21336180535934218,
   "holdout": {
    "n": 137,
    "months": 9.656661184210527,
    "eq": 491.57625418184165,
    "growth": -0.07353868920522033,
    "liq": false,
    "maxdd": 0.519099218083681,
    "tpm": 14.187098147753884,
    "sl_hits": 20,
    "worst_mae": -0.13828422311623356,
    "win": 0.8540145985401459,
    "score": -0.10530319083828005
   }
  },
  {
   "rank": 2,
   "train_score": 0.21333128339852148,
   "holdout": {
    "n": 138,
    "months": 9.656661184210527,
    "eq": 485.77726947851653,
    "growth": -0.07476756609879974,
    "liq": false,
    "maxdd": 0.5205003870655472,
    "tpm": 14.290653608686394,
    "sl_hits": 20,
    "worst_mae": -0.13828422311623356,
    "win": 0.855072463768116,
    "score": -0.10674367814143224
   }
  },
  {
   "rank": 4,
   "train_score": 0.21308329227294381,
   "holdout": {
    "n": 138,
    "months": 9.656661184210527,
    "eq": 479.9911128906072,
    "growth": -0.07600843356324542,
    "liq": false,
    "maxdd": 0.5241594554367274,
    "tpm": 14.290653608686394,
    "sl_hits": 20,
    "worst_mae": -0.13828422311623356,
    "win": 0.855072463768116,
    "score": -0.10809075393974232
   }
  },
  {
   "rank": 5,
   "train_score": 0.21294523760124245,
   "holdout": {
    "n": 136,
    "months": 9.656661184210527,
    "eq": 474.4750133295318,
    "growth": -0.0772053929452308,
    "liq": false,
    "maxdd": 0.5180276288932844,
    "tpm": 14.083542686821374,
    "sl_hits": 20,
    "worst_mae": -0.13828422311623356,
    "win": 0.8529411764705882,
    "score": -0.10801281010425759
   }
  },
  {
   "rank": 6,
   "train_score": 0.21284610536693774,
   "holdout": {
    "n": 136,
    "months": 9.656661184210527,
    "eq": 474.13740542840304,
    "growth": -0.07727910301395984,
    "liq": false,
    "maxdd": 0.5186225087467465,
    "tpm": 14.083542686821374,
    "sl_hits": 20,