{
 "cand": {
  "strategy": "v7",
  "mode": "lev",
  "regs": [
   {
    "slShort": 0.03833199639445918,
    "eXL": 1.0,
    "xCdPctShort": 0.0059918962278097026,
    "bbValLong": -0.22121954688947532,
    "zS": 2.2285951282034664,
    "xApt1Short": 0.014394963990136319,
    "zXS": 2.786123745181379,
    "vHistN": 2.0,
    "vRsi": 0.0,
    "cdPctShort": 0.011101804105236559,
    "zL": -2.3554266085640796,
    "eL3": 1.0,
    "rsiValShort": 56.70116677088052,
    "slLong": 0.09069687091074068,
    "dur2Short": 68.06069250760808,
    "dur1Short": 0.6,
    "xApt1Long": 0.015,
    "xDur1Long": 60.28850297047482,
    "vBB": 1.0,
    "dur2Long": 21.24491882969791,
    "xTpShort": 0.014312224036793246,
    "xDur1Short": 60.00151347940629,
    "xApt2Short": 0.008504016551208509,
    "xDur2Long": 488.08128964367546,
    "trendBlockZ": 99.0,
    "eS3": 1.0,
    "apt2Long": 0.0,
    "vX": 4.0,
    "xCdPeriodShort": 3.0,
    "bbValShort": 0.8795667028033258,
    "cdPctLong": 0.008510174968915173,
    "cdPeriodLong": 240.0,
    "apt1Long": 0.009125583282740391,
    "dur1Long": 51.02652946135471,
    "xMinBetween": 5.990686111640036,
    "apt1Short": 0.009564610069694383,
    "xTpLong": 0.02,
    "xApt2Long": 0.007878740217601661,
    "ptShort": 0.0054206884535452846,
    "vMacd": 0.0,
    "eXS": 1.0,
    "vEmaDn": 4.0,
    "cdPeriodShort": 100.13073703928427,
    "xDur2Short": 650.9988499094667,
    "leverage": 7.0,
    "requireHistPos": 0.0,
    "rsiValLong": 75.1816474426967,
    "vEmaUp": 4.0,
    "zXLmax": -1.724875931586604,
    "apt2Short": 0.007137211217990913,
    "ptLong": 0.03
   },
   {
    "slShort": 0.09759427816308788,
    "eXL": 1.0,
    "xCdPctShort": 0.0016197214564716467,
    "bbValLong": -0.11720008122426985,
    "zS": 1.777775414754153,
    "xApt1Short": 0.002572757793426577,
    "zXS": 2.609906835797682,
    "vHistN": 3.0,
    "vRsi": 1.0,
    "cdPctShort": 0.009494553997170542,
    "zL": -1.5373437826979421,
    "eL3": 0.0,
    "rsiValShort": 81.11055837032096,
    "slLong": 0.12,
    "dur2Short": 48.77293233913423,
    "dur1Short": 55.460706088154325,
    "xApt1Long": 0.003531177601946867,
    "xDur1Long": 147.35973441166672,
    "vBB": 1.0,
    "dur2Long": 160.8290589647385,
    "xTpShort": 0.01094210711181345,
    "xDur1Short": 89.65962686980188,
    "xApt2Short": 0.0019611505773680107,
    "xDur2Long": 450.5229113477998,
    "trendBlockZ": 3.0,
    "eS3": 1.0,
    "apt2Long": 0.001354091300635625,
    "vX": 1.0,
    "xCdPeriodShort": 83.81317408465542,
    "bbValShort": 0.9814856383747727,
    "cdPctLong": 0.009643062307901481,
    "cdPeriodLong": 190.61019016620764,
    "apt1Long": 0.003201258903514813,
    "dur1Long": 90.0,
    "xMinBetween": 28.014582883115366,
    "apt1Short": 0.008850443359079346,
    "xTpLong": 0.01353020117252393,
    "xApt2Long": 0.003092345389477308,
    "ptShort": 0.013461662115940262,
    "vMacd": 3.0,
    "eXS": 0.0,
    "vEmaDn": 3.0,
    "cdPeriodShort": 106.43734709529097,
    "xDur2Short": 117.87422228108952,
    "leverage": 6.0,
    "requireHistPos": 1.0,
    "rsiValLong": 37.611866494626966,
    "vEmaUp": 4.0,
    "zXLmax": -0.9415005446460699,
    "apt2Short": 0.014202042052830205,
    "ptLong": 0.005769989108339812
   },
   {
    "slShort": 0.04351726191825514,
    "eXL": 1.0,
    "xCdPctShort": 0.0002,
    "bbValLong": -0.04820055927149622,
    "zS": 1.0156863593575225,
    "xApt1Short": 0.007328616519981425,
    "zXS": 2.905111044443454,
    "vHistN": 2.0,
    "vRsi": 4.0,
    "cdPctShort": 0.009659082127729184,
    "zL": -1.6193385158985063,
    "eL3": 1.0,
    "rsiValShort": 68.7072421917489,
    "slLong": 0.09372530525939012,
    "dur2Short": 10.0,
    "dur1Short": 90.0,
    "xApt1Long": 0.003990478376290026,
    "xDur1Long": 37.90162827119046,
    "vBB": 0.0,
    "dur2Long": 102.5004172835529,
    "xTpShort": 0.0037317406060655813,
    "xDur1Short": 240.0,
    "xApt2Short": 0.005480726336422589,
    "xDur2Long": 720.0,
    "trendBlockZ": 99.0,
    "eS3": 1.0,
    "apt2Long": 0.002158696161608738,
    "vX": 3.0,
    "xCdPeriodShort": 3.0,
    "bbValShort": 0.640016548287065,
    "cdPctLong": 0.009246542121299347,
    "cdPeriodLong": 206.08278321422705,
    "apt1Long": 0.0027147428015065,
    "dur1Long": 40.48552133246436,
    "xMinBetween": 15.149224770853786,
    "apt1Short": 0.018797828524483053,
    "xTpLong": 0.010569331441176793,
    "xApt2Long": 0.004919936694391095,
    "ptShort": 0.02679271283756062,
    "vMacd": 0.0,
    "eXS": 0.0,
    "vEmaDn": 2.0,
    "cdPeriodShort": 104.80600630523993,
    "xDur2Short": 665.4728870623115,
    "leverage": 7.0,
    "requireHistPos": 1.0,
    "rsiValLong": 66.70871909137146,
    "vEmaUp": 4.0,
    "zXLmax": -1.2059324307477404,
    "apt2Short": 0.012973791968673392,
    "ptLong": 0.011140686547914945
   }
  ]
 },
 "metrics": {
  "n": 211,
  "months": 13.47046326754386,
  "eq": 2493014632.5394955,
  "growth": 1.0934295977353083,
  "liq": false,
  "maxdd": 0.5565449688334823,
  "tpm": 15.663900773805587,
  "sl_hits": 0,
  "worst_mae": -0.08017964467340355,
  "win": 0.995260663507109,
  "max_hold_days": 4.641666666666667,
  "in_market": 0.20552398492071164,
  "score": 1.0276119684321219
 },
 "strategy": "v7",
 "mode": "lev",
 "method": "vol3",
 "algo": "genetic",
 "per_regime": true,
 "train_end": "2026-03-01",
 "holdout_days": null,
 "max_dd": null,
 "max_hold_days": 5.0,
 "gap_mode": "skip_contaminated",
 "scoring": "classic",
 "anchor": null,
 "anchor_strength": 0.0,
 "evaluated": 100800,
 "generated": "2026-07-20 21:11",
 "holdout": {
  "n": 5,
  "months": 4.043174342105263,
  "eq": 0.0,
  "growth": -6.833992001824289,
  "liq": true,
  "maxdd": 1.0,
  "tpm": 1.2366520899013527,
  "sl_hits": 0,
  "worst_mae": -0.13485714285714284,
  "win": 0.8,
  "max_hold_days": 114.89166666666667,
  "in_market": 0.9816264958134174,
  "score": -6.833992001824289
 },
 "holdout_scan": {
  "scanned": 340,
  "pool": 592,
  "reservoir": 292,
  "survivors": 9
 },
 "holdout_survivors": [
  {
   "rank": 333,
   "train_score": 0.3300617207464866,
   "holdout": {
    "n": 25,
    "months": 4.043174342105263,
    "eq": 5133.503842013181,
    "growth": 0.40458023764680934,
    "liq": false,
    "maxdd": 0.44748375396705525,
    "tpm": 6.183260449506763,
    "sl_hits": 0,
    "worst_mae": -0.0653329165364176,
    "win": 1.0,
    "max_hold_days": 2.85625,
    "in_market": 0.08849452523814366,
    "score": 0.3431395093121026
   }
  },
  {
   "rank": 336,
   "train_score": 0.2216084747214425,
   "holdout": {
    "n": 23,
    "months": 4.043174342105263,
    "eq": 4828.809804979891,
    "growth": 0.38944648112563507,
    "liq": false,
    "maxdd": 0.49595275708884784,
    "tpm": 5.688599613546223,
    "sl_hits": 0,
    "worst_mae": -0.0653329165364176,
    "win": 1.0,
    "max_hold_days": 2.8604166666666666,
    "in_market": 0.09079968812502119,
    "score": 0.380060493246717
   }
  },
  {
   "rank": 301,
   "train_score": 0.2936562580717354,
   "holdout": {
    "n": 30,
    "months": 4.043174342105263,
    "eq": 4471.685842735053,
    "growth": 0.3704429630827274,
    "liq": false,
    "maxdd": 0.3756625441696116,
    "tpm": 7.4199125394081165,
    "sl_hits": 0,
    "worst_mae": -0.05459802068275332,
    "win": 1.0,
    "max_hold_days": 1.58125,
    "in_market": 0.06474795755788332,
    "score": 0.2617478122407711
   }
  },
  {
   "rank": 312,
   "train_score": 0.269648120342104,
   "holdout": {
    "n": 22,
    "months": 4.043174342105263,
    "eq": 4316.950648179886,
    "growth": 0.36173292586120576,
    "liq": false,
    "maxdd": 0.5043380277006121,
    "tpm": 5.441269195565952,
    "sl_hits": 0,
    "worst_mae": -0.06666666666666665,
    "win": 1.0,
    "max_hold_days": 2.8583333333333334,
    "in_market": 0.08430794264212346,
    "score": 0.2907954760759067
   }
  },
  {
   "rank": 325,
   "train_score": 0.25166750296942986,
   "holdout": {
    "n": 22,
    "months": 4.043174342105263,
    "eq": 3500.1987733511646,
    "growth": 0.30986043471389135,
    "liq": false,