{
 "cand": {
  "strategy": "v7",
  "mode": "lev",
  "regs": [
   {
    "cdPeriodShort": 25.52251542441789,
    "vX": 3.0,
    "xDur1Short": 240.0,
    "slShort": 0.02,
    "cdPeriodLong": 141.50427153572107,
    "eL3": 0.0,
    "vBB": 2.0,
    "dur2Long": 10.0,
    "eS3": 0.0,
    "zXS": 1.0,
    "rsiValLong": 47.79246425886337,
    "zL": -1.5187127801616895,
    "xDur1Long": 147.7209855198818,
    "xApt2Short": 0.006468492485641947,
    "ptShort": 0.009126609899594159,
    "eXL": 0.0,
    "cdPctShort": 0.012,
    "xCdPeriodShort": 32.185714367296306,
    "apt1Long": 0.009328369077620795,
    "xDur2Short": 283.72345193293035,
    "dur1Long": 0.6,
    "slLong": 0.05298089463603898,
    "vRsi": 0.0,
    "zXLmax": -0.45287787803518836,
    "trendBlockZ": 2.0,
    "xApt1Long": 0.007700009120855802,
    "xTpShort": 0.02,
    "eXS": 1.0,
    "dur1Short": 72.63657026816429,
    "zS": 2.645688923732877,
    "xCdPctShort": 0.01,
    "xDur2Long": 664.3280599435332,
    "dur2Short": 186.04703607732836,
    "apt2Long": 0.009068937697855778,
    "leverage": 10.0,
    "vHistN": 3.0,
    "bbValLong": -0.3019331666266106,
    "xApt1Short": 0.014356437383337282,
    "ptLong": 0.009716936743670815,
    "xMinBetween": 3.4564412104706794,
    "apt2Short": 0.0,
    "requireHistPos": 1.0,
    "xTpLong": 0.005367424287710748,
    "xApt2Long": 0.005006646196200117,
    "vMacd": 2.0,
    "bbValShort": 0.600346411519636,
    "vEmaUp": 1.0,
    "cdPctLong": 0.005244755200045745,
    "rsiValShort": 85.87267419575166,
    "apt1Short": 0.004892918181483774,
    "vEmaDn": 0.0
   },
   {
    "cdPeriodShort": 65.18460183369854,
    "vX": 0.0,
    "xDur1Short": 44.19168528722302,
    "slShort": 0.07157725809375648,
    "cdPeriodLong": 182.0130410150931,
    "eL3": 1.0,
    "vBB": 4.0,
    "dur2Long": 201.9402367314794,
    "eS3": 1.0,
    "zXS": 2.17448885989271,
    "rsiValLong": 62.64714531941036,
    "zL": -1.4645610849842612,
    "xDur1Long": 186.62700936654934,
    "xApt2Short": 0.005196688932669158,
    "ptShort": 0.027218931457635577,
    "eXL": 1.0,
    "cdPctShort": 0.007297905311676645,
    "xCdPeriodShort": 28.17542138307982,
    "apt1Long": 0.010915240393070697,
    "xDur2Short": 213.72075832721276,
    "dur1Long": 61.04917722358923,
    "slLong": 0.03371054948617676,
    "vRsi": 1.0,
    "zXLmax": 0.4694474072756849,
    "trendBlockZ": 99.0,
    "xApt1Long": 0.013884267794994454,
    "xTpShort": 0.01289067476260389,
    "eXS": 1.0,
    "dur1Short": 0.6,
    "zS": 1.952887541449562,
    "xCdPctShort": 0.001996581404963263,
    "xDur2Long": 538.6460124787793,
    "dur2Short": 155.81525340683416,
    "apt2Long": 0.008425904463338135,
    "leverage": 10.0,
    "vHistN": 3.0,
    "bbValLong": 0.18265114067687516,
    "xApt1Short": 0.007444540822442827,
    "ptLong": 0.026897885492793348,
    "xMinBetween": 11.581697119817274,
    "apt2Short": 0.003235094298371384,
    "requireHistPos": 0.0,
    "xTpLong": 0.02,
    "xApt2Long": 0.01,
    "vMacd": 0.0,
    "bbValShort": 0.6,
    "vEmaUp": 0.0,
    "cdPctLong": 0.010335646377967671,
    "rsiValShort": 61.227518589495425,
    "apt1Short": 0.00898864871964243,
    "vEmaDn": 3.0
   },
   {
    "cdPeriodShort": 86.98841968263255,
    "vX": 0.0,
    "xDur1Short": 230.08150108531032,
    "slShort": 0.1064901573780988,
    "cdPeriodLong": 46.97877331960467,
    "eL3": 1.0,
    "vBB": 0.0,
    "dur2Long": 276.5211020468538,
    "eS3": 1.0,
    "zXS": 2.381296170700538,
    "rsiValLong": 68.15581297828956,
    "zL": -2.5284378453003247,
    "xDur1Long": 240.0,
    "xApt2Short": 0.005771570091688538,
    "ptShort": 0.018703821666965482,
    "eXL": 1.0,
    "cdPctShort": 0.01128536177432561,
    "xCdPeriodShort": 42.211867620701604,
    "apt1Long": 0.001,
    "xDur2Short": 611.513647191049,
    "dur1Long": 31.795647748888925,
    "slLong": 0.03595571278584121,
    "vRsi": 2.0,
    "zXLmax": -2.3660420214554088,
    "trendBlockZ": 2.0,
    "xApt1Long": 0.0022855778011670828,
    "xTpShort": 0.001,
    "eXS": 0.0,
    "dur1Short": 15.9359680886283,
    "zS": 2.652373460879148,
    "xCdPctShort": 0.00903541983892505,
    "xDur2Long": 449.8141237320384,
    "dur2Short": 270.97900521836215,
    "apt2Long": 0.0,
    "leverage": 10.0,
    "vHistN": 3.0,
    "bbValLong": 0.23868284766281989,
    "xApt1Short": 0.013467481726803473,
    "ptLong": 0.016245722213872875,
    "xMinBetween": 26.68805609307738,
    "apt2Short": 0.003769416023306491,
    "requireHistPos": 1.0,
    "xTpLong": 0.02,
    "xApt2Long": 0.01,
    "vMacd": 0.0,
    "bbValShort": 0.7746002377261808,
    "vEmaUp": 3.0,
    "cdPctLong": 0.006387891952423065,
    "rsiValShort": 85.55069723664822,
    "apt1Short": 0.02,
    "vEmaDn": 1.0
   }
  ]
 },
 "metrics": {
  "n": 157,
  "months": 14.81640625,
  "eq": 1203285040.875381,
  "growth": 0.9449366919592332,
  "liq": false,
  "maxdd": 0.5162539656380045,
  "tpm": 10.596361718955972,
  "sl_hits": 0,
  "worst_mae": -0.05111750387253822,
  "win": 1.0,
  "max_hold_days": 4.2,
  "in_market": 0.07117450890606426,
  "score": 0.8519084728902319
 },
 "strategy": "v7",
 "mode": "lev",
 "method": "trend3",
 "algo": "genetic",
 "per_regime": true,
 "train_end": "2025-09-01",
 "holdout_days": null,
 "max_dd": null,
 "max_hold_days": 5.0,
 "gap_mode": "skip_contaminated",
 "scoring": "underwater",
 "anchor": null,
 "anchor_strength": 0.0,
 "evaluated": 100800,
 "generated": "2026-07-20 15:18",
 "holdout": {
  "n": 3,
  "months": 2.1842105263157894,
  "eq": 0.0,
  "growth": -12.650347016931143,
  "liq": true,
  "maxdd": 1.0,
  "tpm": 1.3734939759036144,
  "sl_hits": 0,
  "worst_mae": -0.092,
  "win": 0.6666666666666666,
  "max_hold_days": 60.59166666666667,
  "in_market": 0.9777861445783133,
  "score": -13.1392400892203
 },
 "holdout_scan": {
  "scanned": 595,
  "pool": 595,
  "reservoir": 295,
  "survivors": 0
 },
 "holdout_survivors": [],
 "holdout_top10": [
  {
   "rank": 1,
   "train_score": 0.8519084728902319,
   "holdout": {
    "n": 3,
    "months": 2.1842105263157894,
    "eq": 0.0,
    "growth": -12.650347016931143,
    "liq": true,
    "maxdd": 1.0,
    "tpm": 1.3734939759036144,
    "sl_hits": 0,
    "worst_mae": -0.092,
    "win": 0.6666666666666666,
    "max_hold_days": 60.59166666666667,
    "in_market": 0.9777861445783133,
    "score": -13.1392400892203
   }
  },
  {
   "rank": 2,
   "train_score": 0.8457285512113392,
   "holdout": {
    "n": 3,
    "months": 2.1842105263157894,
    "eq": 0.0,
    "growth": -12.650347016931143,
    "liq": true,
    "maxdd": 1.0,
    "tpm": 1.3734939759036144,
    "sl_hits": 0,
    "worst_mae": -0.092,
    "win": 0.6666666666666666,
    "max_hold_days": 60.59166666666667,
    "in_market": 0.9776292670682731,
    "score": -13.13916165046528
   }
  },
  {
   "rank": 3,
   "train_score": 0.8425296774606659,
   "holdout": {
    "n": 3,
    "months": 2.1842105263157894,
    "eq": 0.0,
    "growth": -12.650347016931143,
    "liq": true,
    "maxdd": 1.0,
    "tpm": 1.3734939759036144,
    "sl_hits": 0,
    "worst_mae": -0.092,
    "win": 0.6666666666666666,
    "max_hold_days": 60.59166666666667,
    "in_market": 0.9846573795180723,
    "score": -13.142675706690179
   }
  },
  {
   "rank": 4,
   "train_score": 0.8352150178840123,
   "holdout": {
    "n": 3,
    "months": 2.1842105263157894,
    "eq": 0.0,
    "growth": -12.650347016931143,
    "liq": true,
    "maxdd": 1.0,
    "tpm": 1.3734939759036144,
    "sl_hits": 0,
    "worst_mae": -0.092,
    "win": 0.6666666666666666,
    "max_hold_days": 60.59166666666667,
    "in_market": 0.9803903112449799,
    "score": -13.140542172553634
   }
  },
  {
   "rank": 5,
   "train_score": 0.8342632889577195,
   "holdout": {
    "n": 3,
    "months": 2.1842105263157894,
    "eq": 0.0,
    "growth": -12.650347016931143,
    "liq": true,
    "maxdd": 1.0,
    "tpm": 1.3734939759036144,
    "sl_hits": 0,
    "worst_mae": -0.092,
    "win": 0.6666666666666666,
    "max_hold_days": 60.59166666666667,
    "in_market": 0.9875125502008032,