{
 "cand": {
  "strategy": "v7",
  "mode": "lev",
  "regs": [
   {
    "rsiValLong": 65.75482566186228,
    "rsiValShort": 68.0,
    "zL": -1.7,
    "zS": 1.7,
    "bbValLong": -0.05,
    "bbValShort": 0.825,
    "zXS": 2.0,
    "zXLmax": -2.5,
    "ptLong": 0.012,
    "apt1Long": 0.007,
    "apt2Long": 0.00407,
    "dur1Long": 0.6,
    "dur2Long": 14.4,
    "ptShort": 0.01,
    "apt1Short": 0.009,
    "apt2Short": 0.004,
    "dur1Short": 0.6,
    "dur2Short": 10.0,
    "xTpLong": 0.004,
    "xApt1Long": 0.003337917251248328,
    "xApt2Long": 0.002260184024589021,
    "xDur1Long": 60.0,
    "xDur2Long": 140.39089557335944,
    "xTpShort": 0.0015,
    "xApt1Short": 0.001,
    "xApt2Short": 0.0,
    "xDur1Short": 60.0,
    "xDur2Short": 120.0,
    "cdPctLong": 0.00402,
    "cdPeriodLong": 90.0,
    "cdPctShort": 0.003,
    "cdPeriodShort": 70.0,
    "xCdPctShort": 0.0003,
    "xCdPeriodShort": 7.0,
    "xMinBetween": 13.144877311426553,
    "slLong": 0.10218909290414659,
    "slShort": 0.09344098164291142,
    "leverage": 8.0,
    "eL3": 1.0,
    "eS3": 1.0,
    "eXL": 0.0,
    "eXS": 0.0,
    "requireHistPos": 1.0,
    "vRsi": 1,
    "vMacd": 0,
    "vBB": 2.0,
    "vEmaUp": 2,
    "vEmaDn": 4,
    "vX": 1,
    "vHistN": 3,
    "trendBlockZ": 99.0
   },
   {
    "rsiValLong": 68.81591429210711,
    "rsiValShort": 68.0,
    "zL": -1.8541394568307064,
    "zS": 1.7,
    "bbValLong": -0.05,
    "bbValShort": 0.825,
    "zXS": 2.0178279916168944,
    "zXLmax": -99.0,
    "ptLong": 0.012,
    "apt1Long": 0.007,
    "apt2Long": 0.00407,
    "dur1Long": 0.6,
    "dur2Long": 14.4,
    "ptShort": 0.01,
    "apt1Short": 0.009,
    "apt2Short": 0.004,
    "dur1Short": 0.6,
    "dur2Short": 14.4,
    "xTpLong": 0.004,
    "xApt1Long": 0.0027777144853514974,
    "xApt2Long": 0.00207,
    "xDur1Long": 60.0,
    "xDur2Long": 120.0,
    "xTpShort": 0.001,
    "xApt1Short": 0.001,
    "xApt2Short": 0.0,
    "xDur1Short": 60.0,
    "xDur2Short": 120.0,
    "cdPctLong": 0.004106857061809841,
    "cdPeriodLong": 90.0,
    "cdPctShort": 0.003,
    "cdPeriodShort": 70.0,
    "xCdPctShort": 0.0003,
    "xCdPeriodShort": 7.0,
    "xMinBetween": 13.0,
    "slLong": 0.10366942265088157,
    "slShort": 0.1,
    "leverage": 8.0,
    "eL3": 1.0,
    "eS3": 0.0,
    "eXL": 0.0,
    "eXS": 0.0,
    "requireHistPos": 1.0,
    "vRsi": 1,
    "vMacd": 0,
    "vBB": 1,
    "vEmaUp": 2,
    "vEmaDn": 4,
    "vX": 1,
    "vHistN": 3,
    "trendBlockZ": 99.0
   },
   {
    "rsiValLong": 68.0,
    "rsiValShort": 68.0,
    "zL": -1.7,
    "zS": 1.6596269261079073,
    "bbValLong": -0.05,
    "bbValShort": 0.825,
    "zXS": 1.9191212555540302,
    "zXLmax": -99.0,
    "ptLong": 0.012,
    "apt1Long": 0.007,
    "apt2Long": 0.00407,
    "dur1Long": 0.6,
    "dur2Long": 14.4,
    "ptShort": 0.01,
    "apt1Short": 0.009189060009141629,
    "apt2Short": 0.004,
    "dur1Short": 0.6,
    "dur2Short": 10.0,
    "xTpLong": 0.004,
    "xApt1Long": 0.003,
    "xApt2Long": 0.00207,
    "xDur1Long": 60.0,
    "xDur2Long": 120.0,
    "xTpShort": 0.0015,
    "xApt1Short": 0.001,
    "xApt2Short": 0.0,
    "xDur1Short": 60.0,
    "xDur2Short": 120.0,
    "cdPctLong": 0.00402,
    "cdPeriodLong": 90.0,
    "cdPctShort": 0.003,
    "cdPeriodShort": 70.0,
    "xCdPctShort": 0.0003,
    "xCdPeriodShort": 7.0,
    "xMinBetween": 13.0,
    "slLong": 0.10315573268066747,
    "slShort": 0.1,
    "leverage": 8.0,
    "eL3": 1.0,
    "eS3": 1.0,
    "eXL": 0.0,
    "eXS": 0.0,
    "requireHistPos": 1.0,
    "vRsi": 1,
    "vMacd": 0,
    "vBB": 1,
    "vEmaUp": 2.0,
    "vEmaDn": 4,
    "vX": 1,
    "vHistN": 3,
    "trendBlockZ": 99.0
   }
  ]
 },
 "metrics": {
  "n": 64,
  "months": 14.81640625,
  "eq": 12303.37639167726,
  "growth": 0.1693982795657756,
  "liq": false,
  "maxdd": 0.5407076705583433,
  "tpm": 4.31953598734511,
  "sl_hits": 0,
  "worst_mae": -0.0692926624234419,
  "win": 1.0,
  "max_hold_days": 2.3,
  "in_market": 0.02796471801703045,
  "score": 0.13629033612382163
 },
 "strategy": "v7",
 "mode": "lev",
 "method": "vol3",
 "algo": "genetic",
 "per_regime": true,
 "train_end": "2025-09-01",
 "holdout_days": null,
 "max_dd": 0.6,
 "max_hold_days": 7.0,
 "gap_mode": "skip_contaminated",
 "scoring": "underwater",
 "anchor": "defaults",
 "anchor_strength": 0.3,
 "evaluated": 500640,
 "generated": "2026-07-09 22:46",
 "holdout": {
  "n": 20,
  "months": 2.1842105263157894,
  "eq": 0.0,
  "growth": -12.650347016931143,
  "liq": true,
  "maxdd": 1.0,
  "tpm": 9.156626506024097,
  "sl_hits": 0,
  "worst_mae": -0.11699999999999999,
  "win": 0.95,
  "max_hold_days": 38.733333333333334,
  "in_market": 0.6766440763052208,
  "score": -12.988669055083752
 },
 "holdout_scan": {
  "scanned": 11,
  "pool": 11,
  "reservoir": 0,
  "survivors": 2
 },
 "holdout_survivors": [
  {
   "rank": 9,
   "train_score": -0.08401338734447225,
   "holdout": {
    "n": 48,
    "months": 9.656661184210527,
    "eq": 2064.6208894945953,
    "growth": 0.07507218148250042,
    "liq": false,
    "maxdd": 0.3159645641737172,
    "tpm": 4.9706621247604845,
    "sl_hits": 0,
    "worst_mae": -0.06313347173036998,
    "win": 1.0,
    "max_hold_days": 4.497916666666667,
    "in_market": 0.05883897523241786,
    "score": 0.029104532623169862
   }
  },
  {
   "rank": 10,
   "train_score": -0.09665714277565797,
   "holdout": {
    "n": 34,
    "months": 9.656661184210527,
    "eq": 1783.8621905016475,
    "growth": 0.05993591083466603,
    "liq": false,
    "maxdd": 0.7558567866064646,
    "tpm": 3.5208856717053436,
    "sl_hits": 0,
    "worst_mae": -0.3078380873706206,
    "win": 1.0,
    "max_hold_days": 2.93125,
    "in_market": 0.023227592080051096,
    "score": 0.029127331348766758
   }
  }
 ],
 "holdout_top10": [
  {
   "rank": 7,
   "train_score": -0.04904008299247124,
   "holdout": {
    "n": 53,
    "months": 9.656661184210527,
    "eq": 5091.52622689243,
    "growth": 0.16854455206429544,
    "liq": false,
    "maxdd": 0.8353165488220247,
    "tpm": 5.488439429423035,
    "sl_hits": 0,
    "worst_mae": -0.16277412714749429,
    "win": 0.9811320754716981,
    "max_hold_days": 13.789583333333333,
    "in_market": 0.24689518132141083,
    "score": -0.006736037710379589
   }
  },
  {
   "rank": 8,
   "train_score": -0.05551245701710705,
   "holdout": {
    "n": 44,
    "months": 9.656661184210527,
    "eq": 2338.3545090494977,
    "growth": 0.0879649254066876,
    "liq": false,
    "maxdd": 0.5088788659480559,
    "tpm": 4.5564402810304445,
    "sl_hits": 0,
    "worst_mae": -0.12697685079074028,
    "win": 1.0,
    "max_hold_days": 10.335416666666667,
    "in_market": 0.1390532964303456,
    "score": -0.004925017459514791
   }
  },
  {
   "rank": 9,
   "train_score": -0.08401338734447225,
   "holdout": {
    "n": 48,
    "months": 9.656661184210527,
    "eq": 2064.6208894945953,
    "growth": 0.07507218148250042,
    "liq": false,
    "maxdd": 0.3159645641737172,
    "tpm": 4.9706621247604845,
    "sl_hits": 0,
    "worst_mae": -0.06313347173036998,
    "win": 1.0,
    "max_hold_days": 4.497916666666667,
    "in_market": 0.05883897523241786,
    "score": 0.029104532623169862
   }
  },
  {
   "rank": 10,
   "train_score": -0.09665714277565797,
   "holdout": {
    "n": 34,
    "months": 9.656661184210527,
    "eq": 1783.8621905016475,
    "growth": 0.05993591083466603,
    "liq": false,
    "maxdd": 0.7558567866064646,
    "tpm": 3.5208856717053436,
    "sl_hits": 0,
    "worst_mae": -0.3078380873706206,
    "win": 1.0,
    "max_hold_days": 2.93125,
    "in_market": 0.023227592080051096,
    "score": 0.029127331348766758
   }
  },
  {
   "rank": 1,
   "train_score": 0.12352500316919304,
   "holdout": {
    "n": 20,
    "months": 2.1842105263157894,
    "eq": 0.0,
    "growth": -12.650347016931143,
    "liq": true,
    "maxdd": 1.0,
    "tpm": 9.156626506024097,
    "sl_hits": 0,
    "worst_mae": -0.11699999999999999,
    "win": 0.95,
    "max_hold_days": 38.733333333333334,
    "in_market": 0.6766440763052208,