{
 "cand": {
  "strategy": "v7",
  "mode": "lev",
  "regs": [
   {
    "apt1Long": 0.008521016875188948,
    "apt1Short": 0.004947174191973209,
    "apt2Long": 0.006625149985293233,
    "apt2Short": 0.0029683045151839256,
    "bbValLong": 0.08846417797255557,
    "bbValShort": 0.9738986863611869,
    "cdPctLong": 0.006481539053422944,
    "cdPctShort": 0.007137203985787442,
    "cdPeriodLong": 22.56591137591494,
    "cdPeriodShort": 55.77617031808795,
    "dur1Long": 43.78875219139081,
    "dur1Short": 44.32916940570892,
    "dur2Long": 342.7270301223316,
    "dur2Short": 87.79736350914132,
    "leverage": 1.2571778655539123,
    "ptLong": 0.008648045271111517,
    "ptShort": 0.007067391702818871,
    "rsiValLong": 35.14579528727272,
    "rsiValShort": 55.2885788462589,
    "slLong": 0.1085174028731958,
    "slShort": 0.08385723553660772,
    "xApt1Long": 0.014276549858207904,
    "xApt1Short": 0.0026857166404505592,
    "xApt2Long": 0.002399563269645747,
    "xApt2Short": 0.0037641979291644836,
    "xCdPctShort": 0.002746151339213769,
    "xCdPeriodShort": 9.618892251832285,
    "xDur1Long": 62.98631281633157,
    "xDur1Short": 88.59145995643703,
    "xDur2Long": 133.71689036764744,
    "xDur2Short": 252.4710300568352,
    "xMinBetween": 13.361488140169598,
    "xTpLong": 0.009089256122889411,
    "xTpShort": 0.018254185499505877,
    "zL": -2.942063112571422,
    "zS": 2.6687408097085568,
    "zXLmax": -1.4783580745804197,
    "zXS": 2.859672417818401,
    "trendBlockZ": 1.0,
    "vBB": 1.0,
    "vEmaDn": 1.0,
    "vEmaUp": 3.0,
    "vHistN": 2.0,
    "vMacd": 1.0,
    "vRsi": 5.0,
    "vX": 0.0,
    "eL3": 1.0,
    "eS3": 0.0,
    "eXL": 0.0,
    "eXS": 1.0,
    "requireHistPos": 1.0
   },
   {
    "apt1Long": 0.0018538866744544488,
    "apt1Short": 0.019388084068103353,
    "apt2Long": 0.0011123320046726693,
    "apt2Short": 0.012879624675341109,
    "bbValLong": -0.2596644719927736,
    "bbValShort": 0.9466922397517725,
    "cdPctLong": 0.010523633415319195,
    "cdPctShort": 0.004462423357155596,
    "cdPeriodLong": 125.87771878186574,
    "cdPeriodShort": 181.08960387879875,
    "dur1Long": 49.09038713685971,
    "dur1Short": 4.758694303474615,
    "dur2Long": 143.35192602195383,
    "dur2Short": 240.91546885111472,
    "leverage": 4.862629278268405,
    "ptLong": 0.009163960857017706,
    "ptShort": 0.02885648277549248,
    "rsiValLong": 61.262582258115756,
    "rsiValShort": 85.43077937592781,
    "slLong": 0.04492939904952891,
    "slShort": 0.06963209072780009,
    "xApt1Long": 0.0027538333305571266,
    "xApt1Short": 0.006818774099851419,
    "xApt2Long": 0.008064602275369257,
    "xApt2Short": 0.00021707520116820645,
    "xCdPctShort": 0.006751363252386971,
    "xCdPeriodShort": 109.61839091658467,
    "xDur1Long": 80.39165169791059,
    "xDur1Short": 161.71091126550633,
    "xDur2Long": 317.1001094869822,
    "xDur2Short": 564.2872635329302,
    "xMinBetween": 10.369335293301269,
    "xTpLong": 0.003210465018951104,
    "xTpShort": 0.0016336712414772366,
    "zL": -2.7184215427349216,
    "zS": 2.4900844497362504,
    "zXLmax": -1.6702161530322823,
    "zXS": 2.5232511433856684,
    "trendBlockZ": 99.0,
    "vBB": 1.0,
    "vEmaDn": 3.0,
    "vEmaUp": 2.0,
    "vHistN": 2.0,
    "vMacd": 0.0,
    "vRsi": 3.0,
    "vX": 2.0,
    "eL3": 1.0,
    "eS3": 1.0,
    "eXL": 1.0,
    "eXS": 1.0,
    "requireHistPos": 1.0
   },
   {
    "apt1Long": 0.0015224267241805936,
    "apt1Short": 0.0021769516460753793,
    "apt2Long": 0.0009134560345083561,
    "apt2Short": 0.0013061709876452275,
    "bbValLong": -0.12324664042280957,
    "bbValShort": 0.7723447715543431,
    "cdPctLong": 0.004127203430122164,
    "cdPctShort": 0.010908069000363656,
    "cdPeriodLong": 122.47250966361835,
    "cdPeriodShort": 127.71770897865548,
    "dur1Long": 21.055679585896804,
    "dur1Short": 56.02361779346407,
    "dur2Long": 164.89756615208822,
    "dur2Short": 112.00484021048722,
    "leverage": 5.23685793028669,
    "ptLong": 0.002174895320257991,
    "ptShort": 0.0031099309229648277,
    "rsiValLong": 84.69258812565502,
    "rsiValShort": 59.208740739485165,
    "slLong": 0.048805817653406185,
    "slShort": 0.09831054727751788,
    "xApt1Long": 0.008988435568773996,
    "xApt1Short": 0.006737484986753171,
    "xApt2Long": 0.009439107286885991,
    "xApt2Short": 0.0020472134681485555,
    "xCdPctShort": 0.0013944446650279087,
    "xCdPeriodShort": 84.78877550960748,
    "xDur1Long": 91.67513117374025,
    "xDur1Short": 165.02348577186478,
    "xDur2Long": 598.3441827577908,
    "xDur2Short": 205.81118540545873,
    "xMinBetween": 26.340011169931866,
    "xTpLong": 0.0036790441703669183,
    "xTpShort": 0.005664067890322765,
    "zL": -2.2172858904676476,
    "zS": 2.0749080354283205,
    "zXLmax": -1.4846173753827676,
    "zXS": 2.4394239843978642,
    "trendBlockZ": 99.0,
    "vBB": 4.0,
    "vEmaDn": 4.0,
    "vEmaUp": 3.0,
    "vHistN": 1.0,
    "vMacd": 3.0,
    "vRsi": 2.0,
    "vX": 3.0,
    "eL3": 1.0,
    "eS3": 1.0,
    "eXL": 0.0,
    "eXS": 1.0,
    "requireHistPos": 0.0
   }
  ]
 },
 "strategy": "v7",
 "mode": "lev",
 "method": "vol3",
 "algo": "genetic",
 "train_end": "2025-09-01",
 "max_hold_days": 7.0,
 "max_dd": 0.6,
 "gap_mode": "skip_contaminated",
 "scoring": "underwater",
 "evaluated": 500640
}