{
 "cand": {
  "strategy": "v7",
  "mode": "lev",
  "regs": [
   {
    "xTpShort": 0.0011700753142648108,
    "zXLmax": 0.5,
    "leverage": 9.310112044051529,
    "rsiValLong": 61.5836054735843,
    "xCdPctShort": 0.00202853089946461,
    "zS": 1.880261642707803,
    "dur2Long": 306.43068830305214,
    "dur1Short": 82.59864384156025,
    "cdPeriodShort": 173.25078566299038,
    "zL": -2.5116026740848487,
    "xApt1Long": 0.0005,
    "apt1Short": 0.01771912172896914,
    "cdPctShort": 0.008399740368830755,
    "vRsi": 3.0,
    "cdPeriodLong": 230.24590348937383,
    "eXL": 1.0,
    "dur1Long": 37.546392879050345,
    "vMacd": 1.0,
    "xMinBetween": 12.14220963308532,
    "zXS": 2.556940004972313,
    "eS3": 1.0,
    "eL3": 1.0,
    "cdPctLong": 0.011536284863692257,
    "xDur1Short": 240.0,
    "rsiValShort": 77.90900390814903,
    "trendBlockZ": 3.0,
    "xApt1Short": 0.0035627472939018176,
    "bbValShort": 0.6,
    "vHistN": 3.0,
    "vX": 0.0,
    "apt2Short": 0.005663128383993362,
    "xDur2Short": 720.0,
    "xTpLong": 0.013148782882223329,
    "xDur2Long": 30.0,
    "xCdPeriodShort": 78.45319163265864,
    "dur2Short": 138.12669366693146,
    "apt2Long": 0.005206680030669875,
    "bbValLong": 0.13846451002922527,
    "eXS": 1.0,
    "vEmaUp": 3.0,
    "ptLong": 0.02244670102233225,
    "apt1Long": 0.017955627028669655,
    "vEmaDn": 3.0,
    "xApt2Long": 0.00993740028737264,
    "slLong": 0.02,
    "requireHistPos": 1.0,
    "ptShort": 0.019831019848120017,
    "slShort": 0.02,
    "xDur1Long": 174.2004926904216,
    "vBB": 1.0,
    "xApt2Short": 0.005925720544800864
   },
   {
    "xTpShort": 0.0028029429100867058,
    "zXLmax": 0.040693400018706666,
    "leverage": 8.80148951849653,
    "rsiValLong": 75.58382938801887,
    "xCdPctShort": 0.00341943641941028,
    "zS": 1.3741162557320543,
    "dur2Long": 207.42449306373697,
    "dur1Short": 71.55888253316817,
    "cdPeriodShort": 45.4070399560171,
    "zL": -2.3189639083854274,
    "xApt1Long": 0.009209226234150074,
    "apt1Short": 0.011411118775436518,
    "cdPctShort": 0.0072380058533157736,
    "vRsi": 5.0,
    "cdPeriodLong": 179.20608211351893,
    "eXL": 1.0,
    "dur1Long": 13.910533534009216,
    "vMacd": 0.0,
    "xMinBetween": 30.0,
    "zXS": 3.0,
    "eS3": 1.0,
    "eL3": 1.0,
    "cdPctLong": 0.004389596389946457,
    "xDur1Short": 240.0,
    "rsiValShort": 65.24218681290982,
    "trendBlockZ": 99.0,
    "xApt1Short": 0.00546643580453004,
    "bbValShort": 0.6,
    "vHistN": 3.0,
    "vX": 0.0,
    "apt2Short": 0.005003552315542181,
    "xDur2Short": 213.2593513393369,
    "xTpLong": 0.018810983108087667,
    "xDur2Long": 378.96036621539656,
    "xCdPeriodShort": 21.46795269173964,
    "dur2Short": 360.0,
    "apt2Long": 0.008036224270258152,
    "bbValLong": 0.1027927187170005,
    "eXS": 0.0,
    "vEmaUp": 4.0,
    "ptLong": 0.011837490855720938,
    "apt1Long": 0.01948923957169597,
    "vEmaDn": 4.0,
    "xApt2Long": 0.009867951230343593,
    "slLong": 0.09722323171330217,
    "requireHistPos": 0.0,
    "ptShort": 0.021405659500755677,
    "slShort": 0.12,
    "xDur1Long": 161.116343629271,
    "vBB": 1.0,
    "xApt2Short": 0.005384488044876945
   },
   {
    "xTpShort": 0.00616791585412506,
    "zXLmax": -1.104613777913549,
    "leverage": 9.554639247768595,
    "rsiValLong": 81.28073458591884,
    "xCdPctShort": 0.0006972026708800718,
    "zS": 2.0328513147130245,
    "dur2Long": 151.1861696812577,
    "dur1Short": 79.30406067346941,
    "cdPeriodShort": 109.91526955939217,
    "zL": -1.7121137988276731,
    "xApt1Long": 0.01220198758625637,
    "apt1Short": 0.008110756594496562,
    "cdPctShort": 0.00243213079370203,
    "vRsi": 3.0,
    "cdPeriodLong": 20.029087949175896,
    "eXL": 1.0,
    "dur1Long": 77.34263269176543,
    "vMacd": 3.0,
    "xMinBetween": 8.231578671044092,
    "zXS": 2.8433984919364432,
    "eS3": 1.0,
    "eL3": 1.0,
    "cdPctLong": 0.005315376413518235,
    "xDur1Short": 100.29192482860414,
    "rsiValShort": 86.17686747790704,
    "trendBlockZ": 1.5,
    "xApt1Short": 0.0054966889830022495,
    "bbValShort": 0.6037698121501661,
    "vHistN": 3.0,
    "vX": 4.0,
    "apt2Short": 0.003963797173507878,
    "xDur2Short": 648.3807484857268,
    "xTpLong": 0.015742834272960082,
    "xDur2Long": 427.32516826820665,
    "xCdPeriodShort": 4.965649856931057,
    "dur2Short": 241.81042240961466,
    "apt2Long": 0.003279171242109883,
    "bbValLong": -0.22771208564854029,
    "eXS": 0.0,
    "vEmaUp": 4.0,
    "ptLong": 0.03,
    "apt1Long": 0.01733604586253027,
    "vEmaDn": 3.0,
    "xApt2Long": 0.01,
    "slLong": 0.07309172917788954,
    "requireHistPos": 0.0,
    "ptShort": 0.0213909161677574,
    "slShort": 0.12,
    "xDur1Long": 210.78291581836902,
    "vBB": 1.0,
    "xApt2Short": 0.004142201254010321
   }
  ]
 },
 "metrics": {
  "n": 163,
  "months": 14.81640625,
  "eq": 79188463219.76515,
  "growth": 1.227513667813824,
  "liq": false,
  "maxdd": 0.49611536319186067,
  "tpm": 11.001318217769576,
  "sl_hits": 0,
  "worst_mae": -0.057720700894224986,
  "win": 1.0,
  "max_hold_days": 4.2,
  "in_market": 0.11073954329535941,
  "score": 1.1253308279422793
 },
 "strategy": "v7",
 "mode": "lev",
 "method": "vol3",
 "algo": "genetic",
 "per_regime": true,
 "train_end": "2025-09-01",
 "holdout_days": null,
 "max_dd": 0.5,
 "max_hold_days": 7.0,
 "gap_mode": "skip_contaminated",
 "scoring": "worst_window",
 "anchor": null,
 "anchor_strength": 0.0,
 "evaluated": 1001000,
 "generated": "2026-07-11 00:01",
 "holdout": {
  "n": 12,
  "months": 2.1842105263157894,
  "eq": 0.0,
  "growth": -12.650347016931143,
  "liq": true,
  "maxdd": 1.0,
  "tpm": 5.493975903614458,
  "sl_hits": 0,
  "worst_mae": -0.10561713240679063,
  "win": 0.9166666666666666,
  "max_hold_days": 36.94375,
  "in_market": 0.6770833333333334,
  "score": -12.650347016931143
 },
 "holdout_scan": {
  "scanned": 599,
  "pool": 599,
  "reservoir": 299,
  "survivors": 1
 },
 "holdout_survivors": [
  {
   "rank": 583,
   "train_score": 0.04280089113717267,
   "holdout": {
    "n": 54,
    "months": 9.656661184210527,
    "eq": 2053.1899333215797,
    "growth": 0.07449724444580966,
    "liq": false,
    "maxdd": 0.3875816592736561,
    "tpm": 5.591994890355545,
    "sl_hits": 0,
    "worst_mae": -0.08311209439528033,
    "win": 0.9814814814814815,
    "max_hold_days": 2.9479166666666665,
    "in_market": 0.0470158257043503,
    "score": 0.0500003600640199
   }
  }
 ],
 "holdout_top10": [
  {
   "rank": 583,
   "train_score": 0.04280089113717267,
   "holdout": {
    "n": 54,
    "months": 9.656661184210527,
    "eq": 2053.1899333215797,
    "growth": 0.07449724444580966,
    "liq": false,
    "maxdd": 0.3875816592736561,
    "tpm": 5.591994890355545,
    "sl_hits": 0,
    "worst_mae": -0.08311209439528033,
    "win": 0.9814814814814815,
    "max_hold_days": 2.9479166666666665,
    "in_market": 0.0470158257043503,
    "score": 0.0500003600640199
   }
  },
  {
   "rank": 1,
   "train_score": 1.1253308279422793,
   "holdout": {
    "n": 12,
    "months": 2.1842105263157894,
    "eq": 0.0,
    "growth": -12.650347016931143,
    "liq": true,
    "maxdd": 1.0,
    "tpm": 5.493975903614458,
    "sl_hits": 0,
    "worst_mae": -0.10561713240679063,
    "win": 0.9166666666666666,
    "max_hold_days": 36.94375,
    "in_market": 0.6770833333333334,
    "score": -12.650347016931143
   }
  },
  {
   "rank": 2,
   "train_score": 1.099220940568145,
   "holdout": {
    "n": 11,
    "months": 2.1842105263157894,
    "eq": 0.0,
    "growth": -12.650347016931143,
    "liq": true,
    "maxdd": 1.0,
    "tpm": 5.0361445783132535,
    "sl_hits": 0,
    "worst_mae": -0.10561713240679063,
    "win": 0.9090909090909091,
    "max_hold_days": 36.94375,
    "in_market": 0.6794051204819277,
    "score": -12.650347016931143
   }
  },
  {
   "rank": 3,
   "train_score": 1.0907858936839474,
   "holdout": {
    "n": 13,
    "months": 2.1842105263157894,
    "eq": 0.0,
    "growth": -12.650347016931143,
    "liq": true,