{
 "cand": {
  "strategy": "v7",
  "mode": "lev",
  "regs": [
   {
    "apt1Long": 0.019030398733959456,
    "apt1Short": 0.0010771478873529694,
    "apt2Long": 0.015,
    "apt2Short": 0.015,
    "bbValLong": 0.021922319260548537,
    "bbValShort": 0.6248727612431922,
    "cdPctLong": 0.011156890402036808,
    "cdPctShort": 0.012,
    "cdPeriodLong": 70.28254079073443,
    "cdPeriodShort": 102.30503306670946,
    "dur1Long": 18.699570709437637,
    "dur1Short": 44.015105705059284,
    "dur2Long": 306.2326880603073,
    "dur2Short": 48.69469310692896,
    "leverage": 1.6713005279203639,
    "ptLong": 0.0067310959438768424,
    "ptShort": 0.014680249765390133,
    "rsiValLong": 57.81909052907427,
    "rsiValShort": 53.56428490601764,
    "slLong": 0.11572166095683532,
    "slShort": 0.09236834167377646,
    "xApt1Long": 0.007885168633794315,
    "xApt1Short": 0.007602887682871596,
    "xApt2Long": 0.01,
    "xApt2Short": 0.006294434224364171,
    "xCdPctShort": 0.0025156340053203415,
    "xCdPeriodShort": 37.666328188634644,
    "xDur1Long": 240.0,
    "xDur1Short": 42.28989691225168,
    "xDur2Long": 631.9552002792739,
    "xDur2Short": 596.4473576804894,
    "xMinBetween": 15.93225601841727,
    "xTpLong": 0.0010332140295597981,
    "xTpShort": 0.010009288222558303,
    "zL": -0.8,
    "zS": 1.0289530221120864,
    "zXLmax": -0.39127556206645625,
    "zXS": 2.423115989558407,
    "trendBlockZ": 3.0,
    "vBB": 1.0,
    "vEmaDn": 3.0,
    "vEmaUp": 2.0,
    "vHistN": 1.0,
    "vMacd": 0.0,
    "vRsi": 0.0,
    "vX": 3.0,
    "eL3": 1.0,
    "eS3": 1.0,
    "eXL": 1.0,
    "eXS": 0.0,
    "requireHistPos": 1.0
   },
   {
    "apt1Long": 0.019571931313523958,
    "apt1Short": 0.015325592795836313,
    "apt2Long": 0.008594827663082266,
    "apt2Short": 0.012568244187974975,
    "bbValLong": 0.07024183855846897,
    "bbValShort": 0.8071948597101245,
    "cdPctLong": 0.008193826004370852,
    "cdPctShort": 0.008485692917387691,
    "cdPeriodLong": 161.94855404992657,
    "cdPeriodShort": 10.0,
    "dur1Long": 21.07728296310463,
    "dur1Short": 79.10544595999704,
    "dur2Long": 194.46511922748152,
    "dur2Short": 323.4660461341399,
    "leverage": 1.6551653215846673,
    "ptLong": 0.011335263915679366,
    "ptShort": 0.013047249321350655,
    "rsiValLong": 51.14105444138012,
    "rsiValShort": 53.60334257095609,
    "slLong": 0.117040471820758,
    "slShort": 0.03687845404265038,
    "xApt1Long": 0.015,
    "xApt1Short": 0.014783288116138195,
    "xApt2Long": 0.00996412903018697,
    "xApt2Short": 0.009496759380091877,
    "xCdPctShort": 0.004689272461229386,
    "xCdPeriodShort": 76.11509227664749,
    "xDur1Long": 225.55297083165792,
    "xDur1Short": 240.0,
    "xDur2Long": 625.069565723316,
    "xDur2Short": 618.7917891313501,
    "xMinBetween": 23.301831456364603,
    "xTpLong": 0.017857423041095697,
    "xTpShort": 0.019026100875333626,
    "zL": -2.054248258092513,
    "zS": 1.7797931403350882,
    "zXLmax": -1.1499043426113622,
    "zXS": 1.0,
    "trendBlockZ": 1.0,
    "vBB": 0.0,
    "vEmaDn": 3.0,
    "vEmaUp": 2.0,
    "vHistN": 3.0,
    "vMacd": 2.0,
    "vRsi": 0.0,
    "vX": 2.0,
    "eL3": 1.0,
    "eS3": 1.0,
    "eXL": 0.0,
    "eXS": 1.0,
    "requireHistPos": 1.0
   },
   {
    "apt1Long": 0.02,
    "apt1Short": 0.004796376718902289,
    "apt2Long": 0.015,
    "apt2Short": 0.01190983830155768,
    "bbValLong": 0.08152652453363785,
    "bbValShort": 0.7108361420732883,
    "cdPctLong": 0.0089867911674505,
    "cdPctShort": 0.004727560572315561,
    "cdPeriodLong": 10.0,
    "cdPeriodShort": 153.7433642703204,
    "dur1Long": 8.051573446916496,
    "dur1Short": 90.0,
    "dur2Long": 360.0,
    "dur2Short": 10.0,
    "leverage": 1.6427476161563335,
    "ptLong": 0.01492264298523982,
    "ptShort": 0.013495844312669675,
    "rsiValLong": 45.75070989976147,
    "rsiValShort": 58.399773190001014,
    "slLong": 0.04273620696864518,
    "slShort": 0.035484379679185316,
    "xApt1Long": 0.0052872350729919314,
    "xApt1Short": 0.003757812195177654,
    "xApt2Long": 0.008104287334246365,
    "xApt2Short": 0.006804582140102705,
    "xCdPctShort": 0.0081365393269802,
    "xCdPeriodShort": 3.0,
    "xDur1Long": 240.0,
    "xDur1Short": 70.894847894011,
    "xDur2Long": 267.36156743953785,
    "xDur2Short": 100.08665348314275,
    "xMinBetween": 3.8637602342677027,
    "xTpLong": 0.015486070436843385,
    "xTpShort": 0.02,
    "zL": -1.7472099101918797,
    "zS": 1.3488092587931457,
    "zXLmax": 0.5,
    "zXS": 1.2478087904942514,
    "trendBlockZ": 3.0,
    "vBB": 2.0,
    "vEmaDn": 0.0,
    "vEmaUp": 4.0,
    "vHistN": 0.0,
    "vMacd": 4.0,
    "vRsi": 3.0,
    "vX": 1.0,
    "eL3": 1.0,
    "eS3": 0.0,
    "eXL": 1.0,
    "eXS": 1.0,
    "requireHistPos": 1.0
   }
  ]
 },
 "metrics": {
  "n": 297,
  "months": 14.81640625,
  "eq": 794513.5519774599,
  "growth": 0.45069836304411875,
  "liq": false,
  "maxdd": 0.5857164074749557,
  "tpm": 20.045346691273398,
  "sl_hits": 0,
  "worst_mae": -0.3541418869661972,
  "win": 1.0,
  "score": 1.4721736023898668
 },
 "strategy": "v7",
 "mode": "lev",
 "method": "vol3",
 "algo": "genetic",
 "per_regime": true,
 "train_end": "2025-09-01",
 "holdout_days": null,
 "max_dd": null,
 "evaluated": 32873520,
 "generated": "2026-07-08 08:42",
 "holdout": {
  "n": 47,
  "months": 9.656661184210527,
  "eq": 2464.9547810524887,
  "growth": 0.09342498879435793,
  "liq": false,
  "maxdd": 0.32019703586569787,
  "tpm": 4.8671066638279745,
  "sl_hits": 0,
  "worst_mae": -0.18586264970059885,
  "win": 1.0,
  "score": 0.1715176683702053
 },
 "holdout_scan": {
  "scanned": 10,
  "pool": 300,
  "survivors": 10
 },
 "holdout_survivors": [
  {
   "rank": 5,
   "train_score": 1.4689418597204278,
   "holdout": {
    "n": 61,
    "months": 9.656661184210527,
    "eq": 2904.2383430826862,
    "growth": 0.11040784669987444,
    "liq": false,
    "maxdd": 0.38658435466695207,
    "tpm": 6.316883116883116,
    "sl_hits": 0,
    "worst_mae": -0.23524038860748964,
    "win": 1.0,
    "score": 0.19140336415732428
   }
  },
  {
   "rank": 8,
   "train_score": 1.4674966237718527,
   "holdout": {
    "n": 58,
    "months": 9.656661184210527,
    "eq": 2892.9727528424323,
    "growth": 0.11000537218610887,
    "liq": false,
    "maxdd": 0.3841373343068215,
    "tpm": 6.006216734085585,
    "sl_hits": 0,
    "worst_mae": -0.23524038860748964,
    "win": 1.0,
    "score": 0.209070225459872
   }
  },
  {
   "rank": 9,
   "train_score": 1.4673528807065082,
   "holdout": {
    "n": 58,
    "months": 9.656661184210527,
    "eq": 2888.609922153778,
    "growth": 0.10984908452091857,
    "liq": false,
    "maxdd": 0.3865843546669519,
    "tpm": 6.006216734085585,
    "sl_hits": 0,
    "worst_mae": -0.23524038860748964,
    "win": 1.0,
    "score": 0.20798201041469372
   }
  },
  {
   "rank": 6,
   "train_score": 1.468541181432966,
   "holdout": {
    "n": 55,
    "months": 9.656661184210527,
    "eq": 2814.7547418645677,
    "growth": 0.10716697133791601,
    "liq": false,
    "maxdd": 0.38658435466695207,
    "tpm": 5.695550351288055,
    "sl_hits": 0,
    "worst_mae": -0.23524038860748964,
    "win": 1.0,
    "score": 0.19793539281169514
   }
  },
  {
   "rank": 4,
   "train_score": 1.4704555290217205,
   "holdout": {
    "n": 58,
    "months": 9.656661184210527,
    "eq": 2699.3899195794033,
    "growth": 0.10283324358431423,
    "liq": false,
    "maxdd": 0.38658435466695207,
    "tpm": 6.006216734085585,
    "sl_hits": 0,
    "worst_mae": -0.23524038860748964,
    "win": 1.0,
    "score": 0.1805270089771698
   }
  },
  {
   "rank": 1,
   "train_score": 1.4721736023898668,
   "holdout": {
    "n": 47,
    "months": 9.656661184210527,
    "eq": 2464.9547810524887,
    "growth": 0.09342498879435793,
    "liq": false,
    "maxdd": 0.32019703586569787,
    "tpm": 4.8671066638279745,
    "sl_hits": 0,
    "worst_mae": -0.18586264970059885,
    "win": 1.0,
    "score": 0.1715176683702053
   }
  },
  {
   "rank": 3,