{
 "cand": {
  "strategy": "v7",
  "mode": "lev",
  "regs": [
   {
    "apt1Long": 0.01310874736420141,
    "apt1Short": 0.0021204621063543685,
    "apt2Long": 0.004900854244868425,
    "apt2Short": 0.004486922551103808,
    "bbValLong": 0.2611675105187804,
    "bbValShort": 1.009858278987695,
    "cdPctLong": 0.0044325746142181285,
    "cdPctShort": 0.007860709972725779,
    "cdPeriodLong": 188.68563891527262,
    "cdPeriodShort": 84.12666689240852,
    "dur1Long": 60.85231820756697,
    "dur1Short": 34.66722055138335,
    "dur2Long": 360.0,
    "dur2Short": 244.31262960249174,
    "leverage": 1.671006021573079,
    "ptLong": 0.01623498888711615,
    "ptShort": 0.008306426070623811,
    "rsiValLong": 79.80087380799331,
    "rsiValShort": 90.0,
    "slLong": 0.07405302815550735,
    "slShort": 0.10420786682024796,
    "xApt1Long": 0.015,
    "xApt1Short": 0.009677985732974717,
    "xApt2Long": 0.007251254081013065,
    "xApt2Short": 0.0011897980384144588,
    "xCdPctShort": 0.0014119033487766772,
    "xCdPeriodShort": 5.177761176937407,
    "xDur1Long": 204.29972049914866,
    "xDur1Short": 166.0833223922015,
    "xDur2Long": 614.8791350147291,
    "xDur2Short": 543.3442972489364,
    "xMinBetween": 13.181322995888989,
    "xTpLong": 0.014459181807627125,
    "xTpShort": 0.01730459117741691,
    "zL": -1.0947139936020291,
    "zS": 1.3337143927580248,
    "zXLmax": -0.9728202506141521,
    "zXS": 2.1593005305465414,
    "trendBlockZ": 99.0,
    "vBB": 1.0,
    "vEmaDn": 0.0,
    "vEmaUp": 4.0,
    "vHistN": 1.0,
    "vMacd": 1.0,
    "vRsi": 1.0,
    "vX": 3.0,
    "eL3": 1,
    "eS3": 1.0,
    "eXL": 1,
    "eXS": 0,
    "requireHistPos": 1.0
   },
   {
    "apt1Long": 0.006632593887343704,
    "apt1Short": 0.00985402720752704,
    "apt2Long": 0.01072152191930159,
    "apt2Short": 0.005226041224723876,
    "bbValLong": 0.23303347655044637,
    "bbValShort": 1.1452520696718858,
    "cdPctLong": 0.0071028579715504,
    "cdPctShort": 0.008815902723407166,
    "cdPeriodLong": 15.990675775269581,
    "cdPeriodShort": 144.8967355394368,
    "dur1Long": 13.85088483628111,
    "dur1Short": 77.18044012303342,
    "dur2Long": 165.24838841064218,
    "dur2Short": 126.30175959623223,
    "leverage": 1.6508459736082313,
    "ptLong": 0.014121070127479235,
    "ptShort": 0.0062853714876822155,
    "rsiValLong": 30.58761776825835,
    "rsiValShort": 71.92293052873576,
    "slLong": 0.08326532517052113,
    "slShort": 0.11304222000185107,
    "xApt1Long": 0.01110372959909473,
    "xApt1Short": 0.005414908285056493,
    "xApt2Long": 0.008200867333152978,
    "xApt2Short": 0.006084990236697832,
    "xCdPctShort": 0.008558902950997323,
    "xCdPeriodShort": 10.754083443017336,
    "xDur1Long": 64.93746769091835,
    "xDur1Short": 145.02894992251504,
    "xDur2Long": 484.9974448883408,
    "xDur2Short": 322.793355225202,
    "xMinBetween": 1.1099990855668969,
    "xTpLong": 0.00400131450334035,
    "xTpShort": 0.01762613862876611,
    "zL": -1.0603675461335729,
    "zS": 1.170649614239147,
    "zXLmax": -0.16399917205852022,
    "zXS": 1.4707906916261397,
    "trendBlockZ": 1.5,
    "vBB": 1.0,
    "vEmaDn": 3.0,
    "vEmaUp": 4.0,
    "vHistN": 3.0,
    "vMacd": 3.0,
    "vRsi": 4.0,
    "vX": 3.0,
    "eL3": 1.0,
    "eS3": 1.0,
    "eXL": 0.0,
    "eXS": 1,
    "requireHistPos": 1.0
   },
   {
    "apt1Long": 0.0017758840816497522,
    "apt1Short": 0.006790252324472394,
    "apt2Long": 0.015,
    "apt2Short": 0.0,
    "bbValLong": 0.2136274445602767,
    "bbValShort": 0.7553476100708667,
    "cdPctLong": 0.00958555766178504,
    "cdPctShort": 0.00310758798628786,
    "cdPeriodLong": 12.308165147616004,
    "cdPeriodShort": 66.1187136004025,
    "dur1Long": 34.23691557715455,
    "dur1Short": 48.45293510744373,
    "dur2Long": 331.77586897444354,
    "dur2Short": 241.56071800538206,
    "leverage": 1.7533817412863546,
    "ptLong": 0.00781337371153966,
    "ptShort": 0.0027421831115158153,
    "rsiValLong": 84.79508215475803,
    "rsiValShort": 52.3457761897342,
    "slLong": 0.02373904359050992,
    "slShort": 0.11245752612039635,
    "xApt1Long": 0.0040058303059363745,
    "xApt1Short": 0.0005,
    "xApt2Long": 0.00985351582975126,
    "xApt2Short": 0.01,
    "xCdPctShort": 0.006040888180704095,
    "xCdPeriodShort": 3.0,
    "xDur1Long": 211.1712717451972,
    "xDur1Short": 164.07216695926203,
    "xDur2Long": 300.7054800881841,
    "xDur2Short": 30.0,
    "xMinBetween": 3.399578220927231,
    "xTpLong": 0.017999572308224108,
    "xTpShort": 0.019586710076732253,
    "zL": -1.0032798195661992,
    "zS": 2.425456247898866,
    "zXLmax": 0.5,
    "zXS": 1.5000418709164127,
    "trendBlockZ": 2.0,
    "vBB": 2.0,
    "vEmaDn": 3.0,
    "vEmaUp": 3.0,
    "vHistN": 0.0,
    "vMacd": 2,
    "vRsi": 1.0,
    "vX": 0.0,
    "eL3": 1.0,
    "eS3": 0.0,
    "eXL": 1.0,
    "eXS": 1,
    "requireHistPos": 1.0
   }
  ]
 },
 "metrics": {
  "n": 274,
  "months": 14.81640625,
  "eq": 255169.91712209722,
  "growth": 0.37404007229530983,
  "liq": false,
  "maxdd": 0.557532010395197,
  "tpm": 18.49301344582125,
  "sl_hits": 0,
  "worst_mae": -0.3371268803654406,
  "win": 1.0,
  "score": 0.9133673448527155
 },
 "strategy": "v7",
 "mode": "lev",
 "method": "vol3_7d",
 "algo": "genetic",
 "per_regime": true,
 "train_end": "2025-09-01",
 "max_dd": null,
 "evaluated": 100800,
 "generated": "2026-07-06 20:21",
 "holdout": {
  "n": 39,
  "months": 9.656661184210527,
  "eq": 1768.411950365755,
  "growth": 0.05903509813588592,
  "liq": false,
  "maxdd": 0.3182707295806517,
  "tpm": 4.038662976367894,
  "sl_hits": 0,
  "worst_mae": -0.18861510327526787,
  "win": 1.0,
  "score": 0.0731923130697518
 },
 "holdout_top10": [
  {
   "rank": 5,
   "train_score": 0.9024783240096337,
   "holdout": {
    "n": 92,
    "months": 9.656661184210527,
    "eq": 4799.888818017708,
    "growth": 0.1624363457317305,
    "liq": false,
    "maxdd": 0.29485079742464904,
    "tpm": 9.527102405790929,
    "sl_hits": 0,
    "worst_mae": -0.1801693385481583,
    "win": 1.0,
    "score": 0.20739662005842083
   }
  },
  {
   "rank": 3,
   "train_score": 0.9041055895178116,
   "holdout": {
    "n": 90,
    "months": 9.656661184210527,
    "eq": 4457.466672511517,
    "growth": 0.1547719823129901,
    "liq": false,
    "maxdd": 0.29396140525777925,
    "tpm": 9.319991483925909,
    "sl_hits": 0,
    "worst_mae": -0.1801693385481583,
    "win": 1.0,
    "score": 0.20032952108878982
   }
  },
  {
   "rank": 7,
   "train_score": 0.8943364141312619,
   "holdout": {
    "n": 81,
    "months": 9.656661184210527,
    "eq": 4169.750476477015,
    "growth": 0.14786230654749807,
    "liq": false,
    "maxdd": 0.3182707295806518,
    "tpm": 8.387992335533319,
    "sl_hits": 0,
    "worst_mae": -0.18861510327526787,
    "win": 1.0,
    "score": 0.21919082699133455
   }
  },
  {
   "rank": 9,
   "train_score": 0.893356704894225,
   "holdout": {
    "n": 81,
    "months": 9.656661184210527,
    "eq": 4124.391622108763,
    "growth": 0.1467296507903761,
    "liq": false,
    "maxdd": 0.2700133929144676,
    "tpm": 8.387992335533319,
    "sl_hits": 0,
    "worst_mae": -0.15546234805235137,
    "win": 1.0,
    "score": 0.24730611792029814
   }
  },
  {
   "rank": 10,
   "train_score": 0.8925628911537649,
   "holdout": {
    "n": 84,
    "months": 9.656661184210527,
    "eq": 4064.660941101811,
    "growth": 0.1452189637232904,
    "liq": false,
    "maxdd": 0.27001339291446746,
    "tpm": 8.698658718330849,
    "sl_hits": 0,
    "worst_mae": -0.15546234805235137,
    "win": 1.0,
    "score": 0.2636826009137789
   }
  },
  {
   "rank": 2,
   "train_score": 0.9086163537965056,
   "holdout": {
    "n": 79,
    "months": 9.656661184210527,
    "eq": 4046.3903946343767,
    "growth": 0.14475243528384799,
    "liq": false,
    "maxdd": 0.3182707295806518,
    "tpm": 8.180881413668297,
    "sl_hits": 0,
    "worst_mae": -0.18861510327526787,
    "win": 1.0,
    "score": 0.23202375971118364
   }
  },
  {
   "rank": 8,