{
 "cand": {
  "strategy": "v7",
  "mode": "lev",
  "regs": [
   {
    "xApt2Short": 0.005625956119797822,
    "vEmaUp": 3.0,
    "xCdPctShort": 0.0022868560396583576,
    "zS": 3.0,
    "ptLong": 0.013079644168502269,
    "vMacd": 1.0,
    "vRsi": 4.0,
    "dur1Short": 0.6,
    "xApt1Short": 0.015,
    "bbValShort": 0.7780492222421038,
    "xDur2Short": 538.0317365770943,
    "trendBlockZ": 2.0,
    "apt1Short": 0.0025848445014495223,
    "xTpShort": 0.011384725899022636,
    "xCdPeriodShort": 52.65760378523379,
    "zXS": 1.0,
    "dur2Short": 48.1379151106908,
    "requireHistPos": 0.0,
    "cdPeriodLong": 108.63445273447431,
    "eXL": 0.0,
    "dur2Long": 333.91714780067474,
    "xApt2Long": 0.001190798814542189,
    "apt2Long": 0.011016691052132004,
    "rsiValLong": 30.0,
    "cdPctLong": 0.0037830256516049494,
    "bbValLong": 0.35,
    "eS3": 1.0,
    "xMinBetween": 12.408041736548018,
    "leverage": 7.826655676306956,
    "zL": -1.7373153919154503,
    "rsiValShort": 68.04332697028237,
    "xApt1Long": 0.0029140703667631758,
    "zXLmax": -1.153091399594638,
    "vEmaDn": 1.0,
    "slShort": 0.058759543390939056,
    "cdPeriodShort": 39.328792901242,
    "vBB": 1.0,
    "apt1Long": 0.006794604554824732,
    "xDur1Short": 122.0809047669711,
    "slLong": 0.11857913885100425,
    "xDur2Long": 69.86591368964355,
    "vX": 3.0,
    "xTpLong": 0.012513658813331451,
    "dur1Long": 14.666787578377066,
    "apt2Short": 0.0,
    "xDur1Long": 64.20612476467505,
    "vHistN": 2.0,
    "cdPctShort": 0.002220428571077163,
    "ptShort": 0.02415531418348924,
    "eXS": 1.0,
    "eL3": 1.0
   },
   {
    "xApt2Short": 0.007881999862506763,
    "vEmaUp": 4.0,
    "xCdPctShort": 0.0051462909886292665,
    "zS": 2.0811013614075744,
    "ptLong": 0.023115346042097164,
    "vMacd": 0.0,
    "vRsi": 4.0,
    "dur1Short": 43.43606222006029,
    "xApt1Short": 0.010586344711517443,
    "bbValShort": 1.1797125619461424,
    "xDur2Short": 43.635972168147596,
    "trendBlockZ": 2.0,
    "apt1Short": 0.008218813058119449,
    "xTpShort": 0.004354428369748715,
    "xCdPeriodShort": 84.46158822283145,
    "zXS": 2.1220262449831386,
    "dur2Short": 233.5482312489298,
    "requireHistPos": 1.0,
    "cdPeriodLong": 86.74087105379289,
    "eXL": 0.0,
    "dur2Long": 167.48994061268462,
    "xApt2Long": 0.0013852942227108155,
    "apt2Long": 0.01416205185053554,
    "rsiValLong": 69.45957388213404,
    "cdPctLong": 0.0038287567745036513,
    "bbValLong": 0.20445324249185232,
    "eS3": 0.0,
    "xMinBetween": 15.757848470512982,
    "leverage": 8.409130439107196,
    "zL": -1.6989385511010324,
    "rsiValShort": 51.705539569265646,
    "xApt1Long": 0.007127401295212104,
    "zXLmax": -2.004776124066101,
    "vEmaDn": 0.0,
    "slShort": 0.029459290059616606,
    "cdPeriodShort": 164.6509655508944,
    "vBB": 2.0,
    "apt1Long": 0.010721113874591655,
    "xDur1Short": 10.0,
    "slLong": 0.11627429907381454,
    "xDur2Long": 424.8137737580087,
    "vX": 3.0,
    "xTpLong": 0.010617400345961207,
    "dur1Long": 58.8750283427016,
    "apt2Short": 0.009857670916894271,
    "xDur1Long": 189.45252914597557,
    "vHistN": 3.0,
    "cdPctShort": 0.005651358759641549,
    "ptShort": 0.014560306270643896,
    "eXS": 1.0,
    "eL3": 1.0
   },
   {
    "xApt2Short": 0.01,
    "vEmaUp": 1.0,
    "xCdPctShort": 0.0039010147702060387,
    "zS": 1.364933263667311,
    "ptLong": 0.009570554525379952,
    "vMacd": 1.0,
    "vRsi": 2.0,
    "dur1Short": 90.0,
    "xApt1Short": 0.012239562538834374,
    "bbValShort": 0.6769590851911262,
    "xDur2Short": 337.42390498797147,
    "trendBlockZ": 99.0,
    "apt1Short": 0.013729590309308804,
    "xTpShort": 0.015079212424391891,
    "xCdPeriodShort": 58.249026570280115,
    "zXS": 2.2049027836977624,
    "dur2Short": 248.23375260718947,
    "requireHistPos": 0.0,
    "cdPeriodLong": 57.563750072545254,
    "eXL": 0.0,
    "dur2Long": 234.06959731780552,
    "xApt2Long": 0.0018060602586818751,
    "apt2Long": 0.0122718995671073,
    "rsiValLong": 68.10653854202053,
    "cdPctLong": 0.012,
    "bbValLong": 0.15970692906438055,
    "eS3": 1.0,
    "xMinBetween": 12.055971072371838,
    "leverage": 8.255068863425064,
    "zL": -2.8698239468966205,
    "rsiValShort": 87.70030902242563,
    "xApt1Long": 0.015,
    "zXLmax": -1.787923598112523,
    "vEmaDn": 4.0,
    "slShort": 0.11950733150782496,
    "cdPeriodShort": 48.11052871685002,
    "vBB": 1.0,
    "apt1Long": 0.01125028708323375,
    "xDur1Short": 69.13164960799529,
    "slLong": 0.12,
    "xDur2Long": 445.4564221658199,
    "vX": 3.0,
    "xTpLong": 0.02,
    "dur1Long": 61.394261082496904,
    "apt2Short": 0.006031836778684894,
    "xDur1Long": 35.00837990901151,
    "vHistN": 0.0,
    "cdPctShort": 0.0021109127526494085,
    "ptShort": 0.006875742166131369,
    "eXS": 1.0,
    "eL3": 1.0
   }
  ]
 },
 "metrics": {
  "n": 181,
  "months": 12.27981085526316,
  "eq": 8359745235.225649,
  "growth": 1.297979154419122,
  "liq": false,
  "maxdd": 0.5345689861001419,
  "tpm": 14.739640710542616,
  "sl_hits": 0,
  "worst_mae": -0.0663895024035337,
  "win": 1.0,
  "max_hold_days": 5.15,
  "in_market": 0.21814640571023566,
  "score": 0.7824865920927266
 },
 "strategy": "v7",
 "mode": "lev",
 "method": "vol3",
 "algo": "genetic",
 "per_regime": true,
 "train_end": null,
 "holdout_days": 30.0,
 "max_dd": null,
 "max_hold_days": 7.0,
 "gap_mode": "skip_contaminated",
 "scoring": "classic",
 "anchor": "defaults",
 "anchor_strength": 0.3,
 "evaluated": 1001000,
 "generated": "2026-07-09 22:14",
 "holdout": {
  "n": 16,
  "months": 2.210594846491228,
  "eq": 0.0,
  "growth": -12.499360142717219,
  "liq": true,
  "maxdd": 1.0,
  "tpm": 7.237870849738041,
  "sl_hits": 0,
  "worst_mae": -0.11091835989954876,
  "win": 0.9375,
  "max_hold_days": 26.102083333333333,
  "in_market": 0.5511981895402548,
  "score": -13.462419614107647
 },
 "holdout_scan": {
  "scanned": 597,
  "pool": 597,
  "reservoir": 297,
  "survivors": 1
 },
 "holdout_survivors": [
  {
   "rank": 353,
   "train_score": -0.10005277730181049,
   "holdout": {
    "n": 26,
    "months": 12.193256578947368,
    "eq": 1445.179215219267,
    "growth": 0.030199753106400485,
    "liq": false,
    "maxdd": 0.7183322769493538,
    "tpm": 2.1323261617319753,
    "sl_hits": 0,
    "worst_mae": -0.11005391690453536,
    "win": 1.0,
    "max_hold_days": 3.80625,
    "in_market": 0.025252354938063444,
    "score": 0.03559533073868302
   }
  }
 ],
 "holdout_top10": [
  {
   "rank": 495,
   "train_score": 0.057177773995568684,
   "holdout": {
    "n": 23,
    "months": 12.193256578947368,
    "eq": 4114.771899058327,
    "growth": 0.1160135843821637,
    "liq": false,
    "maxdd": 0.8366150874665724,
    "tpm": 1.8862885276859784,
    "sl_hits": 0,
    "worst_mae": -0.11446056210335454,
    "win": 1.0,
    "max_hold_days": 8.0625,
    "in_market": 0.04455273037926306,
    "score": 0.1369083920003559
   }
  },
  {
   "rank": 384,
   "train_score": -0.07633207350124614,
   "holdout": {
    "n": 36,
    "months": 12.193256578947368,
    "eq": 1757.6298264904678,
    "growth": 0.0462523041570793,
    "liq": false,
    "maxdd": 0.6606077900727809,
    "tpm": 2.952451608551966,
    "sl_hits": 0,
    "worst_mae": -0.18596237337192467,
    "win": 1.0,
    "max_hold_days": 22.408333333333335,
    "in_market": 0.1386097434859828,
    "score": 0.027237952898804103
   }
  },
  {
   "rank": 353,
   "train_score": -0.10005277730181049,
   "holdout": {
    "n": 26,
    "months": 12.193256578947368,
    "eq": 1445.179215219267,
    "growth": 0.030199753106400485,
    "liq": false,
    "maxdd": 0.7183322769493538,
    "tpm": 2.1323261617319753,
    "sl_hits": 0,
    "worst_mae": -0.11005391690453536,
    "win": 1.0,
    "max_hold_days": 3.80625,
    "in_market": 0.025252354938063444,
    "score": 0.03559533073868302
   }
  },
  {
   "rank": 1,
   "train_score": 0.6649285762287339,
   "holdout": {
    "n": 16,
    "months": 2.210594846491228,
    "eq": 0.0,