{
 "cand": {
  "strategy": "v7",
  "mode": "lev",
  "regs": [
   {
    "bbValShort": 0.6751823385898308,
    "bbValLong": -0.04574708991310683,
    "apt1Long": 0.005964972938610358,
    "xApt1Short": 0.014046089503092987,
    "rsiValShort": 75.21656646504489,
    "cdPeriodLong": 10.0,
    "xMinBetween": 19.39871150314251,
    "dur1Short": 45.91315728288816,
    "rsiValLong": 47.29385442941008,
    "dur2Short": 236.39849425901346,
    "apt1Short": 0.014048542634699327,
    "zS": 1.2947382407359853,
    "xDur1Short": 47.99448126140317,
    "vRsi": 4.0,
    "vX": 1.0,
    "vBB": 2.0,
    "cdPctShort": 0.0013414060173687244,
    "vHistN": 1.0,
    "apt2Short": 0.008454455588522368,
    "cdPctLong": 0.010424068760797671,
    "xApt1Long": 0.009759911053374553,
    "xTpShort": 0.002912329013262288,
    "xApt2Short": 0.0022133662612958413,
    "vEmaDn": 2.0,
    "eL3": 0.0,
    "xCdPctShort": 0.0004493114025472855,
    "xTpLong": 0.02,
    "eXS": 0.0,
    "xDur2Long": 30.0,
    "xCdPeriodShort": 70.31897136824239,
    "zXS": 2.4693380768790547,
    "apt2Long": 0.01274305804541664,
    "slShort": 0.10283561697490293,
    "zXLmax": 0.04035479533631939,
    "xDur1Long": 63.20014977385028,
    "ptShort": 0.002,
    "slLong": 0.07696637655292618,
    "xApt2Long": 0.004057703164226811,
    "vEmaUp": 1.0,
    "zL": -2.3436217195742763,
    "dur1Long": 78.45452762781267,
    "leverage": 1.0,
    "xDur2Short": 269.04431312637945,
    "vMacd": 1.0,
    "eXL": 0.0,
    "ptLong": 0.024815433444078456,
    "trendBlockZ": 2.0,
    "requireHistPos": 0.0,
    "eS3": 1.0,
    "cdPeriodShort": 180.527296121667,
    "dur2Long": 138.93383425305132
   },
   {
    "bbValShort": 1.064883856447492,
    "bbValLong": 0.27785167757871915,
    "apt1Long": 0.014947471642389208,
    "xApt1Short": 0.015,
    "rsiValShort": 70.50148508750783,
    "cdPeriodLong": 67.13957446947661,
    "xMinBetween": 13.82109700431073,
    "dur1Short": 0.6,
    "rsiValLong": 74.02647132973087,
    "dur2Short": 132.28396285255806,
    "apt1Short": 0.008247305783330607,
    "zS": 1.4721994936564375,
    "xDur1Short": 63.57647351491572,
    "vRsi": 4.0,
    "vX": 3.0,
    "vBB": 0.0,
    "cdPctShort": 0.0005,
    "vHistN": 2.0,
    "apt2Short": 0.00018490771018352136,
    "cdPctLong": 0.007292704677583164,
    "xApt1Long": 0.015,
    "xTpShort": 0.002269026631359454,
    "xApt2Short": 0.006638223598691835,
    "vEmaDn": 1.0,
    "eL3": 1.0,
    "xCdPctShort": 0.008368640413676416,
    "xTpLong": 0.008565002146885353,
    "eXS": 1.0,
    "xDur2Long": 338.169141129656,
    "xCdPeriodShort": 3.0,
    "zXS": 2.4883635094959486,
    "apt2Long": 0.015,
    "slShort": 0.02,
    "zXLmax": -1.9576765053886573,
    "xDur1Long": 21.35007562078514,
    "ptShort": 0.018290914950402096,
    "slLong": 0.08782965337227602,
    "xApt2Long": 0.006385287579018633,
    "vEmaUp": 1.0,
    "zL": -0.9146460318782911,
    "dur1Long": 63.18573985054097,
    "leverage": 10.0,
    "xDur2Short": 543.6690198952623,
    "vMacd": 2.0,
    "eXL": 0.0,
    "ptLong": 0.007085158267278782,
    "trendBlockZ": 3.0,
    "requireHistPos": 0.0,
    "eS3": 0.0,
    "cdPeriodShort": 141.1764622247275,
    "dur2Long": 46.453933157393124
   },
   {
    "bbValShort": 0.9608009459859119,
    "bbValLong": 0.011391293552817766,
    "apt1Long": 0.010907299077689109,
    "xApt1Short": 0.00605320849499761,
    "rsiValShort": 63.12213946491107,
    "cdPeriodLong": 56.39148553244969,
    "xMinBetween": 6.757639947853791,
    "dur1Short": 3.6507781284715923,
    "rsiValLong": 40.83586528853029,
    "dur2Short": 357.28219298868044,
    "apt1Short": 0.018182059243771368,
    "zS": 1.69249718753316,
    "xDur1Short": 221.6880333938057,
    "vRsi": 5.0,
    "vX": 4.0,
    "vBB": 4.0,
    "cdPctShort": 0.008925407667390176,
    "vHistN": 3.0,
    "apt2Short": 0.01246123106740986,
    "cdPctLong": 0.012,
    "xApt1Long": 0.00728720154375901,
    "xTpShort": 0.018128887626521158,
    "xApt2Short": 0.0075838741203451574,
    "vEmaDn": 4.0,
    "eL3": 1.0,
    "xCdPctShort": 0.0026755814077847155,
    "xTpLong": 0.02,
    "eXS": 0.0,
    "xDur2Long": 247.5411292711747,
    "xCdPeriodShort": 109.65207774501656,
    "zXS": 1.936690857825482,
    "apt2Long": 0.014972547640634631,
    "slShort": 0.10264075964898356,
    "zXLmax": -1.0708021797390608,
    "xDur1Long": 240.0,
    "ptShort": 0.021920881670744883,
    "slLong": 0.10489230099479727,
    "xApt2Long": 0.00937573342822351,
    "vEmaUp": 4.0,
    "zL": -1.6526524922744312,
    "dur1Long": 80.55970278236605,
    "leverage": 10.0,
    "xDur2Short": 154.72287399319194,
    "vMacd": 4.0,
    "eXL": 1.0,
    "ptLong": 0.02231622956469325,
    "trendBlockZ": 3.0,
    "requireHistPos": 0.0,
    "eS3": 1.0,
    "cdPeriodShort": 28.944258927239247,
    "dur2Long": 156.02618440915617
   }
  ]
 },
 "metrics": {
  "n": 124,
  "months": 14.81640625,
  "eq": 998704847.1306226,
  "growth": 0.9323593273948966,
  "liq": false,
  "maxdd": 0.5145321651818671,
  "tpm": 8.36910097548115,
  "sl_hits": 0,
  "worst_mae": -0.0467032781459189,
  "win": 1.0,
  "max_hold_days": 2.65625,
  "in_market": 0.05961582046336511,
  "score": 0.9189731820549867
 },
 "strategy": "v7",
 "mode": "lev",
 "method": "vol3",
 "algo": "genetic",
 "per_regime": true,
 "train_end": "2025-09-01",
 "holdout_days": null,
 "max_dd": null,
 "max_hold_days": 5.0,
 "gap_mode": "skip_contaminated",
 "scoring": "underwater",
 "anchor": null,
 "anchor_strength": 0.0,
 "evaluated": 100800,
 "generated": "2026-07-20 15:11",
 "holdout": {
  "n": 13,
  "months": 2.1842105263157894,
  "eq": 0.0,
  "growth": -12.650347016931143,
  "liq": true,
  "maxdd": 1.0,
  "tpm": 5.951807228915663,
  "sl_hits": 0,
  "worst_mae": -0.092,
  "win": 0.9230769230769231,
  "max_hold_days": 30.041666666666668,
  "in_market": 0.625031375502008,
  "score": -12.962862704682147
 },
 "holdout_scan": {
  "scanned": 535,
  "pool": 591,
  "reservoir": 291,
  "survivors": 7
 },
 "holdout_survivors": [
  {
   "rank": 535,
   "train_score": 0.09422992033217478,
   "holdout": {
    "n": 56,
    "months": 9.656661184210527,
    "eq": 7197.482759664332,
    "growth": 0.2043906595175744,
    "liq": false,
    "maxdd": 0.7556831793522845,
    "tpm": 5.799105812220565,
    "sl_hits": 0,
    "worst_mae": -0.08463185879920254,
    "win": 1.0,
    "max_hold_days": 2.966666666666667,
    "in_market": 0.048946135831381736,
    "score": 0.14009193726081412
   }
  },
  {
   "rank": 531,
   "train_score": 0.09831167343172137,
   "holdout": {
    "n": 54,
    "months": 9.656661184210527,
    "eq": 6245.040310387129,
    "growth": 0.18969160908095653,
    "liq": false,
    "maxdd": 0.7630262804145093,
    "tpm": 5.591994890355545,
    "sl_hits": 0,
    "worst_mae": -0.08463185879920254,
    "win": 1.0,
    "max_hold_days": 2.966666666666667,
    "in_market": 0.037406855439642325,
    "score": 0.11743941899383148
   }
  },
  {
   "rank": 419,
   "train_score": 0.08711785553929723,
   "holdout": {
    "n": 50,
    "months": 9.656661184210527,
    "eq": 5452.833204009451,
    "growth": 0.17564407564779397,
    "liq": false,
    "maxdd": 0.7624518035968866,
    "tpm": 5.177773046625505,
    "sl_hits": 0,
    "worst_mae": -0.08463185879920254,
    "win": 0.96,
    "max_hold_days": 2.9541666666666666,
    "in_market": 0.032971400184514936,
    "score": 0.11198258771427544
   }
  },
  {
   "rank": 434,
   "train_score": 0.08824049779526724,
   "holdout": {
    "n": 45,
    "months": 9.656661184210527,
    "eq": 3755.4116714745965,
    "growth": 0.13702436969137022,
    "liq": false,
    "maxdd": 0.7559384187322729,
    "tpm": 4.6599957419629545,
    "sl_hits": 0,
    "worst_mae": -0.08463185879920254,
    "win": 1.0,
    "max_hold_days": 2.966666666666667,
    "in_market": 0.030544319068909233,
    "score": 0.10196025150228623
   }
  },
  {
   "rank": 385,
   "train_score": 0.09631037646375949,
   "holdout": {
    "n": 51,
    "months": 9.656661184210527,
    "eq": 3517.707331147163,
    "growth": 0.13025303746628408,