{
 "cand": {
  "strategy": "prime",
  "tv": 1,
  "zL": [
   -2.6622549199814065,
   -1.687681187282137,
   -1.7589319911702077
  ],
  "zS": [
   1.7874110295470678,
   2.433627917558488,
   0.882884691667376
  ],
  "rsiL": [
   75.74499839819663,
   60.68779280230742,
   31.375542748740344
  ],
  "rsiS": [
   88.89753749695637,
   80.32064029272638,
   82.57850762565042
  ],
  "bbL": [
   0.06915855107847896,
   0.10211354439886464,
   -0.0011115316448390327
  ],
  "bbS": [
   1.5274037789934396,
   1.5101283047614076,
   1.7
  ],
  "ptL": [
   0.014134302859909657,
   0.010809906333946233,
   0.010722628531881299
  ],
  "a1L": [
   0.003148638557525336,
   0.0066284987847380124,
   0.010361884934101942
  ],
  "a2L": [
   0.0018891831345152015,
   0.00657230391313424,
   0.007026656900053633
  ],
  "d1L": [
   43.33330038982893,
   62.659786333235395,
   55.83704051124402
  ],
  "d2L": [
   143.10936301371825,
   321.8754153060946,
   114.88212121419848
  ],
  "ptS": [
   0.00416926199779913,
   0.008717085980214947,
   0.008924929401496402
  ],
  "a1S": [
   0.0016705710033878773,
   0.001,
   0.0011288641439085533
  ],
  "a2S": [
   0.0,
   0.0006406974391032884,
   0.0
  ],
  "d1S": [
   25.05442301226425,
   11.61380586328027,
   0.6
  ],
  "d2S": [
   206.0614683881281,
   185.64597977802487,
   241.09889105966067
  ],
  "cdPL": [
   0.012,
   0.010764395578620219,
   0.008978694554333309
  ],
  "cdTL": [
   10.0,
   28.99686330171395,
   29.63879457782865
  ],
  "cdPS": [
   0.004978806308880877,
   0.007736434607428494,
   0.0014845426631449612
  ],
  "cdTS": [
   77.4183865768939,
   37.97949397115393,
   175.06360783175776
  ],
  "eL3": [
   1.0,
   1.0,
   1.0
  ],
  "eS3": [
   0.0,
   0.0,
   0.0
  ],
  "lev": [
   1.0,
   1.0,
   1.0
  ],
  "sl": 0.1019598175292904,
  "mode": "spot"
 },
 "metrics": {
  "n": 221,
  "months": 14.81640625,
  "eq": 5794.021510245407,
  "growth": 0.1185730589591379,
  "liq": false,
  "maxdd": 0.10171012131088175,
  "tpm": 14.915897706301081,
  "sl_hits": 3,
  "worst_mae": -0.11192395597249705,
  "win": 0.9864253393665159,
  "max_hold_days": 4.245833333333334,
  "in_market": 0.12742771772563494,
  "score": 0.09587369878418298
 },
 "strategy": "prime",
 "mode": "spot",
 "method": "trend3",
 "algo": "genetic",
 "per_regime": true,
 "train_end": "2025-09-01",
 "holdout_days": null,
 "max_dd": 0.55,
 "max_hold_days": 5.0,
 "gap_mode": "skip_contaminated",
 "scoring": "classic",
 "anchor": null,
 "anchor_strength": 0.0,
 "evaluated": 100800,
 "generated": "2026-07-20 16:48",
 "holdout": {
  "n": 103,
  "months": 9.656661184210527,
  "eq": 1232.0475293897703,
  "growth": 0.021609688839297737,
  "liq": false,
  "maxdd": 0.25670002072872783,
  "tpm": 10.66621247604854,
  "sl_hits": 6,
  "worst_mae": -0.11102636006730227,
  "win": 0.941747572815534,
  "max_hold_days": 21.014583333333334,
  "in_market": 0.2864878291107799,
  "score": -0.008103526823307273
 },
 "holdout_scan": {
  "scanned": 600,
  "pool": 600,
  "reservoir": 300,
  "survivors": 28
 },
 "holdout_survivors": [
  {
   "rank": 377,
   "train_score": -0.0034934752328042336,
   "holdout": {
    "n": 46,
    "months": 9.656661184210527,
    "eq": 1456.9368809282423,
    "growth": 0.03897166917617502,
    "liq": false,
    "maxdd": 0.0,
    "tpm": 4.7635512028954645,
    "sl_hits": 0,
    "worst_mae": -0.08817769532055242,
    "win": 1.0,
    "max_hold_days": 4.6875,
    "in_market": 0.08101625150805479,
    "score": 0.03003237126445308
   }
  },
  {
   "rank": 404,
   "train_score": 0.020723058516994138,
   "holdout": {
    "n": 43,
    "months": 9.656661184210527,
    "eq": 1432.7870619367586,
    "growth": 0.03724077452317461,
    "liq": false,
    "maxdd": 0.0,
    "tpm": 4.4528848200979345,
    "sl_hits": 0,
    "worst_mae": -0.08817769532055242,
    "win": 1.0,
    "max_hold_days": 4.6875,
    "in_market": 0.07577176921439216,
    "score": 0.029605805162218803
   }
  },
  {
   "rank": 564,
   "train_score": -0.0038656458819961177,
   "holdout": {
    "n": 45,
    "months": 9.656661184210527,
    "eq": 1398.8265988570572,
    "growth": 0.034756706806455956,
    "liq": false,
    "maxdd": 0.0,
    "tpm": 4.6599957419629545,
    "sl_hits": 0,
    "worst_mae": -0.08817769532055242,
    "win": 1.0,
    "max_hold_days": 3.6416666666666666,
    "in_market": 0.07651692569725356,
    "score": 0.026636501812529887
   }
  },
  {
   "rank": 479,
   "train_score": 0.022103866977707436,
   "holdout": {
    "n": 40,
    "months": 9.656661184210527,
    "eq": 1395.4487167627374,
    "growth": 0.03450633898787428,
    "liq": false,
    "maxdd": 0.0,
    "tpm": 4.142218437300404,
    "sl_hits": 0,
    "worst_mae": -0.08817769532055242,
    "win": 1.0,
    "max_hold_days": 4.6875,
    "in_market": 0.07863884749130651,
    "score": 0.027483961901226293
   }
  },
  {
   "rank": 385,
   "train_score": 0.03769249487471853,
   "holdout": {
    "n": 39,
    "months": 9.656661184210527,
    "eq": 1388.0750764294212,
    "growth": 0.03395769448808577,
    "liq": false,
    "maxdd": 0.0,
    "tpm": 4.038662976367894,
    "sl_hits": 0,
    "worst_mae": -0.08817769532055242,
    "win": 1.0,
    "max_hold_days": 4.6875,
    "in_market": 0.07258533815910866,
    "score": 0.026603315798887642
   }
  },
  {
   "rank": 422,
   "train_score": 0.02186567587282043,
   "holdout": {
    "n": 40,
    "months": 9.656661184210527,
    "eq": 1380.265572904657,
    "growth": 0.033373431938864606,
    "liq": false,
    "maxdd": 0.00015382661699966634,
    "tpm": 4.142218437300404,
    "sl_hits": 0,
    "worst_mae": -0.08817769532055242,
    "win": 0.975,
    "max_hold_days": 4.6875,
    "in_market": 0.07841175218224399,
    "score": 0.026650273542312808
   }
  },
  {
   "rank": 308,
   "train_score": 0.024490706208399722,
   "holdout": {
    "n": 39,
    "months": 9.656661184210527,
    "eq": 1378.2222970281437,
    "growth": 0.03322002005244006,
    "liq": false,
    "maxdd": 0.0,
    "tpm": 4.038662976367894,
    "sl_hits": 0,
    "worst_mae": -0.08817769532055242,
    "win": 1.0,
    "max_hold_days": 4.6875,
    "in_market": 0.08366333120431481,
    "score": 0.026007854688099265
   }
  },
  {
   "rank": 373,
   "train_score": 0.03835108849754792,
   "holdout": {
    "n": 39,
    "months": 9.656661184210527,
    "eq": 1367.7936025621552,
    "growth": 0.0324334598183457,
    "liq": false,
    "maxdd": 0.0001538266169998197,
    "tpm": 4.038662976367894,
    "sl_hits": 0,
    "worst_mae": -0.08817769532055242,
    "win": 0.9743589743589743,
    "max_hold_days": 4.6875,
    "in_market": 0.07413242495209708,
    "score": 0.025603919458643674
   }
  },
  {
   "rank": 437,
   "train_score": 0.02193909376056589,
   "holdout": {
    "n": 40,
    "months": 9.656661184210527,
    "eq": 1358.2054112222347,
    "growth": 0.03170498290891593,
    "liq": false,
    "maxdd": 0.0,
    "tpm": 4.142218437300404,
    "sl_hits": 0,
    "worst_mae": -0.08817769532055242,
    "win": 1.0,
    "max_hold_days": 2.816666666666667,
    "in_market": 0.061521538570718896,
    "score": 0.024967997931166733
   }
  },
  {
   "rank": 374,
   "train_score": 0.0326350826496298,
   "holdout": {
    "n": 39,
    "months": 9.656661184210527,
    "eq": 1342.041761676656,
    "growth": 0.030465204425980004,
    "liq": false,
    "maxdd": 0.0,
    "tpm": 4.038662976367894,
    "sl_hits": 0,
    "worst_mae": -0.08817769532055242,
    "win": 1.0,
    "max_hold_days": 2.816666666666667,
    "in_market": 0.0579944645518416,
    "score": 0.023555792323674014
   }
  }
 ],
 "holdout_top10": [
  {
   "rank": 377,
   "train_score": -0.0034934752328042336,
   "holdout": {
    "n": 46,
    "months": 9.656661184210527,
    "eq": 1456.9368809282423,
    "growth": 0.03897166917617502,
    "liq": false,
    "maxdd": 0.0,
    "tpm": 4.7635512028954645,
    "sl_hits": 0,
    "worst_mae": -0.08817769532055242,
    "win": 1.0,
    "max_hold_days": 4.6875,
    "in_market": 0.08101625150805479,
    "score": 0.03003237126445308
   }
  },
  {
   "rank": 404,