{
 "verdict": "PASS",
 "oos_pct_mo": 20.002428649763093,
 "maxdd": 0.47318692543411656,
 "n": 54,
 "folds": 13,
 "step_days": 42,
 "at": "2026-07-21 02:07"
}