{
 "cand": {
  "strategy": "v7",
  "mode": "lev",
  "regs": [
   {
    "apt2Short": 0.015,
    "zXLmax": -2.0688879230812707,
    "zS": 1.2622238794686589,
    "xDur1Short": 238.12102014395532,
    "eXL": 1.0,
    "xDur1Long": 62.38389948069123,
    "xApt1Long": 0.015,
    "xApt2Long": 0.007382683995855334,
    "bbValLong": 0.16791599599121665,
    "cdPeriodShort": 29.267596506941032,
    "xApt1Short": 0.0005336239162147447,
    "vX": 0.0,
    "apt2Long": 0.0062072375193892425,
    "leverage": 8.349198534150554,
    "bbValShort": 0.6,
    "zXS": 1.63965442295492,
    "dur1Short": 69.48030581285879,
    "cdPctLong": 0.01003730829145273,
    "eXS": 1.0,
    "slLong": 0.03794899745880081,
    "requireHistPos": 1.0,
    "eS3": 1.0,
    "xCdPeriodShort": 45.33859187105906,
    "apt1Long": 0.012621088506083143,
    "xDur2Long": 520.2470136961381,
    "ptShort": 0.03,
    "xApt2Short": 0.006606782756407654,
    "cdPeriodLong": 45.77496313594794,
    "xCdPctShort": 0.002741348051527164,
    "xTpShort": 0.007258704615275186,
    "xTpLong": 0.006661413289604151,
    "vRsi": 3.0,
    "eL3": 1.0,
    "trendBlockZ": 99.0,
    "dur1Long": 65.47709988028886,
    "ptLong": 0.021018183811063122,
    "vEmaUp": 1.0,
    "cdPctShort": 0.00142695323648593,
    "xMinBetween": 21.267291166369635,
    "rsiValLong": 42.83690075246079,
    "vEmaDn": 4.0,
    "dur2Long": 199.17321160209173,
    "rsiValShort": 62.15062567878672,
    "slShort": 0.02,
    "vHistN": 3.0,
    "xDur2Short": 228.25547738474887,
    "zL": -2.7719241213907844,
    "apt1Short": 0.02,
    "vBB": 0.0,
    "dur2Short": 308.6893342865725,
    "vMacd": 0.0
   },
   {
    "apt2Short": 0.0029757830856875574,
    "zXLmax": -2.364019169682542,
    "zS": 1.1174534316055609,
    "xDur1Short": 129.90529607520799,
    "eXL": 0.0,
    "xDur1Long": 134.7182163646326,
    "xApt1Long": 0.007853639807529688,
    "xApt2Long": 0.0022313736806685797,
    "bbValLong": -0.03521541455680259,
    "cdPeriodShort": 170.20535661452226,
    "xApt1Short": 0.015,
    "vX": 3.0,
    "apt2Long": 0.012149488776911384,
    "leverage": 7.306222053967154,
    "bbValShort": 0.6384677873612657,
    "zXS": 3.0,
    "dur1Short": 68.45600226713097,
    "cdPctLong": 0.007909928541154975,
    "eXS": 1.0,
    "slLong": 0.12,
    "requireHistPos": 1.0,
    "eS3": 0.0,
    "xCdPeriodShort": 43.532433309172966,
    "apt1Long": 0.014368204617061286,
    "xDur2Long": 720.0,
    "ptShort": 0.015149616588224002,
    "xApt2Short": 0.006208531007353996,
    "cdPeriodLong": 10.0,
    "xCdPctShort": 0.0014540128662836327,
    "xTpShort": 0.009825320292698624,
    "xTpLong": 0.02,
    "vRsi": 2.0,
    "eL3": 1.0,
    "trendBlockZ": 99.0,
    "dur1Long": 69.8236049196733,
    "ptLong": 0.013169156988868039,
    "vEmaUp": 2.0,
    "cdPctShort": 0.0016365829001885634,
    "xMinBetween": 24.01279565546601,
    "rsiValLong": 85.0,
    "vEmaDn": 0.0,
    "dur2Long": 279.00971131199043,
    "rsiValShort": 85.53506011637205,
    "slShort": 0.1099189772481134,
    "vHistN": 3.0,
    "xDur2Short": 614.592932652109,
    "zL": -1.8916849025928362,
    "apt1Short": 0.001,
    "vBB": 4.0,
    "dur2Short": 50.69125937352912,
    "vMacd": 0.0
   },
   {
    "apt2Short": 0.00018890691904216485,
    "zXLmax": -2.22654107348648,
    "zS": 2.265887538761251,
    "xDur1Short": 150.0772377792932,
    "eXL": 1.0,
    "xDur1Long": 120.55665283614745,
    "xApt1Long": 0.005487187722562388,
    "xApt2Long": 0.004641663234844764,
    "bbValLong": -0.0857268213828937,
    "cdPeriodShort": 145.60281093432735,
    "xApt1Short": 0.013699828859781079,
    "vX": 1.0,
    "apt2Long": 0.011386212964464494,
    "leverage": 8.421488551082268,
    "bbValShort": 0.9833723493374714,
    "zXS": 1.6603114427531867,
    "dur1Short": 29.424985778469853,
    "cdPctLong": 0.005734735439074843,
    "eXS": 1.0,
    "slLong": 0.024736879674610714,
    "requireHistPos": 0.0,
    "eS3": 1.0,
    "xCdPeriodShort": 27.09672782179996,
    "apt1Long": 0.016425643865896532,
    "xDur2Long": 720.0,
    "ptShort": 0.010626518029812952,
    "xApt2Short": 0.006009703808304872,
    "cdPeriodLong": 94.94111187361017,
    "xCdPctShort": 0.001939606305870701,
    "xTpShort": 0.02,
    "xTpLong": 0.012785663759204636,
    "vRsi": 2.0,
    "eL3": 1.0,
    "trendBlockZ": 2.0,
    "dur1Long": 35.985416024957026,
    "ptLong": 0.03,
    "vEmaUp": 4.0,
    "cdPctShort": 0.0015292847856125857,
    "xMinBetween": 10.164288068984087,
    "rsiValLong": 85.0,
    "vEmaDn": 3.0,
    "dur2Long": 280.09670032200205,
    "rsiValShort": 77.36229419994585,
    "slShort": 0.03814977776882421,
    "vHistN": 3.0,
    "xDur2Short": 720.0,
    "zL": -2.221233341582612,
    "apt1Short": 0.017336774804904052,
    "vBB": 1.0,
    "dur2Short": 238.13315489825516,
    "vMacd": 2.0
   }
  ]
 },
 "metrics": {
  "n": 46,
  "months": 14.81640625,
  "eq": 420741.47810547694,
  "growth": 0.4077924482401867,
  "liq": false,
  "maxdd": 0.4186789745327366,
  "tpm": 3.1046664909042976,
  "sl_hits": 0,
  "worst_mae": -0.06641466309173216,
  "win": 1.0,
  "max_hold_days": 1.7625,
  "in_market": 0.024134948497000475,
  "score": 1.0834797808442085
 },
 "strategy": "v7",
 "mode": "lev",
 "method": "vol3",
 "algo": "genetic",
 "per_regime": true,
 "train_end": "2025-09-01",
 "holdout_days": null,
 "max_dd": 0.5,
 "max_hold_days": 10.0,
 "gap_mode": "skip_contaminated",
 "scoring": "underwater",
 "anchor": null,
 "anchor_strength": 0.0,
 "evaluated": 1001000,
 "generated": "2026-07-10 16:41",
 "holdout": {
  "n": 4,
  "months": 2.1842105263157894,
  "eq": 0.0,
  "growth": -12.650347016931143,
  "liq": true,
  "maxdd": 1.0,
  "tpm": 1.8313253012048194,
  "sl_hits": 0,
  "worst_mae": -0.11177197522728927,
  "win": 0.75,
  "max_hold_days": 60.6375,
  "in_market": 0.985316265060241,
  "score": -13.143005149461263
 },
 "holdout_scan": {
  "scanned": 467,
  "pool": 600,
  "reservoir": 300,
  "survivors": 1
 },
 "holdout_survivors": [
  {
   "rank": 426,
   "train_score": 0.5608755635470333,
   "holdout": {
    "n": 35,
    "months": 9.656661184210527,
    "eq": 12753.981203426967,
    "growth": 0.2636359944238291,
    "liq": false,
    "maxdd": 0.6553264593904254,
    "tpm": 3.6244411326378536,
    "sl_hits": 0,
    "worst_mae": -0.07747877912226842,
    "win": 1.0,
    "max_hold_days": 4.86875,
    "in_market": 0.07320985025903058,
    "score": 0.11350769561121624
   }
  }
 ],
 "holdout_top10": [
  {
   "rank": 352,
   "train_score": 0.2518411266502182,
   "holdout": {
    "n": 53,
    "months": 9.656661184210527,
    "eq": 19034.557514427746,
    "growth": 0.3051009129831236,
    "liq": false,
    "maxdd": 0.7357638602427604,
    "tpm": 5.488439429423035,
    "sl_hits": 0,
    "worst_mae": -0.08803409218346991,
    "win": 1.0,
    "max_hold_days": 18.704166666666666,
    "in_market": 0.1836207508338656,
    "score": 0.06577707324567908
   }
  },
  {
   "rank": 467,
   "train_score": 0.37787862028258073,
   "holdout": {
    "n": 33,
    "months": 9.656661184210527,
    "eq": 15265.903519613676,
    "growth": 0.2822530232147933,
    "liq": false,
    "maxdd": 0.7357638602427604,
    "tpm": 3.417330210772833,
    "sl_hits": 0,
    "worst_mae": -0.08803409218346991,
    "win": 1.0,
    "max_hold_days": 18.6875,
    "in_market": 0.13545525512738626,
    "score": 0.11297134791565064
   }
  },
  {
   "rank": 426,
   "train_score": 0.5608755635470333,
   "holdout": {
    "n": 35,
    "months": 9.656661184210527,
    "eq": 12753.981203426967,
    "growth": 0.2636359944238291,
    "liq": false,
    "maxdd": 0.6553264593904254,
    "tpm": 3.6244411326378536,
    "sl_hits": 0,
    "worst_mae": -0.07747877912226842,
    "win": 1.0,
    "max_hold_days": 4.86875,
    "in_market": 0.07320985025903058,
    "score": 0.11350769561121624
   }
  },
  {
   "rank": 454,
   "train_score": 0.40300575726448445,
   "holdout": {
    "n": 36,
    "months": 9.656661184210527,
    "eq": 7788.555574881549,
    "growth": 0.21256367838818288,
    "liq": false,
    "maxdd": 0.7357638602427605,