{"job": {"strategy": "scalpx", "mode": "lev", "method": "volume3", "window": "all", "fold_idx": 6, "n_samples": 350, "seed": 755319}, "status": "ok", "n_feasible": 29, "cand": {"strategy": "scalpx", "tpL": [0.007619800394307694, 0.011228205343753959, 0.009814328503088847], "tpS": [0.014949141648439572, 0.013458200980370098, 0.02], "rsiOB": [67.25908630090362, 55.52843005101124, 50.976254990731164], "rsiOS": [50.0, 50.0, 50.0], "useCvd": [1.0, 1.0, 1.0], "useEma": [1.0, 1.0, 1.0], "eL": [1.0, 0.0, 1.0], "eS": [1.0, 1.0, 1.0], "lev": [1.2907079011762497, 1.2, 1.7690527820110928], "sl": 0.05, "slOn": 0.0}, "train": {"n": 143, "months": 11.518571820175438, "eq": 16029.916078803, "growth": 0.24086811930012325, "liq": false, "maxdd": 0.0, "tpm": 12.414733547914969, "sl_hits": 0, "worst_mae": -0.35299996156359303, "win": 1.0, "score": 0.22999474978172701}, "oos": {"n": 16, "months": 0.9139939692982456, "eq": 1173.4618709324338, "growth": 0.17501017447061415, "liq": false, "maxdd": 0.0, "tpm": 17.50558596385994, "sl_hits": 0, "worst_mae": -0.10019768426998032, "win": 1.0, "score": 0.17501017447061415}, "elapsed": 0.8059699535369873}