{"job": {"strategy": "scalpx", "mode": "lev", "method": "volume3", "window": "all", "fold_idx": 11, "n_samples": 350, "seed": 755319}, "status": "ok", "n_feasible": 16, "cand": {"strategy": "scalpx", "tpL": [0.0098, 0.0121, 0.0112], "tpS": [0.0063, 0.0061, 0.0071], "rsiOB": [60.0992, 61.0723, 66.7089], "rsiOS": [37.1698, 40.8222, 42.9344], "useCvd": [1.0, 1.0, 1.0], "useEma": [1.0, 1.0, 1.0], "eL": [1.0, 1.0, 1.0], "eS": [1.0, 1.0, 1.0], "lev": [1.981, 1.8954, 2.1633], "sl": 0.05, "slOn": 0.0}, "train": {"n": 120, "months": 16.02480811403509, "eq": 8416.983741396709, "growth": 0.1329346051091297, "liq": false, "maxdd": 0.0, "tpm": 7.488389199175483, "sl_hits": 0, "worst_mae": -0.5044051728579525, "win": 1.0, "score": 0.15382476733238504}, "oos": {"n": 2, "months": 0.9208470394736842, "eq": 1028.9830736921072, "growth": 0.031026876574576492, "liq": false, "maxdd": 0.0, "tpm": 2.171913373520875, "sl_hits": 0, "worst_mae": -0.13488140051703024, "win": 1.0, "score": 0.031026876574576492}, "elapsed": 0.8156328201293945}