{"job": {"strategy": "scalpx", "mode": "lev", "method": "volume3", "window": "all", "fold_idx": 19, "n_samples": 350, "seed": 755319}, "status": "ok", "n_feasible": 14, "cand": {"strategy": "scalpx", "tpL": [0.014106569651646068, 0.019478039234855023, 0.016640053600831744], "tpS": [0.012409865442710945, 0.013532874586923309, 0.010100808133945153], "rsiOB": [56.79086334890528, 85.0, 53.840093440955236], "rsiOS": [41.422612147554055, 50.0, 42.90105936210896], "useCvd": [1.0, 1.0, 1.0], "useEma": [1.0, 1.0, 0.0], "eL": [1.0, 1.0, 1.0], "eS": [1.0, 1.0, 1.0], "lev": [1.3820464877039054, 1.347703593525676, 1.3887664210746393], "sl": 0.05, "slOn": 0.0}, "train": {"n": 94, "months": 23.25870339912281, "eq": 6591.267587108259, "growth": 0.0810769907397731, "liq": false, "maxdd": 0.0, "tpm": 4.041497859401104, "sl_hits": 0, "worst_mae": -0.5992584260300795, "win": 1.0, "score": 0.14750921205107137}, "oos": {"n": 5, "months": 0.9207785087719298, "eq": 1101.5902133248774, "growth": 0.10507932517535316, "liq": false, "maxdd": 0.0, "tpm": 5.430187555820185, "sl_hits": 0, "worst_mae": -0.017061398585699994, "win": 1.0, "score": 0.10507932517535316}, "elapsed": 0.8984415531158447}