{"job": {"strategy": "scalpx", "mode": "lev", "method": "volume3", "window": "all", "fold_idx": 16, "n_samples": 350, "seed": 755319}, "status": "ok", "n_feasible": 16, "cand": {"strategy": "scalpx", "tpL": [0.01809964095507417, 0.011792007057763962, 0.01721933555843085], "tpS": [0.00669899833882438, 0.0041650430706233555, 0.003690354798548801], "rsiOB": [57.264733304867356, 50.0, 65.01077783803944], "rsiOS": [25.26123028592656, 43.0279200290088, 50.0], "useCvd": [1.0, 1.0, 1.0], "useEma": [0.0, 1.0, 1.0], "eL": [1.0, 1.0, 1.0], "eS": [1.0, 1.0, 1.0], "lev": [1.8733417712927272, 1.7933542290328908, 1.5568360221962136], "sl": 0.05, "slOn": 0.0}, "train": {"n": 202, "months": 20.495682565789473, "eq": 16348.653397839395, "growth": 0.13632849376906644, "liq": false, "maxdd": 0.0, "tpm": 9.855734218735895, "sl_hits": 0, "worst_mae": -0.5043796372629844, "win": 1.0, "score": 0.1588658397195134}, "oos": {"n": 25, "months": 0.9210526315789473, "eq": 1258.7149566000762, "growth": 0.24981343837822326, "liq": false, "maxdd": 0.0, "tpm": 27.142857142857142, "sl_hits": 0, "worst_mae": -0.16666666666666652, "win": 1.0, "score": 0.24981343837822326}, "elapsed": 0.8883254528045654}