{"job": {"strategy": "scalpx", "mode": "lev", "method": "volume3", "window": "all", "fold_idx": 8, "n_samples": 350, "seed": 755319}, "status": "ok", "n_feasible": 18, "cand": {"strategy": "scalpx", "tpL": [0.007075141406900819, 0.004275959717740302, 0.007452952727776484], "tpS": [0.010866241070664629, 0.012511070011124928, 0.02], "rsiOB": [58.11470562604742, 50.0, 50.0], "rsiOS": [50.0, 50.0, 50.0], "useCvd": [1.0, 1.0, 1.0], "useEma": [1.0, 1.0, 1.0], "eL": [1.0, 1.0, 1.0], "eS": [1.0, 1.0, 1.0], "lev": [1.6861835528907465, 1.6159296248089552, 1.2334215333193688], "sl": 0.05, "slOn": 0.0}, "train": {"n": 291, "months": 13.347861842105264, "eq": 29448.206076212045, "growth": 0.2534213369928338, "liq": false, "maxdd": 0.0, "tpm": 21.801244532068264, "sl_hits": 0, "worst_mae": -0.44673875532037277, "win": 1.0, "score": 0.2536762128714618}, "oos": null, "elapsed": 0.7968597412109375}