{"job": {"strategy": "scalpx", "mode": "lev", "method": "volume3", "window": "all", "fold_idx": 9, "n_samples": 350, "seed": 755319}, "status": "ok", "n_feasible": 24, "cand": {"strategy": "scalpx", "tpL": [0.01369085000588391, 0.017853970048472712, 0.01726828299339055], "tpS": [0.009357798246085394, 0.006191311854458485, 0.008099735174285708], "rsiOB": [73.89285323923356, 85.0, 85.0], "rsiOS": [50.0, 50.0, 34.38838850445989], "useCvd": [1.0, 1.0, 1.0], "useEma": [1.0, 1.0, 1.0], "eL": [1.0, 1.0, 1.0], "eS": [1.0, 1.0, 1.0], "lev": [1.2, 1.544545572779099, 1.9355991987807222], "sl": 0.05, "slOn": 0.0}, "train": {"n": 53, "months": 14.267269736842106, "eq": 3674.3441766922747, "growth": 0.09121399436764056, "liq": false, "maxdd": 0.0, "tpm": 3.7147962418583202, "sl_hits": 0, "worst_mae": -0.35210346022093064, "win": 1.0, "score": 0.19538454602301436}, "oos": {"n": 2, "months": 0.91796875, "eq": 1064.85379963659, "growth": 0.06845277946711949, "liq": false, "maxdd": 0.0, "tpm": 2.178723404255319, "sl_hits": 0, "worst_mae": -0.009987724584309743, "win": 1.0, "score": 0.06845277946711949}, "elapsed": 0.808591365814209}