{"job": {"strategy": "scalpx", "mode": "lev", "method": "volume3", "window": "all", "fold_idx": 5, "n_samples": 350, "seed": 755319}, "status": "ok", "n_feasible": 32, "cand": {"strategy": "scalpx", "tpL": [0.01179986627830542, 0.02, 0.018481301007308156], "tpS": [0.0057337286500631374, 0.010898823783949884, 0.007935469740922867], "rsiOB": [69.71377733620095, 50.0, 68.23180865909248], "rsiOS": [36.97618743814135, 45.29881711905607, 47.78777023235607], "useCvd": [1.0, 1.0, 1.0], "useEma": [0.0, 0.0, 0.0], "eL": [1.0, 1.0, 1.0], "eS": [1.0, 1.0, 1.0], "lev": [1.9890042943521216, 2.074576449745448, 1.798757676375815], "sl": 0.05, "slOn": 0.0}, "train": {"n": 105, "months": 10.610128837719298, "eq": 20113.652956994123, "growth": 0.282880526898012, "liq": false, "maxdd": 0.0, "tpm": 9.89620405236948, "sl_hits": 0, "worst_mae": -0.32978561942705364, "win": 1.0, "score": 0.2598526719123021}, "oos": {"n": 13, "months": 0.9084429824561403, "eq": 1454.1991881088802, "growth": 0.4121946783203858, "liq": false, "maxdd": 0.0, "tpm": 14.310199155099578, "sl_hits": 0, "worst_mae": -0.21675759302988362, "win": 1.0, "score": 0.4121946783203858}, "elapsed": 0.7867183685302734}