{"job": {"strategy": "scalpx", "mode": "lev", "method": "volume3", "window": "all", "fold_idx": 7, "n_samples": 350, "seed": 755319}, "status": "ok", "n_feasible": 21, "cand": {"strategy": "scalpx", "tpL": [0.0146, 0.0128, 0.0128], "tpS": [0.0062, 0.008, 0.008], "rsiOB": [58.4292, 58.167, 52.0209], "rsiOS": [47.341, 44.0866, 39.6823], "useCvd": [1.0, 1.0, 1.0], "useEma": [0.0, 1.0, 1.0], "eL": [1.0, 1.0, 1.0], "eS": [1.0, 1.0, 1.0], "lev": [1.2063, 1.3819, 1.4589], "sl": 0.05, "slOn": 0.0}, "train": {"n": 148, "months": 12.432565789473685, "eq": 6751.739650743711, "growth": 0.15361271599558876, "liq": false, "maxdd": 0.0, "tpm": 11.904220134938484, "sl_hits": 0, "worst_mae": -0.35299996156359303, "win": 1.0, "score": 0.17110900119593622}, "oos": {"n": 3, "months": 0.915296052631579, "eq": 1050.6776545398404, "growth": 0.0540102201160198, "liq": false, "maxdd": 0.0, "tpm": 3.2776280323450133, "sl_hits": 0, "worst_mae": -0.1409571237701932, "win": 1.0, "score": 0.0540102201160198}, "elapsed": 0.7989122867584229}