{"job": {"strategy": "scalpx", "mode": "lev", "method": "volume3", "window": "all", "fold_idx": 0, "n_samples": 350, "seed": 755319}, "status": "ok", "n_feasible": 45, "cand": {"strategy": "scalpx", "tpL": [0.02, 0.01670478443045918, 0.02], "tpS": [0.018758422032086008, 0.02, 0.014707058477352127], "rsiOB": [81.7929220721169, 85.0, 82.77722740318661], "rsiOS": [40.49424601738171, 50.0, 42.01346282844015], "useCvd": [1.0, 1.0, 1.0], "useEma": [0.0, 1.0, 0.0], "eL": [0.0, 0.0, 1.0], "eS": [1.0, 1.0, 1.0], "lev": [4.915928426858662, 7.017845653691288, 6.272016943367147], "sl": 0.05, "slOn": 0.0}, "train": {"n": 15, "months": 6.024328399122807, "eq": 5493.054066432255, "growth": 0.28276751933836797, "liq": false, "maxdd": 0.0, "tpm": 2.4899041031999727, "sl_hits": 0, "worst_mae": -0.08081264577392, "win": 1.0, "score": 0.43072832253161947}, "oos": {"n": 2, "months": 0.9209155701754386, "eq": 1257.3781659035014, "growth": 0.24869677498551582, "liq": false, "maxdd": 0.0, "tpm": 2.171751748772139, "sl_hits": 0, "worst_mae": -0.015259153390222324, "win": 1.0, "score": 0.24869677498551582}, "elapsed": 0.8413159847259521}