{"job": {"strategy": "scalpx", "mode": "lev", "method": "volume3", "window": "all", "fold_idx": 10, "n_samples": 350, "seed": 755319}, "status": "ok", "n_feasible": 16, "cand": {"strategy": "scalpx", "tpL": [0.012, 0.0129, 0.0117], "tpS": [0.0108, 0.0115, 0.0092], "rsiOB": [67.9509, 63.1954, 57.6973], "rsiOS": [35.9, 38.5253, 38.8681], "useCvd": [1.0, 1.0, 1.0], "useEma": [1.0, 1.0, 1.0], "eL": [1.0, 1.0, 1.0], "eS": [1.0, 1.0, 1.0], "lev": [2.2098, 2.3786, 2.1223], "sl": 0.05, "slOn": 0.0}, "train": {"n": 145, "months": 15.185238486842106, "eq": 24108.502376653778, "growth": 0.20958278506776684, "liq": false, "maxdd": 0.0, "tpm": 9.548746970661107, "sl_hits": 0, "worst_mae": -0.34008938372275366, "win": 1.0, "score": 0.18201355906410965}, "oos": {"n": 2, "months": 0.8395696271929824, "eq": 1042.0859724406687, "growth": 0.04910187997895408, "liq": false, "maxdd": 0.0, "tpm": 2.382172883846217, "sl_hits": 0, "worst_mae": -0.13498725031874192, "win": 1.0, "score": 0.04910187997895408}, "elapsed": 0.7914698123931885}