{"job": {"strategy": "scalpx", "mode": "lev", "method": "volume3", "window": "all", "fold_idx": 1, "n_samples": 350, "seed": 755319}, "status": "ok", "n_feasible": 47, "cand": {"strategy": "scalpx", "tpL": [0.0122, 0.0143, 0.0124], "tpS": [0.0147, 0.0124, 0.0106], "rsiOB": [66.184, 71.3446, 67.1698], "rsiOS": [35.2155, 41.682, 36.8217], "useCvd": [1.0, 1.0, 1.0], "useEma": [1.0, 1.0, 1.0], "eL": [1.0, 1.0, 1.0], "eS": [1.0, 1.0, 1.0], "lev": [2.2806, 2.1862, 2.8575], "sl": 0.05, "slOn": 0.0}, "train": {"n": 48, "months": 6.951206140350878, "eq": 4146.164570243509, "growth": 0.20459524264567613, "liq": false, "maxdd": 0.0, "tpm": 6.905276441359728, "sl_hits": 0, "worst_mae": -0.17293297039809463, "win": 1.0, "score": 0.14102174526852165}, "oos": {"n": 8, "months": 0.9159813596491229, "eq": 1257.4074707453794, "growth": 0.2500618991416959, "liq": false, "maxdd": 0.0, "tpm": 8.733802184647613, "sl_hits": 0, "worst_mae": -0.03903811716551542, "win": 1.0, "score": 0.2500618991416959}, "elapsed": 0.8462762832641602}