{"job": {"strategy": "scalpx", "mode": "lev", "method": "volume3", "window": "all", "fold_idx": 17, "n_samples": 350, "seed": 755319}, "status": "ok", "n_feasible": 16, "cand": {"strategy": "scalpx", "tpL": [0.003958943081151086, 0.004433238219836947, 0.006607394068814225], "tpS": [0.02, 0.012181906361831312, 0.015905142375713933], "rsiOB": [61.37959745105912, 74.51572976319542, 81.63159035892922], "rsiOS": [38.74983620657898, 50.0, 42.26154099750834], "useCvd": [1.0, 1.0, 1.0], "useEma": [1.0, 1.0, 0.0], "eL": [1.0, 1.0, 1.0], "eS": [1.0, 1.0, 1.0], "lev": [1.9706787866542974, 2.856106023021971, 1.5450027375571207], "sl": 0.05, "slOn": 0.0}, "train": {"n": 304, "months": 21.41673519736842, "eq": 38041.8745680349, "growth": 0.16989926250642537, "liq": false, "maxdd": 0.0, "tpm": 14.194507108504286, "sl_hits": 0, "worst_mae": -0.44507903542171456, "win": 1.0, "score": 0.15098953699698867}, "oos": {"n": 16, "months": 0.920984100877193, "eq": 1226.1258434540077, "growth": 0.22134961679585638, "liq": false, "maxdd": 0.0, "tpm": 17.37272118461195, "sl_hits": 0, "worst_mae": -0.048227262717463026, "win": 1.0, "score": 0.22134961679585638}, "elapsed": 0.9039816856384277}