{"job": {"strategy": "scalpx", "mode": "lev", "method": "volume3", "window": "all", "fold_idx": 18, "n_samples": 350, "seed": 755319}, "status": "ok", "n_feasible": 10, "cand": {"strategy": "scalpx", "tpL": [0.014761936999672334, 0.016186533191618575, 0.015290115900335122], "tpS": [0.00304452898046473, 0.0033462105349257466, 0.0038760379528446076], "rsiOB": [72.73185864453446, 85.0, 85.0], "rsiOS": [26.86416315322247, 44.3969000772853, 23.585047424060722], "useCvd": [1.0, 1.0, 1.0], "useEma": [1.0, 1.0, 1.0], "eL": [1.0, 1.0, 1.0], "eS": [1.0, 1.0, 1.0], "lev": [3.1182402917893306, 1.6628796226297782, 2.566875575678818], "sl": 0.05, "slOn": 0.0}, "train": {"n": 65, "months": 22.337719298245617, "eq": 5153.666750827632, "growth": 0.0734053656011085, "liq": false, "maxdd": 0.0, "tpm": 2.9098763008050264, "sl_hits": 0, "worst_mae": -0.5292879862980181, "win": 1.0, "score": 0.11310794152859979}, "oos": {"n": 3, "months": 0.920984100877193, "eq": 1078.0749625471713, "growth": 0.08162682562976481, "liq": false, "maxdd": 0.0, "tpm": 3.2573852221147406, "sl_hits": 0, "worst_mae": -0.013680704258862808, "win": 1.0, "score": 0.08162682562976481}, "elapsed": 0.8774549961090088}