{"job": {"strategy": "scalpx", "mode": "lev", "method": "volume3", "window": "all", "fold_idx": 20, "n_samples": 350, "seed": 755319}, "status": "ok", "n_feasible": 16, "cand": {"strategy": "scalpx", "tpL": [0.011, 0.0121, 0.0126], "tpS": [0.0089, 0.0087, 0.0101], "rsiOB": [66.4303, 71.9155, 62.8914], "rsiOS": [40.096, 46.0293, 47.5875], "useCvd": [1.0, 1.0, 1.0], "useEma": [1.0, 1.0, 1.0], "eL": [1.0, 1.0, 1.0], "eS": [1.0, 1.0, 1.0], "lev": [1.5014, 1.4165, 1.4572], "sl": 0.05, "slOn": 0.0}, "train": {"n": 96, "months": 24.179481907894736, "eq": 4673.052168843105, "growth": 0.06376532108570043, "liq": false, "maxdd": 0.0, "tpm": 3.970308394765707, "sl_hits": 0, "worst_mae": -0.5733232789212207, "win": 1.0, "score": 0.11765930248027216}, "oos": {"n": 1, "months": 0.9185855263157895, "eq": 1015.8254246949174, "growth": 0.01709313706236124, "liq": false, "maxdd": 0.0, "tpm": 1.0886302596239927, "sl_hits": 0, "worst_mae": -0.0018230432668936425, "win": 1.0, "score": 0.01709313706236124}, "elapsed": 0.9358224868774414}