{"job": {"strategy": "scalpx", "mode": "lev", "method": "volume3", "window": "all", "fold_idx": 15, "n_samples": 350, "seed": 755319}, "status": "ok", "n_feasible": 15, "cand": {"strategy": "scalpx", "tpL": [0.0165, 0.0159, 0.0166], "tpS": [0.0117, 0.0113, 0.0092], "rsiOB": [73.2106, 67.5884, 60.6397], "rsiOS": [35.6435, 44.0181, 43.4926], "useCvd": [1.0, 1.0, 1.0], "useEma": [1.0, 1.0, 1.0], "eL": [1.0, 1.0, 1.0], "eS": [1.0, 1.0, 1.0], "lev": [1.6714, 1.6508, 1.633], "sl": 0.05, "slOn": 0.0}, "train": {"n": 91, "months": 19.574629934210527, "eq": 8277.824013402462, "growth": 0.10797548360551656, "liq": false, "maxdd": 0.0, "tpm": 4.648874604825073, "sl_hits": 0, "worst_mae": -0.5044051728579525, "win": 1.0, "score": 0.1545708376289227}, "oos": {"n": 2, "months": 0.9210526315789473, "eq": 1040.1041007974957, "growth": 0.04269115978440945, "liq": false, "maxdd": 0.0, "tpm": 2.1714285714285713, "sl_hits": 0, "worst_mae": -0.02872006841505126, "win": 1.0, "score": 0.04269115978440945}, "elapsed": 0.8530957698822021}