{"job": {"strategy": "scalpx", "mode": "lev", "method": "volume3", "window": "all", "fold_idx": 3, "n_samples": 350, "seed": 755319}, "status": "ok", "n_feasible": 55, "cand": {"strategy": "scalpx", "tpL": [0.01908667788746946, 0.02, 0.014085702529775892], "tpS": [0.016567402100070752, 0.012814787889136729, 0.01437092003706952], "rsiOB": [68.39024237302328, 85.0, 85.0], "rsiOS": [37.00962548265686, 49.42048702935728, 50.0], "useCvd": [1.0, 1.0, 1.0], "useEma": [1.0, 1.0, 1.0], "eL": [1.0, 1.0, 1.0], "eS": [1.0, 1.0, 1.0], "lev": [2.9016565805329075, 2.2623324329523338, 2.3848986332151907], "sl": 0.05, "slOn": 0.0}, "train": {"n": 77, "months": 8.777275219298247, "eq": 17632.329760144938, "growth": 0.3269504559744934, "liq": false, "maxdd": 0.0, "tpm": 8.772654163868891, "sl_hits": 0, "worst_mae": -0.35210346022093064, "win": 1.0, "score": 0.38130513176726216}, "oos": {"n": 2, "months": 0.9172149122807017, "eq": 1088.2478112362908, "growth": 0.09220182647135583, "liq": false, "maxdd": 0.0, "tpm": 2.180514046622833, "sl_hits": 0, "worst_mae": -0.06356164383561635, "win": 1.0, "score": 0.09220182647135583}, "elapsed": 0.8977165222167969}