{"job": {"strategy": "scalpx", "mode": "lev", "method": "volume3", "window": "all", "fold_idx": 4, "n_samples": 350, "seed": 755319}, "status": "ok", "n_feasible": 27, "cand": {"strategy": "scalpx", "tpL": [0.011286755475752811, 0.014426323407585859, 0.01007902029276275], "tpS": [0.005930830970966506, 0.010494050940056579, 0.010282122878709896], "rsiOB": [50.0, 54.28482009555231, 63.44679402470255], "rsiOS": [31.03246248933744, 30.48552604662262, 45.34769189078243], "useCvd": [1.0, 1.0, 1.0], "useEma": [0.0, 0.0, 1.0], "eL": [1.0, 1.0, 1.0], "eS": [1.0, 0.0, 1.0], "lev": [4.279285290986017, 5.706876442540731, 3.3298182782355252], "sl": 0.05, "slOn": 0.0}, "train": {"n": 139, "months": 9.694490131578949, "eq": 34144.82514731558, "growth": 0.3641873882580323, "liq": false, "maxdd": 0.0, "tpm": 14.338041311447595, "sl_hits": 0, "worst_mae": -0.24939802015517698, "win": 1.0, "score": 0.33895651753571127}, "oos": null, "elapsed": 0.782397985458374}