{"job": {"strategy": "scalpx", "mode": "lev", "method": "volume3", "window": "all", "fold_idx": 14, "n_samples": 350, "seed": 755319}, "status": "ok", "n_feasible": 14, "cand": {"strategy": "scalpx", "tpL": [0.0142, 0.0146, 0.0158], "tpS": [0.0108, 0.011, 0.0106], "rsiOB": [67.8386, 68.3614, 67.8092], "rsiOS": [38.0215, 33.7552, 38.4201], "useCvd": [1.0, 1.0, 1.0], "useEma": [1.0, 1.0, 1.0], "eL": [1.0, 1.0, 1.0], "eS": [1.0, 1.0, 1.0], "lev": [1.9948, 1.9898, 2.0542], "sl": 0.05, "slOn": 0.0}, "train": {"n": 63, "months": 18.653645833333336, "eq": 5623.43416009933, "growth": 0.09257935704526242, "liq": false, "maxdd": 0.0, "tpm": 3.3773558564847126, "sl_hits": 0, "worst_mae": -0.38973480522776305, "win": 1.0, "score": 0.08611039942615627}, "oos": {"n": 5, "months": 0.920984100877193, "eq": 1149.7380886739156, "growth": 0.15150551168507492, "liq": false, "maxdd": 0.0, "tpm": 5.428975370191234, "sl_hits": 0, "worst_mae": -0.020054487664597942, "win": 1.0, "score": 0.15150551168507492}, "elapsed": 0.8636972904205322}