{"job": {"strategy": "scalpx", "mode": "lev", "method": "volume3", "window": "all", "fold_idx": 13, "n_samples": 350, "seed": 755319}, "status": "ok", "n_feasible": 16, "cand": {"strategy": "scalpx", "tpL": [0.0091, 0.0089, 0.0084], "tpS": [0.0109, 0.0102, 0.0115], "rsiOB": [72.8216, 66.1059, 61.7199], "rsiOS": [31.3025, 34.2562, 37.7234], "useCvd": [1.0, 1.0, 1.0], "useEma": [1.0, 1.0, 1.0], "eL": [1.0, 1.0, 1.0], "eS": [1.0, 1.0, 1.0], "lev": [2.0073, 1.7829, 1.7858], "sl": 0.05, "slOn": 0.0}, "train": {"n": 84, "months": 17.73266173245614, "eq": 3852.410937002607, "growth": 0.0760573449186221, "liq": false, "maxdd": 0.0, "tpm": 4.737021506830786, "sl_hits": 0, "worst_mae": -0.21675759302988362, "win": 1.0, "score": 0.06556787232330913}, "oos": {"n": 5, "months": 0.920984100877193, "eq": 1083.9460401188508, "growth": 0.08752390319609644, "liq": false, "maxdd": 0.0, "tpm": 5.428975370191234, "sl_hits": 0, "worst_mae": -0.02803341356364142, "win": 1.0, "score": 0.08752390319609644}, "elapsed": 0.8431525230407715}