{"job": {"strategy": "scalpx", "mode": "lev", "method": "volume3", "window": "all", "fold_idx": 12, "n_samples": 350, "seed": 755319}, "status": "ok", "n_feasible": 11, "cand": {"strategy": "scalpx", "tpL": [0.0118, 0.0111, 0.0116], "tpS": [0.0145, 0.0125, 0.0153], "rsiOB": [66.5726, 62.07, 65.1282], "rsiOS": [44.689, 43.4495, 50.0], "useCvd": [1.0, 1.0, 1.0], "useEma": [1.0, 1.0, 1.0], "eL": [1.0, 1.0, 1.0], "eS": [1.0, 1.0, 1.0], "lev": [1.6046, 1.5723, 1.5176], "sl": 0.05, "slOn": 0.0}, "train": {"n": 87, "months": 16.945655153508774, "eq": 4279.841028401286, "growth": 0.08579874031639, "liq": false, "maxdd": 0.0, "tpm": 5.134059392326637, "sl_hits": 0, "worst_mae": -0.59704243642914, "win": 1.0, "score": 0.1076454810846887}, "oos": {"n": 12, "months": 0.7870065789473684, "eq": 1222.3853745933702, "growth": 0.25514929637008255, "liq": false, "maxdd": 0.0, "tpm": 15.247648902821318, "sl_hits": 0, "worst_mae": -0.08906965968182046, "win": 1.0, "score": 0.25514929637008255}, "elapsed": 0.8316013813018799}