{"job": {"strategy": "scalpx", "mode": "lev", "method": "volume3", "window": "all", "fold_idx": 2, "n_samples": 350, "seed": 755319}, "status": "ok", "n_feasible": 48, "cand": {"strategy": "scalpx", "tpL": [0.0142, 0.0132, 0.0162], "tpS": [0.0088, 0.009, 0.0096], "rsiOB": [65.8673, 71.6851, 68.3908], "rsiOS": [36.8228, 44.8332, 45.8894], "useCvd": [1.0, 1.0, 1.0], "useEma": [1.0, 1.0, 1.0], "eL": [1.0, 1.0, 1.0], "eS": [1.0, 1.0, 1.0], "lev": [2.4328, 2.7914, 2.6996], "sl": 0.05, "slOn": 0.0}, "train": {"n": 77, "months": 7.8671875, "eq": 15733.898827278294, "growth": 0.3502925976645711, "liq": false, "maxdd": 0.0, "tpm": 9.787487586891757, "sl_hits": 0, "worst_mae": -0.2077574557471803, "win": 1.0, "score": 0.320711183684189}, "oos": {"n": 15, "months": 0.9100877192982456, "eq": 1661.8437455840992, "growth": 0.5581084826758201, "liq": false, "maxdd": 0.0, "tpm": 16.481927710843372, "sl_hits": 0, "worst_mae": -0.17242029805697034, "win": 1.0, "score": 0.5581084826758201}, "elapsed": 0.8837237358093262}