{
 "cand": {
  "strategy": "macdx",
  "tpL": [
   0.08277853929964431,
   0.056003350759567846,
   0.08500946724948412
  ],
  "tpS": [
   0.02835685771262047,
   0.02975219084841819,
   0.03
  ],
  "slL": [
   0.001868263046723729,
   0.005011347784260288,
   0.05204064384560554
  ],
  "slS": [
   0.03703216809488277,
   0.02390419427860301,
   0.08026687182095427
  ],
  "minT": [
   19.45747031205417,
   94.42397902232312,
   58.88034194404702
  ],
  "mMinS": [
   0.3644622010221943,
   0.08910468609087442,
   0.02046241854634495
  ],
  "mMaxL": [
   -0.3897214028587042,
   -0.4296243199329576,
   -0.27034836735712453
  ],
  "hrb": [
   2.0,
   4.0,
   5.0
  ],
  "reqH": [
   0.0,
   0.0,
   1.0
  ],
  "a1L": [
   0.016715024136449555,
   0.014088539739519025,
   0.012732243137894571
  ],
  "a2L": [
   0.007174239451030088,
   0.01007235017715779,
   0.004716509168597319
  ],
  "d1L": [
   9.931256097311543,
   21.835041899761695,
   40.916894928512285
  ],
  "d2L": [
   24.0,
   21.93749636201445,
   60.657180338872095
  ],
  "cdPL": [
   0.0,
   0.0,
   0.00017984121961253926
  ],
  "cdTL": [
   23.25284016233013,
   14.255151870084841,
   17.542206377349977
  ],
  "a1S": [
   0.0015830808297975334,
   0.02819434285792674,
   0.02359581360601413
  ],
  "a2S": [
   0.0,
   0.020063073045053097,
   0.0
  ],
  "d1S": [
   6.974707676052786,
   17.821353368549683,
   13.453292671803615
  ],
  "d2S": [
   22.342242986735148,
   18.509784938496296,
   17.168911574826247
  ],
  "cdPS": [
   0.016195427042318463,
   0.07308397396685024,
   0.0020270965628803954
  ],
  "cdTS": [
   158.71914339973512,
   210.70463701888855,
   66.35890694616653
  ],
  "eL": [
   0.0,
   1.0,
   1.0
  ],
  "eS": [
   0.0,
   0.0,
   1.0
  ],
  "lev": [
   2.5134968393561645,
   1.2,
   10.0
  ]
 },
 "metrics": {
  "n": 30,
  "months": 14.81640625,
  "eq": 646273.0923609517,
  "growth": 0.4367605780277865,
  "liq": false,
  "maxdd": 0.01567528346336945,
  "tpm": 2.02478249406802,
  "sl_hits": 4,
  "worst_mae": -0.0469638049655996,
  "win": 0.8666666666666667,
  "max_hold_days": 1.6541666666666666,
  "in_market": 0.03650306890347408,
  "score": 0.6123093486098773
 },
 "strategy": "macdx",
 "mode": "spot",
 "method": "vol3",
 "algo": "genetic",
 "per_regime": true,
 "train_end": "2025-09-01",
 "holdout_days": null,
 "max_dd": 0.05,
 "max_hold_days": 2.0,
 "gap_mode": "skip_contaminated",
 "scoring": "classic",
 "anchor": null,
 "anchor_strength": 0.0,
 "evaluated": 452200,
 "generated": "2026-07-12 17:56",
 "holdout": {
  "n": 45,
  "months": 9.656661184210527,
  "eq": 26.625231879933605,
  "growth": -0.3754813259694393,
  "liq": false,
  "maxdd": 0.9860251870245018,
  "tpm": 4.6599957419629545,
  "sl_hits": 9,
  "worst_mae": -0.08212869387232957,
  "win": 0.6666666666666666,
  "max_hold_days": 6.4625,
  "in_market": 0.16773827265630545,
  "score": -0.7696621143820561
 },
 "holdout_scan": {
  "scanned": 11,
  "pool": 597,
  "reservoir": 297,
  "survivors": 0
 },
 "holdout_survivors": [],
 "holdout_top10": [
  {
   "rank": 4,
   "train_score": 0.6097631902009178,
   "holdout": {
    "n": 43,
    "months": 9.656661184210527,
    "eq": 101.44609335698803,
    "growth": -0.2369584764200302,
    "liq": false,
    "maxdd": 0.9457175180505808,
    "tpm": 4.4528848200979345,
    "sl_hits": 8,
    "worst_mae": -0.07799501933979758,
    "win": 0.6744186046511628,
    "max_hold_days": 6.4625,
    "in_market": 0.18208076076928537,
    "score": -0.6018963024386819
   }
  },
  {
   "rank": 11,
   "train_score": 0.6079051110820242,
   "holdout": {
    "n": 42,
    "months": 9.656661184210527,
    "eq": 100.6966791452496,
    "growth": -0.23772631282316797,
    "liq": false,
    "maxdd": 0.9454201055080369,
    "tpm": 4.3493293591654245,
    "sl_hits": 7,
    "worst_mae": -0.08036622583926745,
    "win": 0.6904761904761905,
    "max_hold_days": 6.4625,
    "in_market": 0.18507558015754738,
    "score": -0.5590721628316762
   }
  },
  {
   "rank": 9,
   "train_score": 0.6081141627229125,
   "holdout": {
    "n": 44,
    "months": 9.656661184210527,
    "eq": 51.79984350359332,
    "growth": -0.3065622883950689,
    "liq": false,
    "maxdd": 0.9699357788042902,
    "tpm": 4.5564402810304445,
    "sl_hits": 11,
    "worst_mae": -0.08120251613430274,
    "win": 0.7272727272727273,
    "max_hold_days": 4.597916666666666,
    "in_market": 0.16045702930948832,
    "score": -0.36844306583842606
   }
  },
  {
   "rank": 3,
   "train_score": 0.6104925196695438,
   "holdout": {
    "n": 44,
    "months": 9.656661184210527,
    "eq": 26.91514868879516,
    "growth": -0.37435982620073976,
    "liq": false,
    "maxdd": 0.9778879674688865,
    "tpm": 4.5564402810304445,
    "sl_hits": 10,
    "worst_mae": -0.08036622583926745,
    "win": 0.6363636363636364,
    "max_hold_days": 6.4625,
    "in_market": 0.1841671989212973,
    "score": -0.6708969124381956
   }
  },
  {
   "rank": 1,
   "train_score": 0.6123093486098773,
   "holdout": {
    "n": 45,
    "months": 9.656661184210527,
    "eq": 26.625231879933605,
    "growth": -0.3754813259694393,
    "liq": false,
    "maxdd": 0.9860251870245018,
    "tpm": 4.6599957419629545,
    "sl_hits": 9,
    "worst_mae": -0.08212869387232957,
    "win": 0.6666666666666666,
    "max_hold_days": 6.4625,
    "in_market": 0.16773827265630545,
    "score": -0.7696621143820561
   }
  },
  {
   "rank": 6,
   "train_score": 0.6088166447653167,
   "holdout": {
    "n": 44,
    "months": 9.656661184210527,
    "eq": 16.539330795236708,
    "growth": -0.4247859556978537,
    "liq": false,
    "maxdd": 0.9910837347009391,
    "tpm": 4.5564402810304445,
    "sl_hits": 9,
    "worst_mae": -0.08212869387232957,
    "win": 0.6590909090909091,
    "max_hold_days": 6.4625,
    "in_market": 0.18408913490880704,
    "score": -0.8560084251130955
   }
  },
  {
   "rank": 5,
   "train_score": 0.6092474578752517,
   "holdout": {
    "n": 45,
    "months": 9.656661184210527,
    "eq": 12.664044710394531,
    "growth": -0.4524326102527109,
    "liq": false,
    "maxdd": 0.9934999468689516,
    "tpm": 4.6599957419629545,
    "sl_hits": 9,
    "worst_mae": -0.08212869387232957,
    "win": 0.6888888888888889,
    "max_hold_days": 6.4625,
    "in_market": 0.16668086012348307,
    "score": -0.8926840578439035
   }
  },
  {
   "rank": 10,
   "train_score": 0.6079476978019869,
   "holdout": {
    "n": 45,
    "months": 9.656661184210527,
    "eq": 3.25612567733074,
    "growth": -0.5930846204133624,
    "liq": false,
    "maxdd": 0.9973526854857924,
    "tpm": 4.6599957419629545,
    "sl_hits": 10,
    "worst_mae": -0.08120251613430274,
    "win": 0.7555555555555555,
    "max_hold_days": 6.4625,
    "in_market": 0.18205947058406075,
    "score": -0.8354370585177167
   }
  },
  {
   "rank": 7,
   "train_score": 0.6085287224772482,
   "holdout": {
    "n": 44,
    "months": 9.656661184210527,
    "eq": 2.8031480442621826,
    "growth": -0.6085967064311857,
    "liq": false,
    "maxdd": 0.9976040028316362,
    "tpm": 4.5564402810304445,
    "sl_hits": 10,
    "worst_mae": -0.08212869387232957,
    "win": 0.6136363636363636,
    "max_hold_days": 4.6,
    "in_market": 0.18282591725214675,
    "score": -0.8275572501581064
   }
  },
  {
   "rank": 2,
   "train_score": 0.6114381743766533,
   "holdout": {
    "n": 45,
    "months": 9.656661184210527,
    "eq": 1.8496368462609092,
    "growth": -0.65165027937076,
    "liq": false,
    "maxdd": 0.9984961973356217,
    "tpm": 4.6599957419629545,
    "sl_hits": 11,
    "worst_mae": -0.08212869387232957,
    "win": 0.6444444444444445,
    "max_hold_days": 4.597916666666666,
    "in_market": 0.18268398268398267,
    "score": -0.8818057114181377
   }
  }
 ]
}