{"job": {"strategy": "v6", "mode": "lev", "method": "vol3", "window": "all", "fold_idx": 7, "n_samples": 500, "seed": 475314}, "status": "ok", "n_feasible": 15, "cand": {"strategy": "v6", "tv": 1, "zL": [-2.028, -1.8824, -1.6049], "zS": [2.056, 2.2117, 2.1237], "zXS": [2.4654, 2.5201, 2.1881], "zXLmax": [-0.5777, -0.5157, -0.7127], "ptScale": [0.8399, 0.9505, 0.956], "eS3": [1.0, 1.0, 1.0], "eXS": [0.0, 0.0, 1.0], "lev": [6.348, 6.1769, 6.2305], "sl": 0.0}, "train": {"n": 126, "months": 12.432565789473685, "eq": 32445.454597468375, "growth": 0.2798746789859668, "liq": false, "maxdd": 0.004398951888330501, "tpm": 10.134673898663843, "sl_hits": 0, "worst_mae": -0.060660570629091026, "win": 0.9841269841269841, "score": 0.21831940924519697}, "oos": {"n": 5, "months": 0.915296052631579, "eq": 1066.359566910359, "growth": 0.07019649377751591, "liq": false, "maxdd": 0.0, "tpm": 5.462713387241689, "sl_hits": 0, "worst_mae": -0.011957423278960544, "win": 1.0, "score": 0.07019649377751591}, "elapsed": 1.0491719245910645}