{"job": {"strategy": "v6", "mode": "lev", "method": "vol3", "window": "all", "fold_idx": 20, "n_samples": 500, "seed": 475314}, "status": "ok", "n_feasible": 10, "cand": {"strategy": "v6", "tv": 1, "zL": [-1.761087088197892, -1.4493081279727373, -1.7383995742075342], "zS": [2.6, 2.5820666596603625, 2.6], "zXS": [3.0, 2.0621339063773205, 3.0], "zXLmax": [-99.0, -99.0, -99.0], "ptScale": [1.6774763413413316, 1.7020966971198872, 2.3804206399642234], "eS3": [1.0, 0.0, 1.0], "eXS": [1.0, 1.0, 1.0], "lev": [1.5020692153971635, 1.9821806081663234, 1.8734684585506072], "sl": 0.0}, "train": {"n": 227, "months": 24.179481907894736, "eq": 23777.53821416007, "growth": 0.13105083783845875, "liq": false, "maxdd": 0.001450817393191921, "tpm": 9.38812505845641, "sl_hits": 0, "worst_mae": -0.3410907096436795, "win": 0.973568281938326, "score": 0.10445885401467472}, "oos": null, "elapsed": 1.0650641918182373}