{"job": {"strategy": "v6", "mode": "lev", "method": "vol3", "window": "all", "fold_idx": 6, "n_samples": 500, "seed": 475314}, "status": "ok", "n_feasible": 19, "cand": {"strategy": "v6", "tv": 1, "zL": [-2.365, -1.9702, -1.7259], "zS": [2.1668, 2.0991, 2.0336], "zXS": [1.8506, 1.681, 2.04], "zXLmax": [-20.3028, -20.5493, -20.5475], "ptScale": [1.5705, 1.4788, 1.7954], "eS3": [1.0, 1.0, 1.0], "eXS": [1.0, 0.0, 1.0], "lev": [5.344, 5.9717, 6.4296], "sl": 0.0}, "train": {"n": 123, "months": 11.518571820175438, "eq": 65680.38286628269, "growth": 0.36330895528772617, "liq": false, "maxdd": 0.011183973711578279, "tpm": 10.678407177577212, "sl_hits": 0, "worst_mae": -0.13990087374176075, "win": 0.943089430894309, "score": 0.27799071400377695}, "oos": {"n": 3, "months": 0.9139939692982456, "eq": 0.0, "growth": -30.23107596338227, "liq": true, "maxdd": 1.0, "tpm": 3.2822973682237384, "sl_hits": 0, "worst_mae": -0.17912574850299398, "win": 0.6666666666666666, "score": -30.23107596338227}, "elapsed": 1.0637614727020264}