{"job": {"strategy": "v6", "mode": "lev", "method": "vol3", "window": "all", "fold_idx": 2, "n_samples": 500, "seed": 475314}, "status": "ok", "n_feasible": 19, "cand": {"strategy": "v6", "tv": 0, "zL": [-1.0205020365220687, -0.9108709358951377, -1.1949898583030434], "zS": [2.535481081134817, 2.192815993664193, 1.9421770241265428], "zXS": [1.8359133748800447, 2.410246155007853, 1.9425692312397669], "zXLmax": [-2.0, -1.4269259585757814, -1.3833723428305726], "ptScale": [0.9770229824184631, 0.9515229747852821, 0.559636035894694], "eS3": [1.0, 0.0, 1.0], "eXS": [1.0, 0.0, 0.0], "lev": [8.302355626105998, 5.168592449377581, 8.43118420897786], "sl": 0.0}, "train": {"n": 153, "months": 7.8671875, "eq": 80879.9998261394, "growth": 0.5583909843972327, "liq": false, "maxdd": 0.0054348955252145, "tpm": 19.447864945382324, "sl_hits": 0, "worst_mae": -0.09656968743856886, "win": 0.9869281045751634, "score": 0.3677532145616969}, "oos": {"n": 11, "months": 0.9100877192982456, "eq": 1364.9326713213663, "growth": 0.34184078719466676, "liq": false, "maxdd": 0.0, "tpm": 12.086746987951807, "sl_hits": 0, "worst_mae": -0.026105263157894742, "win": 1.0, "score": 0.34184078719466676}, "elapsed": 1.0036230087280273}