{"job": {"strategy": "v6", "mode": "lev", "method": "vol3", "window": "all", "fold_idx": 12, "n_samples": 500, "seed": 475314}, "status": "ok", "n_feasible": 14, "cand": {"strategy": "v6", "tv": 0, "zL": [-2.5747394259446508, -1.4998711989947748, -2.6], "zS": [2.1010693747609723, 2.6, 1.8589323240927922], "zXS": [2.160932552055566, 1.973916787274357, 1.464701423574161], "zXLmax": [-1.4995540107540384, -1.8947936658278388, -1.3414217012379408], "ptScale": [0.5, 0.5, 0.570443831396851], "eS3": [1.0, 0.0, 1.0], "eXS": [0.0, 0.0, 1.0], "lev": [8.973518314317735, 10.0, 10.0], "sl": 0.0}, "train": {"n": 191, "months": 16.945655153508774, "eq": 204435.98845280803, "growth": 0.3139598241193501, "liq": false, "maxdd": 0.030771340801790472, "tpm": 11.271325792349284, "sl_hits": 0, "worst_mae": -0.07450178170779986, "win": 0.9738219895287958, "score": 0.23390134456093245}, "oos": {"n": 8, "months": 0.6717379385964912, "eq": 0.0, "growth": -41.13363192446739, "liq": true, "maxdd": 1.0, "tpm": 11.909406243623751, "sl_hits": 0, "worst_mae": -0.10343901031599231, "win": 0.875, "score": -41.13363192446739}, "elapsed": 1.0653347969055176}