{"job": {"strategy": "v6", "mode": "lev", "method": "vol3", "window": "all", "fold_idx": 19, "n_samples": 500, "seed": 475314}, "status": "ok", "n_feasible": 8, "cand": {"strategy": "v6", "tv": 0, "zL": [-2.0809, -1.5253, -1.8566], "zS": [1.83, 2.0023, 2.2462], "zXS": [1.9801, 2.1641, 2.3287], "zXLmax": [-40.101, -40.2081, -40.088], "ptScale": [1.5281, 1.8132, 1.8395], "eS3": [1.0, 1.0, 1.0], "eXS": [1.0, 1.0, 1.0], "lev": [2.3798, 2.2322, 2.8082], "sl": 0.0}, "train": {"n": 242, "months": 23.25870339912281, "eq": 43045.824209148115, "growth": 0.16175730705972632, "liq": false, "maxdd": 0.004980467933909901, "tpm": 10.404707255053905, "sl_hits": 0, "worst_mae": -0.3410907096436795, "win": 0.9545454545454546, "score": 0.1301327388400981}, "oos": {"n": 10, "months": 0.9207785087719298, "eq": 1131.323938675094, "growth": 0.13400461986831474, "liq": false, "maxdd": 0.0, "tpm": 10.86037511164037, "sl_hits": 0, "worst_mae": -0.027105921601334515, "win": 1.0, "score": 0.13400461986831474}, "elapsed": 1.0682671070098877}