{"job": {"strategy": "v6", "mode": "lev", "method": "vol3", "window": "all", "fold_idx": 14, "n_samples": 500, "seed": 475314}, "status": "ok", "n_feasible": 9, "cand": {"strategy": "v6", "tv": 0, "zL": [-2.0627674163553795, -1.716414109964071, -1.9763206143632552], "zS": [1.92907693204064, 2.6, 2.6], "zXS": [2.4641122533970314, 2.1954763575565, 3.0], "zXLmax": [-1.8536470810397048, -1.537355405046622, -1.317534245475903], "ptScale": [2.272551567658162, 2.4, 1.7250835956858672], "eS3": [1.0, 1.0, 1.0], "eXS": [1.0, 1.0, 1.0], "lev": [2.934240627030131, 2.340520887506501, 2.3976623629290645], "sl": 0.0}, "train": {"n": 135, "months": 18.653645833333336, "eq": 17277.753374889602, "growth": 0.15275403893454756, "liq": false, "maxdd": 0.0019336598595805702, "tpm": 7.23719112103867, "sl_hits": 0, "worst_mae": -0.3443162002823217, "win": 0.9555555555555556, "score": 0.13652988849283398}, "oos": {"n": 14, "months": 0.920984100877193, "eq": 1261.6269098348962, "growth": 0.2523410405717775, "liq": false, "maxdd": 0.0, "tpm": 15.201131036535457, "sl_hits": 0, "worst_mae": -0.057170542635658905, "win": 1.0, "score": 0.2523410405717775}, "elapsed": 1.066697120666504}