{"job": {"strategy": "v6", "mode": "lev", "method": "vol3", "window": "all", "fold_idx": 15, "n_samples": 500, "seed": 475314}, "status": "ok", "n_feasible": 9, "cand": {"strategy": "v6", "tv": 1, "zL": [-0.9, -1.2048439850571249, -1.6048738193885004], "zS": [1.9342783106092145, 1.761051140663489, 1.6538091502965966], "zXS": [3.0, 2.0038667634785567, 2.7073179963369918], "zXLmax": [-99.0, -99.0, -99.0], "ptScale": [1.5897232176518, 2.4, 1.591488590362349], "eS3": [0.0, 1.0, 1.0], "eXS": [1.0, 1.0, 1.0], "lev": [1.4712328725842878, 1.5424424496761737, 1.6505281621660381], "sl": 0.0}, "train": {"n": 133, "months": 19.574629934210527, "eq": 5380.157519645929, "growth": 0.08596421276648476, "liq": false, "maxdd": 0.0009360366441573277, "tpm": 6.79450903782126, "sl_hits": 0, "worst_mae": -0.5267637508609662, "win": 0.9924812030075187, "score": 0.0975988055258858}, "oos": {"n": 4, "months": 0.9210526315789473, "eq": 1033.8761191820374, "growth": 0.03617052967340357, "liq": false, "maxdd": 0.0, "tpm": 4.3428571428571425, "sl_hits": 0, "worst_mae": -0.03268892794376099, "win": 1.0, "score": 0.03617052967340357}, "elapsed": 1.0763440132141113}