{"job": {"strategy": "v6", "mode": "lev", "method": "vol3", "window": "all", "fold_idx": 1, "n_samples": 500, "seed": 475314}, "status": "ok", "n_feasible": 36, "cand": {"strategy": "v6", "tv": 1, "zL": [-1.172625989938658, -1.784365601308204, -1.4094987711703668], "zS": [2.6, 2.6, 2.6], "zXS": [2.5186068136371977, 2.477288738079131, 1.8034168517876077], "zXLmax": [-99.0, -99.0, -99.0], "ptScale": [1.395719437916935, 1.7703127764214988, 1.7113974321910812], "eS3": [1.0, 1.0, 1.0], "eXS": [0.0, 0.0, 1.0], "lev": [6.414660707352475, 6.430023464697738, 6.145235960561999], "sl": 0.0}, "train": {"n": 111, "months": 6.951206140350878, "eq": 87723.6341478624, "growth": 0.6436568361386398, "liq": false, "maxdd": 0.004721814527401245, "tpm": 15.968451770644371, "sl_hits": 0, "worst_mae": -0.07023244188952771, "win": 0.972972972972973, "score": 0.42479797851347484}, "oos": {"n": 15, "months": 0.9159813596491229, "eq": 1907.7816640271847, "growth": 0.7051902615945435, "liq": false, "maxdd": 0.0, "tpm": 16.375879096214273, "sl_hits": 0, "worst_mae": -0.05810220280032108, "win": 1.0, "score": 0.7051902615945435}, "elapsed": 1.0285308361053467}