{"job": {"strategy": "v6", "mode": "lev", "method": "vol3", "window": "all", "fold_idx": 0, "n_samples": 500, "seed": 475314}, "status": "ok", "n_feasible": 28, "cand": {"strategy": "v6", "tv": 0, "zL": [-1.5568, -1.671, -1.6098], "zS": [2.2054, 2.1537, 1.8385], "zXS": [2.1695, 2.3138, 2.2038], "zXLmax": [-40.0824, -40.0109, -40.1586], "ptScale": [0.9607, 0.9438, 1.1143], "eS3": [1.0, 1.0, 1.0], "eXS": [1.0, 0.0, 1.0], "lev": [7.4653, 8.7613, 8.0545], "sl": 0.0}, "train": {"n": 88, "months": 6.024328399122807, "eq": 22478.28431969053, "growth": 0.516663351597449, "liq": false, "maxdd": 0.00568675996863157, "tpm": 14.607437405439839, "sl_hits": 0, "worst_mae": -0.0692926624234419, "win": 0.9772727272727273, "score": 0.3804340856393795}, "oos": {"n": 10, "months": 0.9209155701754386, "eq": 1338.1738678338365, "growth": 0.31632204814653764, "liq": false, "maxdd": 0.0, "tpm": 10.858758743860694, "sl_hits": 0, "worst_mae": -0.01702474377117369, "win": 1.0, "score": 0.31632204814653764}, "elapsed": 1.0007498264312744}