{"job": {"strategy": "v6", "mode": "lev", "method": "vol3", "window": "all", "fold_idx": 5, "n_samples": 500, "seed": 475314}, "status": "ok", "n_feasible": 14, "cand": {"strategy": "v6", "tv": 1, "zL": [-2.06266167664587, -1.9581410794187164, -1.3311018548356768], "zS": [2.499826757323964, 1.8003657616093791, 2.4574323312613693], "zXS": [3.0, 3.0, 3.0], "zXLmax": [-1.8732676464074547, -1.5074565853820412, -2.0], "ptScale": [0.855121957796517, 0.894227477531602, 0.7289264775789045], "eS3": [1.0, 1.0, 1.0], "eXS": [1.0, 1.0, 1.0], "lev": [6.983516896652448, 8.42737828794176, 7.655645078745037], "sl": 0.0}, "train": {"n": 106, "months": 10.610128837719298, "eq": 32037.862402000956, "growth": 0.3267555424122399, "liq": false, "maxdd": 0.030160092644599453, "tpm": 9.990453614773, "sl_hits": 0, "worst_mae": -0.09656968743856886, "win": 0.9716981132075472, "score": 0.23391650542153017}, "oos": {"n": 10, "months": 0.9084429824561403, "eq": 1439.8074088030178, "growth": 0.4012462727942349, "liq": false, "maxdd": 0.0, "tpm": 11.007845503922752, "sl_hits": 0, "worst_mae": -0.04222372651886963, "win": 1.0, "score": 0.4012462727942349}, "elapsed": 1.0311813354492188}