{"job": {"strategy": "v6", "mode": "lev", "method": "vol3", "window": "all", "fold_idx": 18, "n_samples": 500, "seed": 475314}, "status": "ok", "n_feasible": 11, "cand": {"strategy": "v6", "tv": 1, "zL": [-1.7996646212088565, -1.5916676205605935, -2.4400193520561304], "zS": [1.8537027338924557, 1.5304848796169586, 1.1776687478141468], "zXS": [1.2099445849044146, 1.3685254623561525, 1.7393789688384231], "zXLmax": [-99.0, -99.0, -99.0], "ptScale": [1.7526648433950185, 2.4, 2.2308249802552873], "eS3": [0.0, 1.0, 0.0], "eXS": [0.0, 1.0, 0.0], "lev": [1.872197515625199, 1.8536912140468014, 2.9026077018536682], "sl": 0.0}, "train": {"n": 137, "months": 22.337719298245617, "eq": 8663.886887919112, "growth": 0.09665997792227819, "liq": false, "maxdd": 0.0015314575109295213, "tpm": 6.1331238955429015, "sl_hits": 0, "worst_mae": -0.5155376479476204, "win": 0.9562043795620438, "score": 0.09539083607030074}, "oos": {"n": 7, "months": 0.920984100877193, "eq": 1077.7146460872625, "growth": 0.08126386828055038, "liq": false, "maxdd": 0.0, "tpm": 7.600565518267729, "sl_hits": 0, "worst_mae": -0.08750899064972417, "win": 1.0, "score": 0.08126386828055038}, "elapsed": 1.0837748050689697}