{"job": {"strategy": "v6", "mode": "lev", "method": "vol3", "window": "all", "fold_idx": 3, "n_samples": 500, "seed": 475314}, "status": "ok", "n_feasible": 29, "cand": {"strategy": "v6", "tv": 0, "zL": [-1.8675011314193588, -1.7598176477819487, -1.4225250550841066], "zS": [2.6, 2.3436670807591646, 2.3491475277286367], "zXS": [1.8268471911893882, 2.013650027473076, 1.535614697013954], "zXLmax": [-99.0, -99.0, -99.0], "ptScale": [1.6445940629400746, 1.2409537739973198, 1.6276343981165486], "eS3": [1.0, 1.0, 1.0], "eXS": [1.0, 0.0, 1.0], "lev": [7.92958755826179, 4.732121257652199, 7.298197959957298], "sl": 0.0}, "train": {"n": 128, "months": 8.777275219298247, "eq": 99547.94781292572, "growth": 0.5241534873540105, "liq": false, "maxdd": 0.016595115792525938, "tpm": 14.583113415262572, "sl_hits": 0, "worst_mae": -0.09656968743856886, "win": 0.953125, "score": 0.3603842938566967}, "oos": {"n": 13, "months": 0.9172149122807017, "eq": 1480.3675647652872, "growth": 0.4276973763289808, "liq": false, "maxdd": 0.0, "tpm": 14.173341303048417, "sl_hits": 0, "worst_mae": -0.060660570629091026, "win": 1.0, "score": 0.4276973763289808}, "elapsed": 1.0356593132019043}