{"job": {"strategy": "v6", "mode": "lev", "method": "vol3", "window": "all", "fold_idx": 10, "n_samples": 500, "seed": 475314}, "status": "ok", "n_feasible": 16, "cand": {"strategy": "v6", "tv": 1, "zL": [-2.302362273101615, -1.9951280512595133, -2.0476280952570654], "zS": [2.6, 2.6, 1.5732285727637922], "zXS": [2.1140624545247224, 3.0, 1.6719257749969476], "zXLmax": [-99.0, -99.0, -99.0], "ptScale": [1.500361525723624, 1.3964115397991517, 1.1512540055764926], "eS3": [1.0, 1.0, 1.0], "eXS": [1.0, 0.0, 1.0], "lev": [9.33579253127596, 7.635625730021048, 9.320505680326685], "sl": 0.0}, "train": {"n": 167, "months": 15.185238486842106, "eq": 877936.3201133022, "growth": 0.4463264813741824, "liq": false, "maxdd": 0.02868044567343554, "tpm": 10.99752237310624, "sl_hits": 0, "worst_mae": -0.09656968743856886, "win": 0.9640718562874252, "score": 0.3512979477129708}, "oos": {"n": 7, "months": 0.8395696271929824, "eq": 1312.641571210096, "growth": 0.32402502977082104, "liq": false, "maxdd": 0.0, "tpm": 8.33760509346176, "sl_hits": 0, "worst_mae": -0.04125150421179302, "win": 1.0, "score": 0.32402502977082104}, "elapsed": 1.0765979290008545}