{"job": {"strategy": "v6", "mode": "lev", "method": "vol3", "window": "all", "fold_idx": 9, "n_samples": 500, "seed": 475314}, "status": "ok", "n_feasible": 15, "cand": {"strategy": "v6", "tv": 0, "zL": [-2.1404986397772303, -2.0302049590502214, -1.4393468108228291], "zS": [1.8517425318462928, 1.498930083717155, 2.5506764606829115], "zXS": [2.8929573815479164, 3.0, 1.7806266563488715], "zXLmax": [-0.9553306179188623, -0.9273393890434328, -0.9380812653448046], "ptScale": [0.881472590826946, 0.8147724483644839, 1.1306972752140458], "eS3": [1.0, 1.0, 1.0], "eXS": [1.0, 0.0, 1.0], "lev": [6.848479922239533, 7.743087781472417, 6.262230380267783], "sl": 0.0}, "train": {"n": 193, "months": 14.267269736842106, "eq": 286579.0752220917, "growth": 0.396573037918224, "liq": false, "maxdd": 0.01926972252105469, "tpm": 13.527465559974637, "sl_hits": 0, "worst_mae": -0.09656968743856886, "win": 0.9792746113989638, "score": 0.31172871904625593}, "oos": {"n": 11, "months": 0.91796875, "eq": 1399.9635992562266, "growth": 0.3665116440531626, "liq": false, "maxdd": 0.0, "tpm": 11.982978723404255, "sl_hits": 0, "worst_mae": -0.04506641366223907, "win": 1.0, "score": 0.3665116440531626}, "elapsed": 1.0462753772735596}