{"job": {"strategy": "v6", "mode": "lev", "method": "vol3", "window": "all", "fold_idx": 4, "n_samples": 500, "seed": 475314}, "status": "ok", "n_feasible": 17, "cand": {"strategy": "v6", "tv": 1, "zL": [-2.509068237280624, -2.2617815659485494, -1.7188267519127367], "zS": [1.892255287383843, 1.8958597656662504, 1.7801664018346646], "zXS": [2.781812039838932, 2.9304329869687695, 2.6699224744094714], "zXLmax": [-1.457175165992564, -0.72953433887441, -1.1632794647029097], "ptScale": [0.8598426304562491, 0.8986542042416993, 1.5834957694589347], "eS3": [1.0, 1.0, 0.0], "eXS": [1.0, 0.0, 1.0], "lev": [9.098007416375749, 8.418274787769269, 6.907542433873801], "sl": 0.0}, "train": {"n": 81, "months": 9.694490131578949, "eq": 22418.286935713044, "growth": 0.3207880935101167, "liq": false, "maxdd": 0.0053075478992547645, "tpm": 8.355261483649318, "sl_hits": 0, "worst_mae": -0.09656968743856886, "win": 0.9753086419753086, "score": 0.2493580407239445}, "oos": {"n": 10, "months": 0.9156387061403509, "eq": 1595.6381741025446, "growth": 0.5103254834424397, "liq": false, "maxdd": 0.0, "tpm": 10.921338223186886, "sl_hits": 0, "worst_mae": -0.005392496725984075, "win": 1.0, "score": 0.5103254834424397}, "elapsed": 1.0271902084350586}