{"job": {"strategy": "v6", "mode": "lev", "method": "vol3", "window": "all", "fold_idx": 13, "n_samples": 500, "seed": 475314}, "status": "ok", "n_feasible": 11, "cand": {"strategy": "v6", "tv": 0, "zL": [-2.300304724549438, -1.65318378509669, -1.6876128508104498], "zS": [1.1631272395759165, 1.505196907695966, 1.715657308705592], "zXS": [2.491834561637007, 3.0, 2.0464709660043914], "zXLmax": [-99.0, -99.0, -99.0], "ptScale": [0.6282983327872268, 0.6474920980953491, 1.1877351696361487], "eS3": [1.0, 1.0, 1.0], "eXS": [1.0, 1.0, 1.0], "lev": [2.861802071652583, 3.9844933021739184, 3.9008505313934054], "sl": 0.0}, "train": {"n": 275, "months": 17.73266173245614, "eq": 33506.07295216183, "growth": 0.1980372014951347, "liq": false, "maxdd": 0.014259795042937543, "tpm": 15.508106123553167, "sl_hits": 0, "worst_mae": -0.3161384939106038, "win": 0.9818181818181818, "score": 0.15264840001768626}, "oos": {"n": 13, "months": 0.920984100877193, "eq": 1128.2277843068057, "growth": 0.1309990791553734, "liq": false, "maxdd": 0.0006867844367044303, "tpm": 14.11533596249721, "sl_hits": 0, "worst_mae": -0.03823465151846195, "win": 0.9230769230769231, "score": 0.1309990791553734}, "elapsed": 1.0758159160614014}