{"job": {"strategy": "v6", "mode": "lev", "method": "vol3", "window": "all", "fold_idx": 16, "n_samples": 500, "seed": 475314}, "status": "ok", "n_feasible": 4, "cand": {"strategy": "v6", "tv": 0, "zL": [-1.8029, -1.6085, -1.385], "zS": [1.9878, 1.992, 1.828], "zXS": [2.3361, 2.3592, 2.7882], "zXLmax": [-49.7679, -49.947, -49.8854], "ptScale": [1.5235, 1.35, 1.6955], "eS3": [1.0, 1.0, 1.0], "eXS": [1.0, 1.0, 1.0], "lev": [1.696, 1.429, 1.5917], "sl": 0.0}, "train": {"n": 216, "months": 20.495682565789473, "eq": 8383.956192601467, "growth": 0.10374477139859195, "liq": false, "maxdd": 0.003549404830620776, "tpm": 10.538804907163135, "sl_hits": 0, "worst_mae": -0.3410907096436795, "win": 0.9675925925925926, "score": 0.08340040594846887}, "oos": {"n": 8, "months": 0.9210526315789473, "eq": 1069.1511113437898, "growth": 0.07259626369357425, "liq": false, "maxdd": 0.0, "tpm": 8.685714285714285, "sl_hits": 0, "worst_mae": -0.09907195371821143, "win": 1.0, "score": 0.07259626369357425}, "elapsed": 1.071054458618164}