{"job": {"strategy": "v6", "mode": "lev", "method": "vol3", "window": "all", "fold_idx": 11, "n_samples": 500, "seed": 475314}, "status": "ok", "n_feasible": 11, "cand": {"strategy": "v6", "tv": 1, "zL": [-2.0379993402146614, -2.6, -2.443378569636782], "zS": [2.6, 2.6, 2.457624960675698], "zXS": [2.3205032744652696, 3.0, 3.0], "zXLmax": [-0.7556005435952744, -1.2799244110943124, -0.710652366441784], "ptScale": [1.60775979679774, 1.1683456074861749, 1.111136553360674], "eS3": [0.0, 1.0, 1.0], "eXS": [0.0, 0.0, 1.0], "lev": [10.0, 10.0, 10.0], "sl": 0.0}, "train": {"n": 89, "months": 16.02480811403509, "eq": 126318.23017736469, "growth": 0.3019570858375771, "liq": false, "maxdd": 0.007744018248988436, "tpm": 5.5538886560551495, "sl_hits": 0, "worst_mae": -0.0817800501352659, "win": 0.9775280898876404, "score": 0.24349706963425896}, "oos": {"n": 7, "months": 0.9208470394736842, "eq": 1388.9516004211193, "growth": 0.35679022049491704, "liq": false, "maxdd": 0.0, "tpm": 7.601696807323063, "sl_hits": 0, "worst_mae": -0.027992878440120994, "win": 1.0, "score": 0.35679022049491704}, "elapsed": 1.0766751766204834}