{"job": {"strategy": "v6", "mode": "lev", "method": "vol3", "window": "all", "fold_idx": 17, "n_samples": 500, "seed": 475314}, "status": "ok", "n_feasible": 11, "cand": {"strategy": "v6", "tv": 1, "zL": [-2.5921997321876598, -2.1895720824028375, -2.6], "zS": [1.4680962613974275, 1.745315071575201, 2.5323333692890913], "zXS": [2.3897550840670294, 3.0, 2.566863843610461], "zXLmax": [0.04289544357364826, 0.02301003225975855, 0.03912475178631238], "ptScale": [1.007285257603967, 0.8944007309805078, 0.925048099726119], "eS3": [1.0, 1.0, 1.0], "eXS": [1.0, 1.0, 1.0], "lev": [4.304931187163571, 5.0257781576746, 3.4559039781276693], "sl": 0.0}, "train": {"n": 201, "months": 21.41673519736842, "eq": 29958.091186139092, "growth": 0.15874499139154197, "liq": false, "maxdd": 0.018911056728372143, "tpm": 9.385183976346584, "sl_hits": 0, "worst_mae": -0.20531518392480952, "win": 0.9800995024875622, "score": 0.11866306980622687}, "oos": {"n": 9, "months": 0.920984100877193, "eq": 1174.7700257213908, "growth": 0.17489162461783853, "liq": false, "maxdd": 0.0, "tpm": 9.772155666344222, "sl_hits": 0, "worst_mae": -0.07446113651208364, "win": 1.0, "score": 0.17489162461783853}, "elapsed": 1.0817978382110596}