{"job": {"strategy": "v6", "mode": "lev", "method": "none", "window": 91, "fold_idx": 16, "n_samples": 350, "seed": 791546}, "status": "ok", "n_feasible": 154, "cand": {"strategy": "v6", "tv": 1, "zL": [-1.6039], "zS": [2.0286], "zXS": [2.0761], "zXLmax": [-40.3953], "ptScale": [1.5554], "eS3": [1.0], "eXS": [1.0], "lev": [8.8994], "sl": 0.0}, "train": {"n": 30, "months": 2.8782894736842106, "eq": 3933.0802465026645, "growth": 0.4757766406555991, "liq": false, "maxdd": 0.4964172424641047, "tpm": 10.422857142857142, "sl_hits": 0, "worst_mae": -0.057170542635658905, "win": 0.9666666666666667, "score": 0.6026292314787786}, "oos": {"n": 8, "months": 0.9210526315789473, "eq": 1464.5935901766786, "growth": 0.41428445894579513, "liq": false, "maxdd": 0.8560748378522713, "tpm": 8.685714285714285, "sl_hits": 0, "worst_mae": -0.09907195371821143, "win": 1.0, "score": 0.41428445894579513}, "elapsed": 0.611121654510498}