{"job": {"strategy": "v6", "mode": "lev", "method": "none", "window": 91, "fold_idx": 12, "n_samples": 350, "seed": 791546}, "status": "ok", "n_feasible": 122, "cand": {"strategy": "v6", "tv": 0, "zL": [-1.887], "zS": [2.4369], "zXS": [2.028], "zXLmax": [-20.4804], "ptScale": [1.3117], "eS3": [1.0], "eXS": [1.0], "lev": [9.2539], "sl": 0.0}, "train": {"n": 38, "months": 2.9086485745614037, "eq": 5117.772365233749, "growth": 0.5613325974608078, "liq": false, "maxdd": 0.41844199428217604, "tpm": 13.064486487760053, "sl_hits": 0, "worst_mae": -0.04506641366223907, "win": 1.0, "score": 0.3716371662364332}, "oos": {"n": 9, "months": 0.6717379385964912, "eq": 0.0, "growth": -41.13363192446739, "liq": true, "maxdd": 1.0, "tpm": 13.39808202407672, "sl_hits": 0, "worst_mae": -0.10006254660197322, "win": 0.7777777777777778, "score": -41.13363192446739}, "elapsed": 0.6299574375152588}