{"job": {"strategy": "v6", "mode": "lev", "method": "none", "window": 91, "fold_idx": 20, "n_samples": 350, "seed": 791546}, "status": "ok", "n_feasible": 200, "cand": {"strategy": "v6", "tv": 0, "zL": [-1.1488678325005428], "zS": [1.2504062254631783], "zXS": [2.784241453078355], "zXLmax": [-99.0], "ptScale": [2.4], "eS3": [1.0], "eXS": [1.0], "lev": [8.503188753124139], "sl": 0.0}, "train": {"n": 48, "months": 2.9930098684210527, "eq": 69240.73604248035, "growth": 1.415828729891348, "liq": false, "maxdd": 0.7762910958792316, "tpm": 16.03736777029812, "sl_hits": 0, "worst_mae": -0.0936246098974588, "win": 0.9791666666666666, "score": 1.231307857558932}, "oos": {"n": 6, "months": 0.9185855263157895, "eq": 0.0, "growth": -30.079965691109322, "liq": true, "maxdd": 1.0000000000000002, "tpm": 6.531781557743957, "sl_hits": 0, "worst_mae": -0.10960294038311122, "win": 0.8333333333333334, "score": -30.079965691109322}, "elapsed": 0.8441512584686279}