{"job": {"strategy": "v6", "mode": "lev", "method": "none", "window": 91, "fold_idx": 11, "n_samples": 350, "seed": 791546}, "status": "ok", "n_feasible": 115, "cand": {"strategy": "v6", "tv": 1, "zL": [-1.0846601331482035], "zS": [2.0593712489160985], "zXS": [2.290176598879587], "zXLmax": [-1.48327600409842], "ptScale": [0.6896796339303372], "eS3": [1.0], "eXS": [1.0], "lev": [6.365482127751466], "sl": 0.0}, "train": {"n": 72, "months": 2.9060444078947367, "eq": 3826.3955810279413, "growth": 0.46176970141048623, "liq": false, "maxdd": 0.4703460212643405, "tpm": 24.775946232755572, "sl_hits": 0, "worst_mae": -0.07399117477777062, "win": 1.0, "score": 0.375878981252585}, "oos": {"n": 17, "months": 0.9208470394736842, "eq": 0.0, "growth": -30.006092142861455, "liq": true, "maxdd": 1.113323620146224, "tpm": 18.46126367492744, "sl_hits": 0, "worst_mae": -0.1490972912861258, "win": 0.9411764705882353, "score": -30.006092142861455}, "elapsed": 0.6354446411132812}