{"job": {"strategy": "v6", "mode": "lev", "method": "none", "window": 91, "fold_idx": 2, "n_samples": 350, "seed": 791546}, "status": "ok", "n_feasible": 220, "cand": {"strategy": "v6", "tv": 1, "zL": [-1.2976], "zS": [1.4402], "zXS": [2.1196], "zXLmax": [-99.0], "ptScale": [1.4541], "eS3": [1.0], "eXS": [1.0], "lev": [7.6186], "sl": 0.0}, "train": {"n": 29, "months": 1.842859100877193, "eq": 3585.9918660265776, "growth": 0.6929640504336115, "liq": false, "maxdd": 0.7243860745271995, "tpm": 15.736417388717413, "sl_hits": 0, "worst_mae": -0.09656968743856886, "win": 1.0, "score": 0.38228548619936636}, "oos": {"n": 16, "months": 0.9100877192982456, "eq": 1896.2073470823204, "growth": 0.7030704233898456, "liq": false, "maxdd": 0.32183906309006566, "tpm": 17.580722891566264, "sl_hits": 0, "worst_mae": -0.04321965161639185, "win": 1.0, "score": 0.7030704233898456}, "elapsed": 0.7189211845397949}