{"job": {"strategy": "v6", "mode": "lev", "method": "none", "window": 91, "fold_idx": 5, "n_samples": 350, "seed": 791546}, "status": "ok", "n_feasible": 106, "cand": {"strategy": "v6", "tv": 0, "zL": [-2.0657], "zS": [1.8119], "zXS": [2.3575], "zXLmax": [-40.0304], "ptScale": [1.4919], "eS3": [1.0], "eXS": [1.0], "lev": [9.2426], "sl": 0.0}, "train": {"n": 28, "months": 2.9689555921052633, "eq": 4773.329623099486, "growth": 0.5264626051453056, "liq": false, "maxdd": 0.5231584981621593, "tpm": 9.430925836160931, "sl_hits": 0, "worst_mae": -0.056884822894675224, "win": 0.9285714285714286, "score": 0.39961739473981517}, "oos": {"n": 8, "months": 0.9084429824561403, "eq": 1417.339103516612, "growth": 0.38393300371479955, "liq": false, "maxdd": 0.33348580279830375, "tpm": 8.806276403138202, "sl_hits": 0, "worst_mae": -0.036303871439006485, "win": 1.0, "score": 0.38393300371479955}, "elapsed": 0.785210132598877}