{"job": {"strategy": "v6", "mode": "lev", "method": "none", "window": 91, "fold_idx": 4, "n_samples": 350, "seed": 791546}, "status": "ok", "n_feasible": 114, "cand": {"strategy": "v6", "tv": 0, "zL": [-2.1731], "zS": [1.3601], "zXS": [1.7374], "zXLmax": [-40.1908], "ptScale": [1.408], "eS3": [1.0], "eXS": [1.0], "lev": [6.0766], "sl": 0.0}, "train": {"n": 39, "months": 2.973547149122807, "eq": 3570.8600487027793, "growth": 0.4280431460969597, "liq": false, "maxdd": 0.5831970784316014, "tpm": 13.115648766997005, "sl_hits": 0, "worst_mae": -0.09656968743856886, "win": 1.0, "score": 0.4834953212597065}, "oos": {"n": 17, "months": 0.9156387061403509, "eq": 1814.2914459762396, "growth": 0.6505786612219021, "liq": false, "maxdd": 0.2134991020270407, "tpm": 18.566274979417706, "sl_hits": 0, "worst_mae": -0.032169890664423884, "win": 0.8823529411764706, "score": 0.6505786612219021}, "elapsed": 0.7731387615203857}