{"job": {"strategy": "v6", "mode": "lev", "method": "none", "window": 91, "fold_idx": 19, "n_samples": 350, "seed": 791546}, "status": "ok", "n_feasible": 226, "cand": {"strategy": "v6", "tv": 0, "zL": [-1.2775], "zS": [1.5144], "zXS": [2.2231], "zXLmax": [-40.6483], "ptScale": [1.9177], "eS3": [1.0], "eXS": [1.0], "lev": [6.3905], "sl": 0.0}, "train": {"n": 40, "months": 2.99328399122807, "eq": 7196.000749420175, "growth": 0.6593178014567825, "liq": false, "maxdd": 0.6163016038928346, "tpm": 13.36324923302349, "sl_hits": 0, "worst_mae": -0.09907195371821143, "win": 0.975, "score": 0.6982584717956001}, "oos": {"n": 1, "months": 0.9207785087719298, "eq": 0.0, "growth": -30.008325403663992, "liq": true, "maxdd": NaN, "tpm": 1.086037511164037, "sl_hits": 0, "worst_mae": -0.14848227838197323, "win": 0.0, "score": -30.008325403663992}, "elapsed": 0.7043712139129639}