{"job": {"strategy": "v6", "mode": "lev", "method": "none", "window": 91, "fold_idx": 3, "n_samples": 350, "seed": 791546}, "status": "ok", "n_feasible": 175, "cand": {"strategy": "v6", "tv": 0, "zL": [-1.2046], "zS": [1.8], "zXS": [1.3844], "zXLmax": [-40.1242], "ptScale": [1.4165], "eS3": [1.0], "eXS": [1.0], "lev": [7.0151], "sl": 0.0}, "train": {"n": 61, "months": 2.752946820175439, "eq": 7509.28679466391, "growth": 0.7323572250176213, "liq": false, "maxdd": 0.67149974548707, "tpm": 22.158074232655398, "sl_hits": 0, "worst_mae": -0.09656968743856886, "win": 0.9672131147540983, "score": 0.4343843084009952}, "oos": {"n": 10, "months": 0.9172149122807017, "eq": 0.0, "growth": -30.124914832907155, "liq": true, "maxdd": 1.0000000000000004, "tpm": 10.902570233114167, "sl_hits": 0, "worst_mae": -0.1345496429131445, "win": 0.9, "score": -30.124914832907155}, "elapsed": 0.788017988204956}