{"job": {"strategy": "v6", "mode": "lev", "method": "none", "window": 91, "fold_idx": 17, "n_samples": 350, "seed": 791546}, "status": "ok", "n_feasible": 164, "cand": {"strategy": "v6", "tv": 1, "zL": [-1.3704], "zS": [2.3912], "zXS": [1.5205], "zXLmax": [-1.4808], "ptScale": [1.7188], "eS3": [1.0], "eXS": [1.0], "lev": [7.3494], "sl": 0.0}, "train": {"n": 53, "months": 2.9933525219298245, "eq": 6678.868751109423, "growth": 0.6343885695584169, "liq": false, "maxdd": 0.7174059983901572, "tpm": 17.70589986034479, "sl_hits": 0, "worst_mae": -0.09907195371821143, "win": 0.9811320754716981, "score": 0.3912264494465937}, "oos": {"n": 13, "months": 0.920984100877193, "eq": 1753.396282259685, "growth": 0.6097332617703785, "liq": false, "maxdd": 0.5529390113143943, "tpm": 14.11533596249721, "sl_hits": 0, "worst_mae": -0.07446113651208364, "win": 1.0, "score": 0.6097332617703785}, "elapsed": 0.6701569557189941}