{"job": {"strategy": "v6", "mode": "lev", "method": "none", "window": 91, "fold_idx": 18, "n_samples": 350, "seed": 791546}, "status": "ok", "n_feasible": 208, "cand": {"strategy": "v6", "tv": 1, "zL": [-1.2235], "zS": [1.3017], "zXS": [2.0191], "zXLmax": [-99.0], "ptScale": [2.162], "eS3": [1.0], "eXS": [1.0], "lev": [4.5562], "sl": 0.0}, "train": {"n": 57, "months": 2.9933525219298245, "eq": 8722.541402364865, "growth": 0.723573526611539, "liq": false, "maxdd": 0.6192736205553987, "tpm": 19.042194189427413, "sl_hits": 0, "worst_mae": -0.13948678667177306, "win": 0.9824561403508771, "score": 0.4052959504738448}, "oos": {"n": 8, "months": 0.920984100877193, "eq": 1328.324233829715, "growth": 0.3082769539276373, "liq": false, "maxdd": 0.40308487005652077, "tpm": 8.686360592305975, "sl_hits": 0, "worst_mae": -0.08750899064972417, "win": 1.0, "score": 0.3082769539276373}, "elapsed": 0.6708183288574219}