{"job": {"strategy": "v6", "mode": "lev", "method": "none", "window": 91, "fold_idx": 6, "n_samples": 350, "seed": 791546}, "status": "ok", "n_feasible": 128, "cand": {"strategy": "v6", "tv": 0, "zL": [-2.159357000974383], "zS": [1.0372091742232417], "zXS": [2.0538416575917737], "zXLmax": [-1.9302660012824016], "ptScale": [2.3076643380408286], "eS3": [1.0], "eXS": [1.0], "lev": [5.386982408996095], "sl": 0.0}, "train": {"n": 47, "months": 2.96984649122807, "eq": 9965.61177489922, "growth": 0.7741613416499493, "liq": false, "maxdd": 0.6503574653778283, "tpm": 15.825733800996861, "sl_hits": 0, "worst_mae": -0.12374199451052137, "win": 0.9787234042553191, "score": 0.5897416518239832}, "oos": {"n": 22, "months": 0.9139939692982456, "eq": 2580.0317116802316, "growth": 1.0369889977880562, "liq": false, "maxdd": 0.6391172968562809, "tpm": 24.070180700307414, "sl_hits": 0, "worst_mae": -0.1180740382288894, "win": 1.0, "score": 1.0369889977880562}, "elapsed": 0.6200387477874756}