{"job": {"strategy": "v6", "mode": "lev", "method": "none", "window": 91, "fold_idx": 15, "n_samples": 350, "seed": 791546}, "status": "ok", "n_feasible": 113, "cand": {"strategy": "v6", "tv": 0, "zL": [-1.8394], "zS": [1.0033], "zXS": [1.8348], "zXLmax": [-20.1681], "ptScale": [1.8919], "eS3": [1.0], "eXS": [1.0], "lev": [4.0838], "sl": 0.0}, "train": {"n": 41, "months": 2.8591694078947367, "eq": 3555.8738693562505, "growth": 0.44369558645594814, "liq": false, "maxdd": 0.4074585314596507, "tpm": 14.339828863162436, "sl_hits": 0, "worst_mae": -0.09856698764121608, "win": 0.9512195121951219, "score": 0.44824803358720566}, "oos": {"n": 14, "months": 0.9210526315789473, "eq": 1494.16973973089, "growth": 0.4359910397805493, "liq": false, "maxdd": 0.2747820025576769, "tpm": 15.200000000000001, "sl_hits": 0, "worst_mae": -0.06990794016110469, "win": 1.0, "score": 0.4359910397805493}, "elapsed": 0.7533829212188721}