{"job": {"strategy": "v6", "mode": "lev", "method": "none", "window": 91, "fold_idx": 8, "n_samples": 350, "seed": 791546}, "status": "ok", "n_feasible": 148, "cand": {"strategy": "v6", "tv": 1, "zL": [-1.5736829783667834], "zS": [1.1591606924885178], "zXS": [1.5524809331955767], "zXLmax": [-99.0], "ptScale": [0.7259346789741697], "eS3": [1.0], "eXS": [1.0], "lev": [7.358464325887016], "sl": 0.0}, "train": {"n": 92, "months": 2.9679961622807016, "eq": 8119.157226054589, "growth": 0.7056027853092028, "liq": false, "maxdd": 0.7539258050131848, "tpm": 30.997344662772175, "sl_hits": 0, "worst_mae": -0.10297113155861481, "win": 0.9565217391304348, "score": 0.5942726712565167}, "oos": {"n": 1, "months": 0.9194078947368421, "eq": 0.0, "growth": -30.053060533961638, "liq": true, "maxdd": NaN, "tpm": 1.0876565295169947, "sl_hits": 0, "worst_mae": -0.12789792050523482, "win": 0.0, "score": -30.053060533961638}, "elapsed": 0.6583847999572754}