{"job": {"strategy": "v6", "mode": "lev", "method": "none", "window": 91, "fold_idx": 14, "n_samples": 350, "seed": 791546}, "status": "ok", "n_feasible": 96, "cand": {"strategy": "v6", "tv": 0, "zL": [-1.5713], "zS": [1.0478], "zXS": [2.18], "zXLmax": [-39.5843], "ptScale": [1.7539], "eS3": [1.0], "eXS": [1.0], "lev": [3.8325], "sl": 0.0}, "train": {"n": 46, "months": 2.8591008771929824, "eq": 3721.44256851002, "growth": 0.45962399956977645, "liq": false, "maxdd": 0.7212673681949511, "tpm": 16.088974113135187, "sl_hits": 0, "worst_mae": -0.1912612116049508, "win": 0.9565217391304348, "score": 0.23326886045715453}, "oos": {"n": 11, "months": 0.920984100877193, "eq": 1402.457462191698, "growth": 0.36724415507771824, "liq": false, "maxdd": 0.20999495863805548, "tpm": 11.943745814420716, "sl_hits": 0, "worst_mae": -0.057170542635658905, "win": 1.0, "score": 0.36724415507771824}, "elapsed": 0.7052292823791504}