{"job": {"strategy": "v6", "mode": "lev", "method": "none", "window": 91, "fold_idx": 1, "n_samples": 350, "seed": 791546}, "status": "ok", "n_feasible": 265, "cand": {"strategy": "v6", "tv": 1, "zL": [-1.3238], "zS": [0.9552], "zXS": [1.9112], "zXLmax": [-40.5009], "ptScale": [1.5179], "eS3": [1.0], "eXS": [1.0], "lev": [8.8496], "sl": 0.0}, "train": {"n": 29, "months": 0.9268777412280702, "eq": 4555.854504325274, "growth": 1.636044369893372, "liq": false, "maxdd": 0.6208333038238286, "tpm": 31.287837338262477, "sl_hits": 0, "worst_mae": -0.07013437364542696, "win": 1.0, "score": 1.636044369893372}, "oos": {"n": 11, "months": 0.9159813596491229, "eq": 0.0, "growth": -30.16548407329263, "liq": true, "maxdd": 1.0, "tpm": 12.008978003890467, "sl_hits": 0, "worst_mae": -0.10499945760260351, "win": 0.9090909090909091, "score": -30.16548407329263}, "elapsed": 0.6339950561523438}