{"job": {"strategy": "v6", "mode": "lev", "method": "none", "window": 91, "fold_idx": 7, "n_samples": 350, "seed": 791546}, "status": "ok", "n_feasible": 167, "cand": {"strategy": "v6", "tv": 0, "zL": [-1.5911], "zS": [1.9479], "zXS": [2.1848], "zXLmax": [-40.1077], "ptScale": [2.1045], "eS3": [1.0], "eXS": [1.0], "lev": [7.5429], "sl": 0.0}, "train": {"n": 41, "months": 2.9681332236842106, "eq": 12721.369243702264, "growth": 0.856862884984306, "liq": false, "maxdd": 0.547824461131636, "tpm": 13.813396134931079, "sl_hits": 0, "worst_mae": -0.07450178170779986, "win": 0.9512195121951219, "score": 0.7253426123527316}, "oos": {"n": 5, "months": 0.915296052631579, "eq": 1245.1995968418266, "growth": 0.23959005961508154, "liq": false, "maxdd": 0.5607825210553967, "tpm": 5.462713387241689, "sl_hits": 0, "worst_mae": -0.0757922247631494, "win": 1.0, "score": 0.23959005961508154}, "elapsed": 0.6679699420928955}