{"job": {"strategy": "v6", "mode": "lev", "method": "none", "window": 91, "fold_idx": 10, "n_samples": 350, "seed": 791546}, "status": "ok", "n_feasible": 141, "cand": {"strategy": "v6", "tv": 0, "zL": [-1.800146608522837], "zS": [2.566818391783836], "zXS": [1.6430164150142414], "zXLmax": [-99.0], "ptScale": [1.5907224698771036], "eS3": [1.0], "eXS": [1.0], "lev": [10.0], "sl": 0.0}, "train": {"n": 48, "months": 2.9782072368421053, "eq": 6253.1046718600455, "growth": 0.6154971572265059, "liq": false, "maxdd": 0.7016541161531146, "tpm": 16.117078558608313, "sl_hits": 0, "worst_mae": -0.07146994931209272, "win": 0.9375, "score": 0.43399526237230124}, "oos": {"n": 13, "months": 0.8395696271929824, "eq": 1793.1777417165008, "growth": 0.6955817620147857, "liq": false, "maxdd": 0.42095436629882504, "tpm": 15.484123745000408, "sl_hits": 0, "worst_mae": -0.042864007688611205, "win": 1.0, "score": 0.6955817620147857}, "elapsed": 0.8176569938659668}