{"job": {"strategy": "v6", "mode": "lev", "method": "none", "window": 91, "fold_idx": 13, "n_samples": 350, "seed": 791546}, "status": "ok", "n_feasible": 109, "cand": {"strategy": "v6", "tv": 0, "zL": [-1.1937], "zS": [1.1379], "zXS": [1.9718], "zXLmax": [-20.0926], "ptScale": [1.7314], "eS3": [1.0], "eXS": [1.0], "lev": [2.838], "sl": 0.0}, "train": {"n": 36, "months": 2.7758360745614032, "eq": 2034.444245794282, "growth": 0.2558590149524481, "liq": false, "maxdd": 0.7388676702483304, "tpm": 12.969065547463277, "sl_hits": 0, "worst_mae": -0.261929060360921, "win": 0.9722222222222222, "score": 0.1537761381852674}, "oos": {"n": 14, "months": 0.920984100877193, "eq": 1340.68220327399, "growth": 0.3183318702825698, "liq": false, "maxdd": 0.1149280916966546, "tpm": 15.201131036535457, "sl_hits": 0, "worst_mae": -0.0400679597904573, "win": 0.9285714285714286, "score": 0.3183318702825698}, "elapsed": 0.7482197284698486}