{"job": {"strategy": "v6", "mode": "lev", "method": "none", "window": 91, "fold_idx": 9, "n_samples": 350, "seed": 791546}, "status": "ok", "n_feasible": 155, "cand": {"strategy": "v6", "tv": 1, "zL": [-1.2720296941352174], "zS": [1.7869296443850626], "zXS": [1.916383262744585], "zXLmax": [-1.9490872086238022], "ptScale": [2.2912275071300012], "eS3": [1.0], "eXS": [1.0], "lev": [6.112454585666681], "sl": 0.0}, "train": {"n": 54, "months": 2.9727247807017543, "eq": 13181.51017896759, "growth": 0.8674920464742657, "liq": false, "maxdd": 0.6973081951270658, "tpm": 18.165152842454702, "sl_hits": 0, "worst_mae": -0.11553758451544471, "win": 0.9814814814814815, "score": 0.7305724974344884}, "oos": {"n": 3, "months": 0.91796875, "eq": 0.0, "growth": -30.100176194373226, "liq": true, "maxdd": 1.0, "tpm": 3.2680851063829786, "sl_hits": 0, "worst_mae": -0.15560039751378058, "win": 0.6666666666666666, "score": -30.100176194373226}, "elapsed": 0.658728837966919}