{
 "cand": {
  "strategy": "v7",
  "mode": "lev",
  "regs": [
   {
    "cdPeriodShort": 116.0749169118283,
    "eS3": 0.0,
    "eL3": 1.0,
    "vHistN": 2.0,
    "xApt2Long": 0.01,
    "dur2Short": 48.47540816744671,
    "cdPeriodLong": 54.326826264253185,
    "xCdPctShort": 0.005283257864537546,
    "xDur2Short": 524.9598428224818,
    "bbValShort": 1.25,
    "rsiValLong": 60.925476796485604,
    "xApt1Long": 0.011735496008689728,
    "bbValLong": -0.3187380990678961,
    "xDur1Short": 92.87708058998487,
    "zXLmax": -0.674525364783551,
    "ptShort": 0.0048127817006629655,
    "xDur2Long": 632.1312286793775,
    "xCdPeriodShort": 50.69002723447315,
    "vMacd": 2.0,
    "apt1Long": 0.015426209137759703,
    "ptLong": 0.03,
    "slLong": 0.02906153479705273,
    "trendBlockZ": 99.0,
    "xTpShort": 0.013029496283867128,
    "xApt1Short": 0.012444868822281994,
    "cdPctShort": 0.0077802124321633866,
    "zXS": 1.6618202388230234,
    "xMinBetween": 15.527892685404838,
    "dur1Long": 29.886465488953334,
    "apt1Short": 0.02,
    "slShort": 0.061309748479215095,
    "rsiValShort": 55.83101215417261,
    "vRsi": 3.0,
    "vEmaUp": 3.0,
    "xApt2Short": 0.006728409269506998,
    "leverage": 2.0,
    "apt2Short": 0.0031036901742785006,
    "vEmaDn": 0.0,
    "zS": 2.49055871429472,
    "eXL": 0.0,
    "dur2Long": 360.0,
    "xDur1Long": 191.56643471873713,
    "eXS": 0.0,
    "requireHistPos": 1.0,
    "zL": -2.5428339284354964,
    "dur1Short": 0.6,
    "xTpLong": 0.007950685679588895,
    "apt2Long": 0.0013165890884452086,
    "vBB": 4.0,
    "cdPctLong": 0.006042138642056648,
    "vX": 0.0
   },
   {
    "cdPeriodShort": 86.21660283132542,
    "eS3": 0.0,
    "eL3": 0.0,
    "vHistN": 1.0,
    "xApt2Long": 0.01,
    "dur2Short": 175.7072074919343,
    "cdPeriodLong": 166.64917397895766,
    "xCdPctShort": 0.005907745723538853,
    "xDur2Short": 351.4930733660867,
    "bbValShort": 0.788458510201555,
    "rsiValLong": 85.0,
    "xApt1Long": 0.007923810255170858,
    "bbValLong": 0.12370050864912238,
    "xDur1Short": 221.4727426298446,
    "zXLmax": -2.3578759370997084,
    "ptShort": 0.008256172185746398,
    "xDur2Long": 454.7752996003417,
    "xCdPeriodShort": 116.72351030847165,
    "vMacd": 3.0,
    "apt1Long": 0.016606378077128385,
    "ptLong": 0.026715760249666997,
    "slLong": 0.12,
    "trendBlockZ": 99.0,
    "xTpShort": 0.016011741069754587,
    "xApt1Short": 0.014060056215648944,
    "cdPctShort": 0.0014525932752542845,
    "zXS": 1.8598934223501011,
    "xMinBetween": 4.522563835655187,
    "dur1Long": 42.411994340202014,
    "apt1Short": 0.009660710368757437,
    "slShort": 0.027140372876582292,
    "rsiValShort": 85.21330281264667,
    "vRsi": 3.0,
    "vEmaUp": 4.0,
    "xApt2Short": 0.01,
    "leverage": 1.0,
    "apt2Short": 0.006629773378182784,
    "vEmaDn": 3.0,
    "zS": 2.167696584308174,
    "eXL": 0.0,
    "dur2Long": 212.07037830664802,
    "xDur1Long": 24.83639065251183,
    "eXS": 0.0,
    "requireHistPos": 1.0,
    "zL": -2.8927040727519713,
    "dur1Short": 71.4643020116201,
    "xTpLong": 0.008345193989654075,
    "apt2Long": 0.015,
    "vBB": 2.0,
    "cdPctLong": 0.0005286645362852879,
    "vX": 3.0
   },
   {
    "cdPeriodShort": 59.62012967696402,
    "eS3": 1.0,
    "eL3": 1.0,
    "vHistN": 3.0,
    "xApt2Long": 0.0025267522987102897,
    "dur2Short": 198.30420757538954,
    "cdPeriodLong": 10.0,
    "xCdPctShort": 0.0036696425422891596,
    "xDur2Short": 524.2264929526215,
    "bbValShort": 1.2079615325755961,
    "rsiValLong": 85.0,
    "xApt1Long": 0.014713303981155612,
    "bbValLong": 0.05330668200078349,
    "xDur1Short": 31.582722486835117,
    "zXLmax": 0.4036157807335897,
    "ptShort": 0.02345980056246612,
    "xDur2Long": 720.0,
    "xCdPeriodShort": 25.74364417941026,
    "vMacd": 0.0,
    "apt1Long": 0.02,
    "ptLong": 0.015668177092642472,
    "slLong": 0.04448888611635789,
    "trendBlockZ": 99.0,
    "xTpShort": 0.009480327381945703,
    "xApt1Short": 0.015,
    "cdPctShort": 0.008006741683685866,
    "zXS": 2.5330313033844667,
    "xMinBetween": 18.07768961331866,
    "dur1Long": 7.629873014981184,
    "apt1Short": 0.00986623710316683,
    "slShort": 0.09859134297893027,
    "rsiValShort": 82.59988430733485,
    "vRsi": 1.0,
    "vEmaUp": 4.0,
    "xApt2Short": 0.01,
    "leverage": 9.0,
    "apt2Short": 0.012650228850312858,
    "vEmaDn": 4.0,
    "zS": 0.8,
    "eXL": 1.0,
    "dur2Long": 343.70269814024084,
    "xDur1Long": 214.07616799144688,
    "eXS": 1.0,
    "requireHistPos": 0.0,
    "zL": -2.5854486844738265,
    "dur1Short": 30.546453117197107,
    "xTpLong": 0.018925962561990264,
    "apt2Long": 0.012958108609109136,
    "vBB": 1.0,
    "cdPctLong": 0.010120286501671337,
    "vX": 0.0
   }
  ]
 },
 "metrics": {
  "n": 73,
  "months": 12.555235745614036,
  "eq": 19949603.775484633,
  "growth": 0.7885924853861509,
  "liq": false,
  "maxdd": 0.5408733555914595,
  "tpm": 5.8143073916793115,
  "sl_hits": 0,
  "worst_mae": -0.06030718652077871,
  "win": 1.0,
  "max_hold_days": 4.6625,
  "in_market": 0.07562525244806392,
  "score": 0.6329050402055227
 },
 "strategy": "v7",
 "mode": "lev",
 "method": "vol3",
 "algo": "genetic",
 "per_regime": true,
 "train_end": null,
 "holdout_days": 21.0,
 "max_dd": 0.55,
 "max_hold_days": 5.0,
 "gap_mode": "skip_contaminated",
 "scoring": "classic",
 "anchor": null,
 "anchor_strength": 0.0,
 "evaluated": 100800,
 "generated": "2026-07-20 22:07",
 "holdout": {
  "n": 12,
  "months": 5.854372258771931,
  "eq": 0.0,
  "growth": -4.719723976302917,
  "liq": true,
  "maxdd": 1.0,
  "tpm": 2.049750079014831,
  "sl_hits": 0,
  "worst_mae": -0.1031111111111111,
  "win": 0.9166666666666666,
  "max_hold_days": 8.0125,
  "in_market": 0.08614372505179861,
  "score": -10.593163250743219
 },
 "holdout_scan": {
  "scanned": 597,
  "pool": 597,
  "reservoir": 297,
  "survivors": 0
 },
 "holdout_survivors": [],
 "holdout_top10": [
  {
   "rank": 452,
   "train_score": 0.06782236477309066,
   "holdout": {
    "n": 74,
    "months": 11.91467927631579,
    "eq": 3964.4545183137125,
    "growth": 0.11560263096336848,
    "liq": false,
    "maxdd": 0.5655935031105098,
    "tpm": 6.210826014183907,
    "sl_hits": 0,
    "worst_mae": -0.23161546537636368,
    "win": 1.0,
    "max_hold_days": 17.045833333333334,
    "in_market": 0.2639035080151157,
    "score": 0.048172938497470445
   }
  },
  {
   "rank": 1,
   "train_score": 0.6329050402055227,
   "holdout": {
    "n": 12,
    "months": 5.854372258771931,
    "eq": 0.0,
    "growth": -4.719723976302917,
    "liq": true,
    "maxdd": 1.0,
    "tpm": 2.049750079014831,
    "sl_hits": 0,
    "worst_mae": -0.1031111111111111,
    "win": 0.9166666666666666,
    "max_hold_days": 8.0125,
    "in_market": 0.08614372505179861,
    "score": -10.593163250743219
   }
  },
  {
   "rank": 2,
   "train_score": 0.632884705767913,
   "holdout": {
    "n": 14,
    "months": 5.854372258771931,
    "eq": 0.0,
    "growth": -4.719723976302917,
    "liq": true,
    "maxdd": 1.0,
    "tpm": 2.3913750921839694,
    "sl_hits": 0,
    "worst_mae": -0.1031111111111111,
    "win": 0.9285714285714286,
    "max_hold_days": 8.0125,
    "in_market": 0.08942137731630515,
    "score": -8.82772102803795
   }
  },
  {
   "rank": 3,
   "train_score": 0.6321961036089172,
   "holdout": {
    "n": 12,
    "months": 5.854372258771931,
    "eq": 0.0,
    "growth": -4.719723976302917,
    "liq": true,
    "maxdd": 1.0,
    "tpm": 2.049750079014831,
    "sl_hits": 0,
    "worst_mae": -0.1031111111111111,
    "win": 0.9166666666666666,
    "max_hold_days": 8.0125,
    "in_market": 0.08629590176407927,
    "score": -10.602923742655827
   }
  },
  {
   "rank": 4,
   "train_score": 0.6321424445402478,
   "holdout": {
    "n": 12,
    "months": 5.854372258771931,
    "eq": 0.0,
    "growth": -4.719723976302917,
    "liq": true,
    "maxdd": 1.0,
    "tpm": 2.049750079014831,
    "sl_hits": 0,
    "worst_mae": -0.1031111111111111,
    "win": 0.9166666666666666,