{
 "cand": {
  "strategy": "v7",
  "mode": "lev",
  "regs": [
   {
    "apt1Long": 0.019926190935227277,
    "apt1Short": 0.001,
    "apt2Long": 0.008828179563936597,
    "apt2Short": 0.0021042334811188254,
    "bbValLong": -0.04266911046687534,
    "bbValShort": 0.6807028581341984,
    "cdPctLong": 0.007616814692603487,
    "cdPctShort": 0.001331293748662008,
    "cdPeriodLong": 209.99635716007688,
    "cdPeriodShort": 19.87102500803397,
    "dur1Long": 62.0902619215547,
    "dur1Short": 14.39021091172768,
    "dur2Long": 252.83655589437438,
    "dur2Short": 231.10084723303225,
    "leverage": 1.5905157501217375,
    "ptLong": 0.02278890769808289,
    "ptShort": 0.004356421574895156,
    "rsiValLong": 56.496112735234895,
    "rsiValShort": 84.13069989240365,
    "slLong": 0.12,
    "slShort": 0.020071391775141483,
    "xApt1Long": 0.0018927349895209152,
    "xApt1Short": 0.00270046880301249,
    "xApt2Long": 0.009778852907467404,
    "xApt2Short": 0.0,
    "xCdPctShort": 0.00512938098728897,
    "xCdPeriodShort": 78.63397204519303,
    "xDur1Long": 87.25934912360054,
    "xDur1Short": 10.0,
    "xDur2Long": 633.4860682158325,
    "xDur2Short": 406.04554629191256,
    "xMinBetween": 6.507389643812823,
    "xTpLong": 0.0042806401272483426,
    "xTpShort": 0.006283854183767571,
    "zL": -2.670475488115292,
    "zS": 2.763896902709123,
    "zXLmax": 0.236436895525712,
    "zXS": 1.7722119514062262,
    "trendBlockZ": 2.0,
    "vBB": 4.0,
    "vEmaDn": 2.0,
    "vEmaUp": 1.0,
    "vHistN": 3.0,
    "vMacd": 1.0,
    "vRsi": 0.0,
    "vX": 2.0,
    "eL3": 1.0,
    "eS3": 0.0,
    "eXL": 0.0,
    "eXS": 1.0,
    "requireHistPos": 1.0
   },
   {
    "apt1Long": 0.011244926807802228,
    "apt1Short": 0.0016878461914240819,
    "apt2Long": 0.006746956084681337,
    "apt2Short": 0.0010127077148544491,
    "bbValLong": 0.01837881639400671,
    "bbValShort": 1.0290287861632375,
    "cdPctLong": 0.012,
    "cdPctShort": 0.00859604121929211,
    "cdPeriodLong": 104.26532639367157,
    "cdPeriodShort": 176.5211157565635,
    "dur1Long": 46.454701943445755,
    "dur1Short": 39.72369950426307,
    "dur2Long": 56.85482315802751,
    "dur2Short": 162.16390505206613,
    "leverage": 2.509421235991073,
    "ptLong": 0.017778439983905804,
    "ptShort": 0.02277967410653965,
    "rsiValLong": 45.371710748289544,
    "rsiValShort": 57.79388913230039,
    "slLong": 0.07777489064922079,
    "slShort": 0.02677002821579011,
    "xApt1Long": 0.010876891239213989,
    "xApt1Short": 0.005010146567631915,
    "xApt2Long": 0.00901588512044507,
    "xApt2Short": 0.005030334105880424,
    "xCdPctShort": 0.00020361956160863865,
    "xCdPeriodShort": 116.42680961889268,
    "xDur1Long": 209.59497739842217,
    "xDur1Short": 40.221604070906324,
    "xDur2Long": 247.51114149465482,
    "xDur2Short": 510.36841913846933,
    "xMinBetween": 13.337711011980254,
    "xTpLong": 0.019215978726403696,
    "xTpShort": 0.013515755620920304,
    "zL": -2.5153395783126005,
    "zS": 1.9576395186520665,
    "zXLmax": -1.3892046742124344,
    "zXS": 2.2503787185522413,
    "trendBlockZ": 99.0,
    "vBB": 1.0,
    "vEmaDn": 1.0,
    "vEmaUp": 4.0,
    "vHistN": 0.0,
    "vMacd": 0.0,
    "vRsi": 2.0,
    "vX": 2.0,
    "eL3": 1.0,
    "eS3": 1.0,
    "eXL": 1.0,
    "eXS": 0.0,
    "requireHistPos": 1.0
   },
   {
    "apt1Long": 0.001,
    "apt1Short": 0.005828394809860244,
    "apt2Long": 0.00035182337462898226,
    "apt2Short": 0.00440461713666936,
    "bbValLong": -0.35,
    "bbValShort": 0.9893430429096599,
    "cdPctLong": 0.0013167240850788494,
    "cdPctShort": 0.008138390253895726,
    "cdPeriodLong": 57.73243197851784,
    "cdPeriodShort": 10.0,
    "dur1Long": 15.822701151835671,
    "dur1Short": 41.282501369048155,
    "dur2Long": 360.0,
    "dur2Short": 80.08503555516049,
    "leverage": 1.4791211557767576,
    "ptLong": 0.013345900483440929,
    "ptShort": 0.014422731165667833,
    "rsiValLong": 34.73028426342856,
    "rsiValShort": 66.87006497228248,
    "slLong": 0.04222947674317265,
    "slShort": 0.06150333575431082,
    "xApt1Long": 0.007102293881203258,
    "xApt1Short": 0.0005,
    "xApt2Long": 0.005413051910353884,
    "xApt2Short": 0.002956993196688164,
    "xCdPctShort": 0.0034218460363281775,
    "xCdPeriodShort": 6.171753411398211,
    "xDur1Long": 201.31584327986715,
    "xDur1Short": 51.71823708174412,
    "xDur2Long": 635.122552034177,
    "xDur2Short": 299.53536358598814,
    "xMinBetween": 3.182377603112359,
    "xTpLong": 0.011205372778845264,
    "xTpShort": 0.014488185984033453,
    "zL": -0.9258118096434541,
    "zS": 2.474911080114669,
    "zXLmax": -0.31427898374319807,
    "zXS": 1.952556683390278,
    "trendBlockZ": 3.0,
    "vBB": 0.0,
    "vEmaDn": 4.0,
    "vEmaUp": 3.0,
    "vHistN": 1.0,
    "vMacd": 2.0,
    "vRsi": 0.0,
    "vX": 1.0,
    "eL3": 1.0,
    "eS3": 0.0,
    "eXL": 1.0,
    "eXS": 1.0,
    "requireHistPos": 1.0
   }
  ]
 },
 "metrics": {
  "n": 159,
  "months": 14.81640625,
  "eq": 14931.514383165719,
  "growth": 0.18246489688653825,
  "liq": false,
  "maxdd": 0.5074648076627744,
  "tpm": 10.731347218560506,
  "sl_hits": 0,
  "worst_mae": -0.20072077003786326,
  "win": 0.9811320754716981,
  "score": 0.36673268660661024
 },
 "strategy": "v7",
 "mode": "lev",
 "method": "vol3",
 "algo": "genetic",
 "per_regime": true,
 "train_end": "2025-09-01",
 "holdout_days": null,
 "max_dd": null,
 "evaluated": 11200,
 "generated": "2026-07-08 08:30",
 "holdout": {
  "n": 69,
  "months": 9.656661184210527,
  "eq": 3003.193313428759,
  "growth": 0.1138774716631384,
  "liq": false,
  "maxdd": 0.16797135848800007,
  "tpm": 7.145326804343197,
  "sl_hits": 0,
  "worst_mae": -0.11349165775898118,
  "win": 0.9855072463768116,
  "score": 0.17493723743521244
 },
 "holdout_top10": [
  {
   "rank": 1,
   "train_score": 0.36673268660661024,
   "holdout": {
    "n": 69,
    "months": 9.656661184210527,
    "eq": 3003.193313428759,
    "growth": 0.1138774716631384,
    "liq": false,
    "maxdd": 0.16797135848800007,
    "tpm": 7.145326804343197,
    "sl_hits": 0,
    "worst_mae": -0.11349165775898118,
    "win": 0.9855072463768116,
    "score": 0.17493723743521244
   }
  },
  {
   "rank": 5,
   "train_score": 0.3029091655723193,
   "holdout": {
    "n": 51,
    "months": 9.656661184210527,
    "eq": 2311.6263898263865,
    "growth": 0.08677443742422526,
    "liq": false,
    "maxdd": 0.23953101381073535,
    "tpm": 5.281328507558015,
    "sl_hits": 0,
    "worst_mae": -0.139525442078672,
    "win": 0.9607843137254902,
    "score": 0.1353467780969961
   }
  },
  {
   "rank": 8,
   "train_score": 0.28645621956944045,
   "holdout": {
    "n": 47,
    "months": 9.656661184210527,
    "eq": 1870.6189266344622,
    "growth": 0.06485361150908253,
    "liq": false,
    "maxdd": 0.22335903785227032,
    "tpm": 4.8671066638279745,
    "sl_hits": 0,
    "worst_mae": -0.15029622700343004,
    "win": 1.0,
    "score": 0.10803471915244264
   }
  },
  {
   "rank": 6,
   "train_score": 0.2945878258221559,
   "holdout": {
    "n": 36,
    "months": 9.656661184210527,
    "eq": 1709.805139756223,
    "growth": 0.05554501710585889,
    "liq": false,
    "maxdd": 0.34088569105943434,
    "tpm": 3.7279965935703636,
    "sl_hits": 0,
    "worst_mae": -0.13599829290845722,
    "win": 1.0,
    "score": 0.10040060749015353
   }
  },
  {
   "rank": 2,
   "train_score": 0.3632152587742975,
   "holdout": {
    "n": 40,
    "months": 9.656661184210527,
    "eq": 1616.6593959394525,
    "growth": 0.049744099927577695,
    "liq": false,
    "maxdd": 0.13923117011810396,
    "tpm": 4.142218437300404,
    "sl_hits": 0,
    "worst_mae": -0.09647426361202027,
    "win": 1.0,
    "score": 0.10516139141217057
   }
  },
  {
   "rank": 10,
   "train_score": 0.28338165116911546,
   "holdout": {
    "n": 39,
    "months": 9.656661184210527,
    "eq": 1556.4198064375944,
    "growth": 0.04581171270378853,
    "liq": false,
    "maxdd": 0.2244848026552697,
    "tpm": 4.038662976367894,
    "sl_hits": 0,