{
 "cand": {
  "strategy": "v7",
  "mode": "lev",
  "regs": [
   {
    "xDur1Short": 240.0,
    "slShort": 0.03003529980741099,
    "xTpLong": 0.008167603052079284,
    "xCdPeriodShort": 73.79252312959679,
    "eS3": 1.0,
    "vBB": 2.0,
    "eXL": 0.0,
    "vRsi": 2.0,
    "xApt1Short": 0.004418593881916487,
    "vEmaDn": 1.0,
    "xTpShort": 0.007169833365100102,
    "xCdPctShort": 0.0020477233764707808,
    "dur2Short": 291.3096850798666,
    "cdPeriodLong": 53.43137114456594,
    "xApt2Short": 0.007196729254217482,
    "apt1Short": 0.001,
    "xMinBetween": 28.494950224265278,
    "rsiValShort": 78.67873286015468,
    "eXS": 0.0,
    "rsiValLong": 68.98459395134826,
    "xDur1Long": 201.64985691086255,
    "leverage": 1.0,
    "cdPeriodShort": 138.96480860223497,
    "vX": 2.0,
    "ptLong": 0.01645607130532823,
    "eL3": 0.0,
    "dur1Long": 62.74882562124414,
    "cdPctShort": 0.0015875988712642345,
    "zS": 0.8,
    "xDur2Short": 51.514880527219006,
    "ptShort": 0.005494603372205074,
    "trendBlockZ": 99.0,
    "requireHistPos": 1.0,
    "vHistN": 1.0,
    "apt1Long": 0.014211337584831845,
    "dur1Short": 73.78372479034638,
    "vEmaUp": 1.0,
    "zL": -1.134279991537009,
    "xDur2Long": 495.67000699075356,
    "apt2Short": 0.0008536041859541568,
    "slLong": 0.11812687558700088,
    "apt2Long": 0.013619381620540794,
    "bbValLong": -0.21427064077944685,
    "cdPctLong": 0.0024485175742922317,
    "zXS": 2.2687076284595475,
    "xApt1Long": 0.011007252799746268,
    "xApt2Long": 0.0018471721393240423,
    "bbValShort": 0.7423343417264385,
    "vMacd": 3.0,
    "zXLmax": 0.132972869070212,
    "dur2Long": 356.0030015000708
   },
   {
    "xDur1Short": 70.19414137098559,
    "slShort": 0.04212580845787819,
    "xTpLong": 0.02,
    "xCdPeriodShort": 82.36298664545707,
    "eS3": 1.0,
    "vBB": 1.0,
    "eXL": 0.0,
    "vRsi": 5.0,
    "xApt1Short": 0.01289996810020091,
    "vEmaDn": 0.0,
    "xTpShort": 0.0190359567845855,
    "xCdPctShort": 0.002144845195828277,
    "dur2Short": 138.079535070354,
    "cdPeriodLong": 187.8060105429898,
    "xApt2Short": 0.007837167658364595,
    "apt1Short": 0.0034700148654386357,
    "xMinBetween": 1.824123291158037,
    "rsiValShort": 68.07206747779654,
    "eXS": 0.0,
    "rsiValLong": 67.78476858204161,
    "xDur1Long": 175.23692091031418,
    "leverage": 1.0,
    "cdPeriodShort": 24.858727059724224,
    "vX": 0.0,
    "ptLong": 0.025154652693236263,
    "eL3": 1.0,
    "dur1Long": 4.989723750795658,
    "cdPctShort": 0.0013972170750001043,
    "zS": 1.9341408973042802,
    "xDur2Short": 301.629674666543,
    "ptShort": 0.002,
    "trendBlockZ": 2.0,
    "requireHistPos": 1.0,
    "vHistN": 1.0,
    "apt1Long": 0.0027440711765387557,
    "dur1Short": 67.5671876783396,
    "vEmaUp": 1.0,
    "zL": -2.3548113923524747,
    "xDur2Long": 603.1181673353933,
    "apt2Short": 0.006429324616826562,
    "slLong": 0.09021490548575742,
    "apt2Long": 0.015,
    "bbValLong": 0.2987163218725089,
    "cdPctLong": 0.010573163910594976,
    "zXS": 2.4632364937596334,
    "xApt1Long": 0.0017982177277885742,
    "xApt2Long": 0.008203319556561901,
    "bbValShort": 1.0538039004401605,
    "vMacd": 0.0,
    "zXLmax": -1.8540117572593307,
    "dur2Long": 344.76739920272706
   },
   {
    "xDur1Short": 240.0,
    "slShort": 0.07598876539853944,
    "xTpLong": 0.012614779714052103,
    "xCdPeriodShort": 27.397119114270446,
    "eS3": 1.0,
    "vBB": 0.0,
    "eXL": 1.0,
    "vRsi": 0.0,
    "xApt1Short": 0.015,
    "vEmaDn": 3.0,
    "xTpShort": 0.019536570112020948,
    "xCdPctShort": 0.001921023274887982,
    "dur2Short": 269.4420501605003,
    "cdPeriodLong": 82.71147924430173,
    "xApt2Short": 0.00703602635258385,
    "apt1Short": 0.016537802092381364,
    "xMinBetween": 28.068069328756486,
    "rsiValShort": 88.61039390543611,
    "eXS": 1.0,
    "rsiValLong": 85.0,
    "xDur1Long": 231.09007413931542,
    "leverage": 8.0,
    "cdPeriodShort": 32.94538808708326,
    "vX": 1.0,
    "ptLong": 0.028797991269145225,
    "eL3": 1.0,
    "dur1Long": 72.98865497370053,
    "cdPctShort": 0.001988553879683592,
    "zS": 1.2421760424768842,
    "xDur2Short": 720.0,
    "ptShort": 0.023549949379560037,
    "trendBlockZ": 1.5,
    "requireHistPos": 0.0,
    "vHistN": 3.0,
    "apt1Long": 0.015068595629074423,
    "dur1Short": 86.49548975121485,
    "vEmaUp": 2.0,
    "zL": -2.049340118228048,
    "xDur2Long": 447.2690999536837,
    "apt2Short": 0.007041019210469367,
    "slLong": 0.12,
    "apt2Long": 0.015,
    "bbValLong": 0.35,
    "cdPctLong": 0.004366007015430395,
    "zXS": 1.1296181635016487,
    "xApt1Long": 0.0067917891655645685,
    "xApt2Long": 0.004611409406840654,
    "bbValShort": 0.7788478940307854,
    "vMacd": 0.0,
    "zXLmax": 0.39132289357091044,
    "dur2Long": 357.4089773084032
   }
  ]
 },
 "metrics": {
  "n": 75,
  "months": 14.81640625,
  "eq": 12697043.448470915,
  "growth": 0.6377473920851564,
  "liq": false,
  "maxdd": 0.556196638806506,
  "tpm": 5.06195623517005,
  "sl_hits": 0,
  "worst_mae": -0.06751282488121602,
  "win": 1.0,
  "max_hold_days": 4.2625,
  "in_market": 0.07284887673970056,
  "score": 1.2133694376518878
 },
 "strategy": "v7",
 "mode": "lev",
 "method": "volume3",
 "algo": "refine",
 "per_regime": true,
 "train_end": "2025-09-01",
 "holdout_days": null,
 "max_dd": null,
 "max_hold_days": 5.0,
 "gap_mode": "skip_contaminated",
 "scoring": "classic",
 "anchor": null,
 "anchor_strength": 0.0,
 "evaluated": 50400,
 "generated": "2026-07-20 16:42",
 "holdout": {
  "n": 6,
  "months": 2.1842105263157894,
  "eq": 0.0,
  "growth": -12.650347016931143,
  "liq": true,
  "maxdd": 1.0,
  "tpm": 2.746987951807229,
  "sl_hits": 0,
  "worst_mae": -0.11699999999999999,
  "win": 0.8333333333333334,
  "max_hold_days": 30.04375,
  "in_market": 0.5236257530120482,
  "score": -12.650347016931143
 },
 "holdout_scan": {
  "scanned": 595,
  "pool": 595,
  "reservoir": 295,
  "survivors": 0
 },
 "holdout_survivors": [],
 "holdout_top10": [
  {
   "rank": 1,
   "train_score": 1.2133694376518878,
   "holdout": {
    "n": 6,
    "months": 2.1842105263157894,
    "eq": 0.0,
    "growth": -12.650347016931143,
    "liq": true,
    "maxdd": 1.0,
    "tpm": 2.746987951807229,
    "sl_hits": 0,
    "worst_mae": -0.11699999999999999,
    "win": 0.8333333333333334,
    "max_hold_days": 30.04375,
    "in_market": 0.5236257530120482,
    "score": -12.650347016931143
   }
  },
  {
   "rank": 2,
   "train_score": 1.2133694376518878,
   "holdout": {
    "n": 21,
    "months": 2.1842105263157894,
    "eq": 0.0,
    "growth": -12.650347016931143,
    "liq": true,
    "maxdd": 1.0,
    "tpm": 9.614457831325302,
    "sl_hits": 0,
    "worst_mae": -0.11699999999999999,
    "win": 0.9523809523809523,
    "max_hold_days": 6.46875,
    "in_market": 0.3084839357429719,
    "score": -19.38926408061339
   }
  },
  {
   "rank": 3,
   "train_score": 1.2133694376518878,
   "holdout": {
    "n": 6,
    "months": 2.1842105263157894,
    "eq": 0.0,
    "growth": -12.650347016931143,
    "liq": true,
    "maxdd": 1.0,
    "tpm": 2.746987951807229,
    "sl_hits": 0,
    "worst_mae": -0.11699999999999999,
    "win": 0.8333333333333334,
    "max_hold_days": 30.04375,
    "in_market": 0.5236257530120482,
    "score": -12.650347016931143
   }
  },
  {
   "rank": 4,
   "train_score": 1.2129087191277739,
   "holdout": {
    "n": 4,
    "months": 2.1842105263157894,
    "eq": 0.0,
    "growth": -12.650347016931143,
    "liq": true,
    "maxdd": 1.0,
    "tpm": 1.8313253012048194,
    "sl_hits": 0,
    "worst_mae": -0.11699999999999999,
    "win": 0.75,
    "max_hold_days": 30.04375,
    "in_market": 0.5198920682730924,
    "score": -12.650347016931143
   }
  },
  {
   "rank": 5,
   "train_score": 1.2128829209394967,
   "holdout": {
    "n": 4,
    "months": 2.1842105263157894,
    "eq": 0.0,
    "growth": -12.650347016931143,
    "liq": true,
    "maxdd": 1.0,
    "tpm": 1.8313253012048194,
    "sl_hits": 0,
    "worst_mae": -0.11699999999999999,