{"job": {"strategy": "v6", "mode": "lev", "method": "vol3", "window": 91, "fold_idx": 15, "n_samples": 350, "seed": 755075}, "status": "ok", "n_feasible": 100, "cand": {"strategy": "v6", "tv": 0, "zL": [-0.9, -1.1087901136294809, -1.275796879592376], "zS": [0.9, 0.9222652956026797, 1.0747178854128658], "zXS": [3.0, 2.6484838163039646, 2.7923672657759058], "zXLmax": [-0.9415177689165745, -1.0636316477001038, -0.8651601837482777], "ptScale": [1.6708517175949535, 1.1081637661208992, 1.442147100902327], "eS3": [1.0, 1.0, 1.0], "eXS": [0.0, 0.0, 1.0], "lev": [3.792508111980327, 6.082359634336814, 4.920219691827499], "sl": 0.0}, "train": {"n": 57, "months": 2.8591694078947367, "eq": 5744.799700662696, "growth": 0.6114695550675643, "liq": false, "maxdd": 0.5386308810967684, "tpm": 19.935859639030706, "sl_hits": 0, "worst_mae": -0.14067246255368182, "win": 1.0, "score": 0.6282643172018367}, "oos": {"n": 12, "months": 0.9210526315789473, "eq": 1442.1287186748357, "growth": 0.397502038772964, "liq": false, "maxdd": 0.4078884533474105, "tpm": 13.028571428571428, "sl_hits": 0, "worst_mae": -0.06990794016110469, "win": 1.0, "score": 0.397502038772964}, "elapsed": 0.7042977809906006}