{"job": {"strategy": "v6", "mode": "lev", "method": "vol3", "window": 91, "fold_idx": 16, "n_samples": 350, "seed": 755075}, "status": "ok", "n_feasible": 117, "cand": {"strategy": "v6", "tv": 1, "zL": [-1.2755, -1.5503, -1.5335], "zS": [2.3363, 2.3148, 2.5473], "zXS": [2.2337, 1.8099, 2.2158], "zXLmax": [-20.5492, -20.6149, -20.6227], "ptScale": [1.3336, 1.1265, 1.3213], "eS3": [1.0, 0.0, 1.0], "eXS": [1.0, 1.0, 1.0], "lev": [9.2091, 8.812, 7.6793], "sl": 0.0}, "train": {"n": 36, "months": 2.8782894736842106, "eq": 3727.3868034669026, "growth": 0.45711434213796326, "liq": false, "maxdd": 0.45304086159892126, "tpm": 12.507428571428571, "sl_hits": 0, "worst_mae": -0.057170542635658905, "win": 0.9722222222222222, "score": 0.5396199876931496}, "oos": {"n": 11, "months": 0.9210526315789473, "eq": 1482.3296630065215, "growth": 0.42735337082284297, "liq": false, "maxdd": 0.7396237541683807, "tpm": 11.942857142857143, "sl_hits": 0, "worst_mae": -0.09907195371821143, "win": 1.0, "score": 0.42735337082284297}, "elapsed": 0.5974891185760498}