{"job": {"strategy": "v6", "mode": "lev", "method": "vol3", "window": 91, "fold_idx": 18, "n_samples": 350, "seed": 755075}, "status": "ok", "n_feasible": 198, "cand": {"strategy": "v6", "tv": 1, "zL": [-1.4193, -1.3618, -1.3616], "zS": [1.3532, 1.3106, 1.4946], "zXS": [1.781, 1.982, 2.0179], "zXLmax": [-99.0, -99.0, -99.0], "ptScale": [1.973, 2.2306, 1.7821], "eS3": [1.0, 1.0, 1.0], "eXS": [1.0, 1.0, 1.0], "lev": [6.1787, 5.8084, 5.0944], "sl": 0.0}, "train": {"n": 48, "months": 2.9933525219298245, "eq": 8726.376975764077, "growth": 0.7237203968917943, "liq": false, "maxdd": 0.788118994475832, "tpm": 16.03553194899151, "sl_hits": 0, "worst_mae": -0.13948678667177306, "win": 1.0, "score": 0.42462955399240754}, "oos": {"n": 8, "months": 0.920984100877193, "eq": 1463.6076848551602, "growth": 0.4135841264131999, "liq": false, "maxdd": 0.5114521635037931, "tpm": 8.686360592305975, "sl_hits": 0, "worst_mae": -0.08750899064972417, "win": 1.0, "score": 0.4135841264131999}, "elapsed": 0.8280296325683594}