{"job": {"strategy": "v6", "mode": "lev", "method": "vol3", "window": 91, "fold_idx": 7, "n_samples": 350, "seed": 755075}, "status": "ok", "n_feasible": 157, "cand": {"strategy": "v6", "tv": 1, "zL": [-1.7332, -1.6273, -1.8612], "zS": [1.4996, 1.5769, 1.6079], "zXS": [1.8897, 2.4966, 2.6354], "zXLmax": [-99.0, -99.0, -99.0], "ptScale": [1.4384, 1.6886, 1.7208], "eS3": [1.0, 1.0, 1.0], "eXS": [1.0, 1.0, 1.0], "lev": [8.8203, 8.8719, 8.9389], "sl": 0.0}, "train": {"n": 44, "months": 2.9681332236842106, "eq": 12293.41920982194, "growth": 0.8453340556243895, "liq": false, "maxdd": 0.645402447095504, "tpm": 14.824132437487012, "sl_hits": 0, "worst_mae": -0.07450178170779986, "win": 0.9545454545454546, "score": 0.9764926259031639}, "oos": {"n": 3, "months": 0.915296052631579, "eq": 0.0, "growth": -30.188069790628134, "liq": true, "maxdd": 1.0, "tpm": 3.2776280323450133, "sl_hits": 0, "worst_mae": -0.10537482852057187, "win": 0.6666666666666666, "score": -30.188069790628134}, "elapsed": 0.6675913333892822}