{"job": {"strategy": "v6", "mode": "lev", "method": "vol3", "window": 91, "fold_idx": 17, "n_samples": 350, "seed": 755075}, "status": "ok", "n_feasible": 147, "cand": {"strategy": "v6", "tv": 1, "zL": [-1.8237, -1.3994, -1.4105], "zS": [2.3606, 2.2292, 2.2257], "zXS": [2.1858, 2.2057, 2.1572], "zXLmax": [-40.2121, -40.2769, -40.2108], "ptScale": [1.6864, 1.8253, 1.926], "eS3": [1.0, 1.0, 1.0], "eXS": [1.0, 1.0, 1.0], "lev": [6.788, 7.6132, 6.916], "sl": 0.0}, "train": {"n": 37, "months": 2.9933525219298245, "eq": 5680.4039790146235, "growth": 0.5802932800410776, "liq": false, "maxdd": 0.6666244654344383, "tpm": 12.360722544014287, "sl_hits": 0, "worst_mae": -0.09907195371821143, "win": 1.0, "score": 0.3761597601186734}, "oos": {"n": 7, "months": 0.920984100877193, "eq": 1344.327058873977, "growth": 0.3212797697500253, "liq": false, "maxdd": 0.32301389938254105, "tpm": 7.600565518267729, "sl_hits": 0, "worst_mae": -0.03887812108083455, "win": 1.0, "score": 0.3212797697500253}, "elapsed": 0.6390786170959473}