{"job": {"strategy": "v6", "mode": "lev", "method": "vol3", "window": 91, "fold_idx": 4, "n_samples": 350, "seed": 755075}, "status": "ok", "n_feasible": 112, "cand": {"strategy": "v6", "tv": 1, "zL": [-2.1261, -2.1144, -1.7221], "zS": [1.7987, 1.4259, 1.8211], "zXS": [1.7635, 1.6774, 1.7505], "zXLmax": [-99.0, -99.0, -99.0], "ptScale": [1.8037, 1.6091, 1.2976], "eS3": [1.0, 1.0, 1.0], "eXS": [1.0, 1.0, 1.0], "lev": [6.8746, 6.8351, 7.7502], "sl": 0.0}, "train": {"n": 30, "months": 2.973547149122807, "eq": 3068.33369575098, "growth": 0.3770361080244287, "liq": false, "maxdd": 0.6538907041089217, "tpm": 10.088960589997695, "sl_hits": 0, "worst_mae": -0.09656968743856886, "win": 1.0, "score": 0.4283852907762739}, "oos": {"n": 15, "months": 0.9156387061403509, "eq": 1920.878815167649, "growth": 0.712926171835138, "liq": false, "maxdd": 0.24069788305566742, "tpm": 16.38200733478033, "sl_hits": 0, "worst_mae": -0.032169890664423884, "win": 0.8666666666666667, "score": 0.712926171835138}, "elapsed": 0.7553255558013916}