{"job": {"strategy": "v6", "mode": "lev", "method": "vol3", "window": 91, "fold_idx": 2, "n_samples": 350, "seed": 755075}, "status": "ok", "n_feasible": 241, "cand": {"strategy": "v6", "tv": 0, "zL": [-1.1843, -1.3271, -1.3146], "zS": [1.3869, 1.5656, 1.5903], "zXS": [1.7737, 1.8163, 1.7483], "zXLmax": [-20.4401, -20.5546, -20.4977], "ptScale": [1.4934, 2.0525, 1.7586], "eS3": [1.0, 1.0, 1.0], "eXS": [1.0, 1.0, 1.0], "lev": [6.5203, 6.2628, 6.8447], "sl": 0.0}, "train": {"n": 34, "months": 1.842859100877193, "eq": 4519.628138236931, "growth": 0.8185268854467402, "liq": false, "maxdd": 0.6205352086817691, "tpm": 18.449592800565245, "sl_hits": 0, "worst_mae": -0.09656968743856886, "win": 1.0, "score": 0.3960634034093973}, "oos": {"n": 4, "months": 0.9100877192982456, "eq": 0.0, "growth": -30.360832840634743, "liq": true, "maxdd": 1.0000000000000002, "tpm": 4.395180722891566, "sl_hits": 0, "worst_mae": -0.13809844112963315, "win": 0.75, "score": -30.360832840634743}, "elapsed": 0.7093226909637451}