{"job": {"strategy": "v6", "mode": "lev", "method": "vol3", "window": 91, "fold_idx": 20, "n_samples": 350, "seed": 755075}, "status": "ok", "n_feasible": 207, "cand": {"strategy": "v6", "tv": 1, "zL": [-1.5753, -1.49, -1.617], "zS": [1.828, 1.8223, 1.7716], "zXS": [1.7004, 2.1837, 2.1327], "zXLmax": [-40.2603, -40.1643, -40.3204], "ptScale": [2.1252, 2.1871, 2.15], "eS3": [1.0, 1.0, 1.0], "eXS": [1.0, 1.0, 1.0], "lev": [7.9156, 8.216, 7.7574], "sl": 0.0}, "train": {"n": 34, "months": 2.9930098684210527, "eq": 7958.512519933192, "growth": 0.6930288252384439, "liq": false, "maxdd": 0.7089619268376522, "tpm": 11.359802170627834, "sl_hits": 0, "worst_mae": -0.0936246098974588, "win": 0.9705882352941176, "score": 0.5905984746016789}, "oos": {"n": 1, "months": 0.9185855263157895, "eq": 0.0, "growth": -30.079965691109322, "liq": true, "maxdd": NaN, "tpm": 1.0886302596239927, "sl_hits": 0, "worst_mae": -0.11833281115771388, "win": 0.0, "score": -30.079965691109322}, "elapsed": 0.7065908908843994}