{"job": {"strategy": "v6", "mode": "lev", "method": "vol3", "window": 91, "fold_idx": 13, "n_samples": 350, "seed": 755075}, "status": "ok", "n_feasible": 99, "cand": {"strategy": "v6", "tv": 1, "zL": [-1.8739730023621441, -1.357209346806916, -1.101681312594027], "zS": [1.3099650031096985, 1.4451788516466584, 0.9], "zXS": [1.3187154830361525, 1.950961665984148, 2.003599182723224], "zXLmax": [-99.0, -99.0, -99.0], "ptScale": [1.8952671633047558, 2.4, 1.898006210447711], "eS3": [1.0, 1.0, 1.0], "eXS": [1.0, 1.0, 1.0], "lev": [4.070089985947511, 3.7350304891699078, 4.386031442533033], "sl": 0.0}, "train": {"n": 40, "months": 2.7758360745614032, "eq": 3775.2861810137147, "growth": 0.4785859660598125, "liq": false, "maxdd": 0.7724254582766232, "tpm": 14.410072830514753, "sl_hits": 0, "worst_mae": -0.19166039864610762, "win": 0.975, "score": 0.2868702841325972}, "oos": {"n": 12, "months": 0.920984100877193, "eq": 1362.936640382969, "growth": 0.33620739590037224, "liq": false, "maxdd": 0.3693468017938725, "tpm": 13.029540888458962, "sl_hits": 0, "worst_mae": -0.09623969130665055, "win": 0.9166666666666666, "score": 0.33620739590037224}, "elapsed": 0.7239289283752441}