{"job": {"strategy": "v6", "mode": "lev", "method": "vol3", "window": 91, "fold_idx": 14, "n_samples": 350, "seed": 755075}, "status": "ok", "n_feasible": 96, "cand": {"strategy": "v6", "tv": 1, "zL": [-2.6, -2.6, -2.010049397839634], "zS": [1.2000374257495605, 2.0195699983961863, 1.5312947001220512], "zXS": [2.24373405057667, 3.0, 2.1085663352325694], "zXLmax": [-0.9231849620266875, -0.8998720984085404, -0.8835807243174463], "ptScale": [2.0507456051586086, 1.840743051116247, 1.5001237292897371], "eS3": [1.0, 1.0, 1.0], "eXS": [1.0, 0.0, 0.0], "lev": [9.431645868887797, 7.496392487840466, 5.144098544179301], "sl": 0.0}, "train": {"n": 33, "months": 2.8591008771929824, "eq": 5298.6827213104725, "growth": 0.5832107078901757, "liq": false, "maxdd": 0.7710361629477254, "tpm": 11.54209012464046, "sl_hits": 0, "worst_mae": -0.08817769532055242, "win": 0.9696969696969697, "score": 0.34191988553471697}, "oos": {"n": 6, "months": 0.920984100877193, "eq": 0.0, "growth": -30.001626618322, "liq": true, "maxdd": 1.0, "tpm": 6.514770444229481, "sl_hits": 0, "worst_mae": -0.09802603340936533, "win": 0.8333333333333334, "score": -30.001626618322}, "elapsed": 0.720782995223999}