{"job": {"strategy": "v6", "mode": "lev", "method": "vol3", "window": 91, "fold_idx": 10, "n_samples": 350, "seed": 755075}, "status": "ok", "n_feasible": 127, "cand": {"strategy": "v6", "tv": 1, "zL": [-2.1214, -2.3002, -2.4419], "zS": [1.6931, 1.7473, 1.5542], "zXS": [1.7383, 1.9576, 1.8713], "zXLmax": [-99.0, -99.0, -99.0], "ptScale": [1.1309, 1.2517, 1.078], "eS3": [1.0, 1.0, 1.0], "eXS": [1.0, 1.0, 1.0], "lev": [8.6963, 8.4967, 9.4696], "sl": 0.0}, "train": {"n": 54, "months": 2.9782072368421053, "eq": 6384.0398620124015, "growth": 0.6224553755846836, "liq": false, "maxdd": 0.5354048068899823, "tpm": 18.131713378434352, "sl_hits": 0, "worst_mae": -0.06588894681960378, "win": 0.9814814814814815, "score": 0.43933082795251627}, "oos": {"n": 7, "months": 0.8395696271929824, "eq": 0.0, "growth": -32.910934627673605, "liq": true, "maxdd": 1.0000000000000002, "tpm": 8.33760509346176, "sl_hits": 0, "worst_mae": -0.1069914331382312, "win": 0.8571428571428571, "score": -32.910934627673605}, "elapsed": 0.636317253112793}