{"job": {"strategy": "v6", "mode": "lev", "method": "vol3", "window": 91, "fold_idx": 1, "n_samples": 350, "seed": 755075}, "status": "ok", "n_feasible": 286, "cand": {"strategy": "v6", "tv": 0, "zL": [-1.6613, -1.5218, -1.65], "zS": [1.038, 1.0064, 1.0731], "zXS": [1.8478, 1.8561, 2.0686], "zXLmax": [-99.0, -99.0, -99.0], "ptScale": [1.9348, 2.0896, 1.9587], "eS3": [1.0, 1.0, 0.0], "eXS": [1.0, 1.0, 1.0], "lev": [9.1433, 9.5732, 9.2192], "sl": 0.0}, "train": {"n": 23, "months": 0.9268777412280702, "eq": 4982.889342841734, "growth": 1.7327095480678691, "liq": false, "maxdd": 0.3841096848415023, "tpm": 24.81449168207024, "sl_hits": 0, "worst_mae": -0.039110692254969104, "win": 1.0, "score": 1.7327095480678691}, "oos": {"n": 10, "months": 0.9159813596491229, "eq": 0.0, "growth": -30.16548407329263, "liq": true, "maxdd": 1.0, "tpm": 10.917252730809516, "sl_hits": 0, "worst_mae": -0.09645827936322232, "win": 0.9, "score": -30.16548407329263}, "elapsed": 0.6192324161529541}