{"job": {"strategy": "v6", "mode": "lev", "method": "vol3", "window": 91, "fold_idx": 19, "n_samples": 350, "seed": 755075}, "status": "ok", "n_feasible": 227, "cand": {"strategy": "v6", "tv": 1, "zL": [-1.5378, -1.3593, -1.4418], "zS": [1.5996, 1.8197, 1.8477], "zXS": [2.161, 2.2175, 1.851], "zXLmax": [-99.0, -99.0, -99.0], "ptScale": [1.8574, 1.6235, 2.1911], "eS3": [1.0, 1.0, 1.0], "eXS": [1.0, 1.0, 1.0], "lev": [8.0552, 7.6966, 7.279], "sl": 0.0}, "train": {"n": 36, "months": 2.99328399122807, "eq": 5693.06393511873, "growth": 0.5810503064467418, "liq": false, "maxdd": 0.7108052944077755, "tpm": 12.02692430972114, "sl_hits": 0, "worst_mae": -0.09907195371821143, "win": 0.9444444444444444, "score": 0.589226090830623}, "oos": {"n": 1, "months": 0.9207785087719298, "eq": 0.0, "growth": -30.008325403663992, "liq": true, "maxdd": NaN, "tpm": 1.086037511164037, "sl_hits": 0, "worst_mae": -0.11614341046777238, "win": 0.0, "score": -30.008325403663992}, "elapsed": 0.674727201461792}