{"job": {"strategy": "v6", "mode": "lev", "method": "vol3", "window": 91, "fold_idx": 3, "n_samples": 350, "seed": 755075}, "status": "ok", "n_feasible": 151, "cand": {"strategy": "v6", "tv": 1, "zL": [-1.4918, -1.3221, -1.3543], "zS": [1.7868, 2.0577, 1.6698], "zXS": [2.3541, 2.5982, 2.625], "zXLmax": [-20.7161, -20.7187, -20.6505], "ptScale": [1.6904, 1.6038, 1.4548], "eS3": [1.0, 1.0, 1.0], "eXS": [1.0, 1.0, 1.0], "lev": [7.1602, 8.1417, 7.9394], "sl": 0.0}, "train": {"n": 32, "months": 2.752946820175439, "eq": 4435.223297666594, "growth": 0.5410849031096381, "liq": false, "maxdd": 0.6807362038828152, "tpm": 11.62390779417988, "sl_hits": 0, "worst_mae": -0.09656968743856886, "win": 1.0, "score": 0.3089955038954478}, "oos": {"n": 8, "months": 0.9172149122807017, "eq": 0.0, "growth": -30.124914832907155, "liq": true, "maxdd": 1.0, "tpm": 8.722056186491333, "sl_hits": 0, "worst_mae": -0.13166090332672273, "win": 0.875, "score": -30.124914832907155}, "elapsed": 0.7731480598449707}