{"job": {"strategy": "v6", "mode": "lev", "method": "vol3", "window": 91, "fold_idx": 5, "n_samples": 350, "seed": 755075}, "status": "ok", "n_feasible": 120, "cand": {"strategy": "v6", "tv": 1, "zL": [-1.9934, -1.3341, -1.909], "zS": [1.7013, 1.5699, 1.8195], "zXS": [1.7752, 1.799, 1.7275], "zXLmax": [-99.0, -99.0, -99.0], "ptScale": [1.4169, 1.2694, 1.3325], "eS3": [1.0, 1.0, 1.0], "eXS": [1.0, 1.0, 1.0], "lev": [8.6361, 9.609, 8.4569], "sl": 0.0}, "train": {"n": 49, "months": 2.9689555921052633, "eq": 10470.603552359082, "growth": 0.7910430440070005, "liq": false, "maxdd": 0.682235860343714, "tpm": 16.504120213281627, "sl_hits": 0, "worst_mae": -0.07082743725329566, "win": 0.9591836734693877, "score": 0.4728612825136216}, "oos": {"n": 12, "months": 0.9084429824561403, "eq": 0.0, "growth": -30.41580115597687, "liq": true, "maxdd": 1.0, "tpm": 13.209414604707304, "sl_hits": 0, "worst_mae": -0.09606910188365075, "win": 0.9166666666666666, "score": -30.41580115597687}, "elapsed": 0.6275537014007568}