{"job": {"strategy": "v6", "mode": "lev", "method": "vol3", "window": 91, "fold_idx": 12, "n_samples": 350, "seed": 755075}, "status": "ok", "n_feasible": 115, "cand": {"strategy": "v6", "tv": 1, "zL": [-2.6, -2.4168839375153053, -2.173163881280611], "zS": [1.2542431348022556, 1.4024998165362514, 0.9], "zXS": [1.6271361103200024, 2.4858033123848022, 2.6434857559021396], "zXLmax": [-1.524870261331944, -1.0449706747245697, -0.946521945661314], "ptScale": [0.7028283435086694, 0.7189089980193765, 1.0537721809161211], "eS3": [1.0, 0.0, 1.0], "eXS": [1.0, 1.0, 1.0], "lev": [10.0, 10.0, 9.957484728521573], "sl": 0.0}, "train": {"n": 71, "months": 2.9086485745614037, "eq": 19250.353128891118, "growth": 1.016805340730956, "liq": false, "maxdd": 0.4884257761094218, "tpm": 24.409961595551678, "sl_hits": 0, "worst_mae": -0.05050594317529056, "win": 1.0, "score": 0.6986917509583628}, "oos": {"n": 13, "months": 0.6717379385964912, "eq": 0.0, "growth": -41.13363192446739, "liq": true, "maxdd": 1.0111813967370178, "tpm": 19.352785145888593, "sl_hits": 0, "worst_mae": -0.092, "win": 0.8461538461538461, "score": -41.13363192446739}, "elapsed": 0.6394708156585693}