{"job": {"strategy": "v6", "mode": "lev", "method": "vol3", "window": 91, "fold_idx": 11, "n_samples": 350, "seed": 755075}, "status": "ok", "n_feasible": 112, "cand": {"strategy": "v6", "tv": 0, "zL": [-1.3246, -1.4936, -1.1696], "zS": [2.0271, 2.0813, 1.8827], "zXS": [1.9671, 1.8627, 1.765], "zXLmax": [-99.0, -99.0, -99.0], "ptScale": [0.709, 0.6726, 0.7727], "eS3": [1.0, 1.0, 1.0], "eXS": [1.0, 1.0, 1.0], "lev": [7.0359, 7.7519, 9.0732], "sl": 0.0}, "train": {"n": 71, "months": 2.9060444078947367, "eq": 4724.379587048839, "growth": 0.5343126360278572, "liq": false, "maxdd": 0.6668843117692728, "tpm": 24.431835868411746, "sl_hits": 0, "worst_mae": -0.07399117477777062, "win": 0.9859154929577465, "score": 0.42363836833062063}, "oos": {"n": 18, "months": 0.9208470394736842, "eq": 0.0, "growth": -30.006092142861455, "liq": true, "maxdd": 1.0000000000000002, "tpm": 19.547220361687877, "sl_hits": 0, "worst_mae": -0.10221469823215623, "win": 0.9444444444444444, "score": -30.006092142861455}, "elapsed": 0.6395885944366455}