{"job": {"strategy": "v6", "mode": "lev", "method": "vol3", "window": 91, "fold_idx": 8, "n_samples": 350, "seed": 755075}, "status": "ok", "n_feasible": 169, "cand": {"strategy": "v6", "tv": 0, "zL": [-1.4274, -1.6187, -1.2335], "zS": [1.4567, 1.6424, 1.5148], "zXS": [2.3369, 2.0331, 2.1873], "zXLmax": [-99.0, -99.0, -99.0], "ptScale": [1.4736, 1.6225, 1.4665], "eS3": [1.0, 1.0, 1.0], "eXS": [1.0, 1.0, 1.0], "lev": [6.4912, 6.3924, 6.3919], "sl": 0.0}, "train": {"n": 50, "months": 2.9679961622807016, "eq": 7238.078270360723, "growth": 0.666899696181759, "liq": false, "maxdd": 0.7435411495676684, "tpm": 16.84638296889792, "sl_hits": 0, "worst_mae": -0.11642563354119662, "win": 0.98, "score": 0.5399788751037036}, "oos": {"n": 22, "months": 0.9194078947368421, "eq": 2220.819635447997, "growth": 0.8678154032273817, "liq": false, "maxdd": 0.47227361404855556, "tpm": 23.928443649373882, "sl_hits": 0, "worst_mae": -0.07399117477777062, "win": 1.0, "score": 0.8678154032273817}, "elapsed": 0.6831748485565186}