{
 "cand": {
  "strategy": "macdx",
  "tpL": [
   0.042408340485754294,
   0.033451287275021245,
   0.061777088367436055
  ],
  "tpS": [
   0.02910131532170813,
   0.03,
   0.02467744708162256
  ],
  "slL": [
   0.010510727865160607,
   0.05805737177447065,
   0.0564353705061402
  ],
  "slS": [
   0.1,
   0.09695144169054232,
   0.07386466785124715
  ],
  "minT": [
   99.51770612931787,
   83.66119828860299,
   100.0
  ],
  "mMinS": [
   0.39853886139472944,
   0.3154238498147839,
   0.3224439311030033
  ],
  "mMaxL": [
   -0.41064598593416235,
   -0.3439389398366357,
   -0.4259336560390967
  ],
  "hrb": [
   1.0,
   3.0,
   10.0
  ],
  "reqH": [
   1.0,
   1.0,
   1.0
  ],
  "a1L": [
   1.9003805281580213e-05,
   0.002508735554922152,
   0.007160328383461498
  ],
  "a2L": [
   0.0,
   2.423427199303647e-05,
   0.002352184314057612
  ],
  "d1L": [
   17.97352173145134,
   29.370366604175402,
   21.208207352066466
  ],
  "d2L": [
   22.162118122114766,
   31.938737436741935,
   22.906787915330423
  ],
  "cdPL": [
   0.002010627914043569,
   0.038754372464834326,
   0.06749425446816419
  ],
  "cdTL": [
   10.39533743567926,
   5.693143975939878,
   2.8188276147527254
  ],
  "a1S": [
   0.022208803552856086,
   0.02404638263668883,
   0.023950623303475343
  ],
  "a2S": [
   0.021338604952538035,
   0.010474142471970822,
   0.022823609372403818
  ],
  "d1S": [
   8.86186864465688,
   9.06362420116467,
   11.804604192509633
  ],
  "d2S": [
   23.805987177843644,
   15.918186528490295,
   20.072592893320973
  ],
  "cdPS": [
   0.0724441697552685,
   0.06406994951047203,
   0.07249198073070108
  ],
  "cdTS": [
   240.0,
   230.95455797904893,
   62.05760830317696
  ],
  "eL": [
   1.0,
   1.0,
   1.0
  ],
  "eS": [
   1.0,
   1.0,
   1.0
  ],
  "lev": [
   7.0,
   7.0,
   7.0
  ]
 },
 "metrics": {
  "n": 104,
  "months": 14.81640625,
  "eq": 6023381443.84892,
  "growth": 1.0536400728905313,
  "liq": false,
  "maxdd": 0.5577303217281281,
  "tpm": 7.019245979435802,
  "sl_hits": 4,
  "worst_mae": -0.07372322899505757,
  "win": 0.9519230769230769,
  "max_hold_days": 4.15625,
  "in_market": 0.15252010860264292,
  "score": 0.9405938841590187
 },
 "strategy": "macdx",
 "mode": "lev",
 "method": "vol3",
 "algo": "refine",
 "per_regime": true,
 "train_end": "2025-09-01",
 "holdout_days": null,
 "max_dd": null,
 "max_hold_days": 5.0,
 "gap_mode": "skip_contaminated",
 "scoring": "classic",
 "anchor": null,
 "anchor_strength": 0.0,
 "evaluated": 50400,
 "generated": "2026-07-20 16:41",
 "holdout": {
  "n": 27,
  "months": 9.656661184210527,
  "eq": 113.8365394909456,
  "growth": -0.22502515954707497,
  "liq": true,
  "maxdd": 0.9615007646601549,
  "tpm": 2.7959974451777727,
  "sl_hits": 5,
  "worst_mae": -0.13896332593216432,
  "win": 0.7777777777777778,
  "max_hold_days": 11.21875,
  "in_market": 0.14190618125044355,
  "score": -0.8754174116820685
 },
 "holdout_scan": {
  "scanned": 308,
  "pool": 598,
  "reservoir": 298,
  "survivors": 9
 },
 "holdout_survivors": [
  {
   "rank": 305,
   "train_score": 0.8328887964873302,
   "holdout": {
    "n": 61,
    "months": 9.656661184210527,
    "eq": 2715.568721310893,
    "growth": 0.10345205099067965,
    "liq": false,
    "maxdd": 0.837425463740739,
    "tpm": 6.316883116883116,
    "sl_hits": 12,
    "worst_mae": -0.08734810578984997,
    "win": 0.7540983606557377,
    "max_hold_days": 3.73125,
    "in_market": 0.19100134837839755,
    "score": 0.10708567067218316
   }
  },
  {
   "rank": 203,
   "train_score": 0.9317662534163919,
   "holdout": {
    "n": 62,
    "months": 9.656661184210527,
    "eq": 1197.1285376019887,
    "growth": 0.018632299560329853,
    "liq": false,
    "maxdd": 0.8967024158882847,
    "tpm": 6.420438577815626,
    "sl_hits": 13,
    "worst_mae": -0.09199255121042826,
    "win": 0.7580645161290323,
    "max_hold_days": 4.283333333333333,
    "in_market": 0.20789156198992265,
    "score": -0.05475432574732329
   }
  },
  {
   "rank": 292,
   "train_score": 0.9294517594232967,
   "holdout": {
    "n": 61,
    "months": 9.656661184210527,
    "eq": 631.580070795983,
    "growth": -0.04758689798199482,
    "liq": false,
    "maxdd": 0.9478411527818668,
    "tpm": 6.316883116883116,
    "sl_hits": 13,
    "worst_mae": -0.08720618635632782,
    "win": 0.7704918032786885,
    "max_hold_days": 4.283333333333333,
    "in_market": 0.21685472996948407,
    "score": -0.14654541945183983
   }
  },
  {
   "rank": 258,
   "train_score": 0.9304727957753615,
   "holdout": {
    "n": 61,
    "months": 9.656661184210527,
    "eq": 620.4745750029294,
    "growth": -0.04942398217023256,
    "liq": false,
    "maxdd": 0.9274643655216434,
    "tpm": 6.316883116883116,
    "sl_hits": 12,
    "worst_mae": -0.09199255121042826,
    "win": 0.7704918032786885,
    "max_hold_days": 4.283333333333333,
    "in_market": 0.21251153218366334,
    "score": -0.14444064351844138
   }
  },
  {
   "rank": 198,
   "train_score": 0.9318902785297825,
   "holdout": {
    "n": 61,
    "months": 9.656661184210527,
    "eq": 613.9543650339048,
    "growth": -0.050517944902512504,
    "liq": false,
    "maxdd": 0.9322219790088964,
    "tpm": 6.316883116883116,
    "sl_hits": 12,
    "worst_mae": -0.09199255121042826,
    "win": 0.7704918032786885,
    "max_hold_days": 4.283333333333333,
    "in_market": 0.2161521538570719,
    "score": -0.14662424934450008
   }
  },
  {
   "rank": 308,
   "train_score": 0.8969534321887079,
   "holdout": {
    "n": 61,
    "months": 9.656661184210527,
    "eq": 549.7425210508283,
    "growth": -0.061957776347300014,
    "liq": false,
    "maxdd": 0.9509079957993456,
    "tpm": 6.316883116883116,
    "sl_hits": 13,
    "worst_mae": -0.08720618635632782,
    "win": 0.7704918032786885,
    "max_hold_days": 4.283333333333333,
    "in_market": 0.21408700589028457,
    "score": -0.16549478844602894
   }
  },
  {
   "rank": 304,
   "train_score": 0.8153450755570837,
   "holdout": {
    "n": 58,
    "months": 9.656661184210527,
    "eq": 434.2628633811376,
    "growth": -0.08637615386152689,
    "liq": false,
    "maxdd": 0.9468678546853051,
    "tpm": 6.006216734085585,
    "sl_hits": 13,
    "worst_mae": -0.08720618635632782,
    "win": 0.7586206896551724,
    "max_hold_days": 4.283333333333333,
    "in_market": 0.19897097438081043,
    "score": -0.1873302146712168
   }
  },
  {
   "rank": 139,
   "train_score": 0.9335859355438038,
   "holdout": {
    "n": 61,
    "months": 9.656661184210527,
    "eq": 406.63798404736394,
    "growth": -0.09318251373598462,
    "liq": false,
    "maxdd": 0.970611304444037,
    "tpm": 6.316883116883116,
    "sl_hits": 13,
    "worst_mae": -0.09532195084603012,
    "win": 0.7704918032786885,
    "max_hold_days": 4.283333333333333,
    "in_market": 0.218628912071535,
    "score": -0.21659283139728275
   }
  },
  {
   "rank": 302,
   "train_score": 0.8977360871769541,
   "holdout": {
    "n": 61,
    "months": 9.656661184210527,
    "eq": 274.67854562752996,
    "growth": -0.1338095813224589,
    "liq": false,
    "maxdd": 0.9405366049436721,
    "tpm": 6.316883116883116,
    "sl_hits": 14,
    "worst_mae": -0.08603351955307281,
    "win": 0.7377049180327869,
    "max_hold_days": 3.8895833333333334,
    "in_market": 0.2010928961748634,
    "score": -0.14221474924582064
   }
  }
 ],
 "holdout_top10": [
  {
   "rank": 305,
   "train_score": 0.8328887964873302,
   "holdout": {
    "n": 61,
    "months": 9.656661184210527,
    "eq": 2715.568721310893,
    "growth": 0.10345205099067965,
    "liq": false,
    "maxdd": 0.837425463740739,
    "tpm": 6.316883116883116,
    "sl_hits": 12,
    "worst_mae": -0.08734810578984997,
    "win": 0.7540983606557377,
    "max_hold_days": 3.73125,
    "in_market": 0.19100134837839755,
    "score": 0.10708567067218316
   }
  },
  {
   "rank": 203,
   "train_score": 0.9317662534163919,
   "holdout": {
    "n": 62,
    "months": 9.656661184210527,
    "eq": 1197.1285376019887,
    "growth": 0.018632299560329853,
    "liq": false,