{
 "cand": {
  "strategy": "rocx",
  "pt": [
   0.057721163248834244,
   0.03685554157619881,
   0.03145008520507284
  ],
  "tsl": [
   0.015747469563133023,
   0.02072251819499033,
   0.016319160912013117
  ],
  "rocN": [
   3.0,
   6.0,
   7.0
  ],
  "smaN": [
   2.0,
   6.0,
   5.0
  ],
  "vRoc": [
   2.0,
   1.0,
   0.0
  ],
  "vSma": [
   1.0,
   0.0,
   0.0
  ],
  "eL": [
   1.0,
   1.0,
   0.0
  ],
  "tslm": [
   1.0,
   0.0,
   1.0
  ],
  "lev": [
   7.0,
   7.0,
   1.0
  ]
 },
 "metrics": {
  "n": 44,
  "months": 12.555235745614036,
  "eq": 185479.10786408844,
  "growth": 0.4159971469639383,
  "liq": false,
  "maxdd": 0.5308538719930718,
  "tpm": 3.504514044299859,
  "sl_hits": 9,
  "worst_mae": -0.07258173012242708,
  "win": 0.8181818181818182,
  "max_hold_days": 4.520833333333333,
  "in_market": 0.1349846620743862,
  "score": 0.1950941563001019
 },
 "strategy": "rocx",
 "mode": "lev",
 "method": "trend3",
 "algo": "genetic",
 "per_regime": true,
 "train_end": null,
 "holdout_days": 21.0,
 "max_dd": null,
 "max_hold_days": 5.0,
 "gap_mode": "skip_contaminated",
 "scoring": "classic",
 "anchor": null,
 "anchor_strength": 0.0,
 "evaluated": 100800,
 "generated": "2026-07-20 21:25",
 "holdout": {
  "n": 49,
  "months": 11.91467927631579,
  "eq": 2.538036710564027,
  "growth": -0.5015967536203214,
  "liq": false,
  "maxdd": 0.9974950207973509,
  "tpm": 4.11257398236502,
  "sl_hits": 28,
  "worst_mae": -0.08853649893692417,
  "win": 0.4489795918367347,
  "max_hold_days": 4.416666666666667,
  "in_market": 0.17208772626093558,
  "score": -0.37717552227048257
 },
 "holdout_scan": {
  "scanned": 10,
  "pool": 597,
  "reservoir": 297,
  "survivors": 10
 },
 "holdout_survivors": [
  {
   "rank": 3,
   "train_score": 0.1950941563001019,
   "holdout": {
    "n": 49,
    "months": 11.91467927631579,
    "eq": 2.6239556937032376,
    "growth": -0.49880254056676326,
    "liq": false,
    "maxdd": 0.997410220894741,
    "tpm": 4.11257398236502,
    "sl_hits": 28,
    "worst_mae": -0.08853649893692417,
    "win": 0.4489795918367347,
    "max_hold_days": 4.416666666666667,
    "in_market": 0.17208197447356766,
    "score": -0.3757603216929421
   }
  },
  {
   "rank": 9,
   "train_score": 0.1950941563001019,
   "holdout": {
    "n": 49,
    "months": 11.91467927631579,
    "eq": 2.6239556937032376,
    "growth": -0.49880254056676326,
    "liq": false,
    "maxdd": 0.997410220894741,
    "tpm": 4.11257398236502,
    "sl_hits": 28,
    "worst_mae": -0.08853649893692417,
    "win": 0.4489795918367347,
    "max_hold_days": 4.416666666666667,
    "in_market": 0.17208197447356766,
    "score": -0.3757603216929421
   }
  },
  {
   "rank": 10,
   "train_score": 0.1950941563001019,
   "holdout": {
    "n": 49,
    "months": 11.91467927631579,
    "eq": 2.6239556937032376,
    "growth": -0.49880254056676326,
    "liq": false,
    "maxdd": 0.997410220894741,
    "tpm": 4.11257398236502,
    "sl_hits": 28,
    "worst_mae": -0.08853649893692417,
    "win": 0.4489795918367347,
    "max_hold_days": 4.416666666666667,
    "in_market": 0.17208197447356766,
    "score": -0.3757603216929421
   }
  },
  {
   "rank": 1,
   "train_score": 0.1950941563001019,
   "holdout": {
    "n": 49,
    "months": 11.91467927631579,
    "eq": 2.538036710564027,
    "growth": -0.5015967536203214,
    "liq": false,
    "maxdd": 0.9974950207973509,
    "tpm": 4.11257398236502,
    "sl_hits": 28,
    "worst_mae": -0.08853649893692417,
    "win": 0.4489795918367347,
    "max_hold_days": 4.416666666666667,
    "in_market": 0.17208772626093558,
    "score": -0.37717552227048257
   }
  },
  {
   "rank": 2,
   "train_score": 0.1950941563001019,
   "holdout": {
    "n": 49,
    "months": 11.91467927631579,
    "eq": 2.538036710564027,
    "growth": -0.5015967536203214,
    "liq": false,
    "maxdd": 0.9974950207973509,
    "tpm": 4.11257398236502,
    "sl_hits": 28,
    "worst_mae": -0.08853649893692417,
    "win": 0.4489795918367347,
    "max_hold_days": 4.416666666666667,
    "in_market": 0.17208772626093558,
    "score": -0.37717552227048257
   }
  },
  {
   "rank": 4,
   "train_score": 0.1950941563001019,
   "holdout": {
    "n": 49,
    "months": 11.91467927631579,
    "eq": 2.538036710564027,
    "growth": -0.5015967536203214,
    "liq": false,
    "maxdd": 0.9974950207973509,
    "tpm": 4.11257398236502,
    "sl_hits": 28,
    "worst_mae": -0.08853649893692417,
    "win": 0.4489795918367347,
    "max_hold_days": 4.416666666666667,
    "in_market": 0.17208772626093558,
    "score": -0.37717552227048257
   }
  },
  {
   "rank": 5,
   "train_score": 0.1950941563001019,
   "holdout": {
    "n": 49,
    "months": 11.91467927631579,
    "eq": 2.538036710564027,
    "growth": -0.5015967536203214,
    "liq": false,
    "maxdd": 0.9974950207973509,
    "tpm": 4.11257398236502,
    "sl_hits": 28,
    "worst_mae": -0.08853649893692417,
    "win": 0.4489795918367347,
    "max_hold_days": 4.416666666666667,
    "in_market": 0.17208772626093558,
    "score": -0.37717552227048257
   }
  },
  {
   "rank": 6,
   "train_score": 0.1950941563001019,
   "holdout": {
    "n": 49,
    "months": 11.91467927631579,
    "eq": 2.538036710564027,
    "growth": -0.5015967536203214,
    "liq": false,
    "maxdd": 0.9974950207973509,
    "tpm": 4.11257398236502,
    "sl_hits": 28,
    "worst_mae": -0.08853649893692417,
    "win": 0.4489795918367347,
    "max_hold_days": 4.416666666666667,
    "in_market": 0.17208772626093558,
    "score": -0.37717552227048257
   }
  },
  {
   "rank": 7,
   "train_score": 0.1950941563001019,
   "holdout": {
    "n": 49,
    "months": 11.91467927631579,
    "eq": 2.538036710564027,
    "growth": -0.5015967536203214,
    "liq": false,
    "maxdd": 0.9974950207973509,
    "tpm": 4.11257398236502,
    "sl_hits": 28,
    "worst_mae": -0.08853649893692417,
    "win": 0.4489795918367347,
    "max_hold_days": 4.416666666666667,
    "in_market": 0.17208772626093558,
    "score": -0.37717552227048257
   }
  },
  {
   "rank": 8,
   "train_score": 0.1950941563001019,
   "holdout": {
    "n": 49,
    "months": 11.91467927631579,
    "eq": 2.538036710564027,
    "growth": -0.5015967536203214,
    "liq": false,
    "maxdd": 0.9974950207973509,
    "tpm": 4.11257398236502,
    "sl_hits": 28,
    "worst_mae": -0.08853649893692417,
    "win": 0.4489795918367347,
    "max_hold_days": 4.416666666666667,
    "in_market": 0.17208772626093558,
    "score": -0.37717552227048257
   }
  }
 ],
 "holdout_top10": [
  {
   "rank": 3,
   "train_score": 0.1950941563001019,
   "holdout": {
    "n": 49,
    "months": 11.91467927631579,
    "eq": 2.6239556937032376,
    "growth": -0.49880254056676326,
    "liq": false,
    "maxdd": 0.997410220894741,
    "tpm": 4.11257398236502,
    "sl_hits": 28,
    "worst_mae": -0.08853649893692417,
    "win": 0.4489795918367347,
    "max_hold_days": 4.416666666666667,
    "in_market": 0.17208197447356766,
    "score": -0.3757603216929421
   }
  },
  {
   "rank": 9,
   "train_score": 0.1950941563001019,
   "holdout": {
    "n": 49,
    "months": 11.91467927631579,
    "eq": 2.6239556937032376,
    "growth": -0.49880254056676326,
    "liq": false,
    "maxdd": 0.997410220894741,
    "tpm": 4.11257398236502,
    "sl_hits": 28,
    "worst_mae": -0.08853649893692417,
    "win": 0.4489795918367347,
    "max_hold_days": 4.416666666666667,
    "in_market": 0.17208197447356766,
    "score": -0.3757603216929421
   }
  },
  {
   "rank": 10,
   "train_score": 0.1950941563001019,
   "holdout": {
    "n": 49,
    "months": 11.91467927631579,
    "eq": 2.6239556937032376,
    "growth": -0.49880254056676326,
    "liq": false,
    "maxdd": 0.997410220894741,
    "tpm": 4.11257398236502,
    "sl_hits": 28,
    "worst_mae": -0.08853649893692417,
    "win": 0.4489795918367347,
    "max_hold_days": 4.416666666666667,
    "in_market": 0.17208197447356766,
    "score": -0.3757603216929421
   }
  },
  {
   "rank": 1,
   "train_score": 0.1950941563001019,
   "holdout": {
    "n": 49,
    "months": 11.91467927631579,