{
 "cand": {
  "strategy": "v7",
  "mode": "lev",
  "regs": [
   {
    "requireHistPos": 0.0,
    "ptLong": 0.012600648244879116,
    "rsiValLong": 69.79530642766275,
    "vEmaUp": 2.0,
    "dur2Short": 212.0358690249322,
    "xCdPeriodShort": 120.0,
    "bbValShort": 1.1547758899129457,
    "eL3": 1.0,
    "cdPeriodLong": 224.90617900712544,
    "leverage": 9.828295700918614,
    "xDur2Long": 161.0581616424889,
    "xDur1Short": 130.04183117985752,
    "xApt1Short": 0.014501640078882104,
    "cdPeriodShort": 209.34759727434948,
    "xDur2Short": 102.30996227927321,
    "vEmaDn": 0.0,
    "bbValLong": 0.23898237316742155,
    "vRsi": 1.0,
    "xApt1Long": 0.001953175049186526,
    "apt2Short": 0.004678959222460434,
    "slLong": 0.09994482268995752,
    "rsiValShort": 76.66769078891903,
    "eXL": 0.0,
    "apt1Long": 0.0028570768344964685,
    "zL": -2.402475276280491,
    "xMinBetween": 7.778408267925686,
    "cdPctShort": 0.005581093526114096,
    "eS3": 1.0,
    "eXS": 1.0,
    "vMacd": 0.0,
    "xTpShort": 0.014920000036872404,
    "xApt2Long": 0.0005906594352772109,
    "dur1Short": 46.96909756623863,
    "xTpLong": 0.002088840951664619,
    "slShort": 0.09733361343460296,
    "zXLmax": -1.7243964031145782,
    "ptShort": 0.005405423066644241,
    "xCdPctShort": 0.0019100348491394076,
    "dur2Long": 203.11322202172565,
    "zS": 2.863662839836783,
    "vHistN": 3.0,
    "xDur1Long": 225.33375095560118,
    "cdPctLong": 0.010671224540791667,
    "zXS": 1.9009437458427996,
    "dur1Long": 30.085729305485742,
    "apt1Short": 0.002928179156247586,
    "vX": 0.0,
    "vBB": 3.0,
    "trendBlockZ": 2.0,
    "xApt2Short": 0.006482067178212979,
    "apt2Long": 0.0020423417121201524
   },
   {
    "requireHistPos": 1.0,
    "ptLong": 0.02747047335642348,
    "rsiValLong": 67.2482200958728,
    "vEmaUp": 4.0,
    "dur2Short": 285.2659127901368,
    "xCdPeriodShort": 14.306632533995627,
    "bbValShort": 0.8114684946854935,
    "eL3": 1.0,
    "cdPeriodLong": 67.96186553508278,
    "leverage": 9.708164026858299,
    "xDur2Long": 142.76562342668694,
    "xDur1Short": 96.36454820575338,
    "xApt1Short": 0.007131764807549096,
    "cdPeriodShort": 36.31080827191643,
    "xDur2Short": 315.61146810618857,
    "vEmaDn": 2.0,
    "bbValLong": 0.10594999611455166,
    "vRsi": 0.0,
    "xApt1Long": 0.002961586610447796,
    "apt2Short": 0.015,
    "slLong": 0.11002800678085295,
    "rsiValShort": 83.493789661969,
    "eXL": 0.0,
    "apt1Long": 0.011757973574575857,
    "zL": -1.8350900529209047,
    "xMinBetween": 9.839991408317482,
    "cdPctShort": 0.005859948626595958,
    "eS3": 1.0,
    "eXS": 1.0,
    "vMacd": 1.0,
    "xTpShort": 0.008087578490834729,
    "xApt2Long": 0.002004264694933696,
    "dur1Short": 43.92241264254028,
    "xTpLong": 0.0067612637577367275,
    "slShort": 0.08908858027456727,
    "zXLmax": -1.3106637640679064,
    "ptShort": 0.020926264010305843,
    "xCdPctShort": 0.0009489402763849708,
    "dur2Long": 178.58656205027506,
    "zS": 0.8,
    "vHistN": 3.0,
    "xDur1Long": 39.58409572896872,
    "cdPctLong": 0.005452920584898927,
    "zXS": 1.9386923335523378,
    "dur1Long": 60.44154303838298,
    "apt1Short": 0.01593012489891741,
    "vX": 1.0,
    "vBB": 4.0,
    "trendBlockZ": 2.0,
    "xApt2Short": 0.008497438574225894,
    "apt2Long": 0.01491820242556215
   },
   {
    "requireHistPos": 0.0,
    "ptLong": 0.012640729868143135,
    "rsiValLong": 85.0,
    "vEmaUp": 3.0,
    "dur2Short": 41.07105565073675,
    "xCdPeriodShort": 88.97277811865689,
    "bbValShort": 1.1621048161697323,
    "eL3": 1.0,
    "cdPeriodLong": 119.21246891624101,
    "leverage": 10.0,
    "xDur2Long": 186.77068274890183,
    "xDur1Short": 108.75446984030819,
    "xApt1Short": 0.015,
    "cdPeriodShort": 182.0947167945516,
    "xDur2Short": 720.0,
    "vEmaDn": 3.0,
    "bbValLong": 0.11179420400044003,
    "vRsi": 3.0,
    "xApt1Long": 0.015,
    "apt2Short": 0.00675473437778431,
    "slLong": 0.12,
    "rsiValShort": 62.206830635938886,
    "eXL": 0.0,
    "apt1Long": 0.01529048137991855,
    "zL": -1.0938798390011832,
    "xMinBetween": 9.202124542729342,
    "cdPctShort": 0.012,
    "eS3": 0.0,
    "eXS": 1.0,
    "vMacd": 3.0,
    "xTpShort": 0.007503446183912127,
    "xApt2Long": 0.0024693391488297767,
    "dur1Short": 0.6,
    "xTpLong": 0.009507398624461996,
    "slShort": 0.10848994182376007,
    "zXLmax": -0.858758710399649,
    "ptShort": 0.014947214615919191,
    "xCdPctShort": 0.01,
    "dur2Long": 139.81640995575663,
    "zS": 1.4777811772754754,
    "vHistN": 3.0,
    "xDur1Long": 10.0,
    "cdPctLong": 0.0050749025673105215,
    "zXS": 2.2369665203580302,
    "dur1Long": 4.840299565448486,
    "apt1Short": 0.0015235623058432101,
    "vX": 3.0,
    "vBB": 4.0,
    "trendBlockZ": 99.0,
    "xApt2Short": 0.01,
    "apt2Long": 0.004913918630199299
   }
  ]
 },
 "metrics": {
  "n": 162,
  "months": 12.27981085526316,
  "eq": 59801727910.38697,
  "growth": 1.4582101731356183,
  "liq": false,
  "maxdd": 0.5526706475677293,
  "tpm": 13.19238560833096,
  "sl_hits": 0,
  "worst_mae": -0.05475922803072886,
  "win": 1.0,
  "max_hold_days": 2.875,
  "in_market": 0.1260024443737548,
  "score": 1.0229286478279265
 },
 "strategy": "v7",
 "mode": "lev",
 "method": "vol3",
 "algo": "genetic",
 "per_regime": true,
 "train_end": null,
 "holdout_days": 30.0,
 "max_dd": 0.6,
 "max_hold_days": 10.0,
 "gap_mode": "skip_contaminated",
 "scoring": "underwater",
 "anchor": "defaults",
 "anchor_strength": 0.3,
 "evaluated": 500640,
 "generated": "2026-07-09 22:25",
 "holdout": {
  "n": 9,
  "months": 1.2245065789473686,
  "eq": 0.0,
  "growth": -22.56502463194702,
  "liq": true,
  "maxdd": 1.0,
  "tpm": 7.34989926124916,
  "sl_hits": 0,
  "worst_mae": -0.09500608819890471,
  "win": 0.8888888888888888,
  "max_hold_days": 16.38125,
  "in_market": 0.5095142153570629,
  "score": -22.81978173962555
 },
 "holdout_scan": {
  "scanned": 599,
  "pool": 599,
  "reservoir": 299,
  "survivors": 1
 },
 "holdout_survivors": [
  {
   "rank": 491,
   "train_score": 0.007548327692931983,
   "holdout": {
    "n": 31,
    "months": 12.193256578947368,
    "eq": 4516.5979035923465,
    "growth": 0.12365515516569038,
    "liq": false,
    "maxdd": 0.23851327104950815,
    "tpm": 2.5423888851419707,
    "sl_hits": 0,
    "worst_mae": -0.02567421790722757,
    "win": 0.967741935483871,
    "max_hold_days": 0.56875,
    "in_market": 0.007694296441177132,
    "score": 0.0788768341321848
   }
  }
 ],
 "holdout_top10": [
  {
   "rank": 491,
   "train_score": 0.007548327692931983,
   "holdout": {
    "n": 31,
    "months": 12.193256578947368,
    "eq": 4516.5979035923465,
    "growth": 0.12365515516569038,
    "liq": false,
    "maxdd": 0.23851327104950815,
    "tpm": 2.5423888851419707,
    "sl_hits": 0,
    "worst_mae": -0.02567421790722757,
    "win": 0.967741935483871,
    "max_hold_days": 0.56875,
    "in_market": 0.007694296441177132,
    "score": 0.0788768341321848
   }
  },
  {
   "rank": 1,
   "train_score": 0.9122963632143649,
   "holdout": {
    "n": 9,
    "months": 1.2245065789473686,
    "eq": 0.0,
    "growth": -22.56502463194702,
    "liq": true,
    "maxdd": 1.0,
    "tpm": 7.34989926124916,
    "sl_hits": 0,
    "worst_mae": -0.09500608819890471,
    "win": 0.8888888888888888,
    "max_hold_days": 16.38125,
    "in_market": 0.5095142153570629,
    "score": -22.81978173962555
   }
  },
  {
   "rank": 2,
   "train_score": 0.902873429982078,
   "holdout": {
    "n": 7,
    "months": 1.2245065789473686,
    "eq": 0.0,
    "growth": -22.56502463194702,
    "liq": true,
    "maxdd": 1.0,
    "tpm": 5.716588314304902,
    "sl_hits": 0,
    "worst_mae": -0.092,
    "win": 0.8571428571428571,
    "max_hold_days": 16.38125,
    "in_market": 0.5051488694873517,
    "score": -22.817599066690693
   }
  },
  {
   "rank": 3,
   "train_score": 0.8971674658798143,
   "holdout": {
    "n": 8,
    "months": 1.2245065789473686,
    "eq": 0.0,
    "growth": -22.56502463194702,
    "liq": true,