{
 "cand": {
  "strategy": "v7",
  "mode": "spot",
  "regs": [
   {
    "zL": -1.6934516632908452,
    "zS": 2.439001711241268,
    "zXS": 2.083214566015248,
    "zXLmax": -2.421784027717409,
    "rsiValLong": 38.86546415362914,
    "rsiValShort": 54.8137915261187,
    "bbValLong": 0.003725747920002742,
    "bbValShort": 0.9275628265622333,
    "ptLong": 0.03,
    "apt1Long": 0.0018214930859786341,
    "apt2Long": 0.003791740280594033,
    "dur1Long": 22.185944848601668,
    "dur2Long": 49.16027077120075,
    "ptShort": 0.02679323032176438,
    "apt1Short": 0.0037024529320324067,
    "apt2Short": 0.0019826537392424464,
    "dur1Short": 27.873718643188592,
    "dur2Short": 120.21736476309533,
    "xTpLong": 0.01567804065960358,
    "xApt1Long": 0.010456928464814401,
    "xApt2Long": 0.0018715561647294242,
    "xDur1Long": 25.327529301971225,
    "xDur2Long": 227.9683873202348,
    "xTpShort": 0.01206697707172033,
    "xApt1Short": 0.012155359261645862,
    "xApt2Short": 0.009146236812465871,
    "xDur1Short": 36.7630138433024,
    "xDur2Short": 377.04273370072366,
    "cdPctLong": 0.0015167201381638422,
    "cdPeriodLong": 40.187736838045915,
    "cdPctShort": 0.0057405144793388355,
    "cdPeriodShort": 188.44193732967278,
    "xCdPctShort": 0.004096641079206681,
    "xCdPeriodShort": 27.275723373910232,
    "xMinBetween": 5.869719727392397,
    "slLong": 0.1152884908736082,
    "slShort": 0.06844204760795645,
    "leverage": 1.0,
    "vRsi": 5.0,
    "vMacd": 4.0,
    "vBB": 3.0,
    "vEmaUp": 4.0,
    "vEmaDn": 0.0,
    "vX": 2.0,
    "vHistN": 0.0,
    "trendBlockZ": 2.0,
    "eL3": 1.0,
    "eS3": 0.0,
    "eXL": 0.0,
    "eXS": 0.0,
    "requireHistPos": 0.0
   },
   {
    "zL": -2.0961789585990966,
    "zS": 2.1128018761834704,
    "zXS": 2.049479789219875,
    "zXLmax": -0.739019760429457,
    "rsiValLong": 42.765591078600394,
    "rsiValShort": 57.9667225160016,
    "bbValLong": 0.2809376064512388,
    "bbValShort": 0.9658665963823119,
    "ptLong": 0.0035366869364506157,
    "apt1Long": 0.001,
    "apt2Long": 0.004465277283176307,
    "dur1Long": 45.873450380049796,
    "dur2Long": 215.579683875067,
    "ptShort": 0.01367812345676507,
    "apt1Short": 0.004652292722648898,
    "apt2Short": 0.006222993309131779,
    "dur1Short": 25.02670049236776,
    "dur2Short": 183.2237564611514,
    "xTpLong": 0.010650530558158948,
    "xApt1Long": 0.013637557201171793,
    "xApt2Long": 0.009276889739859025,
    "xDur1Long": 128.6775859170961,
    "xDur2Long": 590.1394264008811,
    "xTpShort": 0.00961345636935567,
    "xApt1Short": 0.006949930394441951,
    "xApt2Short": 4.668206438776634e-05,
    "xDur1Short": 21.915597688899595,
    "xDur2Short": 266.76239133105764,
    "cdPctLong": 0.0029921826274785126,
    "cdPeriodLong": 227.61756306979973,
    "cdPctShort": 0.0017845423210329518,
    "cdPeriodShort": 90.94978073080618,
    "xCdPctShort": 0.008516070555085133,
    "xCdPeriodShort": 37.94078177551193,
    "xMinBetween": 11.374004767538553,
    "slLong": 0.10439450561857774,
    "slShort": 0.041849540075569215,
    "leverage": 1.0,
    "vRsi": 0.0,
    "vMacd": 1.0,
    "vBB": 1.0,
    "vEmaUp": 4.0,
    "vEmaDn": 0.0,
    "vX": 1.0,
    "vHistN": 3.0,
    "trendBlockZ": 99.0,
    "eL3": 1.0,
    "eS3": 0.0,
    "eXL": 1.0,
    "eXS": 0.0,
    "requireHistPos": 0.0
   },
   {
    "zL": -1.458234158895075,
    "zS": 1.1014225358516372,
    "zXS": 1.731666228668948,
    "zXLmax": -2.5,
    "rsiValLong": 60.598213790741504,
    "rsiValShort": 61.56788233684472,
    "bbValLong": 0.14807334545710374,
    "bbValShort": 1.001882604444833,
    "ptLong": 0.025015853350943695,
    "apt1Long": 0.004464909356641096,
    "apt2Long": 0.0013310006831530837,
    "dur1Long": 61.97851546091227,
    "dur2Long": 181.70510473031266,
    "ptShort": 0.0038301772985970795,
    "apt1Short": 0.0026050964444433765,
    "apt2Short": 0.002076122795428943,
    "dur1Short": 42.05306734076558,
    "dur2Short": 155.61344294113607,
    "xTpLong": 0.0013658087394276732,
    "xApt1Long": 0.004019678093764314,
    "xApt2Long": 0.004349757485946594,
    "xDur1Long": 191.6100218942891,
    "xDur2Long": 638.8814755710093,
    "xTpShort": 0.01907006457559182,
    "xApt1Short": 0.00937386575564478,
    "xApt2Short": 0.0060783790615523536,
    "xDur1Short": 177.9150652031203,
    "xDur2Short": 473.04098524708786,
    "cdPctLong": 0.010864317900635764,
    "cdPeriodLong": 131.89850855703767,
    "cdPctShort": 0.0005455929216991094,
    "cdPeriodShort": 10.0,
    "xCdPctShort": 0.006188603721003004,
    "xCdPeriodShort": 30.424623152409758,
    "xMinBetween": 5.606118067606492,
    "slLong": 0.062109561892287876,
    "slShort": 0.10581652380491206,
    "leverage": 1.0,
    "vRsi": 5.0,
    "vMacd": 3.0,
    "vBB": 1.0,
    "vEmaUp": 4.0,
    "vEmaDn": 3.0,
    "vX": 2.0,
    "vHistN": 1.0,
    "trendBlockZ": 99.0,
    "eL3": 1.0,
    "eS3": 0.0,
    "eXL": 1.0,
    "eXS": 0.0,
    "requireHistPos": 1.0
   }
  ]
 },
 "metrics": {
  "n": 231,
  "months": 24.473067434210524,
  "eq": 2173.524595117006,
  "growth": 0.031722630985001984,
  "liq": false,
  "maxdd": 0.1906621560878644,
  "tpm": 9.438947554121828,
  "sl_hits": 6,
  "worst_mae": -0.14158650943775908,
  "win": 0.961038961038961,
  "score": 0.01843176465446773
 },
 "strategy": "v7",
 "mode": "spot",
 "method": "vol3",
 "algo": "genetic",
 "per_regime": true,
 "train_end": null,
 "evaluated": 960,
 "generated": "2026-07-02 06:11"
}