{
 "cand": {
  "strategy": "macdx",
  "tpL": [
   0.0525134752901288,
   0.09593938377691123,
   0.06300634091257712
  ],
  "tpS": [
   0.029804838433551743,
   0.02499930695884881,
   0.024186108798758245
  ],
  "slL": [
   0.02213424893758318,
   0.04541760901717491,
   0.02644927995879304
  ],
  "slS": [
   0.018495224208479148,
   0.01644906641211789,
   0.04027957301658568
  ],
  "minT": [
   97.03568478726565,
   81.36450505809204,
   62.86261639223366
  ],
  "mMinS": [
   0.11313536212713371,
   0.08373156892579066,
   0.0501312996034544
  ],
  "mMaxL": [
   -0.0766743856816291,
   -0.08350086379685936,
   -0.038836713215954576
  ],
  "hrb": [
   5.0,
   1.0,
   5.0
  ],
  "reqH": [
   0.0,
   0.0,
   1.0
  ],
  "a1L": [
   0.009492309795277692,
   0.010999209592281005,
   0.00879422148668126
  ],
  "a2L": [
   0.007255183063580396,
   0.005918728002458257,
   0.005085474611346263
  ],
  "d1L": [
   22.406786179238328,
   10.181758849314688,
   8.890334562048402
  ],
  "d2L": [
   22.840734007299332,
   22.98739043396684,
   24.0
  ],
  "cdPL": [
   0.07685471563143495,
   0.04478304272982141,
   0.06882561751277441
  ],
  "cdTL": [
   13.925130442166617,
   15.498531769981431,
   12.161365910764024
  ],
  "a1S": [
   0.02751304346320984,
   0.020975501074900735,
   0.01481721381047426
  ],
  "a2S": [
   0.001731307895237516,
   0.01756677265899426,
   0.012249321994084919
  ],
  "d1S": [
   10.434156595620827,
   15.745943345671769,
   15.186734074001931
  ],
  "d2S": [
   21.286394132973342,
   24.0,
   21.528506933125623
  ],
  "cdPS": [
   0.08421716741103742,
   0.038654420773123754,
   0.06283479685718182
  ],
  "cdTS": [
   109.52384716851255,
   86.40572124872612,
   109.72693313815104
  ],
  "eL": [
   1.0,
   1.0,
   1.0
  ],
  "eS": [
   1.0,
   1.0,
   1.0
  ],
  "lev": [
   4.0,
   6.0,
   10.0
  ]
 },
 "metrics": {
  "n": 118,
  "months": 12.555235745614036,
  "eq": 1905843970.3114283,
  "growth": 1.1517454383539503,
  "liq": false,
  "maxdd": 0.7374245020728192,
  "tpm": 9.39846948244053,
  "sl_hits": 19,
  "worst_mae": -0.047932880959091095,
  "win": 0.8389830508474576,
  "max_hold_days": 1.5520833333333333,
  "in_market": 0.14019191511195048,
  "score": 0.5000093975208226
 },
 "strategy": "macdx",
 "mode": "lev",
 "method": "vol3",
 "algo": "refine",
 "per_regime": true,
 "train_end": null,
 "holdout_days": 21.0,
 "max_dd": null,
 "max_hold_days": 5.0,
 "gap_mode": "skip_contaminated",
 "scoring": "classic",
 "anchor": null,
 "anchor_strength": 0.0,
 "evaluated": 50400,
 "generated": "2026-07-20 21:58",
 "holdout": {
  "n": 118,
  "months": 11.91467927631579,
  "eq": 60.79508567999228,
  "growth": -0.23502490129758086,
  "liq": false,
  "maxdd": 0.9748175473016589,
  "tpm": 9.90374959018515,
  "sl_hits": 53,
  "worst_mae": -0.05480288728484173,
  "win": 0.5508474576271186,
  "max_hold_days": 1.6458333333333333,
  "in_market": 0.17155856182308651,
  "score": -0.24374625405654643
 },
 "holdout_scan": {
  "scanned": 10,
  "pool": 597,
  "reservoir": 297,
  "survivors": 10
 },
 "holdout_survivors": [
  {
   "rank": 4,
   "train_score": 0.49954039517694493,
   "holdout": {
    "n": 117,
    "months": 11.91467927631579,
    "eq": 149.17870503597,
    "growth": -0.15968623954671024,
    "liq": false,
    "maxdd": 0.9505323863168375,
    "tpm": 9.819819508912394,
    "sl_hits": 48,
    "worst_mae": -0.05480288728484173,
    "win": 0.5897435897435898,
    "max_hold_days": 2.7395833333333335,
    "in_market": 0.1782651458940866,
    "score": -0.20478354011819297
   }
  },
  {
   "rank": 10,
   "train_score": 0.4981543635064795,
   "holdout": {
    "n": 117,
    "months": 11.91467927631579,
    "eq": 143.17596200572095,
    "growth": -0.16313329604250457,
    "liq": false,
    "maxdd": 0.9524522108096452,
    "tpm": 9.819819508912394,
    "sl_hits": 48,
    "worst_mae": -0.05480288728484173,
    "win": 0.5897435897435898,
    "max_hold_days": 2.7395833333333335,
    "in_market": 0.17866201922247338,
    "score": -0.20604788586276324
   }
  },
  {
   "rank": 7,
   "train_score": 0.4986487162013451,
   "holdout": {
    "n": 117,
    "months": 11.91467927631579,
    "eq": 96.76581495284219,
    "growth": -0.19601547336891406,
    "liq": false,
    "maxdd": 0.9561835440119939,
    "tpm": 9.819819508912394,
    "sl_hits": 49,
    "worst_mae": -0.05480288728484173,
    "win": 0.5811965811965812,
    "max_hold_days": 2.7333333333333334,
    "in_market": 0.17950178017819038,
    "score": -0.2234338899054693
   }
  },
  {
   "rank": 5,
   "train_score": 0.49935183309108266,
   "holdout": {
    "n": 117,
    "months": 11.91467927631579,
    "eq": 94.95711463702085,
    "growth": -0.19759910103983433,
    "liq": false,
    "maxdd": 0.9570025402434864,
    "tpm": 9.819819508912394,
    "sl_hits": 49,
    "worst_mae": -0.05480288728484173,
    "win": 0.5811965811965812,
    "max_hold_days": 2.7333333333333334,
    "in_market": 0.17938099264346397,
    "score": -0.22416420501324003
   }
  },
  {
   "rank": 6,
   "train_score": 0.49935183309108266,
   "holdout": {
    "n": 117,
    "months": 11.91467927631579,
    "eq": 94.95711463702085,
    "growth": -0.19759910103983433,
    "liq": false,
    "maxdd": 0.9570025402434864,
    "tpm": 9.819819508912394,
    "sl_hits": 49,
    "worst_mae": -0.05480288728484173,
    "win": 0.5811965811965812,
    "max_hold_days": 2.7333333333333334,
    "in_market": 0.17938099264346397,
    "score": -0.22416420501324003
   }
  },
  {
   "rank": 2,
   "train_score": 0.49989307793949933,
   "holdout": {
    "n": 117,
    "months": 11.91467927631579,
    "eq": 93.2500231275668,
    "growth": -0.1991216815342634,
    "liq": false,
    "maxdd": 0.957775527067686,
    "tpm": 9.819819508912394,
    "sl_hits": 49,
    "worst_mae": -0.05480288728484173,
    "win": 0.5811965811965812,
    "max_hold_days": 2.7333333333333334,
    "in_market": 0.17937524085609602,
    "score": -0.22488594602945852
   }
  },
  {
   "rank": 3,
   "train_score": 0.49983065701998136,
   "holdout": {
    "n": 118,
    "months": 11.91467927631579,
    "eq": 72.07307077488072,
    "growth": -0.22074239194630652,
    "liq": false,
    "maxdd": 0.9717462952859369,
    "tpm": 9.90374959018515,
    "sl_hits": 51,
    "worst_mae": -0.05480288728484173,
    "win": 0.5677966101694916,
    "max_hold_days": 1.6458333333333333,
    "in_market": 0.1702931686021431,
    "score": -0.23429293532958412
   }
  },
  {
   "rank": 8,
   "train_score": 0.49862545635651245,
   "holdout": {
    "n": 118,
    "months": 11.91467927631579,
    "eq": 71.69939759878622,
    "growth": -0.22117867145117937,
    "liq": false,
    "maxdd": 0.9718927806717189,
    "tpm": 9.90374959018515,
    "sl_hits": 51,
    "worst_mae": -0.05480288728484173,
    "win": 0.5677966101694916,
    "max_hold_days": 1.6458333333333333,
    "in_market": 0.1699365577853318,
    "score": -0.23444907399275586
   }
  },
  {
   "rank": 9,
   "train_score": 0.4984831156773367,
   "holdout": {
    "n": 118,
    "months": 11.91467927631579,
    "eq": 71.69939759878622,
    "growth": -0.22117867145117937,
    "liq": false,
    "maxdd": 0.9718927806717189,
    "tpm": 9.90374959018515,
    "sl_hits": 51,
    "worst_mae": -0.05480288728484173,
    "win": 0.5677966101694916,
    "max_hold_days": 1.6458333333333333,
    "in_market": 0.1699365577853318,
    "score": -0.23444907399275586
   }
  },
  {
   "rank": 1,
   "train_score": 0.5000093975208226,
   "holdout": {
    "n": 118,
    "months": 11.91467927631579,
    "eq": 60.79508567999228,
    "growth": -0.23502490129758086,
    "liq": false,
    "maxdd": 0.9748175473016589,
    "tpm": 9.90374959018515,
    "sl_hits": 53,
    "worst_mae": -0.05480288728484173,
    "win": 0.5508474576271186,
    "max_hold_days": 1.6458333333333333,
    "in_market": 0.17155856182308651,
    "score": -0.24374625405654643
   }
  }
 ],
 "holdout_top10": [
  {
   "rank": 4,
   "train_score": 0.49954039517694493,
   "holdout": {
    "n": 117,
    "months": 11.91467927631579,