{
 "cand": {
  "strategy": "v7",
  "mode": "lev",
  "regs": [
   {
    "apt1Long": 0.0014165816866515194,
    "apt1Short": 0.002788238674045226,
    "apt2Long": 0.0006548898722532592,
    "apt2Short": 0.0016729432044271357,
    "bbValLong": -0.34095386696129437,
    "bbValShort": 1.05288385552796,
    "cdPctLong": 0.007054962842054869,
    "cdPctShort": 0.0008163742518558927,
    "cdPeriodLong": 88.88025545732673,
    "cdPeriodShort": 78.35027378506257,
    "dur1Long": 29.00884555530474,
    "dur1Short": 37.27213922124539,
    "dur2Long": 46.75811437785382,
    "dur2Short": 72.78774685723923,
    "leverage": 8.0,
    "ptLong": 0.025968724982800943,
    "ptShort": 0.02168940246413279,
    "rsiValLong": 56.113921624781106,
    "rsiValShort": 62.480046259353585,
    "slLong": 0.024184375523714934,
    "slShort": 0.0367630769131909,
    "xApt1Long": 0.00442305885155483,
    "xApt1Short": 0.004091290107709809,
    "xApt2Long": 0.002216998917713302,
    "xApt2Short": 0.0008271863276115554,
    "xCdPctShort": 0.004619452672702403,
    "xCdPeriodShort": 96.57824419073103,
    "xDur1Long": 128.45062127960702,
    "xDur1Short": 233.88925388993368,
    "xDur2Long": 158.2968412069763,
    "xDur2Short": 698.418558237264,
    "xMinBetween": 18.89445708431427,
    "xTpLong": 0.0022219597555739362,
    "xTpShort": 0.005672733026756204,
    "zL": -1.0969000732211178,
    "zS": 2.5104896478464678,
    "zXLmax": -1.1653975941152241,
    "zXS": 1.5449249006828185,
    "trendBlockZ": 1.5,
    "vBB": 1.0,
    "vEmaDn": 3.0,
    "vEmaUp": 1.0,
    "vHistN": 3.0,
    "vMacd": 1.0,
    "vRsi": 2.0,
    "vX": 4.0,
    "eL3": 0.0,
    "eS3": 1.0,
    "eXL": 0.0,
    "eXS": 0.0,
    "requireHistPos": 1.0
   },
   {
    "apt1Long": 0.013370008451020283,
    "apt1Short": 0.012912420177794795,
    "apt2Long": 0.0128015065951242,
    "apt2Short": 0.0011067559671731635,
    "bbValLong": 0.06621827540432956,
    "bbValShort": 1.0007959713864536,
    "cdPctLong": 0.0008063073588593089,
    "cdPctShort": 0.003957150375135419,
    "cdPeriodLong": 215.933030179259,
    "cdPeriodShort": 137.48577743571278,
    "dur1Long": 34.775411220814746,
    "dur1Short": 74.72108209067791,
    "dur2Long": 153.93677518545866,
    "dur2Short": 235.89858392242468,
    "leverage": 5.0,
    "ptLong": 0.014945982973207853,
    "ptShort": 0.029041285062580136,
    "rsiValLong": 56.88537944001206,
    "rsiValShort": 81.6603040229416,
    "slLong": 0.02844692190932381,
    "slShort": 0.025006847850985517,
    "xApt1Long": 0.011868487512475519,
    "xApt1Short": 0.014987360957283001,
    "xApt2Long": 0.0050898350182945,
    "xApt2Short": 0.004372565266009387,
    "xCdPctShort": 0.00689923731819995,
    "xCdPeriodShort": 20.853944306872812,
    "xDur1Long": 134.9843607399616,
    "xDur1Short": 124.33847574006454,
    "xDur2Long": 145.0820451375411,
    "xDur2Short": 236.86574653499454,
    "xMinBetween": 3.621583211537387,
    "xTpLong": 0.005114208560422942,
    "xTpShort": 0.00208871425553274,
    "zL": -1.6770838814949545,
    "zS": 0.8418216840413087,
    "zXLmax": -0.993311411751688,
    "zXS": 2.898324189761479,
    "trendBlockZ": 2.0,
    "vBB": 0.0,
    "vEmaDn": 1.0,
    "vEmaUp": 1.0,
    "vHistN": 3.0,
    "vMacd": 1.0,
    "vRsi": 0.0,
    "vX": 1.0,
    "eL3": 1.0,
    "eS3": 1.0,
    "eXL": 1.0,
    "eXS": 1.0,
    "requireHistPos": 1.0
   },
   {
    "apt1Long": 0.005809207443072278,
    "apt1Short": 0.01476293857434699,
    "apt2Long": 0.0034855244658433667,
    "apt2Short": 0.0014916275284558643,
    "bbValLong": -0.24379055143149966,
    "bbValShort": 0.8256889081451679,
    "cdPctLong": 0.01057858712225417,
    "cdPctShort": 0.007050630538665277,
    "cdPeriodLong": 127.54637798801,
    "cdPeriodShort": 91.96746373086955,
    "dur1Long": 28.467912680289192,
    "dur1Short": 14.887971053035134,
    "dur2Long": 180.48496799357557,
    "dur2Short": 274.79472396043633,
    "leverage": 9.0,
    "ptLong": 0.02424815186899639,
    "ptShort": 0.015799985213630498,
    "rsiValLong": 77.69274822027386,
    "rsiValShort": 54.49168336280091,
    "slLong": 0.0978832314881371,
    "slShort": 0.10427001917423424,
    "xApt1Long": 0.01127680376088999,
    "xApt1Short": 0.0063696162958837,
    "xApt2Long": 0.0016087133722023218,
    "xApt2Short": 0.007919511306239569,
    "xCdPctShort": 0.0018397835293771645,
    "xCdPeriodShort": 50.74979940601276,
    "xDur1Long": 33.498170526557395,
    "xDur1Short": 68.8147451188611,
    "xDur2Long": 717.5112438701615,
    "xDur2Short": 77.78866462184882,
    "xMinBetween": 15.04443789202656,
    "xTpLong": 0.013097590261611138,
    "xTpShort": 0.018229928626465306,
    "zL": -1.3525133658686437,
    "zS": 2.271235168129959,
    "zXLmax": -1.9378198967196787,
    "zXS": 2.1807261566379954,
    "trendBlockZ": 1.5,
    "vBB": 3.0,
    "vEmaDn": 1.0,
    "vEmaUp": 3.0,
    "vHistN": 2.0,
    "vMacd": 0.0,
    "vRsi": 3.0,
    "vX": 2.0,
    "eL3": 1.0,
    "eS3": 1.0,
    "eXL": 1.0,
    "eXS": 1.0,
    "requireHistPos": 1.0
   },
   {
    "apt1Long": 0.008354001797976457,
    "apt1Short": 0.00536405930487,
    "apt2Long": 0.005293348092962413,
    "apt2Short": 0.0014261535091386135,
    "bbValLong": 0.11210301933525418,
    "bbValShort": 0.9199383688232794,
    "cdPctLong": 0.005279952635382803,
    "cdPctShort": 0.005300681836853466,
    "cdPeriodLong": 128.78171987678226,
    "cdPeriodShort": 122.48389643540251,
    "dur1Long": 28.734255635060208,
    "dur1Short": 67.37762727812765,
    "dur2Long": 99.7417665529323,
    "dur2Short": 114.05991424548911,
    "leverage": 9.0,
    "ptLong": 0.01193428828282351,
    "ptShort": 0.0076629418641,
    "rsiValLong": 70.33615486031958,
    "rsiValShort": 78.00033151980446,
    "slLong": 0.049510615179347954,
    "slShort": 0.09601728481051913,
    "xApt1Long": 0.0028614485892912932,
    "xApt1Short": 0.0033287574769128255,
    "xApt2Long": 0.009481002717810213,
    "xApt2Short": 0.004787231262744145,
    "xCdPctShort": 0.003339114379042155,
    "xCdPeriodShort": 111.56910471908371,
    "xDur1Long": 224.1983613018355,
    "xDur1Short": 227.9554350514766,
    "xDur2Long": 662.5859594213313,
    "xDur2Short": 522.3421405960354,
    "xMinBetween": 6.744111203622532,
    "xTpLong": 0.0027297189912862648,
    "xTpShort": 0.00994798043120089,
    "zL": -2.6040702835532836,
    "zS": 2.554742810627272,
    "zXLmax": -1.4458256280820998,
    "zXS": 1.6971307389147934,
    "trendBlockZ": 1.0,
    "vBB": 1.0,
    "vEmaDn": 0.0,
    "vEmaUp": 2.0,
    "vHistN": 2.0,
    "vMacd": 4.0,
    "vRsi": 1.0,
    "vX": 1.0,
    "eL3": 1.0,
    "eS3": 1.0,
    "eXL": 1.0,
    "eXS": 1.0,
    "requireHistPos": 0.0
   },
   {
    "apt1Long": 0.019691039357870255,
    "apt1Short": 0.004324743556678523,
    "apt2Long": 0.0026019297193959,
    "apt2Short": 0.002594846134007114,
    "bbValLong": 0.20300310691461476,
    "bbValShort": 0.9675204395658751,
    "cdPctLong": 0.00887760671597283,
    "cdPctShort": 0.008111689694429805,
    "cdPeriodLong": 78.49834725141147,
    "cdPeriodShort": 199.494751788983,
    "dur1Long": 60.529850238192694,
    "dur1Short": 84.44347756669829,
    "dur2Long": 281.4694707998117,
    "dur2Short": 283.9831517938386,
    "leverage": 2.0,
    "ptLong": 0.022478093321494384,
    "ptShort": 0.011972146658039617,
    "rsiValLong": 36.274664497913044,
    "rsiValShort": 81.37439342680966,
    "slLong": 0.09881944502422377,
    "slShort": 0.09899891988922106,
    "xApt1Long": 0.010580005388969431,
    "xApt1Short": 0.013374778215643306,
    "xApt2Long": 0.009224608449435066,
    "xApt2Short": 0.004591073071940317,
    "xCdPctShort": 0.0026203455284115234,
    "xCdPeriodShort": 71.55078031867833,
    "xDur1Long": 191.41179679803065,
    "xDur1Short": 154.93423452434155,
    "xDur2Long": 429.20729156519343,
    "xDur2Short": 271.13571466294695,
    "xMinBetween": 10.43693813366443,
    "xTpLong": 0.01527992207639687,
    "xTpShort": 0.017809454726714108,
    "zL": -2.2080266038224354,
    "zS": 1.542049322595646,