{
 "cand": {
  "strategy": "v7",
  "mode": "lev",
  "regs": [
   {
    "rsiValLong": 68.0,
    "rsiValShort": 68.0,
    "zL": -1.7,
    "zS": 1.7,
    "bbValLong": -0.05,
    "bbValShort": 0.825,
    "zXS": 2.0,
    "zXLmax": -99.0,
    "ptLong": 0.01266850051763255,
    "apt1Long": 0.007,
    "apt2Long": 0.00407,
    "dur1Long": 0.6,
    "dur2Long": 16.51329044806337,
    "ptShort": 0.01,
    "apt1Short": 0.009,
    "apt2Short": 0.0044142360931912015,
    "dur1Short": 0.6,
    "dur2Short": 14.4,
    "xTpLong": 0.004,
    "xApt1Long": 0.003,
    "xApt2Long": 0.00207,
    "xDur1Long": 60.0,
    "xDur2Long": 120.0,
    "xTpShort": 0.001,
    "xApt1Short": 0.0005,
    "xApt2Short": 0.0,
    "xDur1Short": 60.0,
    "xDur2Short": 120.0,
    "cdPctLong": 0.00402,
    "cdPeriodLong": 90.0,
    "cdPctShort": 0.003,
    "cdPeriodShort": 70.0,
    "xCdPctShort": 0.0003,
    "xCdPeriodShort": 7.0,
    "xMinBetween": 13.340019835433392,
    "slLong": 0.1,
    "slShort": 0.1,
    "leverage": 8.0,
    "eL3": 0.0,
    "eS3": 1.0,
    "eXL": 0.0,
    "eXS": 0.0,
    "requireHistPos": 1.0,
    "vRsi": 1,
    "vMacd": 0,
    "vBB": 1,
    "vEmaUp": 2,
    "vEmaDn": 4,
    "vX": 1,
    "vHistN": 3,
    "trendBlockZ": 99.0
   },
   {
    "rsiValLong": 68.0,
    "rsiValShort": 68.0,
    "zL": -1.7715526628606233,
    "zS": 1.7,
    "bbValLong": -0.05403140927592025,
    "bbValShort": 0.825,
    "zXS": 1.932968021494867,
    "zXLmax": -99.0,
    "ptLong": 0.012,
    "apt1Long": 0.007,
    "apt2Long": 0.004002136264588293,
    "dur1Long": 0.6,
    "dur2Long": 14.4,
    "ptShort": 0.01,
    "apt1Short": 0.008754106840570028,
    "apt2Short": 0.0039131089265936345,
    "dur1Short": 0.6,
    "dur2Short": 14.4,
    "xTpLong": 0.004,
    "xApt1Long": 0.003,
    "xApt2Long": 0.00207,
    "xDur1Long": 60.0,
    "xDur2Long": 130.7684679776944,
    "xTpShort": 0.0015,
    "xApt1Short": 0.001,
    "xApt2Short": 0.0,
    "xDur1Short": 60.0,
    "xDur2Short": 120.0,
    "cdPctLong": 0.00402,
    "cdPeriodLong": 90.0,
    "cdPctShort": 0.003,
    "cdPeriodShort": 70.0,
    "xCdPctShort": 0.0003,
    "xCdPeriodShort": 7.0,
    "xMinBetween": 14.210627731828218,
    "slLong": 0.1,
    "slShort": 0.1,
    "leverage": 8.0,
    "eL3": 1.0,
    "eS3": 1.0,
    "eXL": 1.0,
    "eXS": 0.0,
    "requireHistPos": 1.0,
    "vRsi": 1,
    "vMacd": 3.0,
    "vBB": 1,
    "vEmaUp": 2,
    "vEmaDn": 4,
    "vX": 1,
    "vHistN": 3,
    "trendBlockZ": 99.0
   },
   {
    "rsiValLong": 68.0,
    "rsiValShort": 68.0,
    "zL": -1.7,
    "zS": 1.7,
    "bbValLong": -0.05,
    "bbValShort": 0.825,
    "zXS": 2.0,
    "zXLmax": -99.0,
    "ptLong": 0.012135934796217634,
    "apt1Long": 0.007,
    "apt2Long": 0.005304919619376129,
    "dur1Long": 0.6,
    "dur2Long": 14.4,
    "ptShort": 0.01,
    "apt1Short": 0.009,
    "apt2Short": 0.004,
    "dur1Short": 0.6,
    "dur2Short": 22.107589643229055,
    "xTpLong": 0.004,
    "xApt1Long": 0.003,
    "xApt2Long": 0.00207,
    "xDur1Long": 45.246111898659514,
    "xDur2Long": 120.0,
    "xTpShort": 0.0015,
    "xApt1Short": 0.001,
    "xApt2Short": 0.0,
    "xDur1Short": 60.0,
    "xDur2Short": 120.0,
    "cdPctLong": 0.00402,
    "cdPeriodLong": 92.80948655085403,
    "cdPctShort": 0.003,
    "cdPeriodShort": 70.0,
    "xCdPctShort": 0.0003,
    "xCdPeriodShort": 7.0,
    "xMinBetween": 13.0,
    "slLong": 0.1,
    "slShort": 0.1,
    "leverage": 8.0,
    "eL3": 1.0,
    "eS3": 1.0,
    "eXL": 0.0,
    "eXS": 1.0,
    "requireHistPos": 1.0,
    "vRsi": 1,
    "vMacd": 0,
    "vBB": 1,
    "vEmaUp": 2,
    "vEmaDn": 4,
    "vX": 1,
    "vHistN": 3,
    "trendBlockZ": 99.0
   }
  ]
 },
 "metrics": {
  "n": 64,
  "months": 14.81640625,
  "eq": 6372.930339640107,
  "growth": 0.1250005807398775,
  "liq": false,
  "maxdd": 0.3380319575623462,
  "tpm": 4.31953598734511,
  "sl_hits": 0,
  "worst_mae": -0.04321965161639185,
  "win": 0.96875,
  "max_hold_days": 0.9729166666666667,
  "in_market": 0.013066544558073274,
  "score": 0.10808925592004415
 },
 "strategy": "v7",
 "mode": "lev",
 "method": "vol3",
 "algo": "genetic",
 "per_regime": true,
 "train_end": "2025-09-01",
 "holdout_days": null,
 "max_dd": 0.5,
 "max_hold_days": 1.0,
 "gap_mode": "skip_contaminated",
 "scoring": "underwater",
 "anchor": "defaults",
 "anchor_strength": 0.2,
 "evaluated": 1001000,
 "generated": "2026-07-10 14:18",
 "holdout": {
  "n": 4,
  "months": 2.1842105263157894,
  "eq": 0.0,
  "growth": -12.650347016931143,
  "liq": true,
  "maxdd": 1.0,
  "tpm": 1.8313253012048194,
  "sl_hits": 0,
  "worst_mae": -0.11699999999999999,
  "win": 0.75,
  "max_hold_days": 60.6375,
  "in_market": 0.9734563253012049,
  "score": -13.137075179581744
 },
 "holdout_scan": {
  "scanned": 8,
  "pool": 8,
  "reservoir": 0,
  "survivors": 0
 },
 "holdout_survivors": [],
 "holdout_top10": [
  {
   "rank": 6,
   "train_score": -0.014411440657253069,
   "holdout": {
    "n": 65,
    "months": 9.656661184210527,
    "eq": 4410.613381622366,
    "growth": 0.15367772983653522,
    "liq": false,
    "maxdd": 0.76480639163813,
    "tpm": 6.731104960613156,
    "sl_hits": 0,
    "worst_mae": -0.13738950957957563,
    "win": 1.0,
    "max_hold_days": 19.597916666666666,
    "in_market": 0.15844155844155844,
    "score": 0.04078990123495893
   }
  },
  {
   "rank": 5,
   "train_score": 0.02694289730908006,
   "holdout": {
    "n": 34,
    "months": 9.656661184210527,
    "eq": 3652.7083618823494,
    "growth": 0.1341528800356171,
    "liq": false,
    "maxdd": 0.8560660575867653,
    "tpm": 3.5208856717053436,
    "sl_hits": 0,
    "worst_mae": -0.11054892039771724,
    "win": 1.0,
    "max_hold_days": 18.689583333333335,
    "in_market": 0.150173869846001,
    "score": 0.023064419704032862
   }
  },
  {
   "rank": 7,
   "train_score": -0.05405171341704916,
   "holdout": {
    "n": 34,
    "months": 9.656661184210527,
    "eq": 1783.8621905016475,
    "growth": 0.05993591083466603,
    "liq": false,
    "maxdd": 0.7558567866064646,
    "tpm": 3.5208856717053436,
    "sl_hits": 0,
    "worst_mae": -0.3078380873706206,
    "win": 1.0,
    "max_hold_days": 2.93125,
    "in_market": 0.023227592080051096,
    "score": 0.029127331348766758
   }
  },
  {
   "rank": 1,
   "train_score": 0.10094150540056075,
   "holdout": {
    "n": 4,
    "months": 2.1842105263157894,
    "eq": 0.0,
    "growth": -12.650347016931143,
    "liq": true,
    "maxdd": 1.0,
    "tpm": 1.8313253012048194,
    "sl_hits": 0,
    "worst_mae": -0.11699999999999999,
    "win": 0.75,
    "max_hold_days": 60.6375,
    "in_market": 0.9734563253012049,
    "score": -13.137075179581744
   }
  },
  {
   "rank": 2,
   "train_score": 0.09310749321212058,
   "holdout": {
    "n": 36,
    "months": 9.656661184210527,
    "eq": 0.0,
    "growth": -2.8613431276959003,
    "liq": true,
    "maxdd": 1.0,
    "tpm": 3.7279965935703636,
    "sl_hits": 0,
    "worst_mae": -0.11699999999999999,
    "win": 0.9444444444444444,
    "max_hold_days": 183.76666666666668,
    "in_market": 0.6657015116031509,
    "score": -11.035259553830796
   }
  },
  {
   "rank": 3,
   "train_score": 0.08104746162520525,
   "holdout": {
    "n": 21,
    "months": 2.1842105263157894,
    "eq": 0.0,
    "growth": -12.650347016931143,
    "liq": true,
    "maxdd": 1.0,
    "tpm": 9.614457831325302,
    "sl_hits": 0,
    "worst_mae": -0.11699999999999999,
    "win": 0.9523809523809523,
    "max_hold_days": 38.733333333333334,
    "in_market": 0.6969754016064257,
    "score": -12.998834717734356
   }
  },
  {
   "rank": 4,
   "train_score": 0.07892672747003115,
   "holdout": {
    "n": 20,
    "months": 2.1842105263157894,
    "eq": 0.0,
    "growth": -12.650347016931143,
    "liq": true,
    "maxdd": 1.0,
    "tpm": 9.156626506024097,
    "sl_hits": 0,
    "worst_mae": -0.1113046523841342,
    "win": 0.95,
    "max_hold_days": 38.733333333333334,
    "in_market": 0.6918298192771084,
    "score": -12.996261926569696
   }
  },
  {
   "rank": 8,
   "train_score": -0.07858295145676046,