{
 "cand": {
  "strategy": "prime",
  "tv": 0,
  "zL": [
   -1.9633304080274339,
   -1.036224806666568,
   -0.8415995158040962
  ],
  "zS": [
   0.8712339402487937,
   0.8092077965162855,
   2.173528150206363
  ],
  "rsiL": [
   67.02984489238027,
   76.24565020698951,
   49.45068164732117
  ],
  "rsiS": [
   51.5101245061159,
   64.54459166391771,
   86.24287599445226
  ],
  "bbL": [
   -0.3457663106273065,
   -0.21065653005013396,
   -0.21159749513959483
  ],
  "bbS": [
   1.0370578626147784,
   1.3040950700858778,
   1.2174211532304844
  ],
  "ptL": [
   0.02,
   0.01811352934464857,
   0.0182252147463182
  ],
  "a1L": [
   0.005471134922198244,
   0.004820938514000761,
   0.0151488834380223
  ],
  "a2L": [
   0.0,
   0.002695786394889723,
   0.011294863637925128
  ],
  "d1L": [
   42.38547214412665,
   73.59431983194996,
   26.10250039777681
  ],
  "d2L": [
   44.48478601032655,
   279.390342888417,
   298.082592392435
  ],
  "ptS": [
   0.007645255300547161,
   0.013862403823996134,
   0.005858509660091879
  ],
  "a1S": [
   0.005293007188053994,
   0.013136307339532997,
   0.0013338210145303231
  ],
  "a2S": [
   0.004984427375191519,
   0.012824813848105467,
   0.0005754464672924204
  ],
  "d1S": [
   56.428921610387434,
   81.1418711613848,
   36.68121389330673
  ],
  "d2S": [
   350.28689793331347,
   288.17264583078475,
   325.54946736277634
  ],
  "cdPL": [
   0.0005,
   0.001496965549743722,
   0.008039012918348484
  ],
  "cdTL": [
   10.202412225507132,
   86.71235475304476,
   127.22629619637489
  ],
  "cdPS": [
   0.010357419140745837,
   0.010451157077117306,
   0.01005462281791341
  ],
  "cdTS": [
   52.906460627559085,
   111.38195118552639,
   122.68725118430513
  ],
  "eL3": [
   1.0,
   1.0,
   1.0
  ],
  "eS3": [
   1.0,
   1.0,
   1.0
  ],
  "lev": [
   4.0,
   4.0,
   3.0
  ],
  "sl": 0.0,
  "lev_stops": true
 },
 "metrics": {
  "n": 149,
  "months": 13.47046326754386,
  "eq": 215577.809136737,
  "growth": 0.3988965933044269,
  "liq": false,
  "maxdd": 0.3941187418574349,
  "tpm": 11.061237987189728,
  "sl_hits": 0,
  "worst_mae": -0.09696487438899615,
  "win": 1.0,
  "max_hold_days": 4.933333333333334,
  "in_market": 0.16166482669502089,
  "score": 0.43113451910255124
 },
 "strategy": "prime",
 "mode": "lev",
 "method": "trend3",
 "algo": "refine",
 "per_regime": true,
 "train_end": "2026-03-01",
 "holdout_days": null,
 "max_dd": 0.4,
 "max_hold_days": 5.0,
 "gap_mode": "skip_contaminated",
 "scoring": "classic",
 "anchor": null,
 "anchor_strength": 0.0,
 "evaluated": 50400,
 "generated": "2026-07-21 00:47",
 "holdout": {
  "n": 50,
  "months": 4.043174342105263,
  "eq": 4194.915582443366,
  "growth": 0.35464046192859333,
  "liq": false,
  "maxdd": 0.36958009486527593,
  "tpm": 12.366520899013526,
  "sl_hits": 0,
  "worst_mae": -0.0936246098974588,
  "win": 1.0,
  "max_hold_days": 21.014583333333334,
  "in_market": 0.33467236177497545,
  "score": 0.2507235339114968
 },
 "holdout_scan": {
  "scanned": 10,
  "pool": 599,
  "reservoir": 299,
  "survivors": 0
 },
 "holdout_survivors": [],
 "holdout_top10": [
  {
   "rank": 7,
   "train_score": 0.43113451910255124,
   "holdout": {
    "n": 50,
    "months": 4.043174342105263,
    "eq": 4202.67509939566,
    "growth": 0.35509753710409236,
    "liq": false,
    "maxdd": 0.36958009486527593,
    "tpm": 12.366520899013526,
    "sl_hits": 0,
    "worst_mae": -0.0936246098974588,
    "win": 1.0,
    "max_hold_days": 21.014583333333334,
    "in_market": 0.334740160683413,
    "score": 0.25157789651765483
   }
  },
  {
   "rank": 1,
   "train_score": 0.43113451910255124,
   "holdout": {
    "n": 50,
    "months": 4.043174342105263,
    "eq": 4194.915582443366,
    "growth": 0.35464046192859333,
    "liq": false,
    "maxdd": 0.36958009486527593,
    "tpm": 12.366520899013526,
    "sl_hits": 0,
    "worst_mae": -0.0936246098974588,
    "win": 1.0,
    "max_hold_days": 21.014583333333334,
    "in_market": 0.33467236177497545,
    "score": 0.2507235339114968
   }
  },
  {
   "rank": 3,
   "train_score": 0.43113451910255124,
   "holdout": {
    "n": 50,
    "months": 4.043174342105263,
    "eq": 4194.915582443366,
    "growth": 0.35464046192859333,
    "liq": false,
    "maxdd": 0.36958009486527593,
    "tpm": 12.366520899013526,
    "sl_hits": 0,
    "worst_mae": -0.0936246098974588,
    "win": 1.0,
    "max_hold_days": 21.014583333333334,
    "in_market": 0.33467236177497545,
    "score": 0.2507235339114968
   }
  },
  {
   "rank": 4,
   "train_score": 0.43113451910255124,
   "holdout": {
    "n": 50,
    "months": 4.043174342105263,
    "eq": 4194.915582443366,
    "growth": 0.35464046192859333,
    "liq": false,
    "maxdd": 0.36958009486527593,
    "tpm": 12.366520899013526,
    "sl_hits": 0,
    "worst_mae": -0.0936246098974588,
    "win": 1.0,
    "max_hold_days": 21.014583333333334,
    "in_market": 0.33467236177497545,
    "score": 0.2507235339114968
   }
  },
  {
   "rank": 5,
   "train_score": 0.43113451910255124,
   "holdout": {
    "n": 50,
    "months": 4.043174342105263,
    "eq": 4194.915582443366,
    "growth": 0.35464046192859333,
    "liq": false,
    "maxdd": 0.36958009486527593,
    "tpm": 12.366520899013526,
    "sl_hits": 0,
    "worst_mae": -0.0936246098974588,
    "win": 1.0,
    "max_hold_days": 21.014583333333334,
    "in_market": 0.33467236177497545,
    "score": 0.2507235339114968
   }
  },
  {
   "rank": 9,
   "train_score": 0.43113451910255124,
   "holdout": {
    "n": 50,
    "months": 4.043174342105263,
    "eq": 4194.915582443366,
    "growth": 0.35464046192859333,
    "liq": false,
    "maxdd": 0.36958009486527593,
    "tpm": 12.366520899013526,
    "sl_hits": 0,
    "worst_mae": -0.0936246098974588,
    "win": 1.0,
    "max_hold_days": 21.014583333333334,
    "in_market": 0.33467236177497545,
    "score": 0.2507235339114968
   }
  },
  {
   "rank": 10,
   "train_score": 0.43113451910255124,
   "holdout": {
    "n": 50,
    "months": 4.043174342105263,
    "eq": 4194.915582443366,
    "growth": 0.35464046192859333,
    "liq": false,
    "maxdd": 0.36958009486527593,
    "tpm": 12.366520899013526,
    "sl_hits": 0,
    "worst_mae": -0.0936246098974588,
    "win": 1.0,
    "max_hold_days": 21.014583333333334,
    "in_market": 0.33467236177497545,
    "score": 0.2507235339114968
   }
  },
  {
   "rank": 2,
   "train_score": 0.43113451910255124,
   "holdout": {
    "n": 50,
    "months": 4.043174342105263,
    "eq": 4188.508465930574,
    "growth": 0.35426241231436745,
    "liq": false,
    "maxdd": 0.36958009486527593,
    "tpm": 12.366520899013526,
    "sl_hits": 0,
    "worst_mae": -0.0936246098974588,
    "win": 1.0,
    "max_hold_days": 21.014583333333334,
    "in_market": 0.33455371368520964,
    "score": 0.25033766050475426
   }
  },
  {
   "rank": 8,
   "train_score": 0.43113451910255124,
   "holdout": {
    "n": 50,
    "months": 4.043174342105263,
    "eq": 4188.508465930574,
    "growth": 0.35426241231436745,
    "liq": false,
    "maxdd": 0.36958009486527593,
    "tpm": 12.366520899013526,
    "sl_hits": 0,
    "worst_mae": -0.0936246098974588,
    "win": 1.0,
    "max_hold_days": 21.014583333333334,
    "in_market": 0.33455371368520964,
    "score": 0.25033766050475426
   }
  },
  {
   "rank": 6,
   "train_score": 0.43113451910255124,
   "holdout": {
    "n": 49,
    "months": 4.043174342105263,
    "eq": 4074.413166706644,
    "growth": 0.34743164882201694,
    "liq": false,
    "maxdd": 0.369580094865276,
    "tpm": 12.119190481033256,
    "sl_hits": 0,
    "worst_mae": -0.0936246098974588,
    "win": 1.0,
    "max_hold_days": 21.014583333333334,
    "in_market": 0.33404522187192787,
    "score": 0.25033766050475365
   }
  }
 ]
}