{
 "cand": {
  "strategy": "rocx",
  "pt": [
   0.009639807934167188,
   0.01360776028636073,
   0.010740277983367552
  ],
  "tsl": [
   0.019190387518586587,
   0.006371241838855086,
   0.005
  ],
  "rocN": [
   3.0,
   6.0,
   2.0
  ],
  "smaN": [
   4.0,
   2.0,
   1.0
  ],
  "vRoc": [
   1.0,
   4.0,
   4.0
  ],
  "vSma": [
   3.0,
   0.0,
   2.0
  ],
  "eL": [
   1.0,
   1.0,
   0.0
  ],
  "tslm": [
   1.0,
   1.0,
   1.0
  ],
  "lev": [
   3.0,
   4.0,
   1.0
  ]
 },
 "metrics": {
  "n": 116,
  "months": 12.555235745614036,
  "eq": 3790.4638004088233,
  "growth": 0.10613009690803209,
  "liq": false,
  "maxdd": 0.16644631216513475,
  "tpm": 9.23917338951781,
  "sl_hits": 70,
  "worst_mae": -0.022510439845155106,
  "win": 0.5344827586206896,
  "max_hold_days": 0.4666666666666667,
  "in_market": 0.022439221422879164,
  "score": 0.04201718007836988
 },
 "strategy": "rocx",
 "mode": "lev",
 "method": "trend3",
 "algo": "genetic",
 "per_regime": true,
 "train_end": null,
 "holdout_days": 21.0,
 "max_dd": 0.4,
 "max_hold_days": 5.0,
 "gap_mode": "skip_contaminated",
 "scoring": "classic",
 "anchor": null,
 "anchor_strength": 0.0,
 "evaluated": 151200,
 "generated": "2026-07-21 00:37",
 "holdout": {
  "n": 115,
  "months": 11.91467927631579,
  "eq": 704.0008669173668,
  "growth": -0.029457418304646626,
  "liq": false,
  "maxdd": 0.43326113811373984,
  "tpm": 9.651959346366883,
  "sl_hits": 91,
  "worst_mae": -0.013600683920105605,
  "win": 0.34782608695652173,
  "max_hold_days": 0.30833333333333335,
  "in_market": 0.01707130490800016,
  "score": -0.031615979049167756
 },
 "holdout_scan": {
  "scanned": 10,
  "pool": 596,
  "reservoir": 296,
  "survivors": 10
 },
 "holdout_survivors": [
  {
   "rank": 1,
   "train_score": 0.04201718007836988,
   "holdout": {
    "n": 115,
    "months": 11.91467927631579,
    "eq": 704.0008669173668,
    "growth": -0.029457418304646626,
    "liq": false,
    "maxdd": 0.43326113811373984,
    "tpm": 9.651959346366883,
    "sl_hits": 91,
    "worst_mae": -0.013600683920105605,
    "win": 0.34782608695652173,
    "max_hold_days": 0.30833333333333335,
    "in_market": 0.01707130490800016,
    "score": -0.031615979049167756
   }
  },
  {
   "rank": 2,
   "train_score": 0.04086041379061422,
   "holdout": {
    "n": 116,
    "months": 11.91467927631579,
    "eq": 606.6941802953995,
    "growth": -0.04194241614760724,
    "liq": false,
    "maxdd": 0.4942270325475031,
    "tpm": 9.73588942763964,
    "sl_hits": 94,
    "worst_mae": -0.013600683920105605,
    "win": 0.3275862068965517,
    "max_hold_days": 0.30833333333333335,
    "in_market": 0.017312879977452993,
    "score": -0.037774471279251036
   }
  },
  {
   "rank": 3,
   "train_score": 0.04086041379061422,
   "holdout": {
    "n": 116,
    "months": 11.91467927631579,
    "eq": 606.6941802953995,
    "growth": -0.04194241614760724,
    "liq": false,
    "maxdd": 0.4942270325475031,
    "tpm": 9.73588942763964,
    "sl_hits": 94,
    "worst_mae": -0.013600683920105605,
    "win": 0.3275862068965517,
    "max_hold_days": 0.30833333333333335,
    "in_market": 0.017312879977452993,
    "score": -0.037774471279251036
   }
  },
  {
   "rank": 4,
   "train_score": 0.04086041379061422,
   "holdout": {
    "n": 116,
    "months": 11.91467927631579,
    "eq": 606.6941802953995,
    "growth": -0.04194241614760724,
    "liq": false,
    "maxdd": 0.4942270325475031,
    "tpm": 9.73588942763964,
    "sl_hits": 94,
    "worst_mae": -0.013600683920105605,
    "win": 0.3275862068965517,
    "max_hold_days": 0.30833333333333335,
    "in_market": 0.017312879977452993,
    "score": -0.037774471279251036
   }
  },
  {
   "rank": 5,
   "train_score": 0.04086041379061422,
   "holdout": {
    "n": 116,
    "months": 11.91467927631579,
    "eq": 606.6941802953995,
    "growth": -0.04194241614760724,
    "liq": false,
    "maxdd": 0.4942270325475031,
    "tpm": 9.73588942763964,
    "sl_hits": 94,
    "worst_mae": -0.013600683920105605,
    "win": 0.3275862068965517,
    "max_hold_days": 0.30833333333333335,
    "in_market": 0.017312879977452993,
    "score": -0.037774471279251036
   }
  },
  {
   "rank": 6,
   "train_score": 0.04086041379061422,
   "holdout": {
    "n": 116,
    "months": 11.91467927631579,
    "eq": 606.6941802953995,
    "growth": -0.04194241614760724,
    "liq": false,
    "maxdd": 0.4942270325475031,
    "tpm": 9.73588942763964,
    "sl_hits": 94,
    "worst_mae": -0.013600683920105605,
    "win": 0.3275862068965517,
    "max_hold_days": 0.30833333333333335,
    "in_market": 0.017312879977452993,
    "score": -0.037774471279251036
   }
  },
  {
   "rank": 7,
   "train_score": 0.04086041379061422,
   "holdout": {
    "n": 116,
    "months": 11.91467927631579,
    "eq": 606.6941802953995,
    "growth": -0.04194241614760724,
    "liq": false,
    "maxdd": 0.4942270325475031,
    "tpm": 9.73588942763964,
    "sl_hits": 94,
    "worst_mae": -0.013600683920105605,
    "win": 0.3275862068965517,
    "max_hold_days": 0.30833333333333335,
    "in_market": 0.017312879977452993,
    "score": -0.037774471279251036
   }
  },
  {
   "rank": 8,
   "train_score": 0.04086041379061422,
   "holdout": {
    "n": 116,
    "months": 11.91467927631579,
    "eq": 606.6941802953995,
    "growth": -0.04194241614760724,
    "liq": false,
    "maxdd": 0.4942270325475031,
    "tpm": 9.73588942763964,
    "sl_hits": 94,
    "worst_mae": -0.013600683920105605,
    "win": 0.3275862068965517,
    "max_hold_days": 0.30833333333333335,
    "in_market": 0.017312879977452993,
    "score": -0.037774471279251036
   }
  },
  {
   "rank": 9,
   "train_score": 0.04086041379061422,
   "holdout": {
    "n": 116,
    "months": 11.91467927631579,
    "eq": 606.6941802953995,
    "growth": -0.04194241614760724,
    "liq": false,
    "maxdd": 0.4942270325475031,
    "tpm": 9.73588942763964,
    "sl_hits": 94,
    "worst_mae": -0.013600683920105605,
    "win": 0.3275862068965517,
    "max_hold_days": 0.30833333333333335,
    "in_market": 0.017312879977452993,
    "score": -0.037774471279251036
   }
  },
  {
   "rank": 10,
   "train_score": 0.04086041379061422,
   "holdout": {
    "n": 116,
    "months": 11.91467927631579,
    "eq": 606.6941802953995,
    "growth": -0.04194241614760724,
    "liq": false,
    "maxdd": 0.4942270325475031,
    "tpm": 9.73588942763964,
    "sl_hits": 94,
    "worst_mae": -0.013600683920105605,
    "win": 0.3275862068965517,
    "max_hold_days": 0.30833333333333335,
    "in_market": 0.017312879977452993,
    "score": -0.037774471279251036
   }
  }
 ],
 "holdout_top10": [
  {
   "rank": 1,
   "train_score": 0.04201718007836988,
   "holdout": {
    "n": 115,
    "months": 11.91467927631579,
    "eq": 704.0008669173668,
    "growth": -0.029457418304646626,
    "liq": false,
    "maxdd": 0.43326113811373984,
    "tpm": 9.651959346366883,
    "sl_hits": 91,
    "worst_mae": -0.013600683920105605,
    "win": 0.34782608695652173,
    "max_hold_days": 0.30833333333333335,
    "in_market": 0.01707130490800016,
    "score": -0.031615979049167756
   }
  },
  {
   "rank": 2,
   "train_score": 0.04086041379061422,
   "holdout": {
    "n": 116,
    "months": 11.91467927631579,
    "eq": 606.6941802953995,
    "growth": -0.04194241614760724,
    "liq": false,
    "maxdd": 0.4942270325475031,
    "tpm": 9.73588942763964,
    "sl_hits": 94,
    "worst_mae": -0.013600683920105605,
    "win": 0.3275862068965517,
    "max_hold_days": 0.30833333333333335,
    "in_market": 0.017312879977452993,
    "score": -0.037774471279251036
   }
  },
  {
   "rank": 3,
   "train_score": 0.04086041379061422,
   "holdout": {
    "n": 116,
    "months": 11.91467927631579,
    "eq": 606.6941802953995,
    "growth": -0.04194241614760724,
    "liq": false,
    "maxdd": 0.4942270325475031,
    "tpm": 9.73588942763964,
    "sl_hits": 94,
    "worst_mae": -0.013600683920105605,
    "win": 0.3275862068965517,
    "max_hold_days": 0.30833333333333335,
    "in_market": 0.017312879977452993,