{
 "cand": {
  "strategy": "macdx",
  "tpL": [
   0.02,
   0.012909384318705912,
   0.014511935358295001
  ],
  "tpS": [
   0.0043481061038392775,
   0.0043910418773721845,
   0.006021029835246927
  ],
  "slL": [
   0.04009801693804942,
   0.057476690749510305,
   0.06
  ],
  "slS": [
   0.02860521964502386,
   0.025048083771138957,
   0.04173076763032719
  ],
  "minT": [
   100.0,
   80.29736096931082,
   100.0
  ],
  "mMinS": [
   0.6,
   0.6,
   0.6
  ],
  "mMaxL": [
   -0.11998427006954562,
   -0.12353058289966112,
   -0.1268724788429246
  ],
  "hrb": [
   6.0,
   5.0,
   4.0
  ],
  "reqH": [
   1.0,
   1.0,
   1.0
  ],
  "a1L": [
   0.011399022883664688,
   0.009036569023094137,
   0.0101583547508065
  ],
  "a2L": [
   0.005418295484541492,
   0.003809004970303818,
   0.007064423857456386
  ],
  "d1L": [
   4.069624502743585,
   5.469955564628254,
   5.498741107255057
  ],
  "d2L": [
   52.994911219623276,
   71.84303363114894,
   48.82673167852442
  ],
  "cdPL": [
   0.002476440697532212,
   0.0029395795157841956,
   0.001817400937296239
  ],
  "cdTL": [
   10.417496500894018,
   7.674680764132533,
   12.859996731180345
  ],
  "a1S": [
   0.0030436742726874942,
   0.003073729314160529,
   0.004214720884672849
  ],
  "a2S": [
   0.0018262045636124964,
   0.0018442375884963173,
   0.002528832530803709
  ],
  "d1S": [
   1.107586920928368,
   1.3253854964836644,
   1.0108852196408287
  ],
  "d2S": [
   18.5705252527911,
   14.074727382576611,
   13.515734768649592
  ],
  "cdPS": [
   0.029471014653300414,
   0.03546919940777463,
   0.029105389207397584
  ],
  "cdTS": [
   80.75391619768136,
   95.42264883994768,
   78.43539237725182
  ],
  "eL": [
   1.0,
   1.0,
   1.0
  ],
  "eS": [
   1.0,
   0.0,
   1.0
  ],
  "lev": [
   3.0,
   4.0,
   2.0
  ]
 },
 "metrics": {
  "n": 154,
  "months": 21.44956140350877,
  "eq": 1057.124099612962,
  "growth": 0.0025898947928577926,
  "liq": false,
  "maxdd": 0.528905495170427,
  "tpm": 7.179633984255189,
  "sl_hits": 30,
  "worst_mae": -0.10035966247060468,
  "win": 0.8051948051948052,
  "max_hold_days": 6.039583333333334,
  "in_market": 0.11635760658419385,
  "score": -0.051046328823638354
 },
 "strategy": "macdx",
 "mode": "lev",
 "method": "vol3",
 "algo": "crossfit",
 "per_regime": true,
 "train_end": null,
 "holdout_days": 21.0,
 "lockbox": "2026-04-01..",
 "max_dd": 0.4,
 "max_hold_days": 5.0,
 "gap_mode": "skip_contaminated",
 "scoring": "classic",
 "anchor": null,
 "anchor_strength": 0.0,
 "evaluated": 93800,
 "holdout": {
  "n": 21,
  "months": 3.0235060307017543,
  "eq": 1640.6200103928152,
  "growth": 0.1637417688212585,
  "liq": false,
  "maxdd": 0.23329487045001526,
  "tpm": 6.945579002243932,
  "sl_hits": 1,
  "worst_mae": -0.06032654792196779,
  "win": 0.9523809523809523,
  "max_hold_days": 2.1,
  "in_market": 0.13950905505564495,
  "score": 0.09953119565261273
 },
 "holdout_scan": {
  "scanned": 600,
  "pool": 600,
  "survivors": 1001
 },
 "crossfit": {
  "fold_days": 21.0,
  "lockboxes": [
   [
    "2026-04-01",
    null
   ]
  ],
  "foldA": {
   "feasible": 300,
   "survivors": 415
  },
  "foldB": {
   "feasible": 300,
   "survivors": 586
  },
  "merged": 300,
  "finalists": [
   {
    "origin": "fold A rank #377",
    "cross": {
     "n": 136,
     "months": 10.50185032894737,
     "eq": 2488.091157493774,
     "growth": 0.08679573451521157,
     "liq": false,
     "maxdd": 0.5878028465886943,
     "tpm": 12.950098862590785,
     "sl_hits": 25,
     "worst_mae": -0.10973242492292468,
     "win": 0.8014705882352942,
     "max_hold_days": 4.770833333333333,
     "in_market": 0.1623760954823385,
     "score": -0.03224399681697814
    },
    "lockboxes": [
     {
      "range": [
       "2026-04-01",
       null
      ],
      "liq": false,
      "growth": 0.11852912935448841,
      "maxdd": 0.26199652860073097
     }
    ]
   },
   {
    "origin": "fold A rank #569",
    "cross": {
     "n": 80,
     "months": 10.50185032894737,
     "eq": 2391.251042257408,
     "growth": 0.08301553062817446,
     "liq": false,
     "maxdd": 0.3625095903595043,
     "tpm": 7.617705213288697,
     "sl_hits": 11,
     "worst_mae": -0.06233150972561474,
     "win": 0.8625,
     "max_hold_days": 2.4583333333333335,
     "in_market": 0.0949080871556939,
     "score": 0.0034366403490077996
    },
    "lockboxes": [
     {
      "range": [
       "2026-04-01",
       null
      ],
      "liq": false,
      "growth": 0.1637417688212585,
      "maxdd": 0.23329487045001526
     }
    ]
   },
   {
    "origin": "fold A rank #446",
    "cross": {
     "n": 134,
     "months": 10.50185032894737,
     "eq": 2149.22863572834,
     "growth": 0.0728546855763084,
     "liq": false,
     "maxdd": 0.4523200424017761,
     "tpm": 12.759656232258568,
     "sl_hits": 21,
     "worst_mae": -0.10973242492292468,
     "win": 0.8208955223880597,
     "max_hold_days": 4.7625,
     "in_market": 0.17148581011856986,
     "score": -0.016278461383208723
    },
    "lockboxes": [
     {
      "range": [
       "2026-04-01",
       null
      ],
      "liq": false,
      "growth": 0.07083922968876213,
      "maxdd": 0.21784866428225594
     }
    ]
   },
   {
    "origin": "fold A rank #430",
    "cross": {
     "n": 133,
     "months": 10.50185032894737,
     "eq": 1815.8136539819332,
     "growth": 0.056802719785828626,
     "liq": false,
     "maxdd": 0.31796510550584883,
     "tpm": 12.664434917092459,
     "sl_hits": 18,
     "worst_mae": -0.10973242492292468,
     "win": 0.8270676691729323,
     "max_hold_days": 3.9166666666666665,
     "in_market": 0.12059278400971007,
     "score": -0.0078386627554691
    },
    "lockboxes": [
     {
      "range": [
       "2026-04-01",
       null
      ],
      "liq": false,
      "growth": 0.05986444228532439,
      "maxdd": 0.09818340792819547
     }
    ]
   },
   {
    "origin": "fold A rank #481",
    "cross": {
     "n": 133,
     "months": 10.50185032894737,
     "eq": 1799.1172525537938,
     "growth": 0.05592310982975175,
     "liq": false,
     "maxdd": 0.674533582909229,
     "tpm": 12.664434917092459,
     "sl_hits": 24,
     "worst_mae": -0.10973242492292468,
     "win": 0.8195488721804511,
     "max_hold_days": 2.029166666666667,
     "in_market": 0.14107006519057966,
     "score": -0.03406247220986201
    },
    "lockboxes": [
     {
      "range": [
       "2026-04-01",
       null
      ],
      "liq": false,
      "growth": 0.16092437640958324,
      "maxdd": 0.21650080694788054
     }
    ]
   },
   {
    "origin": "fold B rank #522",
    "cross": {
     "n": 79,
     "months": 10.944558662280702,
     "eq": 1607.0055578369654,
     "growth": 0.043343232002708544,
     "liq": false,
     "maxdd": 0.15377580020799936,
     "tpm": 7.218198781488137,
     "sl_hits": 8,
     "worst_mae": -0.06472898968593377,
     "win": 0.8860759493670886,
     "max_hold_days": 2.058333333333333,
     "in_market": 0.06187735984922012,
     "score": 0.01106440287193711
    },
    "lockboxes": [
     {
      "range": [
       "2026-04-01",
       null
      ],
      "liq": false,
      "growth": 0.024541705078212444,
      "maxdd": 0.08745009480442208
     }
    ]
   },
   {
    "origin": "fold B rank #552",
    "cross": {
     "n": 95,
     "months": 10.944558662280702,
     "eq": 1456.8483301786068,
     "growth": 0.03438013683945141,
     "liq": false,
     "maxdd": 0.23413012016759288,
     "tpm": 8.680112458751557,
     "sl_hits": 14,
     "worst_mae": -0.060204752512444726,
     "win": 0.8315789473684211,
     "max_hold_days": 1.8875,
     "in_market": 0.07696787161167917,
     "score": -0.001897043440290607
    },
    "lockboxes": [
     {
      "range": [
       "2026-04-01",
       null
      ],
      "liq": false,
      "growth": -0.048317896889177814,
      "maxdd": 0.207072376232738
     }
    ]
   },
   {
    "origin": "fold B rank #430",
    "cross": {
     "n": 104,
     "months": 10.944558662280702,
     "eq": 1422.2618070654203,
     "growth": 0.03218479951218869,
     "liq": false,