{"pool": [[-0.051046328823638354, {"strategy": "macdx", "tpL": [0.02, 0.012909384318705912, 0.014511935358295001], "tpS": [0.0043481061038392775, 0.0043910418773721845, 0.006021029835246927], "slL": [0.04009801693804942, 0.057476690749510305, 0.06], "slS": [0.02860521964502386, 0.025048083771138957, 0.04173076763032719], "minT": [100.0, 80.29736096931082, 100.0], "mMinS": [0.6, 0.6, 0.6], "mMaxL": [-0.11998427006954562, -0.12353058289966112, -0.1268724788429246], "hrb": [6.0, 5.0, 4.0], "reqH": [1.0, 1.0, 1.0], "a1L": [0.011399022883664688, 0.009036569023094137, 0.0101583547508065], "a2L": [0.005418295484541492, 0.003809004970303818, 0.007064423857456386], "d1L": [4.069624502743585, 5.469955564628254, 5.498741107255057], "d2L": [52.994911219623276, 71.84303363114894, 48.82673167852442], "cdPL": [0.002476440697532212, 0.0029395795157841956, 0.001817400937296239], "cdTL": [10.417496500894018, 7.674680764132533, 12.859996731180345], "a1S": [0.0030436742726874942, 0.003073729314160529, 0.004214720884672849], "a2S": [0.0018262045636124964, 0.0018442375884963173, 0.002528832530803709], "d1S": [1.107586920928368, 1.3253854964836644, 1.0108852196408287], "d2S": [18.5705252527911, 14.074727382576611, 13.515734768649592], "cdPS": [0.029471014653300414, 0.03546919940777463, 0.029105389207397584], "cdTS": [80.75391619768136, 95.42264883994768, 78.43539237725182], "eL": [1.0, 1.0, 1.0], "eS": [1.0, 0.0, 1.0], "lev": [3.0, 4.0, 2.0]}, {"n": 154, "months": 21.44956140350877, "eq": 1057.124099612962, "growth": 0.0025898947928577926, "liq": false, "maxdd": 0.528905495170427, "tpm": 7.179633984255189, "sl_hits": 30, "worst_mae": -0.10035966247060468, "win": 0.8051948051948052, "max_hold_days": 6.039583333333334, "in_market": 0.11635760658419385, "score": -0.051046328823638354}]], "evaluated": 93800, "seed_base": 1005}