{"job": {"strategy": "v6", "mode": "spot", "method": "vol3", "window": 42, "fold_idx": 9, "n_samples": 350, "seed": 929948}, "status": "ok", "n_feasible": 163, "cand": {"strategy": "v6", "tv": 1, "zL": [-0.9427, -1.0446, -1.1872], "zS": [1.7474, 1.7877, 1.5976], "zXS": [1.9319, 1.8761, 2.3719], "zXLmax": [-99.0, -99.0, -99.0], "ptScale": [1.9786, 2.0122, 1.5793], "eS3": [0.0, 0.0, 0.0], "eXS": [0.0, 0.0, 0.0], "lev": [1.0, 1.0, 1.0], "sl": 0.03}, "train": {"n": 25, "months": 1.3777412280701755, "eq": 1142.859029924725, "growth": 0.09692171583943647, "liq": false, "maxdd": 0.032000671484300046, "tpm": 18.145642658177476, "sl_hits": 2, "worst_mae": -0.03159173754556499, "win": 0.92, "score": 0.09692171583943647}, "oos": {"n": 18, "months": 0.91796875, "eq": 944.5042269947398, "growth": -0.06219723348137465, "liq": false, "maxdd": 0.06074653750167442, "tpm": 19.608510638297872, "sl_hits": 5, "worst_mae": -0.035602258469259684, "win": 0.7222222222222222, "score": -0.06219723348137465}, "elapsed": 0.44741249084472656}