{"job": {"strategy": "v6", "mode": "spot", "method": "vol3", "window": 42, "fold_idx": 6, "n_samples": 350, "seed": 929948}, "status": "ok", "n_feasible": 262, "cand": {"strategy": "v6", "tv": 0, "zL": [-2.0626, -1.9157, -1.6272], "zS": [1.8117, 1.8449, 1.6194], "zXS": [1.7649, 1.7091, 2.2469], "zXLmax": [-99.0, -99.0, -99.0], "ptScale": [1.7951, 1.8051, 1.8332], "eS3": [0.0, 0.0, 0.0], "eXS": [0.0, 0.0, 0.0], "lev": [1.0, 1.0, 1.0], "sl": 0.08}, "train": {"n": 12, "months": 1.368969298245614, "eq": 1138.109306354431, "growth": 0.09450057246379437, "liq": false, "maxdd": 0.0, "tpm": 8.765718862635161, "sl_hits": 0, "worst_mae": -0.04222372651886963, "win": 1.0, "score": 0.09450057246379437}, "oos": {"n": 9, "months": 0.9139939692982456, "eq": 1074.4215671389445, "growth": 0.0785371042866574, "liq": false, "maxdd": 0.0, "tpm": 9.846892104671216, "sl_hits": 0, "worst_mae": -0.05756034074775196, "win": 1.0, "score": 0.0785371042866574}, "elapsed": 0.4652090072631836}