{"job": {"strategy": "v6", "mode": "spot", "method": "vol3", "window": 42, "fold_idx": 1, "n_samples": 350, "seed": 929948}, "status": "ok", "n_feasible": 104, "cand": {"strategy": "v6", "tv": 1, "zL": [-1.1839, -0.9758, -1.2344], "zS": [1.7951, 1.7029, 1.689], "zXS": [1.9739, 2.0916, 2.1456], "zXLmax": [-20.6827, -20.6969, -20.8227], "ptScale": [1.9073, 2.3028, 2.2272], "eS3": [0.0, 0.0, 0.0], "eXS": [0.0, 0.0, 0.0], "lev": [1.0, 1.0, 1.0], "sl": 0.06}, "train": {"n": 17, "months": 0.9268777412280702, "eq": 1088.8784215796722, "growth": 0.09186561686797118, "liq": false, "maxdd": 0.05850018651303519, "tpm": 18.341146025878004, "sl_hits": 1, "worst_mae": -0.06092506631299732, "win": 0.9411764705882353, "score": 0.09186561686797118}, "oos": {"n": 15, "months": 0.9159813596491229, "eq": 1079.433755984806, "growth": 0.08344777196997427, "liq": false, "maxdd": 0.063366746729354, "tpm": 16.375879096214273, "sl_hits": 1, "worst_mae": -0.06264370752644233, "win": 0.9333333333333333, "score": 0.08344777196997427}, "elapsed": 0.5443410873413086}