{"job": {"strategy": "v6", "mode": "spot", "method": "vol3", "window": 42, "fold_idx": 11, "n_samples": 350, "seed": 929948}, "status": "ok", "n_feasible": 192, "cand": {"strategy": "v6", "tv": 0, "zL": [-0.9562, -0.9432, -1.0518], "zS": [1.68, 1.785, 1.8221], "zXS": [1.9967, 2.096, 1.7487], "zXLmax": [-40.4101, -40.3753, -40.386], "ptScale": [1.9094, 2.3207, 2.2195], "eS3": [0.0, 0.0, 0.0], "eXS": [0.0, 0.0, 0.0], "lev": [1.0, 1.0, 1.0], "sl": 0.08}, "train": {"n": 23, "months": 1.2973547149122806, "eq": 1228.8667372029656, "growth": 0.15885585525870038, "liq": false, "maxdd": 0.0, "tpm": 17.728382018910782, "sl_hits": 0, "worst_mae": -0.06881755252398492, "win": 1.0, "score": 0.15885585525870038}, "oos": {"n": 15, "months": 0.9208470394736842, "eq": 961.3594217383211, "growth": -0.04279422118312076, "liq": false, "maxdd": 0.09405624512183293, "tpm": 16.289350301406564, "sl_hits": 2, "worst_mae": -0.08338472662314189, "win": 0.8666666666666667, "score": -0.04279422118312076}, "elapsed": 0.4420197010040283}