{"job": {"strategy": "v6", "mode": "spot", "method": "vol3", "window": 42, "fold_idx": 3, "n_samples": 350, "seed": 929948}, "status": "ok", "n_feasible": 186, "cand": {"strategy": "v6", "tv": 0, "zL": [-1.274, -1.5488, -1.3047], "zS": [1.7352, 1.8522, 1.741], "zXS": [1.8858, 2.3322, 2.3556], "zXLmax": [-99.0, -99.0, -99.0], "ptScale": [2.0591, 2.0704, 1.8009], "eS3": [0.0, 0.0, 0.0], "eXS": [0.0, 0.0, 0.0], "lev": [1.0, 1.0, 1.0], "sl": 0.06}, "train": {"n": 17, "months": 1.3655427631578947, "eq": 1089.363599587234, "growth": 0.06268106312872988, "liq": false, "maxdd": 0.06336674672935395, "tpm": 12.449262270400482, "sl_hits": 1, "worst_mae": -0.06264370752644233, "win": 0.9411764705882353, "score": 0.0276201462189975}, "oos": {"n": 13, "months": 0.9172149122807017, "eq": 901.4832153382005, "growth": -0.1130747589432846, "liq": false, "maxdd": 0.09835466732529854, "tpm": 14.173341303048417, "sl_hits": 3, "worst_mae": -0.06126902417188895, "win": 0.7692307692307693, "score": -0.1130747589432846}, "elapsed": 0.5765576362609863}