{"job": {"strategy": "v6", "mode": "spot", "method": "vol3", "window": 42, "fold_idx": 16, "n_samples": 350, "seed": 929948}, "status": "ok", "n_feasible": 184, "cand": {"strategy": "v6", "tv": 1, "zL": [-1.5186, -1.1383, -1.2658], "zS": [2.0284, 1.6854, 1.8449], "zXS": [2.0913, 2.0315, 2.1026], "zXLmax": [-40.2504, -40.2563, -40.3058], "ptScale": [2.2931, 2.0904, 2.11], "eS3": [0.0, 0.0, 0.0], "eXS": [0.0, 0.0, 0.0], "lev": [1.0, 1.0, 1.0], "sl": 0.08}, "train": {"n": 12, "months": 1.381578947368421, "eq": 1114.5746235254364, "growth": 0.07851366638371775, "liq": false, "maxdd": 0.0, "tpm": 8.685714285714285, "sl_hits": 0, "worst_mae": -0.047367135997395726, "win": 1.0, "score": 0.07851366638371775}, "oos": {"n": 11, "months": 0.9210526315789473, "eq": 1111.3052784828753, "growth": 0.11458112968461212, "liq": false, "maxdd": 0.0, "tpm": 11.942857142857143, "sl_hits": 0, "worst_mae": -0.0118408203125, "win": 1.0, "score": 0.11458112968461212}, "elapsed": 0.44716382026672363}