{"job": {"strategy": "v6", "mode": "spot", "method": "vol3", "window": 42, "fold_idx": 19, "n_samples": 350, "seed": 929948}, "status": "ok", "n_feasible": 113, "cand": {"strategy": "v6", "tv": 0, "zL": [-0.9478, -1.0506, -1.2711], "zS": [2.0112, 1.9887, 1.6064], "zXS": [1.8212, 1.6046, 1.7127], "zXLmax": [-99.0, -99.0, -99.0], "ptScale": [1.9655, 1.9083, 2.074], "eS3": [0.0, 0.0, 0.0], "eXS": [0.0, 0.0, 0.0], "lev": [1.0, 1.0, 1.0], "sl": 0.1}, "train": {"n": 11, "months": 1.3814418859649122, "eq": 1115.6207734142504, "growth": 0.07920057915865397, "liq": false, "maxdd": 0.0, "tpm": 7.962694711776963, "sl_hits": 0, "worst_mae": -0.04905889496053417, "win": 1.0, "score": 0.07920057915865397}, "oos": {"n": 16, "months": 0.9207785087719298, "eq": 1032.7274354087972, "growth": 0.03497398963372516, "liq": false, "maxdd": 0.09214777131782946, "tpm": 17.376600178624592, "sl_hits": 1, "worst_mae": -0.10320705983641842, "win": 0.9375, "score": 0.03497398963372516}, "elapsed": 0.44052553176879883}