{"job": {"strategy": "v6", "mode": "spot", "method": "vol3", "window": 42, "fold_idx": 12, "n_samples": 350, "seed": 929948}, "status": "ok", "n_feasible": 315, "cand": {"strategy": "v6", "tv": 0, "zL": [-1.3502, -1.4015, -1.8764], "zS": [1.7212, 1.8989, 1.8203], "zXS": [2.2692, 2.1793, 2.3591], "zXLmax": [-99.0, -99.0, -99.0], "ptScale": [1.6736, 1.5846, 1.7181], "eS3": [0.0, 0.0, 0.0], "eXS": [0.0, 0.0, 0.0], "lev": [1.0, 1.0, 1.0], "sl": 0.1}, "train": {"n": 15, "months": 1.3810992324561404, "eq": 1115.680108959645, "growth": 0.07925873795323313, "liq": false, "maxdd": 0.0, "tpm": 10.860914007840023, "sl_hits": 0, "worst_mae": -0.06798752076496095, "win": 1.0, "score": 0.07925873795323313}, "oos": {"n": 6, "months": 0.7870065789473684, "eq": 828.697701804508, "growth": -0.23875257133960193, "liq": false, "maxdd": 0.19716421160614248, "tpm": 7.623824451410659, "sl_hits": 2, "worst_mae": -0.11275662959794697, "win": 0.6666666666666666, "score": -0.23875257133960193}, "elapsed": 0.4504730701446533}