{"job": {"strategy": "v6", "mode": "spot", "method": "vol3", "window": 42, "fold_idx": 14, "n_samples": 350, "seed": 929948}, "status": "ok", "n_feasible": 157, "cand": {"strategy": "v6", "tv": 0, "zL": [-1.2516, -1.3742, -1.5398], "zS": [1.9794, 1.8337, 2.0856], "zXS": [1.8631, 2.0574, 1.9814], "zXLmax": [-99.0, -99.0, -99.0], "ptScale": [1.4531, 1.2652, 1.3565], "eS3": [0.0, 0.0, 0.0], "eXS": [0.0, 0.0, 0.0], "lev": [1.0, 1.0, 1.0], "sl": 0.04}, "train": {"n": 13, "months": 1.2488349780701755, "eq": 1037.665782365505, "growth": 0.029606594336879247, "liq": false, "maxdd": 0.041826454234388306, "tpm": 10.409702024913571, "sl_hits": 1, "worst_mae": -0.042664670658682624, "win": 0.9230769230769231, "score": 0.012415473946311109}, "oos": {"n": 13, "months": 0.920984100877193, "eq": 1023.1926004157793, "growth": 0.024894826553677293, "liq": false, "maxdd": 0.04603932811112007, "tpm": 14.11533596249721, "sl_hits": 1, "worst_mae": -0.0453811369509044, "win": 0.9230769230769231, "score": 0.024894826553677293}, "elapsed": 0.7537152767181396}