{"job": {"strategy": "v6", "mode": "spot", "method": "vol3", "window": 42, "fold_idx": 5, "n_samples": 350, "seed": 929948}, "status": "ok", "n_feasible": 239, "cand": {"strategy": "v6", "tv": 0, "zL": [-1.2212, -1.3013, -1.0871], "zS": [1.6942, 2.1029, 1.7684], "zXS": [1.8869, 2.2123, 1.9986], "zXLmax": [-0.961, -0.9093, -1.0803], "ptScale": [1.196, 1.4402, 1.4262], "eS3": [0.0, 0.0, 0.0], "eXS": [0.0, 0.0, 0.0], "lev": [1.0, 1.0, 1.0], "sl": 0.08}, "train": {"n": 15, "months": 1.3742461622807018, "eq": 951.3503943056684, "growth": -0.036291049882525434, "liq": false, "maxdd": 0.07299205421023679, "tpm": 10.915075051114545, "sl_hits": 2, "worst_mae": -0.08180393912264994, "win": 0.8666666666666667, "score": -0.008764045845775864}, "oos": {"n": 13, "months": 0.9084429824561403, "eq": 1096.2551340206705, "growth": 0.1011620428857178, "liq": false, "maxdd": 0.0, "tpm": 14.310199155099578, "sl_hits": 0, "worst_mae": -0.07450178170779986, "win": 1.0, "score": 0.1011620428857178}, "elapsed": 0.46483469009399414}