{"job": {"strategy": "v6", "mode": "spot", "method": "vol3", "window": 42, "fold_idx": 8, "n_samples": 350, "seed": 929948}, "status": "ok", "n_feasible": 173, "cand": {"strategy": "v6", "tv": 0, "zL": [-1.3027, -1.6551, -1.4537], "zS": [1.5665, 1.4733, 1.4967], "zXS": [1.846, 1.7799, 1.7176], "zXLmax": [-40.2692, -40.1255, -40.2697], "ptScale": [2.0024, 2.0978, 1.8714], "eS3": [0.0, 0.0, 0.0], "eXS": [0.0, 0.0, 0.0], "lev": [1.0, 1.0, 1.0], "sl": 0.1}, "train": {"n": 12, "months": 1.3704769736842106, "eq": 1101.9696282212362, "growth": 0.07085062472235831, "liq": false, "maxdd": 0.0, "tpm": 8.756075607560755, "sl_hits": 0, "worst_mae": -0.0757922247631494, "win": 1.0, "score": 0.07085062472235831}, "oos": {"n": 12, "months": 0.9194078947368421, "eq": 996.1366139063227, "growth": -0.004210175123655265, "liq": false, "maxdd": 0.10224319870123488, "tpm": 13.051878354203936, "sl_hits": 1, "worst_mae": -0.10173660648398686, "win": 0.9166666666666666, "score": -0.004210175123655265}, "elapsed": 0.46280670166015625}