{"job": {"strategy": "v6", "mode": "spot", "method": "vol3", "window": 42, "fold_idx": 10, "n_samples": 350, "seed": 929948}, "status": "ok", "n_feasible": 275, "cand": {"strategy": "v6", "tv": 0, "zL": [-1.5144, -2.0805, -1.4754], "zS": [1.4184, 1.3166, 1.4013], "zXS": [2.2113, 1.9856, 2.163], "zXLmax": [-99.0, -99.0, -99.0], "ptScale": [2.0173, 1.7665, 1.3845], "eS3": [0.0, 0.0, 0.0], "eXS": [0.0, 0.0, 0.0], "lev": [1.0, 1.0, 1.0], "sl": 0.06}, "train": {"n": 15, "months": 1.3779468201754386, "eq": 1121.7117176057147, "growth": 0.08335288142095058, "liq": false, "maxdd": 0.0, "tpm": 10.885761177699308, "sl_hits": 0, "worst_mae": -0.04506641366223907, "win": 1.0, "score": 0.08335288142095058}, "oos": {"n": 4, "months": 0.8395696271929824, "eq": 958.0591841045301, "growth": -0.05103296107555683, "liq": false, "maxdd": 0.060975669543373516, "tpm": 4.764345767692434, "sl_hits": 1, "worst_mae": -0.060734978323406685, "win": 0.75, "score": -0.05103296107555683}, "elapsed": 0.44710421562194824}