{"job": {"strategy": "v6", "mode": "spot", "method": "vol3", "window": 42, "fold_idx": 20, "n_samples": 350, "seed": 929948}, "status": "ok", "n_feasible": 238, "cand": {"strategy": "v6", "tv": 1, "zL": [-1.5299, -1.401, -2.1103], "zS": [2.0615, 2.1008, 1.8156], "zXS": [2.4234, 2.3293, 2.2677], "zXLmax": [-0.339, -0.3881, -0.418], "ptScale": [1.2139, 1.351, 1.3645], "eS3": [0.0, 0.0, 0.0], "eXS": [0.0, 0.0, 0.0], "lev": [1.0, 1.0, 1.0], "sl": 0.1}, "train": {"n": 11, "months": 1.3813048245614035, "eq": 1060.7397758571067, "growth": 0.04268903243316169, "liq": false, "maxdd": 0.0, "tpm": 7.963484818416353, "sl_hits": 0, "worst_mae": -0.07200730343489681, "win": 1.0, "score": 0.04268903243316169}, "oos": {"n": 4, "months": 0.9185855263157895, "eq": 1023.0298603359843, "growth": 0.024786669156491442, "liq": false, "maxdd": 0.0, "tpm": 4.354521038495971, "sl_hits": 0, "worst_mae": -0.010433094747058225, "win": 1.0, "score": 0.024786669156491442}, "elapsed": 0.44950437545776367}