{"job": {"strategy": "v6", "mode": "spot", "method": "vol3", "window": 42, "fold_idx": 17, "n_samples": 350, "seed": 929948}, "status": "ok", "n_feasible": 136, "cand": {"strategy": "v6", "tv": 1, "zL": [-1.16, -0.9807, -1.3019], "zS": [1.6701, 1.7667, 1.6659], "zXS": [1.8011, 1.6902, 1.8864], "zXLmax": [-39.9686, -39.9469, -40.1207], "ptScale": [2.1816, 2.1151, 2.1798], "eS3": [0.0, 0.0, 0.0], "eXS": [0.0, 0.0, 0.0], "lev": [1.0, 1.0, 1.0], "sl": 0.04}, "train": {"n": 15, "months": 1.381578947368421, "eq": 1094.6264141383017, "growth": 0.06544188511598663, "liq": false, "maxdd": 0.0, "tpm": 10.857142857142858, "sl_hits": 1, "worst_mae": -0.047367135997395726, "win": 0.9333333333333333, "score": 0.05148110216034192}, "oos": {"n": 8, "months": 0.920984100877193, "eq": 972.5036197747327, "growth": -0.030273575120901505, "liq": false, "maxdd": 0.08489507524920518, "tpm": 8.686360592305975, "sl_hits": 2, "worst_mae": -0.048191500579985114, "win": 0.75, "score": -0.030273575120901505}, "elapsed": 0.4568350315093994}