{"job": {"strategy": "v6", "mode": "spot", "method": "vol3", "window": 42, "fold_idx": 4, "n_samples": 350, "seed": 929948}, "status": "ok", "n_feasible": 243, "cand": {"strategy": "v6", "tv": 1, "zL": [-2.6, -1.4977074072891812, -1.97741550601985], "zS": [1.3089511606116877, 2.1202929916148645, 1.8355863476811547], "zXS": [1.6815248451499247, 1.6645381868579787, 2.2592910909144592], "zXLmax": [-0.08377170495044811, -0.06714377994701355, -0.06600918619575145], "ptScale": [2.4, 2.329132229812317, 1.761988276230249], "eS3": [0.0, 0.0, 0.0], "eXS": [0.0, 0.0, 0.0], "lev": [1.0, 1.0, 1.0], "sl": 0.1}, "train": {"n": 12, "months": 1.3730126096491229, "eq": 1117.9187246685185, "growth": 0.0811854707163787, "liq": false, "maxdd": 0.0, "tpm": 8.73990516595957, "sl_hits": 0, "worst_mae": -0.060660570629091026, "win": 1.0, "score": 0.0811854707163787}, "oos": {"n": 7, "months": 0.9156387061403509, "eq": 1090.0895542701285, "growth": 0.09420730269319127, "liq": false, "maxdd": 0.0, "tpm": 7.644936756230821, "sl_hits": 0, "worst_mae": -0.07082743725329566, "win": 1.0, "score": 0.09420730269319127}, "elapsed": 0.5706777572631836}