{"job": {"strategy": "v6", "mode": "spot", "method": "vol3", "window": 42, "fold_idx": 15, "n_samples": 350, "seed": 929948}, "status": "ok", "n_feasible": 206, "cand": {"strategy": "v6", "tv": 0, "zL": [-1.4953, -1.247, -1.415], "zS": [1.8238, 2.017, 1.8111], "zXS": [2.5753, 2.0021, 2.0324], "zXLmax": [-20.5199, -20.4778, -20.335], "ptScale": [1.8566, 2.1602, 1.539], "eS3": [0.0, 0.0, 0.0], "eXS": [0.0, 0.0, 0.0], "lev": [1.0, 1.0, 1.0], "sl": 0.1}, "train": {"n": 14, "months": 1.3815104166666667, "eq": 1129.9247508458714, "growth": 0.08841847072700697, "liq": false, "maxdd": 0.0, "tpm": 10.133836003770028, "sl_hits": 0, "worst_mae": -0.057170542635658905, "win": 1.0, "score": 0.08841847072700697}, "oos": {"n": 4, "months": 0.9210526315789473, "eq": 1030.0548662029587, "growth": 0.0321502463222924, "liq": false, "maxdd": 0.0, "tpm": 4.3428571428571425, "sl_hits": 0, "worst_mae": -0.047367135997395726, "win": 1.0, "score": 0.0321502463222924}, "elapsed": 0.44950056076049805}