{"job": {"strategy": "v6", "mode": "spot", "method": "vol3", "window": 42, "fold_idx": 13, "n_samples": 350, "seed": 929948}, "status": "ok", "n_feasible": 350, "cand": {"strategy": "v6", "tv": 1, "zL": [-1.7374, -1.5169, -1.8042], "zS": [1.7195, 1.5907, 1.5991], "zXS": [1.6548, 1.8211, 1.8277], "zXLmax": [-99.0, -99.0, -99.0], "ptScale": [1.5108, 1.3167, 1.3849], "eS3": [0.0, 0.0, 0.0], "eXS": [0.0, 0.0, 0.0], "lev": [1.0, 1.0, 1.0], "sl": 0.02}, "train": {"n": 22, "months": 1.2473958333333333, "eq": 1041.6521400266467, "growth": 0.03271459448405157, "liq": false, "maxdd": 0.02494603091999846, "tpm": 17.636743215031316, "sl_hits": 4, "worst_mae": -0.022769890168765072, "win": 0.8181818181818182, "score": 0.03271459448405157}, "oos": {"n": 5, "months": 0.920984100877193, "eq": 1030.0824005487934, "growth": 0.03218166257837898, "liq": false, "maxdd": 0.0, "tpm": 5.428975370191234, "sl_hits": 0, "worst_mae": -0.012261793189628167, "win": 1.0, "score": 0.03218166257837898}, "elapsed": 0.737396240234375}