{"job": {"strategy": "v6", "mode": "spot", "method": "vol3", "window": 42, "fold_idx": 2, "n_samples": 350, "seed": 929948}, "status": "ok", "n_feasible": 209, "cand": {"strategy": "v6", "tv": 0, "zL": [-1.1478, -1.3539, -1.3171], "zS": [2.0123, 1.9771, 2.1902], "zXS": [1.8393, 2.0183, 1.8595], "zXLmax": [-0.2, -0.2721, -0.258], "ptScale": [2.0754, 1.7192, 2.0894], "eS3": [0.0, 0.0, 0.0], "eXS": [0.0, 0.0, 0.0], "lev": [1.0, 1.0, 1.0], "sl": 0.1}, "train": {"n": 16, "months": 1.3765076754385965, "eq": 1160.662032060528, "growth": 0.10823808851424108, "liq": false, "maxdd": 0.0, "tpm": 11.623618440704968, "sl_hits": 0, "worst_mae": -0.05810220280032108, "win": 1.0, "score": 0.10823808851424108}, "oos": {"n": 11, "months": 0.9100877192982456, "eq": 974.2378611638283, "growth": -0.028678328429495636, "liq": false, "maxdd": 0.10990372366486999, "tpm": 12.086746987951807, "sl_hits": 1, "worst_mae": -0.10983748727423537, "win": 0.9090909090909091, "score": -0.028678328429495636}, "elapsed": 0.5740382671356201}