{"job": {"strategy": "v6", "mode": "spot", "method": "vol3", "window": 42, "fold_idx": 7, "n_samples": 350, "seed": 929948}, "status": "ok", "n_feasible": 308, "cand": {"strategy": "v6", "tv": 0, "zL": [-1.2755, -1.4404, -1.0742], "zS": [1.7518, 1.5937, 1.6447], "zXS": [1.704, 1.8152, 1.7047], "zXLmax": [-99.0, -99.0, -99.0], "ptScale": [2.0246, 1.9642, 2.2267], "eS3": [0.0, 0.0, 0.0], "eXS": [0.0, 0.0, 0.0], "lev": [1.0, 1.0, 1.0], "sl": 0.1}, "train": {"n": 24, "months": 1.3672560307017543, "eq": 1247.2919382877435, "growth": 0.16161914581910652, "liq": false, "maxdd": 0.0, "tpm": 17.553405844318583, "sl_hits": 0, "worst_mae": -0.08600114744693066, "win": 1.0, "score": 0.16161914581910652}, "oos": {"n": 6, "months": 0.915296052631579, "eq": 938.3628859368396, "growth": -0.06950596215048012, "liq": false, "maxdd": 0.09848506630313532, "tpm": 6.555256064690027, "sl_hits": 1, "worst_mae": -0.10713179255220273, "win": 0.8333333333333334, "score": -0.06950596215048012}, "elapsed": 0.45641469955444336}