{"job": {"strategy": "v6", "mode": "spot", "method": "vol3", "window": 182, "fold_idx": 10, "n_samples": 350, "seed": 624811}, "status": "ok", "n_feasible": 350, "cand": {"strategy": "v6", "tv": 1, "zL": [-1.6073, -1.7757, -1.6267], "zS": [2.1644, 1.8832, 2.4293], "zXS": [2.3461, 2.0475, 2.0218], "zXLmax": [-0.7979, -0.7791, -0.687], "ptScale": [1.878, 1.6696, 1.62], "eS3": [0.0, 0.0, 0.0], "eXS": [0.0, 0.0, 0.0], "lev": [1.0, 1.0, 1.0], "sl": 0.08}, "train": {"n": 53, "months": 5.9493558114035086, "eq": 1395.9477925927354, "growth": 0.056068861295079195, "liq": false, "maxdd": 0.07299205421023679, "tpm": 8.908527524679483, "sl_hits": 1, "worst_mae": -0.0800082553659881, "win": 0.9811320754716981, "score": 0.0396552386304924}, "oos": {"n": 4, "months": 0.8395696271929824, "eq": 1026.8227499335953, "growth": 0.03152725522802596, "liq": false, "maxdd": 0.0, "tpm": 4.764345767692434, "sl_hits": 0, "worst_mae": -0.06798752076496095, "win": 1.0, "score": 0.03152725522802596}, "elapsed": 0.7316017150878906}