{"job": {"strategy": "v6", "mode": "spot", "method": "vol3", "window": 182, "fold_idx": 17, "n_samples": 350, "seed": 624811}, "status": "ok", "n_feasible": 350, "cand": {"strategy": "v6", "tv": 0, "zL": [-1.4951, -1.54, -1.6839], "zS": [1.7232, 1.8878, 1.7032], "zXS": [1.8864, 1.8375, 1.9821], "zXLmax": [-19.8161, -19.8057, -19.7957], "ptScale": [1.6045, 1.2764, 1.6543], "eS3": [0.0, 0.0, 0.0], "eXS": [0.0, 0.0, 0.0], "lev": [1.0, 1.0, 1.0], "sl": 0.08}, "train": {"n": 50, "months": 5.852179276315789, "eq": 1143.7943961379042, "growth": 0.022957456838929344, "liq": false, "maxdd": 0.1475538628887938, "tpm": 8.543825750922185, "sl_hits": 2, "worst_mae": -0.08579141104294474, "win": 0.96, "score": 0.0029699468452218675}, "oos": {"n": 4, "months": 0.920984100877193, "eq": 1023.5763524483103, "growth": 0.02530198151943313, "liq": false, "maxdd": 0.0, "tpm": 4.343180296152988, "sl_hits": 0, "worst_mae": -0.03887812108083455, "win": 1.0, "score": 0.02530198151943313}, "elapsed": 1.041835069656372}