{"job": {"strategy": "v6", "mode": "spot", "method": "vol3", "window": 182, "fold_idx": 14, "n_samples": 350, "seed": 624811}, "status": "ok", "n_feasible": 350, "cand": {"strategy": "v6", "tv": 0, "zL": [-1.4287, -1.3831, -1.756], "zS": [1.7003, 1.6078, 1.7007], "zXS": [1.9941, 2.1837, 2.2115], "zXLmax": [-40.0923, -40.0891, -40.1352], "ptScale": [1.5311, 1.1569, 1.5249], "eS3": [0.0, 0.0, 0.0], "eXS": [0.0, 0.0, 0.0], "lev": [1.0, 1.0, 1.0], "sl": 0.08}, "train": {"n": 59, "months": 5.764117324561403, "eq": 1103.568627159033, "growth": 0.017097003700580204, "liq": false, "maxdd": 0.14755386288879388, "tpm": 10.235738913327786, "sl_hits": 3, "worst_mae": -0.08579141104294474, "win": 0.9491525423728814, "score": 0.001273406335811328}, "oos": {"n": 9, "months": 0.920984100877193, "eq": 1052.018286664631, "growth": 0.05506120776373501, "liq": false, "maxdd": 0.0, "tpm": 9.772155666344222, "sl_hits": 0, "worst_mae": -0.057170542635658905, "win": 1.0, "score": 0.05506120776373501}, "elapsed": 1.0442426204681396}