{"job": {"strategy": "v6", "mode": "spot", "method": "vol3", "window": 182, "fold_idx": 15, "n_samples": 350, "seed": 624811}, "status": "ok", "n_feasible": 350, "cand": {"strategy": "v6", "tv": 1, "zL": [-1.534, -1.3935, -1.626], "zS": [1.2282, 1.701, 1.7437], "zXS": [2.0983, 1.9582, 1.8572], "zXLmax": [-20.4644, -20.5166, -20.4359], "ptScale": [1.4603, 1.0902, 1.4732], "eS3": [0.0, 0.0, 0.0], "eXS": [0.0, 0.0, 0.0], "lev": [1.0, 1.0, 1.0], "sl": 0.08}, "train": {"n": 64, "months": 5.76733826754386, "eq": 1228.167998712234, "growth": 0.03563578510615172, "liq": false, "maxdd": 0.0811694664800125, "tpm": 11.096973513789703, "sl_hits": 2, "worst_mae": -0.08268961584322665, "win": 0.96875, "score": 0.029713239239775213}, "oos": {"n": 4, "months": 0.9210526315789473, "eq": 1022.9215064718468, "growth": 0.024605277138520856, "liq": false, "maxdd": 0.0, "tpm": 4.3428571428571425, "sl_hits": 0, "worst_mae": -0.047367135997395726, "win": 1.0, "score": 0.024605277138520856}, "elapsed": 1.0440943241119385}