{"job": {"strategy": "v6", "mode": "spot", "method": "vol3", "window": 182, "fold_idx": 6, "n_samples": 350, "seed": 624811}, "status": "ok", "n_feasible": 350, "cand": {"strategy": "v6", "tv": 1, "zL": [-1.863, -1.6979, -1.347], "zS": [1.5411, 1.5523, 1.5268], "zXS": [1.606, 1.8184, 1.9538], "zXLmax": [-99.0, -99.0, -99.0], "ptScale": [1.2474, 1.4659, 1.2442], "eS3": [0.0, 0.0, 0.0], "eXS": [0.0, 0.0, 0.0], "lev": [1.0, 1.0, 1.0], "sl": 0.08}, "train": {"n": 50, "months": 5.494243421052632, "eq": 1384.324554736437, "growth": 0.059191468169164256, "liq": false, "maxdd": 0.0, "tpm": 9.100434066756472, "sl_hits": 0, "worst_mae": -0.07450178170779986, "win": 1.0, "score": 0.042120668209273224}, "oos": {"n": 11, "months": 0.9139939692982456, "eq": 1071.660788689876, "growth": 0.0757221452640032, "liq": false, "maxdd": 0.0, "tpm": 12.035090350153707, "sl_hits": 0, "worst_mae": -0.05756034074775196, "win": 1.0, "score": 0.0757221452640032}, "elapsed": 0.6924393177032471}