{"job": {"strategy": "v6", "mode": "spot", "method": "vol3", "window": 182, "fold_idx": 1, "n_samples": 350, "seed": 624811}, "status": "ok", "n_feasible": 113, "cand": {"strategy": "v6", "tv": 0, "zL": [-1.323, -1.0152, -1.3643], "zS": [2.1646, 2.0799, 1.9285], "zXS": [2.2244, 2.0535, 1.9942], "zXLmax": [-40.3279, -40.3614, -40.2627], "ptScale": [1.7513, 2.1988, 2.1099], "eS3": [0.0, 0.0, 0.0], "eXS": [0.0, 0.0, 0.0], "lev": [1.0, 1.0, 1.0], "sl": 0.08}, "train": {"n": 16, "months": 0.9268777412280702, "eq": 1155.2178671452339, "growth": 0.15567204748841473, "liq": false, "maxdd": 0.0, "tpm": 17.262255083179298, "sl_hits": 0, "worst_mae": -0.030755864465681904, "win": 1.0, "score": 0.15567204748841473}, "oos": {"n": 12, "months": 0.9159813596491229, "eq": 1121.0973217987753, "growth": 0.12479288586559954, "liq": false, "maxdd": 0.0, "tpm": 13.10070327697142, "sl_hits": 0, "worst_mae": -0.05810220280032108, "win": 1.0, "score": 0.12479288586559954}, "elapsed": 0.5569121837615967}