{"job": {"strategy": "v6", "mode": "spot", "method": "vol3", "window": 182, "fold_idx": 0, "n_samples": 350, "seed": 624811}, "status": "ok", "n_feasible": 202, "cand": {"strategy": "v6", "tv": 1, "zL": [-1.0263, -1.0275, -1.4112], "zS": [1.4552, 1.6202, 1.6531], "zXS": [1.659, 1.6866, 1.7139], "zXLmax": [-20.1497, -20.2278, -20.2874], "ptScale": [2.1541, 2.1943, 2.3459], "eS3": [0.0, 0.0, 0.0], "eXS": [0.0, 0.0, 0.0], "lev": [1.0, 1.0, 1.0], "sl": 0.08}, "train": {"n": 12, "months": 0.6162280701754386, "eq": 1119.9149690849965, "growth": 0.1837838414806906, "liq": false, "maxdd": 0.0, "tpm": 19.473309608540927, "sl_hits": 0, "worst_mae": -0.06330849166748953, "win": 1.0, "score": 0.1837838414806906}, "oos": {"n": 19, "months": 0.9209155701754386, "eq": 1094.3978144631014, "growth": 0.09795064149974761, "liq": false, "maxdd": 0.08124757118223484, "tpm": 20.63164161333532, "sl_hits": 1, "worst_mae": -0.08251324753974265, "win": 0.9473684210526315, "score": 0.09795064149974761}, "elapsed": 0.5428445339202881}