{"job": {"strategy": "v6", "mode": "spot", "method": "vol3", "window": 182, "fold_idx": 18, "n_samples": 350, "seed": 624811}, "status": "ok", "n_feasible": 350, "cand": {"strategy": "v6", "tv": 1, "zL": [-1.373, -1.4175, -1.4789], "zS": [1.9288, 1.9891, 1.8382], "zXS": [2.0773, 2.2152, 1.8859], "zXLmax": [-20.4029, -20.3865, -20.3439], "ptScale": [1.3946, 1.2331, 1.4457], "eS3": [0.0, 0.0, 0.0], "eXS": [0.0, 0.0, 0.0], "lev": [1.0, 1.0, 1.0], "sl": 0.06}, "train": {"n": 59, "months": 5.852453399122807, "eq": 1231.1444668557585, "growth": 0.03553111549140402, "liq": false, "maxdd": 0.0785726978551797, "tpm": 10.08124216911205, "sl_hits": 2, "worst_mae": -0.06232213258139474, "win": 0.9661016949152542, "score": 0.02210774088096423}, "oos": {"n": 9, "months": 0.920984100877193, "eq": 914.9472678101929, "growth": -0.09651507131469983, "liq": false, "maxdd": 0.12056892760123053, "tpm": 9.772155666344222, "sl_hits": 2, "worst_mae": -0.06353098528756129, "win": 0.7777777777777778, "score": -0.09651507131469983}, "elapsed": 1.037179708480835}