{"job": {"strategy": "v6", "mode": "spot", "method": "vol3", "window": 182, "fold_idx": 8, "n_samples": 350, "seed": 624811}, "status": "ok", "n_feasible": 350, "cand": {"strategy": "v6", "tv": 1, "zL": [-2.2418, -1.619, -1.6804], "zS": [2.0809, 1.916, 2.0215], "zXS": [2.529, 2.5138, 2.1042], "zXLmax": [-0.7569, -0.7075, -0.6434], "ptScale": [1.6448, 2.0571, 1.6293], "eS3": [0.0, 0.0, 0.0], "eXS": [0.0, 0.0, 0.0], "lev": [1.0, 1.0, 1.0], "sl": 0.08}, "train": {"n": 50, "months": 5.936129385964913, "eq": 1525.575132439279, "growth": 0.07115267332040469, "liq": false, "maxdd": 0.0, "tpm": 8.422996998383745, "sl_hits": 0, "worst_mae": -0.07450178170779986, "win": 1.0, "score": 0.05835829625929961}, "oos": {"n": 7, "months": 0.9194078947368421, "eq": 1067.717186215159, "growth": 0.0712664084471131, "liq": false, "maxdd": 0.0, "tpm": 7.613595706618962, "sl_hits": 0, "worst_mae": -0.011605670952852143, "win": 1.0, "score": 0.0712664084471131}, "elapsed": 0.7216935157775879}