{"job": {"strategy": "v6", "mode": "spot", "method": "vol3", "window": 182, "fold_idx": 16, "n_samples": 350, "seed": 624811}, "status": "ok", "n_feasible": 350, "cand": {"strategy": "v6", "tv": 0, "zL": [-1.9438, -1.5102, -1.8376], "zS": [1.8243, 1.6722, 1.7117], "zXS": [1.8044, 1.4449, 1.8694], "zXLmax": [-40.3541, -40.3349, -40.455], "ptScale": [1.5486, 1.3594, 1.6392], "eS3": [0.0, 0.0, 0.0], "eXS": [0.0, 0.0, 0.0], "lev": [1.0, 1.0, 1.0], "sl": 0.06}, "train": {"n": 50, "months": 5.768229166666667, "eq": 1205.64052765467, "growth": 0.03242086583798218, "liq": false, "maxdd": 0.09455216003195072, "tpm": 8.668171557562076, "sl_hits": 2, "worst_mae": -0.06232213258139474, "win": 0.96, "score": 0.020856835611713143}, "oos": {"n": 5, "months": 0.9210526315789473, "eq": 1032.0925952588088, "growth": 0.03429596316146167, "liq": false, "maxdd": 0.0, "tpm": 5.428571428571429, "sl_hits": 0, "worst_mae": -0.006013646351335722, "win": 1.0, "score": 0.03429596316146167}, "elapsed": 1.0452194213867188}