{"job": {"strategy": "v6", "mode": "spot", "method": "vol3", "window": 182, "fold_idx": 13, "n_samples": 350, "seed": 624811}, "status": "ok", "n_feasible": 350, "cand": {"strategy": "v6", "tv": 0, "zL": [-1.8812, -1.7224, -2.0003], "zS": [1.8316, 1.5234, 1.7211], "zXS": [1.8959, 1.857, 1.7956], "zXLmax": [-99.0, -99.0, -99.0], "ptScale": [1.6647, 1.5642, 1.6504], "eS3": [0.0, 0.0, 0.0], "eXS": [0.0, 0.0, 0.0], "lev": [1.0, 1.0, 1.0], "sl": 0.03}, "train": {"n": 46, "months": 5.755276864035088, "eq": 1003.5995494544088, "growth": 0.0006243116822124557, "liq": false, "maxdd": 0.056914789563946654, "tpm": 7.992665007561233, "sl_hits": 9, "worst_mae": -0.03615163766332685, "win": 0.8043478260869565, "score": 0.006312115455728829}, "oos": {"n": 4, "months": 0.920984100877193, "eq": 1027.5131725269025, "growth": 0.029470093194602462, "liq": false, "maxdd": 0.0, "tpm": 4.343180296152988, "sl_hits": 0, "worst_mae": -0.011180609851446532, "win": 1.0, "score": 0.029470093194602462}, "elapsed": 1.0496196746826172}