{"job": {"strategy": "v6", "mode": "spot", "method": "vol3", "window": 182, "fold_idx": 12, "n_samples": 350, "seed": 624811}, "status": "ok", "n_feasible": 350, "cand": {"strategy": "v6", "tv": 0, "zL": [-1.6812, -2.2227, -2.0791], "zS": [1.8454, 1.6693, 2.105], "zXS": [1.8733, 1.9998, 1.867], "zXLmax": [-40.0229, -40.1235, -40.0086], "ptScale": [2.1073, 1.9664, 1.7144], "eS3": [0.0, 0.0, 0.0], "eXS": [0.0, 0.0, 0.0], "lev": [1.0, 1.0, 1.0], "sl": 0.08}, "train": {"n": 37, "months": 5.8803453947368425, "eq": 1371.2741605034757, "growth": 0.05369418470939701, "liq": false, "maxdd": 0.0, "tpm": 6.292147402279561, "sl_hits": 0, "worst_mae": -0.06798752076496095, "win": 1.0, "score": 0.04217286238356418}, "oos": {"n": 5, "months": 0.7870065789473684, "eq": 711.267008975843, "growth": -0.4329155419281248, "liq": false, "maxdd": 0.23296676754431608, "tpm": 6.353187042842216, "sl_hits": 4, "worst_mae": -0.11090275917492642, "win": 0.2, "score": -0.4329155419281248}, "elapsed": 0.7305660247802734}