{"job": {"strategy": "v6", "mode": "spot", "method": "vol3", "window": 182, "fold_idx": 4, "n_samples": 350, "seed": 624811}, "status": "ok", "n_feasible": 350, "cand": {"strategy": "v6", "tv": 1, "zL": [-1.7762, -1.5303, -1.3458], "zS": [2.0715, 1.8189, 1.8609], "zXS": [1.9842, 2.1573, 2.1663], "zXLmax": [-99.0, -99.0, -99.0], "ptScale": [1.2545, 1.7551, 1.5149], "eS3": [0.0, 0.0, 0.0], "eXS": [0.0, 0.0, 0.0], "lev": [1.0, 1.0, 1.0], "sl": 0.08}, "train": {"n": 36, "months": 3.6701617324561404, "eq": 1292.7913945836399, "growth": 0.0699706909573503, "liq": false, "maxdd": 0.0, "tpm": 9.80883204182616, "sl_hits": 0, "worst_mae": -0.060660570629091026, "win": 1.0, "score": 0.06968607468234489}, "oos": {"n": 7, "months": 0.9156387061403509, "eq": 1083.329681460268, "growth": 0.08741366673487207, "liq": false, "maxdd": 0.0, "tpm": 7.644936756230821, "sl_hits": 0, "worst_mae": -0.07082743725329566, "win": 1.0, "score": 0.08741366673487207}, "elapsed": 0.5990447998046875}