{"job": {"strategy": "v6", "mode": "spot", "method": "vol3", "window": 182, "fold_idx": 20, "n_samples": 350, "seed": 624811}, "status": "ok", "n_feasible": 350, "cand": {"strategy": "v6", "tv": 0, "zL": [-1.4215, -1.4189, -1.7106], "zS": [1.369, 1.6061, 1.6351], "zXS": [1.777, 1.7585, 1.4513], "zXLmax": [-40.6043, -40.6183, -40.5727], "ptScale": [2.19, 2.2557, 1.8009], "eS3": [0.0, 0.0, 0.0], "eXS": [0.0, 0.0, 0.0], "lev": [1.0, 1.0, 1.0], "sl": 0.08}, "train": {"n": 52, "months": 5.986362390350878, "eq": 1331.7279428543159, "growth": 0.047854988634217284, "liq": false, "maxdd": 0.08423617614269796, "tpm": 8.686410312181607, "sl_hits": 2, "worst_mae": -0.08526526972804283, "win": 0.9615384615384616, "score": 0.0348890033222103}, "oos": {"n": 4, "months": 0.9185855263157895, "eq": 943.7491286793303, "growth": -0.06302614183920377, "liq": false, "maxdd": 0.0, "tpm": 4.354521038495971, "sl_hits": 1, "worst_mae": -0.08479922358364689, "win": 0.75, "score": -0.06302614183920377}, "elapsed": 0.7073144912719727}