{"job": {"strategy": "v6", "mode": "spot", "method": "vol3", "window": 182, "fold_idx": 11, "n_samples": 350, "seed": 624811}, "status": "ok", "n_feasible": 350, "cand": {"strategy": "v6", "tv": 1, "zL": [-1.0689, -1.34, -0.9819], "zS": [1.6207, 1.7277, 1.5775], "zXS": [1.9243, 2.2528, 1.8799], "zXLmax": [-99.0, -99.0, -99.0], "ptScale": [2.0831, 1.9724, 2.3869], "eS3": [0.0, 0.0, 0.0], "eXS": [0.0, 0.0, 0.0], "lev": [1.0, 1.0, 1.0], "sl": 0.08}, "train": {"n": 96, "months": 5.875205592105263, "eq": 1553.7778602240926, "growth": 0.07500831889712495, "liq": false, "maxdd": 0.14718421315243724, "tpm": 16.33985372852294, "sl_hits": 5, "worst_mae": -0.08311202911379956, "win": 0.9479166666666666, "score": 0.057554182616098556}, "oos": {"n": 17, "months": 0.9208470394736842, "eq": 1072.6037597393492, "growth": 0.0761137407340186, "liq": false, "maxdd": 0.0792137529342079, "tpm": 18.46126367492744, "sl_hits": 1, "worst_mae": -0.08108108108108103, "win": 0.9411764705882353, "score": 0.0761137407340186}, "elapsed": 0.719029426574707}