{"job": {"strategy": "v6", "mode": "spot", "method": "vol3", "window": 182, "fold_idx": 3, "n_samples": 350, "seed": 624811}, "status": "ok", "n_feasible": 296, "cand": {"strategy": "v6", "tv": 0, "zL": [-1.4534, -1.5341, -1.3369], "zS": [2.034, 1.9685, 1.8072], "zXS": [1.8419, 2.2788, 2.1886], "zXLmax": [-99.0, -99.0, -99.0], "ptScale": [1.6099, 1.5576, 1.4578], "eS3": [0.0, 0.0, 0.0], "eXS": [0.0, 0.0, 0.0], "lev": [1.0, 1.0, 1.0], "sl": 0.08}, "train": {"n": 28, "months": 2.752946820175439, "eq": 1207.5099147972364, "growth": 0.06849399201655049, "liq": false, "maxdd": 0.0, "tpm": 10.170919319907394, "sl_hits": 0, "worst_mae": -0.05810220280032108, "win": 1.0, "score": 0.04234204618284898}, "oos": {"n": 11, "months": 0.9172149122807017, "eq": 985.4036253052922, "growth": -0.016031084605363333, "liq": false, "maxdd": 0.08024101995565412, "tpm": 11.992827256425583, "sl_hits": 1, "worst_mae": -0.08026212061489957, "win": 0.9090909090909091, "score": -0.016031084605363333}, "elapsed": 0.667048454284668}