{"job": {"strategy": "v6", "mode": "spot", "method": "vol3", "window": 182, "fold_idx": 5, "n_samples": 350, "seed": 624811}, "status": "ok", "n_feasible": 350, "cand": {"strategy": "v6", "tv": 1, "zL": [-2.0971, -1.5874, -1.5386], "zS": [2.2225, 1.966, 1.9203], "zXS": [1.8899, 2.0755, 2.0175], "zXLmax": [-40.1654, -40.0051, -40.1507], "ptScale": [1.5676, 1.5255, 1.3172], "eS3": [0.0, 0.0, 0.0], "eXS": [0.0, 0.0, 0.0], "lev": [1.0, 1.0, 1.0], "sl": 0.08}, "train": {"n": 33, "months": 4.5858004385964914, "eq": 1292.1073904954112, "growth": 0.05588435975707115, "liq": false, "maxdd": 0.0, "tpm": 7.196126486938848, "sl_hits": 0, "worst_mae": -0.07082743725329566, "win": 1.0, "score": 0.04274314303882222}, "oos": {"n": 10, "months": 0.9084429824561403, "eq": 1067.3698976945905, "growth": 0.07176849208630459, "liq": false, "maxdd": 0.0, "tpm": 11.007845503922752, "sl_hits": 0, "worst_mae": -0.07450178170779986, "win": 1.0, "score": 0.07176849208630459}, "elapsed": 0.6453206539154053}