{"job": {"strategy": "v6", "mode": "spot", "method": "vol3", "window": 182, "fold_idx": 2, "n_samples": 350, "seed": 624811}, "status": "ok", "n_feasible": 283, "cand": {"strategy": "v6", "tv": 0, "zL": [-1.3359, -1.6762, -1.4476], "zS": [1.4337, 1.3647, 1.354], "zXS": [2.3397, 2.2398, 2.437], "zXLmax": [-40.2151, -40.1587, -40.2968], "ptScale": [2.0046, 1.7401, 1.6184], "eS3": [0.0, 0.0, 0.0], "eXS": [0.0, 0.0, 0.0], "lev": [1.0, 1.0, 1.0], "sl": 0.1}, "train": {"n": 20, "months": 1.842859100877193, "eq": 1186.5695760500432, "growth": 0.09282664899979375, "liq": false, "maxdd": 0.0, "tpm": 10.85270164739132, "sl_hits": 0, "worst_mae": -0.05810220280032108, "win": 1.0, "score": 0.06794742010596008}, "oos": {"n": 5, "months": 0.9100877192982456, "eq": 1034.2784130507466, "growth": 0.03703379069690632, "liq": false, "maxdd": 0.0, "tpm": 5.493975903614458, "sl_hits": 0, "worst_mae": -0.023793194407808027, "win": 1.0, "score": 0.03703379069690632}, "elapsed": 0.6174311637878418}