{"job": {"strategy": "v6", "mode": "spot", "method": "vol3", "window": 182, "fold_idx": 7, "n_samples": 350, "seed": 624811}, "status": "ok", "n_feasible": 350, "cand": {"strategy": "v6", "tv": 1, "zL": [-2.1322, -1.5649, -1.4196], "zS": [2.127, 1.8658, 1.821], "zXS": [2.3145, 2.18, 2.0534], "zXLmax": [-20.5277, -20.5078, -20.3084], "ptScale": [1.9736, 1.8335, 1.5486], "eS3": [0.0, 0.0, 0.0], "eXS": [0.0, 0.0, 0.0], "lev": [1.0, 1.0, 1.0], "sl": 0.1}, "train": {"n": 55, "months": 5.941885964912281, "eq": 1575.0059555147593, "growth": 0.07645031497274213, "liq": false, "maxdd": 0.0, "tpm": 9.256320354308913, "sl_hits": 0, "worst_mae": -0.07450178170779986, "win": 1.0, "score": 0.07090199748643464}, "oos": {"n": 2, "months": 0.915296052631579, "eq": 1018.6625222470794, "growth": 0.02020167584029256, "liq": false, "maxdd": 0.0, "tpm": 2.1850853548966755, "sl_hits": 0, "worst_mae": -0.011957423278960544, "win": 1.0, "score": 0.02020167584029256}, "elapsed": 0.7273805141448975}