{
 "cand": {
  "strategy": "v7",
  "mode": "lev",
  "regs": [
   {
    "dur2Short": 173.0926468334888,
    "ptLong": 0.02921923260778294,
    "xApt2Long": 0.0027356950646924686,
    "eXS": 0.0,
    "rsiValLong": 38.10771129835077,
    "apt2Long": 0.011099618899303937,
    "vRsi": 5.0,
    "slShort": 0.10565089271803121,
    "bbValShort": 0.8588881635850029,
    "requireHistPos": 1.0,
    "zXLmax": -0.6128692908984215,
    "cdPeriodLong": 95.62609803648064,
    "xApt1Long": 0.0013334711253028485,
    "apt1Long": 0.01279580166802519,
    "rsiValShort": 72.62053211193893,
    "xMinBetween": 7.884077604651753,
    "xDur1Long": 31.6127283162456,
    "leverage": 6.683086712204066,
    "eXL": 0.0,
    "vBB": 3.0,
    "vX": 4.0,
    "xCdPctShort": 0.0003544785274618252,
    "zL": -1.3151986398730062,
    "vMacd": 0.0,
    "xDur2Long": 584.9632074591788,
    "vEmaUp": 2.0,
    "zS": 2.976282468974698,
    "xTpLong": 0.001,
    "xCdPeriodShort": 3.945782176493936,
    "xDur2Short": 245.21022422521503,
    "xTpShort": 0.0026092085810707826,
    "cdPctShort": 0.0018897873076390405,
    "cdPeriodShort": 197.14444467682438,
    "ptShort": 0.006636984133810194,
    "xApt1Short": 0.015,
    "vHistN": 2.0,
    "trendBlockZ": 2.0,
    "eL3": 1.0,
    "xDur1Short": 65.0564679169959,
    "apt2Short": 0.0007975881857950452,
    "eS3": 1.0,
    "vEmaDn": 1.0,
    "xApt2Short": 0.0028408807117633905,
    "bbValLong": -0.11017393019859331,
    "slLong": 0.08971553390136464,
    "dur1Short": 2.2036458603738303,
    "dur1Long": 13.985932549497322,
    "dur2Long": 170.23497108057904,
    "cdPctLong": 0.008726701859763649,
    "apt1Short": 0.001,
    "zXS": 2.1064090338042405
   },
   {
    "dur2Short": 326.25839630751216,
    "ptLong": 0.01646110595185207,
    "xApt2Long": 0.004049631262866223,
    "eXS": 0.0,
    "rsiValLong": 64.53466931602546,
    "apt2Long": 0.015,
    "vRsi": 5.0,
    "slShort": 0.029148378363188204,
    "bbValShort": 0.9418263239074447,
    "requireHistPos": 0.0,
    "zXLmax": -2.131827336880586,
    "cdPeriodLong": 10.0,
    "xApt1Long": 0.005974664723975775,
    "apt1Long": 0.014391129552422735,
    "rsiValShort": 54.48003735622432,
    "xMinBetween": 27.86335657876002,
    "xDur1Long": 88.70372810788442,
    "leverage": 8.85613830222141,
    "eXL": 0.0,
    "vBB": 0.0,
    "vX": 4.0,
    "xCdPctShort": 0.0040160277665561225,
    "zL": -0.9501762465964287,
    "vMacd": 2.0,
    "xDur2Long": 324.67685678425516,
    "vEmaUp": 1.0,
    "zS": 1.555977596907165,
    "xTpLong": 0.012373339624913809,
    "xCdPeriodShort": 26.316333009181797,
    "xDur2Short": 30.0,
    "xTpShort": 0.006332941644325403,
    "cdPctShort": 0.006755511811104316,
    "cdPeriodShort": 88.87545397634094,
    "ptShort": 0.008187182236857668,
    "xApt1Short": 0.007185880425383895,
    "vHistN": 0.0,
    "trendBlockZ": 1.5,
    "eL3": 1.0,
    "xDur1Short": 60.75744674189327,
    "apt2Short": 0.0,
    "eS3": 1.0,
    "vEmaDn": 3.0,
    "xApt2Short": 0.006827070196425056,
    "bbValLong": 0.25169339858699646,
    "slLong": 0.08782366923278853,
    "dur1Short": 18.856917185866486,
    "dur1Long": 25.86023335257311,
    "dur2Long": 108.33765974466209,
    "cdPctLong": 0.005015344910764029,
    "apt1Short": 0.008816520480920126,
    "zXS": 1.793741678219266
   },
   {
    "dur2Short": 223.44087126391355,
    "ptLong": 0.029906145235680606,
    "xApt2Long": 0.00791153294926224,
    "eXS": 0.0,
    "rsiValLong": 59.46999893328016,
    "apt2Long": 0.015,
    "vRsi": 4.0,
    "slShort": 0.06735661407361199,
    "bbValShort": 0.8650758304769807,
    "requireHistPos": 1.0,
    "zXLmax": -1.07158070454683,
    "cdPeriodLong": 179.22579602925097,
    "xApt1Long": 0.01152879983636619,
    "apt1Long": 0.018062478189685146,
    "rsiValShort": 63.68614091013118,
    "xMinBetween": 2.2366728538527205,
    "xDur1Long": 98.28766763877171,
    "leverage": 8.295412165794307,
    "eXL": 1.0,
    "vBB": 2.0,
    "vX": 4.0,
    "xCdPctShort": 0.003465627109851372,
    "zL": -1.730143829795899,
    "vMacd": 2.0,
    "xDur2Long": 239.95140918662275,
    "vEmaUp": 4.0,
    "zS": 2.294593221247674,
    "xTpLong": 0.010744347525525664,
    "xCdPeriodShort": 57.7425880951152,
    "xDur2Short": 605.6393571183903,
    "xTpShort": 0.018154743921172497,
    "cdPctShort": 0.0008835323115648297,
    "cdPeriodShort": 45.3997095382253,
    "ptShort": 0.009087036189350051,
    "xApt1Short": 0.0028192166360793787,
    "vHistN": 3.0,
    "trendBlockZ": 99.0,
    "eL3": 1.0,
    "xDur1Short": 86.68582620622985,
    "apt2Short": 0.002609893680162332,
    "eS3": 1.0,
    "vEmaDn": 3.0,
    "xApt2Short": 0.008965220452177326,
    "bbValLong": -0.2777709602719793,
    "slLong": 0.07644419284178058,
    "dur1Short": 0.6,
    "dur1Long": 82.16853840569301,
    "dur2Long": 184.4432396265645,
    "cdPctLong": 0.004676711965687345,
    "apt1Short": 0.010610269312370493,
    "zXS": 1.7440300584457344
   }
  ]
 },
 "metrics": {
  "n": 78,
  "months": 14.81640625,
  "eq": 4844280.190547261,
  "growth": 0.5727133693978672,
  "liq": false,
  "maxdd": 0.4772830099432038,
  "tpm": 5.264434484576852,
  "sl_hits": 0,
  "worst_mae": -0.0620495572791544,
  "win": 1.0,
  "max_hold_days": 2.7895833333333333,
  "in_market": 0.05867225405987946,
  "score": 0.48939992210084604
 },
 "strategy": "v7",
 "mode": "lev",
 "method": "vol3",
 "algo": "genetic",
 "per_regime": true,
 "train_end": "2025-09-01",
 "holdout_days": null,
 "max_dd": null,
 "max_hold_days": 7.0,
 "gap_mode": "skip_contaminated",
 "scoring": "underwater",
 "anchor": null,
 "anchor_strength": 0.0,
 "evaluated": 50400,
 "generated": "2026-07-16 21:05",
 "holdout": {
  "n": 9,
  "months": 2.1842105263157894,
  "eq": 0.0,
  "growth": -12.650347016931143,
  "liq": true,
  "maxdd": 1.0,
  "tpm": 4.120481927710844,
  "sl_hits": 0,
  "worst_mae": -0.10491603245956166,
  "win": 0.8888888888888888,
  "max_hold_days": 30.041666666666668,
  "in_market": 0.6244038654618473,
  "score": -12.962548949662066
 },
 "holdout_scan": {
  "scanned": 457,
  "pool": 574,
  "reservoir": 274,
  "survivors": 0
 },
 "holdout_survivors": [],
 "holdout_top10": [
  {
   "rank": 434,
   "train_score": 0.09549696068792125,
   "holdout": {
    "n": 58,
    "months": 9.656661184210527,
    "eq": 3407.5685564300393,
    "growth": 0.12695889192694412,
    "liq": false,
    "maxdd": 0.5023318003053024,
    "tpm": 6.006216734085585,
    "sl_hits": 0,
    "worst_mae": -0.08311209439528033,
    "win": 0.9827586206896551,
    "max_hold_days": 10.15,
    "in_market": 0.07971755020935349,
    "score": 0.06043336585296711
   }
  },
  {
   "rank": 348,
   "train_score": 0.06174103191824133,
   "holdout": {
    "n": 38,
    "months": 9.656661184210527,
    "eq": 2854.3938886342517,
    "growth": 0.10861513129225583,
    "liq": false,
    "maxdd": 0.8219881659165273,
    "tpm": 3.9351075154353836,
    "sl_hits": 0,
    "worst_mae": -0.13852747589162706,
    "win": 1.0,
    "max_hold_days": 17.639583333333334,
    "in_market": 0.09216521183734298,
    "score": 0.024059324961553087
   }
  },
  {
   "rank": 405,
   "train_score": 0.06167463113291578,
   "holdout": {
    "n": 47,
    "months": 9.656661184210527,
    "eq": 2234.913783172079,
    "growth": 0.08327957626539445,
    "liq": false,
    "maxdd": 0.863961318222693,
    "tpm": 4.8671066638279745,
    "sl_hits": 0,
    "worst_mae": -0.22926248579622321,
    "win": 0.8936170212765957,
    "max_hold_days": 17.635416666666668,
    "in_market": 0.11295152934497196,
    "score": 0.013182653806501562
   }
  },
  {
   "rank": 309,
   "train_score": 0.023213935111313668,
   "holdout": {
    "n": 19,
    "months": 9.656661184210527,
    "eq": 1562.6257265863485,
    "growth": 0.04622379887744185,
    "liq": false,
    "maxdd": 0.223098084891238,
    "tpm": 1.9675537577176918,
    "sl_hits": 0,
    "worst_mae": -0.22926248579622321,
    "win": 1.0,
    "max_hold_days": 163.875,
    "in_market": 0.5984387197501951,
    "score": -0.21513871011560948
   }
  },
  {
   "rank": 322,