{
 "cand": {
  "strategy": "v7",
  "mode": "spot",
  "regs": [
   {
    "cdPctLong": 0.006332102454538032,
    "vEmaDn": 0.0,
    "xApt1Long": 0.01350778726828749,
    "apt2Long": 0.011081445724738527,
    "dur2Short": 360.0,
    "xDur1Short": 102.35519636578881,
    "xCdPeriodShort": 12.609778194813131,
    "apt1Long": 0.0067849724080605404,
    "bbValShort": 0.6582484896735107,
    "xMinBetween": 4.444952319848435,
    "zXLmax": 0.357541137337536,
    "rsiValLong": 73.02493595119891,
    "cdPeriodShort": 162.892765129727,
    "dur1Short": 37.85854292073596,
    "xApt1Short": 0.004185722253245088,
    "dur2Long": 56.494431869115914,
    "vMacd": 1.0,
    "eXL": 1.0,
    "xApt2Short": 0.002266294375044449,
    "vBB": 0.0,
    "cdPctShort": 0.0031153773428326146,
    "vHistN": 3.0,
    "xTpLong": 0.017980744257386057,
    "slLong": 0.039260702319971696,
    "slShort": 0.052035335226964706,
    "xDur2Long": 720.0,
    "rsiValShort": 74.24341883228725,
    "bbValLong": 0.23165934183851047,
    "xDur1Long": 151.13072302540897,
    "vRsi": 4.0,
    "leverage": 1.0,
    "zS": 3.0,
    "eXS": 0.0,
    "xApt2Long": 0.007451668156340761,
    "cdPeriodLong": 188.835166273071,
    "zL": -2.206740608765076,
    "eL3": 1.0,
    "dur1Long": 77.22114736925617,
    "ptShort": 0.007720273878076152,
    "xDur2Short": 233.7646929931198,
    "vX": 0.0,
    "apt1Short": 0.001,
    "ptLong": 0.00935104113774218,
    "eS3": 0.0,
    "xCdPctShort": 0.002317447094314466,
    "requireHistPos": 1.0,
    "apt2Short": 0.002492553387646547,
    "vEmaUp": 2.0,
    "xTpShort": 0.0050771948083620485,
    "trendBlockZ": 99.0,
    "zXS": 2.2571526440179017
   },
   {
    "cdPctLong": 0.009671941890120802,
    "vEmaDn": 4.0,
    "xApt1Long": 0.008686326438867,
    "apt2Long": 0.012142958944189219,
    "dur2Short": 157.8806398286897,
    "xDur1Short": 109.40842737180643,
    "xCdPeriodShort": 90.54825364827812,
    "apt1Long": 0.003043197667311372,
    "bbValShort": 0.9815957088807682,
    "xMinBetween": 3.8256223101134856,
    "zXLmax": 0.2879030079084707,
    "rsiValLong": 36.87963493371278,
    "cdPeriodShort": 40.084130536081226,
    "dur1Short": 90.0,
    "xApt1Short": 0.010401995030504351,
    "dur2Long": 351.2545242324562,
    "vMacd": 1.0,
    "eXL": 1.0,
    "xApt2Short": 0.008523145379514034,
    "vBB": 1.0,
    "cdPctShort": 0.0058856708122785924,
    "vHistN": 3.0,
    "xTpLong": 0.02,
    "slLong": 0.08134644853592701,
    "slShort": 0.07850955646747278,
    "xDur2Long": 367.2590266229101,
    "rsiValShort": 50.12048124239153,
    "bbValLong": -0.02395502172334253,
    "xDur1Long": 228.19482369860873,
    "vRsi": 1.0,
    "leverage": 1.0,
    "zS": 1.0381970965022294,
    "eXS": 0.0,
    "xApt2Long": 0.003698050627004015,
    "cdPeriodLong": 107.99824867561559,
    "zL": -2.1000789682086527,
    "eL3": 1.0,
    "dur1Long": 82.76095802415111,
    "ptShort": 0.0033154931308672785,
    "xDur2Short": 279.61225948183477,
    "vX": 4.0,
    "apt1Short": 0.007098704371946923,
    "ptLong": 0.007909446070085643,
    "eS3": 0.0,
    "xCdPctShort": 0.0072188757478934,
    "requireHistPos": 1.0,
    "apt2Short": 0.0074161543855779544,
    "vEmaUp": 4.0,
    "xTpShort": 0.012296215365398704,
    "trendBlockZ": 2.0,
    "zXS": 2.9981795196666834
   },
   {
    "cdPctLong": 0.008615815942457007,
    "vEmaDn": 0.0,
    "xApt1Long": 0.009894452672010674,
    "apt2Long": 0.013789571098086786,
    "dur2Short": 248.52297853542657,
    "xDur1Short": 10.0,
    "xCdPeriodShort": 75.19901454789785,
    "apt1Long": 0.005821209653065235,
    "bbValShort": 0.6,
    "xMinBetween": 11.933166088264638,
    "zXLmax": -1.5012801818050732,
    "rsiValLong": 67.06888885770566,
    "cdPeriodShort": 143.01645933455833,
    "dur1Short": 66.97844253101722,
    "xApt1Short": 0.0012691918017844876,
    "dur2Long": 122.29326767189475,
    "vMacd": 0.0,
    "eXL": 1.0,
    "xApt2Short": 0.0014052008761810887,
    "vBB": 0.0,
    "cdPctShort": 0.00812721548297189,
    "vHistN": 1.0,
    "xTpLong": 0.013547023324016276,
    "slLong": 0.09432009365332156,
    "slShort": 0.07037426450593502,
    "xDur2Long": 628.1851598846423,
    "rsiValShort": 75.17231293364426,
    "bbValLong": 0.29762105366134267,
    "xDur1Long": 240.0,
    "vRsi": 1.0,
    "leverage": 1.0,
    "zS": 3.0,
    "eXS": 0.0,
    "xApt2Long": 0.002397879023825102,
    "cdPeriodLong": 240.0,
    "zL": -1.5500494222315675,
    "eL3": 1.0,
    "dur1Long": 90.0,
    "ptShort": 0.014552633066727034,
    "xDur2Short": 280.86351998511856,
    "vX": 2.0,
    "apt1Short": 0.00540943644012841,
    "ptLong": 0.02,
    "eS3": 0.0,
    "xCdPctShort": 0.006610861528854482,
    "requireHistPos": 1.0,
    "apt2Short": 0.002159922197747943,
    "vEmaUp": 2.0,
    "xTpShort": 0.005215690655507918,
    "trendBlockZ": 3.0,
    "zXS": 1.9410728214247135
   }
  ]
 },
 "metrics": {
  "n": 253,
  "months": 14.81640625,
  "eq": 19916.72235572844,
  "growth": 0.20190859023206933,
  "liq": false,
  "maxdd": 0.15019253373316085,
  "tpm": 17.075665699973637,
  "sl_hits": 2,
  "worst_mae": -0.13337789722112325,
  "win": 0.9920948616600791,
  "max_hold_days": 4.245833333333334,
  "in_market": 0.20100277056997887,
  "score": 0.17368071493502898
 },
 "strategy": "v7",
 "mode": "spot",
 "method": "vol3",
 "algo": "genetic",
 "per_regime": true,
 "train_end": "2025-09-01",
 "holdout_days": null,
 "max_dd": null,
 "max_hold_days": 5.0,
 "gap_mode": "skip_contaminated",
 "scoring": "classic",
 "anchor": null,
 "anchor_strength": 0.0,
 "evaluated": 100800,
 "generated": "2026-07-20 16:36",
 "holdout": {
  "n": 139,
  "months": 9.656661184210527,
  "eq": 555.6112931407727,
  "growth": -0.06085813005867168,
  "liq": false,
  "maxdd": 0.3526552865690358,
  "tpm": 14.394209069618904,
  "sl_hits": 22,
  "worst_mae": -0.12423060251408757,
  "win": 0.841726618705036,
  "max_hold_days": 21.014583333333334,
  "in_market": 0.44409907032857854,
  "score": -0.08340314686498668
 },
 "holdout_scan": {
  "scanned": 600,
  "pool": 600,
  "reservoir": 300,
  "survivors": 23
 },
 "holdout_survivors": [
  {
   "rank": 528,
   "train_score": 0.011326375634395964,
   "holdout": {
    "n": 86,
    "months": 9.656661184210527,
    "eq": 1275.3082130673397,
    "growth": 0.02518343353847152,
    "liq": false,
    "maxdd": 0.12526924627544092,
    "tpm": 8.905769640195869,
    "sl_hits": 2,
    "worst_mae": -0.11659532726948463,
    "win": 0.9534883720930233,
    "max_hold_days": 4.8125,
    "in_market": 0.1078276914342488,
    "score": 0.015569079993029101
   }
  },
  {
   "rank": 393,
   "train_score": 0.028657704183998628,
   "holdout": {
    "n": 64,
    "months": 9.656661184210527,
    "eq": 1234.2633816189928,
    "growth": 0.021795767293293883,
    "liq": false,
    "maxdd": 0.11260914177253462,
    "tpm": 6.627549499680646,
    "sl_hits": 3,
    "worst_mae": -0.08048511576626238,
    "win": 0.953125,
    "max_hold_days": 3.816666666666667,
    "in_market": 0.0966432474629196,
    "score": 0.009978964461369198
   }
  },
  {
   "rank": 493,
   "train_score": -0.02048801676479796,
   "holdout": {
    "n": 52,
    "months": 9.656661184210527,
    "eq": 1069.4185711964171,
    "growth": 0.006950136087172807,
    "liq": false,
    "maxdd": 0.10438786811126907,
    "tpm": 5.384883968490525,
    "sl_hits": 3,
    "worst_mae": -0.10465867846666332,
    "win": 0.9423076923076923,
    "max_hold_days": 2.5104166666666665,
    "in_market": 0.05674544035199773,
    "score": -0.00775942006972853
   }
  },
  {
   "rank": 430,
   "train_score": 0.015535482521168617,
   "holdout": {
    "n": 51,
    "months": 9.656661184210527,
    "eq": 1009.7659916251008,
    "growth": 0.0010064154020594225,
    "liq": false,
    "maxdd": 0.14342144437986892,
    "tpm": 5.281328507558015,
    "sl_hits": 7,
    "worst_mae": -0.06861548121533478,
    "win": 0.8627450980392157,
    "max_hold_days": 3.589583333333333,
    "in_market": 0.08148463558299623,
    "score": -0.010331476182785354
   }
  },
  {
   "rank": 481,